{
  "type": "FeatureCollection",
  "name": "ALL_WATER_PHOTO_REVIEW",
  "properties": {
    "generated_at": "2026-08-08",
    "property_id": "221S280000001010000",
    "original_evidence_modified": false,
    "review_rule": "Recorded water is preserved as recorded. Additional visible-water and possible-water labels are separate visual-review interpretations."
  },
  "features": [
    {
      "type": "Feature",
      "geometry": {
        "type": "Point",
        "coordinates": [
          -87.09148756673434,
          30.49035067958986
        ]
      },
      "properties": {
        "record_type": "photograph",
        "photo_id": "photo-f01320f6-cc0f-4e50-bd09-0873f935d44a",
        "photo_number": "P13",
        "inspection_date": "2026-08-03",
        "timestamp": "2026-08-03T13:11:14.981Z",
        "recorded_category": "Other",
        "display_class": "OTHER",
        "is_recorded_water_category": false,
        "water_visible_review_status": "NOT_REVIEWED_FROM_IMAGE",
        "gps_accuracy_m": 4.7463424177168685,
        "heading_deg": 64.4288558959961,
        "section_id": null,
        "associated_record_ids": [],
        "note": "",
        "evidence_classification": "Observed",
        "evidence_scope": "OFF_PROPERTY_OR_TEST_REVIEW_REQUIRED",
        "source_family": "AUGUST_3_4_ORIGINAL_FIELD",
        "thumbnail_archive_tag": "AUG4_AI_PACKAGE",
        "thumbnail_archive_member": "photos/013_analysis.jpg",
        "thumbnail_path": "data/photos/all/photo-f01320f6-cc0f-4e50-bd09-0873f935d44a.jpg",
        "source_file": "C:/Users/Admin/iCloudDrive/Downloads/Pearson_Road_Inspection_AI_ANALYSIS_REPORT_PACKAGE_2026-08-04_151016_633_export_report_2026_08_04_151016_633_b7b522724099.zip::AI_ANALYSIS.json",
        "source_files": [
          "C:/Users/Admin/iCloudDrive/Downloads/Pearson_Road_Inspection_AI_ANALYSIS_REPORT_PACKAGE_2026-08-04_151016_633_export_report_2026_08_04_151016_633_b7b522724099.zip::AI_ANALYSIS.json"
        ],
        "parcel_part": "SMALL_PARCEL",
        "water_review_class": "VISIBLE_WATER_IN_PHOTO",
        "water_review_confidence": "HIGH_OR_MODERATE",
        "water_review_source": "2026-08-08_VISUAL_CONTACT_SHEET_REVIEW",
        "original_recorded_category": "Other",
        "original_evidence_modified": false,
        "review_limitation": "Water is visibly present in the photograph; this visual review does not establish extent, duration, cause, or regulatory status."
      }
    },
    {
      "type": "Feature",
      "geometry": {
        "type": "Point",
        "coordinates": [
          -87.091532064321,
          30.49038350569492
        ]
      },
      "properties": {
        "record_type": "photograph",
        "photo_id": "photo-e850770e-a9bc-45a4-a322-e6025136224d",
        "photo_number": "P14",
        "inspection_date": "2026-08-03",
        "timestamp": "2026-08-03T13:11:47.599Z",
        "recorded_category": "Other",
        "display_class": "OTHER",
        "is_recorded_water_category": false,
        "water_visible_review_status": "NOT_REVIEWED_FROM_IMAGE",
        "gps_accuracy_m": 12.048793739430614,
        "heading_deg": 354.28631591796875,
        "section_id": null,
        "associated_record_ids": [],
        "note": "",
        "evidence_classification": "Observed",
        "evidence_scope": "OFF_PROPERTY_OR_TEST_REVIEW_REQUIRED",
        "source_family": "AUGUST_3_4_ORIGINAL_FIELD",
        "thumbnail_archive_tag": "AUG4_AI_PACKAGE",
        "thumbnail_archive_member": "photos/014_analysis.jpg",
        "thumbnail_path": "data/photos/all/photo-e850770e-a9bc-45a4-a322-e6025136224d.jpg",
        "source_file": "C:/Users/Admin/iCloudDrive/Downloads/Pearson_Road_Inspection_AI_ANALYSIS_REPORT_PACKAGE_2026-08-04_151016_633_export_report_2026_08_04_151016_633_b7b522724099.zip::AI_ANALYSIS.json",
        "source_files": [
          "C:/Users/Admin/iCloudDrive/Downloads/Pearson_Road_Inspection_AI_ANALYSIS_REPORT_PACKAGE_2026-08-04_151016_633_export_report_2026_08_04_151016_633_b7b522724099.zip::AI_ANALYSIS.json"
        ],
        "parcel_part": "SMALL_PARCEL",
        "water_review_class": "VISIBLE_WATER_IN_PHOTO",
        "water_review_confidence": "HIGH_OR_MODERATE",
        "water_review_source": "2026-08-08_VISUAL_CONTACT_SHEET_REVIEW",
        "original_recorded_category": "Other",
        "original_evidence_modified": false,
        "review_limitation": "Water is visibly present in the photograph; this visual review does not establish extent, duration, cause, or regulatory status."
      }
    },
    {
      "type": "Feature",
      "geometry": {
        "type": "Point",
        "coordinates": [
          -87.09151758489381,
          30.49036898118445
        ]
      },
      "properties": {
        "record_type": "photograph",
        "photo_id": "photo-6c67b8df-6b2a-4012-8101-257492a25493",
        "photo_number": "P15",
        "inspection_date": "2026-08-03",
        "timestamp": "2026-08-03T13:11:55.074Z",
        "recorded_category": "Other",
        "display_class": "OTHER",
        "is_recorded_water_category": false,
        "water_visible_review_status": "NOT_REVIEWED_FROM_IMAGE",
        "gps_accuracy_m": 10.76920265942239,
        "heading_deg": 352.84759521484375,
        "section_id": null,
        "associated_record_ids": [],
        "note": "",
        "evidence_classification": "Observed",
        "evidence_scope": "OFF_PROPERTY_OR_TEST_REVIEW_REQUIRED",
        "source_family": "AUGUST_3_4_ORIGINAL_FIELD",
        "thumbnail_archive_tag": "AUG4_AI_PACKAGE",
        "thumbnail_archive_member": "photos/015_analysis.jpg",
        "thumbnail_path": "data/photos/all/photo-6c67b8df-6b2a-4012-8101-257492a25493.jpg",
        "source_file": "C:/Users/Admin/iCloudDrive/Downloads/Pearson_Road_Inspection_AI_ANALYSIS_REPORT_PACKAGE_2026-08-04_151016_633_export_report_2026_08_04_151016_633_b7b522724099.zip::AI_ANALYSIS.json",
        "source_files": [
          "C:/Users/Admin/iCloudDrive/Downloads/Pearson_Road_Inspection_AI_ANALYSIS_REPORT_PACKAGE_2026-08-04_151016_633_export_report_2026_08_04_151016_633_b7b522724099.zip::AI_ANALYSIS.json"
        ],
        "parcel_part": "SMALL_PARCEL",
        "water_review_class": "VISIBLE_WATER_IN_PHOTO",
        "water_review_confidence": "HIGH_OR_MODERATE",
        "water_review_source": "2026-08-08_VISUAL_CONTACT_SHEET_REVIEW",
        "original_recorded_category": "Other",
        "original_evidence_modified": false,
        "review_limitation": "Water is visibly present in the photograph; this visual review does not establish extent, duration, cause, or regulatory status."
      }
    },
    {
      "type": "Feature",
      "geometry": {
        "type": "Point",
        "coordinates": [
          -87.09156119767083,
          30.490392947486544
        ]
      },
      "properties": {
        "record_type": "photograph",
        "photo_id": "photo-1ba987a3-7b54-41d0-88ca-d041bff2d8b7",
        "photo_number": "P16",
        "inspection_date": "2026-08-03",
        "timestamp": "2026-08-03T13:12:41.690Z",
        "recorded_category": "Other",
        "display_class": "OTHER",
        "is_recorded_water_category": false,
        "water_visible_review_status": "NOT_REVIEWED_FROM_IMAGE",
        "gps_accuracy_m": 10.83226298636161,
        "heading_deg": 339.12384033203125,
        "section_id": null,
        "associated_record_ids": [],
        "note": "",
        "evidence_classification": "Observed",
        "evidence_scope": "OFF_PROPERTY_OR_TEST_REVIEW_REQUIRED",
        "source_family": "AUGUST_3_4_ORIGINAL_FIELD",
        "thumbnail_archive_tag": "AUG4_AI_PACKAGE",
        "thumbnail_archive_member": "photos/016_analysis.jpg",
        "thumbnail_path": "data/photos/all/photo-1ba987a3-7b54-41d0-88ca-d041bff2d8b7.jpg",
        "source_file": "C:/Users/Admin/iCloudDrive/Downloads/Pearson_Road_Inspection_AI_ANALYSIS_REPORT_PACKAGE_2026-08-04_151016_633_export_report_2026_08_04_151016_633_b7b522724099.zip::AI_ANALYSIS.json",
        "source_files": [
          "C:/Users/Admin/iCloudDrive/Downloads/Pearson_Road_Inspection_AI_ANALYSIS_REPORT_PACKAGE_2026-08-04_151016_633_export_report_2026_08_04_151016_633_b7b522724099.zip::AI_ANALYSIS.json"
        ],
        "parcel_part": "SMALL_PARCEL",
        "water_review_class": "VISIBLE_WATER_IN_PHOTO",
        "water_review_confidence": "HIGH_OR_MODERATE",
        "water_review_source": "2026-08-08_VISUAL_CONTACT_SHEET_REVIEW",
        "original_recorded_category": "Other",
        "original_evidence_modified": false,
        "review_limitation": "Water is visibly present in the photograph; this visual review does not establish extent, duration, cause, or regulatory status."
      }
    },
    {
      "type": "Feature",
      "geometry": {
        "type": "Point",
        "coordinates": [
          -87.09155709851467,
          30.49039954165472
        ]
      },
      "properties": {
        "record_type": "photograph",
        "photo_id": "photo-104fb842-8975-4578-9d1d-041adcc48d04",
        "photo_number": "P17",
        "inspection_date": "2026-08-03",
        "timestamp": "2026-08-03T13:12:53.545Z",
        "recorded_category": "Other",
        "display_class": "OTHER",
        "is_recorded_water_category": false,
        "water_visible_review_status": "NOT_REVIEWED_FROM_IMAGE",
        "gps_accuracy_m": 10.557418644825823,
        "heading_deg": 318.726318359375,
        "section_id": null,
        "associated_record_ids": [],
        "note": "",
        "evidence_classification": "Observed",
        "evidence_scope": "OFF_PROPERTY_OR_TEST_REVIEW_REQUIRED",
        "source_family": "AUGUST_3_4_ORIGINAL_FIELD",
        "thumbnail_archive_tag": "AUG4_AI_PACKAGE",
        "thumbnail_archive_member": "photos/017_analysis.jpg",
        "thumbnail_path": "data/photos/all/photo-104fb842-8975-4578-9d1d-041adcc48d04.jpg",
        "source_file": "C:/Users/Admin/iCloudDrive/Downloads/Pearson_Road_Inspection_AI_ANALYSIS_REPORT_PACKAGE_2026-08-04_151016_633_export_report_2026_08_04_151016_633_b7b522724099.zip::AI_ANALYSIS.json",
        "source_files": [
          "C:/Users/Admin/iCloudDrive/Downloads/Pearson_Road_Inspection_AI_ANALYSIS_REPORT_PACKAGE_2026-08-04_151016_633_export_report_2026_08_04_151016_633_b7b522724099.zip::AI_ANALYSIS.json"
        ],
        "parcel_part": "SMALL_PARCEL",
        "water_review_class": "VISIBLE_WATER_IN_PHOTO",
        "water_review_confidence": "HIGH_OR_MODERATE",
        "water_review_source": "2026-08-08_VISUAL_CONTACT_SHEET_REVIEW",
        "original_recorded_category": "Other",
        "original_evidence_modified": false,
        "review_limitation": "Water is visibly present in the photograph; this visual review does not establish extent, duration, cause, or regulatory status."
      }
    },
    {
      "type": "Feature",
      "geometry": {
        "type": "Point",
        "coordinates": [
          -87.0915682441299,
          30.490375533518748
        ]
      },
      "properties": {
        "record_type": "photograph",
        "photo_id": "photo-4820d2c9-a8d1-4576-8408-4eecf2b3b672",
        "photo_number": "P18",
        "inspection_date": "2026-08-03",
        "timestamp": "2026-08-03T13:13:02.935Z",
        "recorded_category": "Other",
        "display_class": "OTHER",
        "is_recorded_water_category": false,
        "water_visible_review_status": "NOT_REVIEWED_FROM_IMAGE",
        "gps_accuracy_m": 10.613698132284608,
        "heading_deg": 71.49820709228516,
        "section_id": null,
        "associated_record_ids": [],
        "note": "",
        "evidence_classification": "Observed",
        "evidence_scope": "OFF_PROPERTY_OR_TEST_REVIEW_REQUIRED",
        "source_family": "AUGUST_3_4_ORIGINAL_FIELD",
        "thumbnail_archive_tag": "AUG4_AI_PACKAGE",
        "thumbnail_archive_member": "photos/018_analysis.jpg",
        "thumbnail_path": "data/photos/all/photo-4820d2c9-a8d1-4576-8408-4eecf2b3b672.jpg",
        "source_file": "C:/Users/Admin/iCloudDrive/Downloads/Pearson_Road_Inspection_AI_ANALYSIS_REPORT_PACKAGE_2026-08-04_151016_633_export_report_2026_08_04_151016_633_b7b522724099.zip::AI_ANALYSIS.json",
        "source_files": [
          "C:/Users/Admin/iCloudDrive/Downloads/Pearson_Road_Inspection_AI_ANALYSIS_REPORT_PACKAGE_2026-08-04_151016_633_export_report_2026_08_04_151016_633_b7b522724099.zip::AI_ANALYSIS.json"
        ],
        "parcel_part": "SMALL_PARCEL",
        "water_review_class": "VISIBLE_WATER_IN_PHOTO",
        "water_review_confidence": "HIGH_OR_MODERATE",
        "water_review_source": "2026-08-08_VISUAL_CONTACT_SHEET_REVIEW",
        "original_recorded_category": "Other",
        "original_evidence_modified": false,
        "review_limitation": "Water is visibly present in the photograph; this visual review does not establish extent, duration, cause, or regulatory status."
      }
    },
    {
      "type": "Feature",
      "geometry": {
        "type": "Point",
        "coordinates": [
          -87.09158780330273,
          30.490351472909374
        ]
      },
      "properties": {
        "record_type": "photograph",
        "photo_id": "photo-d43776db-6c4e-435d-bfbe-750e4de4629f",
        "photo_number": "P19",
        "inspection_date": "2026-08-03",
        "timestamp": "2026-08-03T13:13:39.442Z",
        "recorded_category": "Other",
        "display_class": "OTHER",
        "is_recorded_water_category": false,
        "water_visible_review_status": "NOT_REVIEWED_FROM_IMAGE",
        "gps_accuracy_m": 9.50039864831268,
        "heading_deg": 144.01011657714844,
        "section_id": null,
        "associated_record_ids": [],
        "note": "",
        "evidence_classification": "Observed",
        "evidence_scope": "OFF_PROPERTY_OR_TEST_REVIEW_REQUIRED",
        "source_family": "AUGUST_3_4_ORIGINAL_FIELD",
        "thumbnail_archive_tag": "AUG4_AI_PACKAGE",
        "thumbnail_archive_member": "photos/019_analysis.jpg",
        "thumbnail_path": "data/photos/all/photo-d43776db-6c4e-435d-bfbe-750e4de4629f.jpg",
        "source_file": "C:/Users/Admin/iCloudDrive/Downloads/Pearson_Road_Inspection_AI_ANALYSIS_REPORT_PACKAGE_2026-08-04_151016_633_export_report_2026_08_04_151016_633_b7b522724099.zip::AI_ANALYSIS.json",
        "source_files": [
          "C:/Users/Admin/iCloudDrive/Downloads/Pearson_Road_Inspection_AI_ANALYSIS_REPORT_PACKAGE_2026-08-04_151016_633_export_report_2026_08_04_151016_633_b7b522724099.zip::AI_ANALYSIS.json"
        ],
        "parcel_part": "SMALL_PARCEL",
        "water_review_class": "VISIBLE_WATER_IN_PHOTO",
        "water_review_confidence": "HIGH_OR_MODERATE",
        "water_review_source": "2026-08-08_VISUAL_CONTACT_SHEET_REVIEW",
        "original_recorded_category": "Other",
        "original_evidence_modified": false,
        "review_limitation": "Water is visibly present in the photograph; this visual review does not establish extent, duration, cause, or regulatory status."
      }
    },
    {
      "type": "Feature",
      "geometry": {
        "type": "Point",
        "coordinates": [
          -87.09156674451731,
          30.49032522675543
        ]
      },
      "properties": {
        "record_type": "photograph",
        "photo_id": "photo-8b7ff2a2-eb57-4185-9474-de845bd0c3a1",
        "photo_number": "P20",
        "inspection_date": "2026-08-03",
        "timestamp": "2026-08-03T13:13:55.185Z",
        "recorded_category": "Other",
        "display_class": "OTHER",
        "is_recorded_water_category": false,
        "water_visible_review_status": "NOT_REVIEWED_FROM_IMAGE",
        "gps_accuracy_m": 9.7417218967659,
        "heading_deg": 183.36317443847656,
        "section_id": null,
        "associated_record_ids": [],
        "note": "",
        "evidence_classification": "Observed",
        "evidence_scope": "OFF_PROPERTY_OR_TEST_REVIEW_REQUIRED",
        "source_family": "AUGUST_3_4_ORIGINAL_FIELD",
        "thumbnail_archive_tag": "AUG4_AI_PACKAGE",
        "thumbnail_archive_member": "photos/020_analysis.jpg",
        "thumbnail_path": "data/photos/all/photo-8b7ff2a2-eb57-4185-9474-de845bd0c3a1.jpg",
        "source_file": "C:/Users/Admin/iCloudDrive/Downloads/Pearson_Road_Inspection_AI_ANALYSIS_REPORT_PACKAGE_2026-08-04_151016_633_export_report_2026_08_04_151016_633_b7b522724099.zip::AI_ANALYSIS.json",
        "source_files": [
          "C:/Users/Admin/iCloudDrive/Downloads/Pearson_Road_Inspection_AI_ANALYSIS_REPORT_PACKAGE_2026-08-04_151016_633_export_report_2026_08_04_151016_633_b7b522724099.zip::AI_ANALYSIS.json"
        ],
        "parcel_part": "SMALL_PARCEL",
        "water_review_class": "VISIBLE_WATER_IN_PHOTO",
        "water_review_confidence": "HIGH_OR_MODERATE",
        "water_review_source": "2026-08-08_VISUAL_CONTACT_SHEET_REVIEW",
        "original_recorded_category": "Other",
        "original_evidence_modified": false,
        "review_limitation": "Water is visibly present in the photograph; this visual review does not establish extent, duration, cause, or regulatory status."
      }
    },
    {
      "type": "Feature",
      "geometry": {
        "type": "Point",
        "coordinates": [
          -87.09158854694957,
          30.490337680332264
        ]
      },
      "properties": {
        "record_type": "photograph",
        "photo_id": "photo-73ceee63-b519-4954-9a7e-ecff352e1a34",
        "photo_number": "P21",
        "inspection_date": "2026-08-03",
        "timestamp": "2026-08-03T13:14:08.561Z",
        "recorded_category": "Other",
        "display_class": "OTHER",
        "is_recorded_water_category": false,
        "water_visible_review_status": "NOT_REVIEWED_FROM_IMAGE",
        "gps_accuracy_m": 10.135885261177764,
        "heading_deg": 210.31781005859375,
        "section_id": null,
        "associated_record_ids": [],
        "note": "",
        "evidence_classification": "Observed",
        "evidence_scope": "OFF_PROPERTY_OR_TEST_REVIEW_REQUIRED",
        "source_family": "AUGUST_3_4_ORIGINAL_FIELD",
        "thumbnail_archive_tag": "AUG4_AI_PACKAGE",
        "thumbnail_archive_member": "photos/021_analysis.jpg",
        "thumbnail_path": "data/photos/all/photo-73ceee63-b519-4954-9a7e-ecff352e1a34.jpg",
        "source_file": "C:/Users/Admin/iCloudDrive/Downloads/Pearson_Road_Inspection_AI_ANALYSIS_REPORT_PACKAGE_2026-08-04_151016_633_export_report_2026_08_04_151016_633_b7b522724099.zip::AI_ANALYSIS.json",
        "source_files": [
          "C:/Users/Admin/iCloudDrive/Downloads/Pearson_Road_Inspection_AI_ANALYSIS_REPORT_PACKAGE_2026-08-04_151016_633_export_report_2026_08_04_151016_633_b7b522724099.zip::AI_ANALYSIS.json"
        ],
        "parcel_part": "SMALL_PARCEL",
        "water_review_class": "VISIBLE_WATER_IN_PHOTO",
        "water_review_confidence": "HIGH_OR_MODERATE",
        "water_review_source": "2026-08-08_VISUAL_CONTACT_SHEET_REVIEW",
        "original_recorded_category": "Other",
        "original_evidence_modified": false,
        "review_limitation": "Water is visibly present in the photograph; this visual review does not establish extent, duration, cause, or regulatory status."
      }
    },
    {
      "type": "Feature",
      "geometry": {
        "type": "Point",
        "coordinates": [
          -87.09158814963365,
          30.490392513435165
        ]
      },
      "properties": {
        "record_type": "photograph",
        "photo_id": "photo-0ab71d6d-8f39-412a-95f3-004392da511d",
        "photo_number": "P22",
        "inspection_date": "2026-08-03",
        "timestamp": "2026-08-03T13:14:34.738Z",
        "recorded_category": "Other",
        "display_class": "OTHER",
        "is_recorded_water_category": false,
        "water_visible_review_status": "NOT_REVIEWED_FROM_IMAGE",
        "gps_accuracy_m": 9.950176681442242,
        "heading_deg": 327.0071716308594,
        "section_id": null,
        "associated_record_ids": [],
        "note": "",
        "evidence_classification": "Observed",
        "evidence_scope": "OFF_PROPERTY_OR_TEST_REVIEW_REQUIRED",
        "source_family": "AUGUST_3_4_ORIGINAL_FIELD",
        "thumbnail_archive_tag": "AUG4_AI_PACKAGE",
        "thumbnail_archive_member": "photos/022_analysis.jpg",
        "thumbnail_path": "data/photos/all/photo-0ab71d6d-8f39-412a-95f3-004392da511d.jpg",
        "source_file": "C:/Users/Admin/iCloudDrive/Downloads/Pearson_Road_Inspection_AI_ANALYSIS_REPORT_PACKAGE_2026-08-04_151016_633_export_report_2026_08_04_151016_633_b7b522724099.zip::AI_ANALYSIS.json",
        "source_files": [
          "C:/Users/Admin/iCloudDrive/Downloads/Pearson_Road_Inspection_AI_ANALYSIS_REPORT_PACKAGE_2026-08-04_151016_633_export_report_2026_08_04_151016_633_b7b522724099.zip::AI_ANALYSIS.json"
        ],
        "parcel_part": "SMALL_PARCEL",
        "water_review_class": "VISIBLE_WATER_IN_PHOTO",
        "water_review_confidence": "HIGH_OR_MODERATE",
        "water_review_source": "2026-08-08_VISUAL_CONTACT_SHEET_REVIEW",
        "original_recorded_category": "Other",
        "original_evidence_modified": false,
        "review_limitation": "Water is visibly present in the photograph; this visual review does not establish extent, duration, cause, or regulatory status."
      }
    },
    {
      "type": "Feature",
      "geometry": {
        "type": "Point",
        "coordinates": [
          -87.09160074596804,
          30.490422300800038
        ]
      },
      "properties": {
        "record_type": "photograph",
        "photo_id": "photo-19d294ea-d56c-40bb-be46-35d6d3d2c269",
        "photo_number": "P23",
        "inspection_date": "2026-08-03",
        "timestamp": "2026-08-03T13:15:16.999Z",
        "recorded_category": "Other",
        "display_class": "OTHER",
        "is_recorded_water_category": false,
        "water_visible_review_status": "NOT_REVIEWED_FROM_IMAGE",
        "gps_accuracy_m": 8.682956339409586,
        "heading_deg": 298.3452453613281,
        "section_id": null,
        "associated_record_ids": [],
        "note": "",
        "evidence_classification": "Observed",
        "evidence_scope": "OFF_PROPERTY_OR_TEST_REVIEW_REQUIRED",
        "source_family": "AUGUST_3_4_ORIGINAL_FIELD",
        "thumbnail_archive_tag": "AUG4_AI_PACKAGE",
        "thumbnail_archive_member": "photos/023_analysis.jpg",
        "thumbnail_path": "data/photos/all/photo-19d294ea-d56c-40bb-be46-35d6d3d2c269.jpg",
        "source_file": "C:/Users/Admin/iCloudDrive/Downloads/Pearson_Road_Inspection_AI_ANALYSIS_REPORT_PACKAGE_2026-08-04_151016_633_export_report_2026_08_04_151016_633_b7b522724099.zip::AI_ANALYSIS.json",
        "source_files": [
          "C:/Users/Admin/iCloudDrive/Downloads/Pearson_Road_Inspection_AI_ANALYSIS_REPORT_PACKAGE_2026-08-04_151016_633_export_report_2026_08_04_151016_633_b7b522724099.zip::AI_ANALYSIS.json"
        ],
        "parcel_part": "SMALL_PARCEL",
        "water_review_class": "POSSIBLE_WATER_IN_PHOTO",
        "water_review_confidence": "LOW_REVIEW_REQUIRED",
        "water_review_source": "2026-08-08_VISUAL_CONTACT_SHEET_REVIEW",
        "original_recorded_category": "Other",
        "original_evidence_modified": false,
        "review_limitation": "Possible visible water; retain for inspector review before using it as a conclusion."
      }
    },
    {
      "type": "Feature",
      "geometry": {
        "type": "Point",
        "coordinates": [
          -87.09160994041395,
          30.490424073156532
        ]
      },
      "properties": {
        "record_type": "photograph",
        "photo_id": "photo-f3600fb1-e9ca-4f90-ba03-38463fa6f67f",
        "photo_number": "P24",
        "inspection_date": "2026-08-03",
        "timestamp": "2026-08-03T13:15:28.409Z",
        "recorded_category": "Other",
        "display_class": "OTHER",
        "is_recorded_water_category": false,
        "water_visible_review_status": "NOT_REVIEWED_FROM_IMAGE",
        "gps_accuracy_m": 9.397088292387595,
        "heading_deg": 341.71417236328125,
        "section_id": null,
        "associated_record_ids": [],
        "note": "",
        "evidence_classification": "Observed",
        "evidence_scope": "OFF_PROPERTY_OR_TEST_REVIEW_REQUIRED",
        "source_family": "AUGUST_3_4_ORIGINAL_FIELD",
        "thumbnail_archive_tag": "AUG4_AI_PACKAGE",
        "thumbnail_archive_member": "photos/024_analysis.jpg",
        "thumbnail_path": "data/photos/all/photo-f3600fb1-e9ca-4f90-ba03-38463fa6f67f.jpg",
        "source_file": "C:/Users/Admin/iCloudDrive/Downloads/Pearson_Road_Inspection_AI_ANALYSIS_REPORT_PACKAGE_2026-08-04_151016_633_export_report_2026_08_04_151016_633_b7b522724099.zip::AI_ANALYSIS.json",
        "source_files": [
          "C:/Users/Admin/iCloudDrive/Downloads/Pearson_Road_Inspection_AI_ANALYSIS_REPORT_PACKAGE_2026-08-04_151016_633_export_report_2026_08_04_151016_633_b7b522724099.zip::AI_ANALYSIS.json"
        ],
        "parcel_part": "SMALL_PARCEL",
        "water_review_class": "VISIBLE_WATER_IN_PHOTO",
        "water_review_confidence": "HIGH_OR_MODERATE",
        "water_review_source": "2026-08-08_VISUAL_CONTACT_SHEET_REVIEW",
        "original_recorded_category": "Other",
        "original_evidence_modified": false,
        "review_limitation": "Water is visibly present in the photograph; this visual review does not establish extent, duration, cause, or regulatory status."
      }
    },
    {
      "type": "Feature",
      "geometry": {
        "type": "Point",
        "coordinates": [
          -87.09151145020644,
          30.49047025310368
        ]
      },
      "properties": {
        "record_type": "photograph",
        "photo_id": "photo-68ca164c-ce76-4c20-a387-689f3d6bb254",
        "photo_number": "P25",
        "inspection_date": "2026-08-03",
        "timestamp": "2026-08-03T13:16:24.733Z",
        "recorded_category": "Other",
        "display_class": "OTHER",
        "is_recorded_water_category": false,
        "water_visible_review_status": "NOT_REVIEWED_FROM_IMAGE",
        "gps_accuracy_m": 9.707641073586094,
        "heading_deg": 121.3804702758789,
        "section_id": null,
        "associated_record_ids": [],
        "note": "",
        "evidence_classification": "Observed",
        "evidence_scope": "OFF_PROPERTY_OR_TEST_REVIEW_REQUIRED",
        "source_family": "AUGUST_3_4_ORIGINAL_FIELD",
        "thumbnail_archive_tag": "AUG4_AI_PACKAGE",
        "thumbnail_archive_member": "photos/025_analysis.jpg",
        "thumbnail_path": "data/photos/all/photo-68ca164c-ce76-4c20-a387-689f3d6bb254.jpg",
        "source_file": "C:/Users/Admin/iCloudDrive/Downloads/Pearson_Road_Inspection_AI_ANALYSIS_REPORT_PACKAGE_2026-08-04_151016_633_export_report_2026_08_04_151016_633_b7b522724099.zip::AI_ANALYSIS.json",
        "source_files": [
          "C:/Users/Admin/iCloudDrive/Downloads/Pearson_Road_Inspection_AI_ANALYSIS_REPORT_PACKAGE_2026-08-04_151016_633_export_report_2026_08_04_151016_633_b7b522724099.zip::AI_ANALYSIS.json"
        ],
        "parcel_part": "SMALL_PARCEL",
        "water_review_class": "VISIBLE_WATER_IN_PHOTO",
        "water_review_confidence": "HIGH_OR_MODERATE",
        "water_review_source": "2026-08-08_VISUAL_CONTACT_SHEET_REVIEW",
        "original_recorded_category": "Other",
        "original_evidence_modified": false,
        "review_limitation": "Water is visibly present in the photograph; this visual review does not establish extent, duration, cause, or regulatory status."
      }
    },
    {
      "type": "Feature",
      "geometry": {
        "type": "Point",
        "coordinates": [
          -87.09154334332548,
          30.490516448635447
        ]
      },
      "properties": {
        "record_type": "photograph",
        "photo_id": "photo-1150aae5-b1f4-48b8-96c9-096637b92082",
        "photo_number": "P26",
        "inspection_date": "2026-08-03",
        "timestamp": "2026-08-03T13:16:59.344Z",
        "recorded_category": "Other",
        "display_class": "OTHER",
        "is_recorded_water_category": false,
        "water_visible_review_status": "NOT_REVIEWED_FROM_IMAGE",
        "gps_accuracy_m": 9.699042873111788,
        "heading_deg": 95.5893783569336,
        "section_id": null,
        "associated_record_ids": [],
        "note": "",
        "evidence_classification": "Observed",
        "evidence_scope": "OFF_PROPERTY_OR_TEST_REVIEW_REQUIRED",
        "source_family": "AUGUST_3_4_ORIGINAL_FIELD",
        "thumbnail_archive_tag": "AUG4_AI_PACKAGE",
        "thumbnail_archive_member": "photos/026_analysis.jpg",
        "thumbnail_path": "data/photos/all/photo-1150aae5-b1f4-48b8-96c9-096637b92082.jpg",
        "source_file": "C:/Users/Admin/iCloudDrive/Downloads/Pearson_Road_Inspection_AI_ANALYSIS_REPORT_PACKAGE_2026-08-04_151016_633_export_report_2026_08_04_151016_633_b7b522724099.zip::AI_ANALYSIS.json",
        "source_files": [
          "C:/Users/Admin/iCloudDrive/Downloads/Pearson_Road_Inspection_AI_ANALYSIS_REPORT_PACKAGE_2026-08-04_151016_633_export_report_2026_08_04_151016_633_b7b522724099.zip::AI_ANALYSIS.json"
        ],
        "parcel_part": "SMALL_PARCEL",
        "water_review_class": "VISIBLE_WATER_IN_PHOTO",
        "water_review_confidence": "HIGH_OR_MODERATE",
        "water_review_source": "2026-08-08_VISUAL_CONTACT_SHEET_REVIEW",
        "original_recorded_category": "Other",
        "original_evidence_modified": false,
        "review_limitation": "Water is visibly present in the photograph; this visual review does not establish extent, duration, cause, or regulatory status."
      }
    },
    {
      "type": "Feature",
      "geometry": {
        "type": "Point",
        "coordinates": [
          -87.09158233789634,
          30.490657189650268
        ]
      },
      "properties": {
        "record_type": "photograph",
        "photo_id": "photo-6def6007-1607-403d-8d44-682a6486ab48",
        "photo_number": "P31",
        "inspection_date": "2026-08-03",
        "timestamp": "2026-08-03T13:19:33.284Z",
        "recorded_category": "Other",
        "display_class": "OTHER",
        "is_recorded_water_category": false,
        "water_visible_review_status": "NOT_REVIEWED_FROM_IMAGE",
        "gps_accuracy_m": 9.272342018720636,
        "heading_deg": 61.779354095458984,
        "section_id": null,
        "associated_record_ids": [],
        "note": "",
        "evidence_classification": "Observed",
        "evidence_scope": "OFF_PROPERTY_OR_TEST_REVIEW_REQUIRED",
        "source_family": "AUGUST_3_4_ORIGINAL_FIELD",
        "thumbnail_archive_tag": "AUG4_AI_PACKAGE",
        "thumbnail_archive_member": "photos/031_analysis.jpg",
        "thumbnail_path": "data/photos/all/photo-6def6007-1607-403d-8d44-682a6486ab48.jpg",
        "source_file": "C:/Users/Admin/iCloudDrive/Downloads/Pearson_Road_Inspection_AI_ANALYSIS_REPORT_PACKAGE_2026-08-04_151016_633_export_report_2026_08_04_151016_633_b7b522724099.zip::AI_ANALYSIS.json",
        "source_files": [
          "C:/Users/Admin/iCloudDrive/Downloads/Pearson_Road_Inspection_AI_ANALYSIS_REPORT_PACKAGE_2026-08-04_151016_633_export_report_2026_08_04_151016_633_b7b522724099.zip::AI_ANALYSIS.json"
        ],
        "parcel_part": "SMALL_PARCEL",
        "water_review_class": "VISIBLE_WATER_IN_PHOTO",
        "water_review_confidence": "HIGH_OR_MODERATE",
        "water_review_source": "2026-08-08_VISUAL_CONTACT_SHEET_REVIEW",
        "original_recorded_category": "Other",
        "original_evidence_modified": false,
        "review_limitation": "Water is visibly present in the photograph; this visual review does not establish extent, duration, cause, or regulatory status."
      }
    },
    {
      "type": "Feature",
      "geometry": {
        "type": "Point",
        "coordinates": [
          -87.09159742919353,
          30.49067571300371
        ]
      },
      "properties": {
        "record_type": "photograph",
        "photo_id": "photo-e1f5387e-b0ff-4bab-8009-ca80c5306902",
        "photo_number": "P32",
        "inspection_date": "2026-08-03",
        "timestamp": "2026-08-03T13:19:42.547Z",
        "recorded_category": "Other",
        "display_class": "OTHER",
        "is_recorded_water_category": false,
        "water_visible_review_status": "NOT_REVIEWED_FROM_IMAGE",
        "gps_accuracy_m": 8.662507982331691,
        "heading_deg": 63.98957824707031,
        "section_id": null,
        "associated_record_ids": [],
        "note": "",
        "evidence_classification": "Observed",
        "evidence_scope": "OFF_PROPERTY_OR_TEST_REVIEW_REQUIRED",
        "source_family": "AUGUST_3_4_ORIGINAL_FIELD",
        "thumbnail_archive_tag": "AUG4_AI_PACKAGE",
        "thumbnail_archive_member": "photos/032_analysis.jpg",
        "thumbnail_path": "data/photos/all/photo-e1f5387e-b0ff-4bab-8009-ca80c5306902.jpg",
        "source_file": "C:/Users/Admin/iCloudDrive/Downloads/Pearson_Road_Inspection_AI_ANALYSIS_REPORT_PACKAGE_2026-08-04_151016_633_export_report_2026_08_04_151016_633_b7b522724099.zip::AI_ANALYSIS.json",
        "source_files": [
          "C:/Users/Admin/iCloudDrive/Downloads/Pearson_Road_Inspection_AI_ANALYSIS_REPORT_PACKAGE_2026-08-04_151016_633_export_report_2026_08_04_151016_633_b7b522724099.zip::AI_ANALYSIS.json"
        ],
        "parcel_part": "SMALL_PARCEL",
        "water_review_class": "VISIBLE_WATER_IN_PHOTO",
        "water_review_confidence": "HIGH_OR_MODERATE",
        "water_review_source": "2026-08-08_VISUAL_CONTACT_SHEET_REVIEW",
        "original_recorded_category": "Other",
        "original_evidence_modified": false,
        "review_limitation": "Water is visibly present in the photograph; this visual review does not establish extent, duration, cause, or regulatory status."
      }
    },
    {
      "type": "Feature",
      "geometry": {
        "type": "Point",
        "coordinates": [
          -87.09158984578127,
          30.490727461660544
        ]
      },
      "properties": {
        "record_type": "photograph",
        "photo_id": "photo-96f8a6fb-fc51-45ca-bb78-58bb1449ccf8",
        "photo_number": "P33",
        "inspection_date": "2026-08-03",
        "timestamp": "2026-08-03T13:21:05.610Z",
        "recorded_category": "Other",
        "display_class": "OTHER",
        "is_recorded_water_category": false,
        "water_visible_review_status": "NOT_REVIEWED_FROM_IMAGE",
        "gps_accuracy_m": 14.61628189916363,
        "heading_deg": 330.847900390625,
        "section_id": null,
        "associated_record_ids": [],
        "note": "",
        "evidence_classification": "Observed",
        "evidence_scope": "OFF_PROPERTY_OR_TEST_REVIEW_REQUIRED",
        "source_family": "AUGUST_3_4_ORIGINAL_FIELD",
        "thumbnail_archive_tag": "AUG4_AI_PACKAGE",
        "thumbnail_archive_member": "photos/033_analysis.jpg",
        "thumbnail_path": "data/photos/all/photo-96f8a6fb-fc51-45ca-bb78-58bb1449ccf8.jpg",
        "source_file": "C:/Users/Admin/iCloudDrive/Downloads/Pearson_Road_Inspection_AI_ANALYSIS_REPORT_PACKAGE_2026-08-04_151016_633_export_report_2026_08_04_151016_633_b7b522724099.zip::AI_ANALYSIS.json",
        "source_files": [
          "C:/Users/Admin/iCloudDrive/Downloads/Pearson_Road_Inspection_AI_ANALYSIS_REPORT_PACKAGE_2026-08-04_151016_633_export_report_2026_08_04_151016_633_b7b522724099.zip::AI_ANALYSIS.json"
        ],
        "parcel_part": "SMALL_PARCEL",
        "water_review_class": "VISIBLE_WATER_IN_PHOTO",
        "water_review_confidence": "HIGH_OR_MODERATE",
        "water_review_source": "2026-08-08_VISUAL_CONTACT_SHEET_REVIEW",
        "original_recorded_category": "Other",
        "original_evidence_modified": false,
        "review_limitation": "Water is visibly present in the photograph; this visual review does not establish extent, duration, cause, or regulatory status."
      }
    },
    {
      "type": "Feature",
      "geometry": {
        "type": "Point",
        "coordinates": [
          -87.09160703742685,
          30.490714810216794
        ]
      },
      "properties": {
        "record_type": "photograph",
        "photo_id": "photo-578b1651-1185-425a-b875-ae2f0daa0f90",
        "photo_number": "P34",
        "inspection_date": "2026-08-03",
        "timestamp": "2026-08-03T13:21:11.222Z",
        "recorded_category": "Other",
        "display_class": "OTHER",
        "is_recorded_water_category": false,
        "water_visible_review_status": "NOT_REVIEWED_FROM_IMAGE",
        "gps_accuracy_m": 13.444033313285702,
        "heading_deg": 340.2781677246094,
        "section_id": null,
        "associated_record_ids": [],
        "note": "",
        "evidence_classification": "Observed",
        "evidence_scope": "OFF_PROPERTY_OR_TEST_REVIEW_REQUIRED",
        "source_family": "AUGUST_3_4_ORIGINAL_FIELD",
        "thumbnail_archive_tag": "AUG4_AI_PACKAGE",
        "thumbnail_archive_member": "photos/034_analysis.jpg",
        "thumbnail_path": "data/photos/all/photo-578b1651-1185-425a-b875-ae2f0daa0f90.jpg",
        "source_file": "C:/Users/Admin/iCloudDrive/Downloads/Pearson_Road_Inspection_AI_ANALYSIS_REPORT_PACKAGE_2026-08-04_151016_633_export_report_2026_08_04_151016_633_b7b522724099.zip::AI_ANALYSIS.json",
        "source_files": [
          "C:/Users/Admin/iCloudDrive/Downloads/Pearson_Road_Inspection_AI_ANALYSIS_REPORT_PACKAGE_2026-08-04_151016_633_export_report_2026_08_04_151016_633_b7b522724099.zip::AI_ANALYSIS.json"
        ],
        "parcel_part": "SMALL_PARCEL",
        "water_review_class": "VISIBLE_WATER_IN_PHOTO",
        "water_review_confidence": "HIGH_OR_MODERATE",
        "water_review_source": "2026-08-08_VISUAL_CONTACT_SHEET_REVIEW",
        "original_recorded_category": "Other",
        "original_evidence_modified": false,
        "review_limitation": "Water is visibly present in the photograph; this visual review does not establish extent, duration, cause, or regulatory status."
      }
    },
    {
      "type": "Feature",
      "geometry": {
        "type": "Point",
        "coordinates": [
          -87.09164978448676,
          30.490783240818818
        ]
      },
      "properties": {
        "record_type": "photograph",
        "photo_id": "photo-688e60e3-cce3-45ab-9f6a-a690019da5f6",
        "photo_number": "P35",
        "inspection_date": "2026-08-03",
        "timestamp": "2026-08-03T13:22:52.484Z",
        "recorded_category": "Other",
        "display_class": "OTHER",
        "is_recorded_water_category": false,
        "water_visible_review_status": "NOT_REVIEWED_FROM_IMAGE",
        "gps_accuracy_m": 14.607801566480155,
        "heading_deg": 9.225656509399414,
        "section_id": null,
        "associated_record_ids": [],
        "note": "",
        "evidence_classification": "Observed",
        "evidence_scope": "OFF_PROPERTY_OR_TEST_REVIEW_REQUIRED",
        "source_family": "AUGUST_3_4_ORIGINAL_FIELD",
        "thumbnail_archive_tag": "AUG4_AI_PACKAGE",
        "thumbnail_archive_member": "photos/035_analysis.jpg",
        "thumbnail_path": "data/photos/all/photo-688e60e3-cce3-45ab-9f6a-a690019da5f6.jpg",
        "source_file": "C:/Users/Admin/iCloudDrive/Downloads/Pearson_Road_Inspection_AI_ANALYSIS_REPORT_PACKAGE_2026-08-04_151016_633_export_report_2026_08_04_151016_633_b7b522724099.zip::AI_ANALYSIS.json",
        "source_files": [
          "C:/Users/Admin/iCloudDrive/Downloads/Pearson_Road_Inspection_AI_ANALYSIS_REPORT_PACKAGE_2026-08-04_151016_633_export_report_2026_08_04_151016_633_b7b522724099.zip::AI_ANALYSIS.json"
        ],
        "parcel_part": "SMALL_PARCEL",
        "water_review_class": "VISIBLE_WATER_IN_PHOTO",
        "water_review_confidence": "HIGH_OR_MODERATE",
        "water_review_source": "2026-08-08_VISUAL_CONTACT_SHEET_REVIEW",
        "original_recorded_category": "Other",
        "original_evidence_modified": false,
        "review_limitation": "Water is visibly present in the photograph; this visual review does not establish extent, duration, cause, or regulatory status."
      }
    },
    {
      "type": "Feature",
      "geometry": {
        "type": "Point",
        "coordinates": [
          -87.09164494825163,
          30.49077938209553
        ]
      },
      "properties": {
        "record_type": "photograph",
        "photo_id": "photo-97c70f90-b2bd-4c5b-ae14-225f8cfb418c",
        "photo_number": "P36",
        "inspection_date": "2026-08-03",
        "timestamp": "2026-08-03T13:23:05.493Z",
        "recorded_category": "Other",
        "display_class": "OTHER",
        "is_recorded_water_category": false,
        "water_visible_review_status": "NOT_REVIEWED_FROM_IMAGE",
        "gps_accuracy_m": 13.640897300949183,
        "heading_deg": 95.00602722167969,
        "section_id": null,
        "associated_record_ids": [],
        "note": "",
        "evidence_classification": "Observed",
        "evidence_scope": "OFF_PROPERTY_OR_TEST_REVIEW_REQUIRED",
        "source_family": "AUGUST_3_4_ORIGINAL_FIELD",
        "thumbnail_archive_tag": "AUG4_AI_PACKAGE",
        "thumbnail_archive_member": "photos/036_analysis.jpg",
        "thumbnail_path": "data/photos/all/photo-97c70f90-b2bd-4c5b-ae14-225f8cfb418c.jpg",
        "source_file": "C:/Users/Admin/iCloudDrive/Downloads/Pearson_Road_Inspection_AI_ANALYSIS_REPORT_PACKAGE_2026-08-04_151016_633_export_report_2026_08_04_151016_633_b7b522724099.zip::AI_ANALYSIS.json",
        "source_files": [
          "C:/Users/Admin/iCloudDrive/Downloads/Pearson_Road_Inspection_AI_ANALYSIS_REPORT_PACKAGE_2026-08-04_151016_633_export_report_2026_08_04_151016_633_b7b522724099.zip::AI_ANALYSIS.json"
        ],
        "parcel_part": "SMALL_PARCEL",
        "water_review_class": "VISIBLE_WATER_IN_PHOTO",
        "water_review_confidence": "HIGH_OR_MODERATE",
        "water_review_source": "2026-08-08_VISUAL_CONTACT_SHEET_REVIEW",
        "original_recorded_category": "Other",
        "original_evidence_modified": false,
        "review_limitation": "Water is visibly present in the photograph; this visual review does not establish extent, duration, cause, or regulatory status."
      }
    },
    {
      "type": "Feature",
      "geometry": {
        "type": "Point",
        "coordinates": [
          -87.0916339090765,
          30.490776806434233
        ]
      },
      "properties": {
        "record_type": "photograph",
        "photo_id": "photo-7c857909-9999-4261-9012-8df76257bb7f",
        "photo_number": "P37",
        "inspection_date": "2026-08-03",
        "timestamp": "2026-08-03T13:23:17.151Z",
        "recorded_category": "Other",
        "display_class": "OTHER",
        "is_recorded_water_category": false,
        "water_visible_review_status": "NOT_REVIEWED_FROM_IMAGE",
        "gps_accuracy_m": 13.596336234065635,
        "heading_deg": 53.96845626831055,
        "section_id": null,
        "associated_record_ids": [],
        "note": "",
        "evidence_classification": "Observed",
        "evidence_scope": "OFF_PROPERTY_OR_TEST_REVIEW_REQUIRED",
        "source_family": "AUGUST_3_4_ORIGINAL_FIELD",
        "thumbnail_archive_tag": "AUG4_AI_PACKAGE",
        "thumbnail_archive_member": "photos/037_analysis.jpg",
        "thumbnail_path": "data/photos/all/photo-7c857909-9999-4261-9012-8df76257bb7f.jpg",
        "source_file": "C:/Users/Admin/iCloudDrive/Downloads/Pearson_Road_Inspection_AI_ANALYSIS_REPORT_PACKAGE_2026-08-04_151016_633_export_report_2026_08_04_151016_633_b7b522724099.zip::AI_ANALYSIS.json",
        "source_files": [
          "C:/Users/Admin/iCloudDrive/Downloads/Pearson_Road_Inspection_AI_ANALYSIS_REPORT_PACKAGE_2026-08-04_151016_633_export_report_2026_08_04_151016_633_b7b522724099.zip::AI_ANALYSIS.json"
        ],
        "parcel_part": "SMALL_PARCEL",
        "water_review_class": "VISIBLE_WATER_IN_PHOTO",
        "water_review_confidence": "HIGH_OR_MODERATE",
        "water_review_source": "2026-08-08_VISUAL_CONTACT_SHEET_REVIEW",
        "original_recorded_category": "Other",
        "original_evidence_modified": false,
        "review_limitation": "Water is visibly present in the photograph; this visual review does not establish extent, duration, cause, or regulatory status."
      }
    },
    {
      "type": "Feature",
      "geometry": {
        "type": "Point",
        "coordinates": [
          -87.09158797756497,
          30.49084262925246
        ]
      },
      "properties": {
        "record_type": "photograph",
        "photo_id": "photo-5e063436-3606-498c-b0ad-77708cc183a0",
        "photo_number": "P38",
        "inspection_date": "2026-08-03",
        "timestamp": "2026-08-03T13:25:13.814Z",
        "recorded_category": "Other",
        "display_class": "OTHER",
        "is_recorded_water_category": false,
        "water_visible_review_status": "NOT_REVIEWED_FROM_IMAGE",
        "gps_accuracy_m": 3.5355339059327373,
        "heading_deg": 217.089111328125,
        "section_id": null,
        "associated_record_ids": [],
        "note": "",
        "evidence_classification": "Observed",
        "evidence_scope": "OFF_PROPERTY_OR_TEST_REVIEW_REQUIRED",
        "source_family": "AUGUST_3_4_ORIGINAL_FIELD",
        "thumbnail_archive_tag": "AUG4_AI_PACKAGE",
        "thumbnail_archive_member": "photos/038_analysis.jpg",
        "thumbnail_path": "data/photos/all/photo-5e063436-3606-498c-b0ad-77708cc183a0.jpg",
        "source_file": "C:/Users/Admin/iCloudDrive/Downloads/Pearson_Road_Inspection_AI_ANALYSIS_REPORT_PACKAGE_2026-08-04_151016_633_export_report_2026_08_04_151016_633_b7b522724099.zip::AI_ANALYSIS.json",
        "source_files": [
          "C:/Users/Admin/iCloudDrive/Downloads/Pearson_Road_Inspection_AI_ANALYSIS_REPORT_PACKAGE_2026-08-04_151016_633_export_report_2026_08_04_151016_633_b7b522724099.zip::AI_ANALYSIS.json"
        ],
        "parcel_part": "SMALL_PARCEL",
        "water_review_class": "VISIBLE_WATER_IN_PHOTO",
        "water_review_confidence": "HIGH_OR_MODERATE",
        "water_review_source": "2026-08-08_VISUAL_CONTACT_SHEET_REVIEW",
        "original_recorded_category": "Other",
        "original_evidence_modified": false,
        "review_limitation": "Water is visibly present in the photograph; this visual review does not establish extent, duration, cause, or regulatory status."
      }
    },
    {
      "type": "Feature",
      "geometry": {
        "type": "Point",
        "coordinates": [
          -87.09156651989285,
          30.4908449761854
        ]
      },
      "properties": {
        "record_type": "photograph",
        "photo_id": "photo-359e5a79-016b-48db-96fc-67df1746057e",
        "photo_number": "P39",
        "inspection_date": "2026-08-03",
        "timestamp": "2026-08-03T13:25:27.540Z",
        "recorded_category": "Other",
        "display_class": "OTHER",
        "is_recorded_water_category": false,
        "water_visible_review_status": "NOT_REVIEWED_FROM_IMAGE",
        "gps_accuracy_m": 4.748651530191761,
        "heading_deg": 117.66217041015625,
        "section_id": null,
        "associated_record_ids": [],
        "note": "",
        "evidence_classification": "Observed",
        "evidence_scope": "OFF_PROPERTY_OR_TEST_REVIEW_REQUIRED",
        "source_family": "AUGUST_3_4_ORIGINAL_FIELD",
        "thumbnail_archive_tag": "AUG4_AI_PACKAGE",
        "thumbnail_archive_member": "photos/039_analysis.jpg",
        "thumbnail_path": "data/photos/all/photo-359e5a79-016b-48db-96fc-67df1746057e.jpg",
        "source_file": "C:/Users/Admin/iCloudDrive/Downloads/Pearson_Road_Inspection_AI_ANALYSIS_REPORT_PACKAGE_2026-08-04_151016_633_export_report_2026_08_04_151016_633_b7b522724099.zip::AI_ANALYSIS.json",
        "source_files": [
          "C:/Users/Admin/iCloudDrive/Downloads/Pearson_Road_Inspection_AI_ANALYSIS_REPORT_PACKAGE_2026-08-04_151016_633_export_report_2026_08_04_151016_633_b7b522724099.zip::AI_ANALYSIS.json"
        ],
        "parcel_part": "SMALL_PARCEL",
        "water_review_class": "VISIBLE_WATER_IN_PHOTO",
        "water_review_confidence": "HIGH_OR_MODERATE",
        "water_review_source": "2026-08-08_VISUAL_CONTACT_SHEET_REVIEW",
        "original_recorded_category": "Other",
        "original_evidence_modified": false,
        "review_limitation": "Water is visibly present in the photograph; this visual review does not establish extent, duration, cause, or regulatory status."
      }
    },
    {
      "type": "Feature",
      "geometry": {
        "type": "Point",
        "coordinates": [
          -87.09153708091843,
          30.49084274563512
        ]
      },
      "properties": {
        "record_type": "photograph",
        "photo_id": "photo-571d0b18-19a8-41d4-9c3d-cac9388414c9",
        "photo_number": "P40",
        "inspection_date": "2026-08-03",
        "timestamp": "2026-08-03T13:25:34.722Z",
        "recorded_category": "Other",
        "display_class": "OTHER",
        "is_recorded_water_category": false,
        "water_visible_review_status": "NOT_REVIEWED_FROM_IMAGE",
        "gps_accuracy_m": 11.32197107382195,
        "heading_deg": 76.52002716064453,
        "section_id": null,
        "associated_record_ids": [],
        "note": "",
        "evidence_classification": "Observed",
        "evidence_scope": "OFF_PROPERTY_OR_TEST_REVIEW_REQUIRED",
        "source_family": "AUGUST_3_4_ORIGINAL_FIELD",
        "thumbnail_archive_tag": "AUG4_AI_PACKAGE",
        "thumbnail_archive_member": "photos/040_analysis.jpg",
        "thumbnail_path": "data/photos/all/photo-571d0b18-19a8-41d4-9c3d-cac9388414c9.jpg",
        "source_file": "C:/Users/Admin/iCloudDrive/Downloads/Pearson_Road_Inspection_AI_ANALYSIS_REPORT_PACKAGE_2026-08-04_151016_633_export_report_2026_08_04_151016_633_b7b522724099.zip::AI_ANALYSIS.json",
        "source_files": [
          "C:/Users/Admin/iCloudDrive/Downloads/Pearson_Road_Inspection_AI_ANALYSIS_REPORT_PACKAGE_2026-08-04_151016_633_export_report_2026_08_04_151016_633_b7b522724099.zip::AI_ANALYSIS.json"
        ],
        "parcel_part": "SMALL_PARCEL",
        "water_review_class": "VISIBLE_WATER_IN_PHOTO",
        "water_review_confidence": "HIGH_OR_MODERATE",
        "water_review_source": "2026-08-08_VISUAL_CONTACT_SHEET_REVIEW",
        "original_recorded_category": "Other",
        "original_evidence_modified": false,
        "review_limitation": "Water is visibly present in the photograph; this visual review does not establish extent, duration, cause, or regulatory status."
      }
    },
    {
      "type": "Feature",
      "geometry": {
        "type": "Point",
        "coordinates": [
          -87.09153500759491,
          30.490864004328703
        ]
      },
      "properties": {
        "record_type": "photograph",
        "photo_id": "photo-69ca9226-1854-45a1-9515-b38757b4359c",
        "photo_number": "P41",
        "inspection_date": "2026-08-03",
        "timestamp": "2026-08-03T13:25:58.940Z",
        "recorded_category": "Other",
        "display_class": "OTHER",
        "is_recorded_water_category": false,
        "water_visible_review_status": "NOT_REVIEWED_FROM_IMAGE",
        "gps_accuracy_m": 9.18399216371771,
        "heading_deg": 152.13304138183594,
        "section_id": null,
        "associated_record_ids": [],
        "note": "",
        "evidence_classification": "Observed",
        "evidence_scope": "OFF_PROPERTY_OR_TEST_REVIEW_REQUIRED",
        "source_family": "AUGUST_3_4_ORIGINAL_FIELD",
        "thumbnail_archive_tag": "AUG4_AI_PACKAGE",
        "thumbnail_archive_member": "photos/041_analysis.jpg",
        "thumbnail_path": "data/photos/all/photo-69ca9226-1854-45a1-9515-b38757b4359c.jpg",
        "source_file": "C:/Users/Admin/iCloudDrive/Downloads/Pearson_Road_Inspection_AI_ANALYSIS_REPORT_PACKAGE_2026-08-04_151016_633_export_report_2026_08_04_151016_633_b7b522724099.zip::AI_ANALYSIS.json",
        "source_files": [
          "C:/Users/Admin/iCloudDrive/Downloads/Pearson_Road_Inspection_AI_ANALYSIS_REPORT_PACKAGE_2026-08-04_151016_633_export_report_2026_08_04_151016_633_b7b522724099.zip::AI_ANALYSIS.json"
        ],
        "parcel_part": "SMALL_PARCEL",
        "water_review_class": "VISIBLE_WATER_IN_PHOTO",
        "water_review_confidence": "HIGH_OR_MODERATE",
        "water_review_source": "2026-08-08_VISUAL_CONTACT_SHEET_REVIEW",
        "original_recorded_category": "Other",
        "original_evidence_modified": false,
        "review_limitation": "Water is visibly present in the photograph; this visual review does not establish extent, duration, cause, or regulatory status."
      }
    },
    {
      "type": "Feature",
      "geometry": {
        "type": "Point",
        "coordinates": [
          -87.09159136491415,
          30.490845260124395
        ]
      },
      "properties": {
        "record_type": "photograph",
        "photo_id": "photo-47584afb-7bc9-4446-a78e-5c14a33d2d47",
        "photo_number": "P42",
        "inspection_date": "2026-08-03",
        "timestamp": "2026-08-03T13:26:41.411Z",
        "recorded_category": "Other",
        "display_class": "OTHER",
        "is_recorded_water_category": false,
        "water_visible_review_status": "NOT_REVIEWED_FROM_IMAGE",
        "gps_accuracy_m": 6.982817478766077,
        "heading_deg": 358.0361022949219,
        "section_id": null,
        "associated_record_ids": [],
        "note": "",
        "evidence_classification": "Observed",
        "evidence_scope": "OFF_PROPERTY_OR_TEST_REVIEW_REQUIRED",
        "source_family": "AUGUST_3_4_ORIGINAL_FIELD",
        "thumbnail_archive_tag": "AUG4_AI_PACKAGE",
        "thumbnail_archive_member": "photos/042_analysis.jpg",
        "thumbnail_path": "data/photos/all/photo-47584afb-7bc9-4446-a78e-5c14a33d2d47.jpg",
        "source_file": "C:/Users/Admin/iCloudDrive/Downloads/Pearson_Road_Inspection_AI_ANALYSIS_REPORT_PACKAGE_2026-08-04_151016_633_export_report_2026_08_04_151016_633_b7b522724099.zip::AI_ANALYSIS.json",
        "source_files": [
          "C:/Users/Admin/iCloudDrive/Downloads/Pearson_Road_Inspection_AI_ANALYSIS_REPORT_PACKAGE_2026-08-04_151016_633_export_report_2026_08_04_151016_633_b7b522724099.zip::AI_ANALYSIS.json"
        ],
        "parcel_part": "SMALL_PARCEL",
        "water_review_class": "VISIBLE_WATER_IN_PHOTO",
        "water_review_confidence": "HIGH_OR_MODERATE",
        "water_review_source": "2026-08-08_VISUAL_CONTACT_SHEET_REVIEW",
        "original_recorded_category": "Other",
        "original_evidence_modified": false,
        "review_limitation": "Water is visibly present in the photograph; this visual review does not establish extent, duration, cause, or regulatory status."
      }
    },
    {
      "type": "Feature",
      "geometry": {
        "type": "Point",
        "coordinates": [
          -87.09157731851994,
          30.49084202197299
        ]
      },
      "properties": {
        "record_type": "photograph",
        "photo_id": "photo-58f9f9e1-f46b-4f72-ac63-7594c6d6c3cf",
        "photo_number": "P43",
        "inspection_date": "2026-08-03",
        "timestamp": "2026-08-03T13:26:56.018Z",
        "recorded_category": "Other",
        "display_class": "OTHER",
        "is_recorded_water_category": false,
        "water_visible_review_status": "NOT_REVIEWED_FROM_IMAGE",
        "gps_accuracy_m": 9.201952957693779,
        "heading_deg": 43.1597785949707,
        "section_id": null,
        "associated_record_ids": [],
        "note": "",
        "evidence_classification": "Observed",
        "evidence_scope": "OFF_PROPERTY_OR_TEST_REVIEW_REQUIRED",
        "source_family": "AUGUST_3_4_ORIGINAL_FIELD",
        "thumbnail_archive_tag": "AUG4_AI_PACKAGE",
        "thumbnail_archive_member": "photos/043_analysis.jpg",
        "thumbnail_path": "data/photos/all/photo-58f9f9e1-f46b-4f72-ac63-7594c6d6c3cf.jpg",
        "source_file": "C:/Users/Admin/iCloudDrive/Downloads/Pearson_Road_Inspection_AI_ANALYSIS_REPORT_PACKAGE_2026-08-04_151016_633_export_report_2026_08_04_151016_633_b7b522724099.zip::AI_ANALYSIS.json",
        "source_files": [
          "C:/Users/Admin/iCloudDrive/Downloads/Pearson_Road_Inspection_AI_ANALYSIS_REPORT_PACKAGE_2026-08-04_151016_633_export_report_2026_08_04_151016_633_b7b522724099.zip::AI_ANALYSIS.json"
        ],
        "parcel_part": "SMALL_PARCEL",
        "water_review_class": "VISIBLE_WATER_IN_PHOTO",
        "water_review_confidence": "HIGH_OR_MODERATE",
        "water_review_source": "2026-08-08_VISUAL_CONTACT_SHEET_REVIEW",
        "original_recorded_category": "Other",
        "original_evidence_modified": false,
        "review_limitation": "Water is visibly present in the photograph; this visual review does not establish extent, duration, cause, or regulatory status."
      }
    },
    {
      "type": "Feature",
      "geometry": {
        "type": "Point",
        "coordinates": [
          -87.09164508018483,
          30.49078916503121
        ]
      },
      "properties": {
        "record_type": "photograph",
        "photo_id": "photo-86b8c9de-a932-4c1c-9ac2-4f98f0dd2376",
        "photo_number": "P44",
        "inspection_date": "2026-08-03",
        "timestamp": "2026-08-03T13:28:49.482Z",
        "recorded_category": "Other",
        "display_class": "OTHER",
        "is_recorded_water_category": false,
        "water_visible_review_status": "NOT_REVIEWED_FROM_IMAGE",
        "gps_accuracy_m": 9.036208423771582,
        "heading_deg": 271.9898986816406,
        "section_id": null,
        "associated_record_ids": [],
        "note": "",
        "evidence_classification": "Observed",
        "evidence_scope": "OFF_PROPERTY_OR_TEST_REVIEW_REQUIRED",
        "source_family": "AUGUST_3_4_ORIGINAL_FIELD",
        "thumbnail_archive_tag": "AUG4_AI_PACKAGE",
        "thumbnail_archive_member": "photos/044_analysis.jpg",
        "thumbnail_path": "data/photos/all/photo-86b8c9de-a932-4c1c-9ac2-4f98f0dd2376.jpg",
        "source_file": "C:/Users/Admin/iCloudDrive/Downloads/Pearson_Road_Inspection_AI_ANALYSIS_REPORT_PACKAGE_2026-08-04_151016_633_export_report_2026_08_04_151016_633_b7b522724099.zip::AI_ANALYSIS.json",
        "source_files": [
          "C:/Users/Admin/iCloudDrive/Downloads/Pearson_Road_Inspection_AI_ANALYSIS_REPORT_PACKAGE_2026-08-04_151016_633_export_report_2026_08_04_151016_633_b7b522724099.zip::AI_ANALYSIS.json"
        ],
        "parcel_part": "SMALL_PARCEL",
        "water_review_class": "VISIBLE_WATER_IN_PHOTO",
        "water_review_confidence": "HIGH_OR_MODERATE",
        "water_review_source": "2026-08-08_VISUAL_CONTACT_SHEET_REVIEW",
        "original_recorded_category": "Other",
        "original_evidence_modified": false,
        "review_limitation": "Water is visibly present in the photograph; this visual review does not establish extent, duration, cause, or regulatory status."
      }
    },
    {
      "type": "Feature",
      "geometry": {
        "type": "Point",
        "coordinates": [
          -87.09177657038633,
          30.49084112050994
        ]
      },
      "properties": {
        "record_type": "photograph",
        "photo_id": "photo-1d9e651b-2839-438a-a04a-19b71ab6d245",
        "photo_number": "P45",
        "inspection_date": "2026-08-03",
        "timestamp": "2026-08-03T13:30:35.218Z",
        "recorded_category": "Other",
        "display_class": "OTHER",
        "is_recorded_water_category": false,
        "water_visible_review_status": "NOT_REVIEWED_FROM_IMAGE",
        "gps_accuracy_m": 4.748651530191761,
        "heading_deg": 344.49224853515625,
        "section_id": null,
        "associated_record_ids": [],
        "note": "",
        "evidence_classification": "Observed",
        "evidence_scope": "OFF_PROPERTY_OR_TEST_REVIEW_REQUIRED",
        "source_family": "AUGUST_3_4_ORIGINAL_FIELD",
        "thumbnail_archive_tag": "AUG4_AI_PACKAGE",
        "thumbnail_archive_member": "photos/045_analysis.jpg",
        "thumbnail_path": "data/photos/all/photo-1d9e651b-2839-438a-a04a-19b71ab6d245.jpg",
        "source_file": "C:/Users/Admin/iCloudDrive/Downloads/Pearson_Road_Inspection_AI_ANALYSIS_REPORT_PACKAGE_2026-08-04_151016_633_export_report_2026_08_04_151016_633_b7b522724099.zip::AI_ANALYSIS.json",
        "source_files": [
          "C:/Users/Admin/iCloudDrive/Downloads/Pearson_Road_Inspection_AI_ANALYSIS_REPORT_PACKAGE_2026-08-04_151016_633_export_report_2026_08_04_151016_633_b7b522724099.zip::AI_ANALYSIS.json"
        ],
        "parcel_part": "SMALL_PARCEL",
        "water_review_class": "VISIBLE_WATER_IN_PHOTO",
        "water_review_confidence": "HIGH_OR_MODERATE",
        "water_review_source": "2026-08-08_VISUAL_CONTACT_SHEET_REVIEW",
        "original_recorded_category": "Other",
        "original_evidence_modified": false,
        "review_limitation": "Water is visibly present in the photograph; this visual review does not establish extent, duration, cause, or regulatory status."
      }
    },
    {
      "type": "Feature",
      "geometry": {
        "type": "Point",
        "coordinates": [
          -87.09178143068624,
          30.490850379591055
        ]
      },
      "properties": {
        "record_type": "photograph",
        "photo_id": "photo-50729f40-3642-4949-8c76-a10d72915988",
        "photo_number": "P46",
        "inspection_date": "2026-08-03",
        "timestamp": "2026-08-03T13:30:42.128Z",
        "recorded_category": "Other",
        "display_class": "OTHER",
        "is_recorded_water_category": false,
        "water_visible_review_status": "NOT_REVIEWED_FROM_IMAGE",
        "gps_accuracy_m": 11.625314034145507,
        "heading_deg": 340.6319885253906,
        "section_id": null,
        "associated_record_ids": [],
        "note": "",
        "evidence_classification": "Observed",
        "evidence_scope": "OFF_PROPERTY_OR_TEST_REVIEW_REQUIRED",
        "source_family": "AUGUST_3_4_ORIGINAL_FIELD",
        "thumbnail_archive_tag": "AUG4_AI_PACKAGE",
        "thumbnail_archive_member": "photos/046_analysis.jpg",
        "thumbnail_path": "data/photos/all/photo-50729f40-3642-4949-8c76-a10d72915988.jpg",
        "source_file": "C:/Users/Admin/iCloudDrive/Downloads/Pearson_Road_Inspection_AI_ANALYSIS_REPORT_PACKAGE_2026-08-04_151016_633_export_report_2026_08_04_151016_633_b7b522724099.zip::AI_ANALYSIS.json",
        "source_files": [
          "C:/Users/Admin/iCloudDrive/Downloads/Pearson_Road_Inspection_AI_ANALYSIS_REPORT_PACKAGE_2026-08-04_151016_633_export_report_2026_08_04_151016_633_b7b522724099.zip::AI_ANALYSIS.json"
        ],
        "parcel_part": "SMALL_PARCEL",
        "water_review_class": "VISIBLE_WATER_IN_PHOTO",
        "water_review_confidence": "HIGH_OR_MODERATE",
        "water_review_source": "2026-08-08_VISUAL_CONTACT_SHEET_REVIEW",
        "original_recorded_category": "Other",
        "original_evidence_modified": false,
        "review_limitation": "Water is visibly present in the photograph; this visual review does not establish extent, duration, cause, or regulatory status."
      }
    },
    {
      "type": "Feature",
      "geometry": {
        "type": "Point",
        "coordinates": [
          -87.09182659194812,
          30.490467047088075
        ]
      },
      "properties": {
        "record_type": "photograph",
        "photo_id": "photo-523a4fd6-49d6-4f68-b989-864cf2887aad",
        "photo_number": "P68",
        "inspection_date": "2026-08-03",
        "timestamp": "2026-08-03T13:39:03.847Z",
        "recorded_category": "Other",
        "display_class": "OTHER",
        "is_recorded_water_category": false,
        "water_visible_review_status": "NOT_REVIEWED_FROM_IMAGE",
        "gps_accuracy_m": 11.324096520582396,
        "heading_deg": 227.29644775390625,
        "section_id": null,
        "associated_record_ids": [],
        "note": "",
        "evidence_classification": "Observed",
        "evidence_scope": "OFF_PROPERTY_OR_TEST_REVIEW_REQUIRED",
        "source_family": "AUGUST_3_4_ORIGINAL_FIELD",
        "thumbnail_archive_tag": "AUG4_AI_PACKAGE",
        "thumbnail_archive_member": "photos/068_analysis.jpg",
        "thumbnail_path": "data/photos/all/photo-523a4fd6-49d6-4f68-b989-864cf2887aad.jpg",
        "source_file": "C:/Users/Admin/iCloudDrive/Downloads/Pearson_Road_Inspection_AI_ANALYSIS_REPORT_PACKAGE_2026-08-04_151016_633_export_report_2026_08_04_151016_633_b7b522724099.zip::AI_ANALYSIS.json",
        "source_files": [
          "C:/Users/Admin/iCloudDrive/Downloads/Pearson_Road_Inspection_AI_ANALYSIS_REPORT_PACKAGE_2026-08-04_151016_633_export_report_2026_08_04_151016_633_b7b522724099.zip::AI_ANALYSIS.json"
        ],
        "parcel_part": "SMALL_PARCEL",
        "water_review_class": "VISIBLE_WATER_IN_PHOTO",
        "water_review_confidence": "HIGH_OR_MODERATE",
        "water_review_source": "2026-08-08_VISUAL_CONTACT_SHEET_REVIEW",
        "original_recorded_category": "Other",
        "original_evidence_modified": false,
        "review_limitation": "Water is visibly present in the photograph; this visual review does not establish extent, duration, cause, or regulatory status."
      }
    },
    {
      "type": "Feature",
      "geometry": {
        "type": "Point",
        "coordinates": [
          -87.0918269942669,
          30.49044541371853
        ]
      },
      "properties": {
        "record_type": "photograph",
        "photo_id": "photo-b0012967-3a5d-4a9f-9164-a5404067f354",
        "photo_number": "P69",
        "inspection_date": "2026-08-03",
        "timestamp": "2026-08-03T13:39:19.308Z",
        "recorded_category": "Other",
        "display_class": "OTHER",
        "is_recorded_water_category": false,
        "water_visible_review_status": "NOT_REVIEWED_FROM_IMAGE",
        "gps_accuracy_m": 11.33266720873632,
        "heading_deg": 154.19618225097656,
        "section_id": null,
        "associated_record_ids": [],
        "note": "",
        "evidence_classification": "Observed",
        "evidence_scope": "OFF_PROPERTY_OR_TEST_REVIEW_REQUIRED",
        "source_family": "AUGUST_3_4_ORIGINAL_FIELD",
        "thumbnail_archive_tag": "AUG4_AI_PACKAGE",
        "thumbnail_archive_member": "photos/069_analysis.jpg",
        "thumbnail_path": "data/photos/all/photo-b0012967-3a5d-4a9f-9164-a5404067f354.jpg",
        "source_file": "C:/Users/Admin/iCloudDrive/Downloads/Pearson_Road_Inspection_AI_ANALYSIS_REPORT_PACKAGE_2026-08-04_151016_633_export_report_2026_08_04_151016_633_b7b522724099.zip::AI_ANALYSIS.json",
        "source_files": [
          "C:/Users/Admin/iCloudDrive/Downloads/Pearson_Road_Inspection_AI_ANALYSIS_REPORT_PACKAGE_2026-08-04_151016_633_export_report_2026_08_04_151016_633_b7b522724099.zip::AI_ANALYSIS.json"
        ],
        "parcel_part": "SMALL_PARCEL",
        "water_review_class": "VISIBLE_WATER_IN_PHOTO",
        "water_review_confidence": "HIGH_OR_MODERATE",
        "water_review_source": "2026-08-08_VISUAL_CONTACT_SHEET_REVIEW",
        "original_recorded_category": "Other",
        "original_evidence_modified": false,
        "review_limitation": "Water is visibly present in the photograph; this visual review does not establish extent, duration, cause, or regulatory status."
      }
    },
    {
      "type": "Feature",
      "geometry": {
        "type": "Point",
        "coordinates": [
          -87.09191219351615,
          30.490412980379418
        ]
      },
      "properties": {
        "record_type": "photograph",
        "photo_id": "photo-9cd7493d-01b4-4fe6-8f7b-8ee32ae66149",
        "photo_number": "P70",
        "inspection_date": "2026-08-03",
        "timestamp": "2026-08-03T13:40:21.178Z",
        "recorded_category": "Other",
        "display_class": "OTHER",
        "is_recorded_water_category": false,
        "water_visible_review_status": "NOT_REVIEWED_FROM_IMAGE",
        "gps_accuracy_m": 6.669451979470658,
        "heading_deg": 149.32077026367188,
        "section_id": null,
        "associated_record_ids": [],
        "note": "",
        "evidence_classification": "Observed",
        "evidence_scope": "OFF_PROPERTY_OR_TEST_REVIEW_REQUIRED",
        "source_family": "AUGUST_3_4_ORIGINAL_FIELD",
        "thumbnail_archive_tag": "AUG4_AI_PACKAGE",
        "thumbnail_archive_member": "photos/070_analysis.jpg",
        "thumbnail_path": "data/photos/all/photo-9cd7493d-01b4-4fe6-8f7b-8ee32ae66149.jpg",
        "source_file": "C:/Users/Admin/iCloudDrive/Downloads/Pearson_Road_Inspection_AI_ANALYSIS_REPORT_PACKAGE_2026-08-04_151016_633_export_report_2026_08_04_151016_633_b7b522724099.zip::AI_ANALYSIS.json",
        "source_files": [
          "C:/Users/Admin/iCloudDrive/Downloads/Pearson_Road_Inspection_AI_ANALYSIS_REPORT_PACKAGE_2026-08-04_151016_633_export_report_2026_08_04_151016_633_b7b522724099.zip::AI_ANALYSIS.json"
        ],
        "parcel_part": "SMALL_PARCEL",
        "water_review_class": "VISIBLE_WATER_IN_PHOTO",
        "water_review_confidence": "HIGH_OR_MODERATE",
        "water_review_source": "2026-08-08_VISUAL_CONTACT_SHEET_REVIEW",
        "original_recorded_category": "Other",
        "original_evidence_modified": false,
        "review_limitation": "Water is visibly present in the photograph; this visual review does not establish extent, duration, cause, or regulatory status."
      }
    },
    {
      "type": "Feature",
      "geometry": {
        "type": "Point",
        "coordinates": [
          -87.09188246101172,
          30.4903914943335
        ]
      },
      "properties": {
        "record_type": "photograph",
        "photo_id": "photo-115d5d89-5b2f-4844-82a7-b6cbf465ca0f",
        "photo_number": "P71",
        "inspection_date": "2026-08-03",
        "timestamp": "2026-08-03T13:40:40.590Z",
        "recorded_category": "Other",
        "display_class": "OTHER",
        "is_recorded_water_category": false,
        "water_visible_review_status": "NOT_REVIEWED_FROM_IMAGE",
        "gps_accuracy_m": 6.3572042732287315,
        "heading_deg": 136.8351593017578,
        "section_id": null,
        "associated_record_ids": [],
        "note": "",
        "evidence_classification": "Observed",
        "evidence_scope": "OFF_PROPERTY_OR_TEST_REVIEW_REQUIRED",
        "source_family": "AUGUST_3_4_ORIGINAL_FIELD",
        "thumbnail_archive_tag": "AUG4_AI_PACKAGE",
        "thumbnail_archive_member": "photos/071_analysis.jpg",
        "thumbnail_path": "data/photos/all/photo-115d5d89-5b2f-4844-82a7-b6cbf465ca0f.jpg",
        "source_file": "C:/Users/Admin/iCloudDrive/Downloads/Pearson_Road_Inspection_AI_ANALYSIS_REPORT_PACKAGE_2026-08-04_151016_633_export_report_2026_08_04_151016_633_b7b522724099.zip::AI_ANALYSIS.json",
        "source_files": [
          "C:/Users/Admin/iCloudDrive/Downloads/Pearson_Road_Inspection_AI_ANALYSIS_REPORT_PACKAGE_2026-08-04_151016_633_export_report_2026_08_04_151016_633_b7b522724099.zip::AI_ANALYSIS.json"
        ],
        "parcel_part": "SMALL_PARCEL",
        "water_review_class": "VISIBLE_WATER_IN_PHOTO",
        "water_review_confidence": "HIGH_OR_MODERATE",
        "water_review_source": "2026-08-08_VISUAL_CONTACT_SHEET_REVIEW",
        "original_recorded_category": "Other",
        "original_evidence_modified": false,
        "review_limitation": "Water is visibly present in the photograph; this visual review does not establish extent, duration, cause, or regulatory status."
      }
    },
    {
      "type": "Feature",
      "geometry": {
        "type": "Point",
        "coordinates": [
          -87.09187619342255,
          30.490393555441536
        ]
      },
      "properties": {
        "record_type": "photograph",
        "photo_id": "photo-535018da-564e-428f-9a2d-7c7e18941ae5",
        "photo_number": "P72",
        "inspection_date": "2026-08-03",
        "timestamp": "2026-08-03T13:41:02.313Z",
        "recorded_category": "Other",
        "display_class": "OTHER",
        "is_recorded_water_category": false,
        "water_visible_review_status": "NOT_REVIEWED_FROM_IMAGE",
        "gps_accuracy_m": 10.917332897318179,
        "heading_deg": 145.2687530517578,
        "section_id": null,
        "associated_record_ids": [],
        "note": "",
        "evidence_classification": "Observed",
        "evidence_scope": "OFF_PROPERTY_OR_TEST_REVIEW_REQUIRED",
        "source_family": "AUGUST_3_4_ORIGINAL_FIELD",
        "thumbnail_archive_tag": "AUG4_AI_PACKAGE",
        "thumbnail_archive_member": "photos/072_analysis.jpg",
        "thumbnail_path": "data/photos/all/photo-535018da-564e-428f-9a2d-7c7e18941ae5.jpg",
        "source_file": "C:/Users/Admin/iCloudDrive/Downloads/Pearson_Road_Inspection_AI_ANALYSIS_REPORT_PACKAGE_2026-08-04_151016_633_export_report_2026_08_04_151016_633_b7b522724099.zip::AI_ANALYSIS.json",
        "source_files": [
          "C:/Users/Admin/iCloudDrive/Downloads/Pearson_Road_Inspection_AI_ANALYSIS_REPORT_PACKAGE_2026-08-04_151016_633_export_report_2026_08_04_151016_633_b7b522724099.zip::AI_ANALYSIS.json"
        ],
        "parcel_part": "SMALL_PARCEL",
        "water_review_class": "VISIBLE_WATER_IN_PHOTO",
        "water_review_confidence": "HIGH_OR_MODERATE",
        "water_review_source": "2026-08-08_VISUAL_CONTACT_SHEET_REVIEW",
        "original_recorded_category": "Other",
        "original_evidence_modified": false,
        "review_limitation": "Water is visibly present in the photograph; this visual review does not establish extent, duration, cause, or regulatory status."
      }
    },
    {
      "type": "Feature",
      "geometry": {
        "type": "Point",
        "coordinates": [
          -87.09231733331218,
          30.49060572306899
        ]
      },
      "properties": {
        "record_type": "photograph",
        "photo_id": "photo-0706f007-6711-4e91-a540-347292002265",
        "photo_number": "P107",
        "inspection_date": "2026-08-03",
        "timestamp": "2026-08-03T13:53:15.840Z",
        "recorded_category": "Other",
        "display_class": "OTHER",
        "is_recorded_water_category": false,
        "water_visible_review_status": "NOT_REVIEWED_FROM_IMAGE",
        "gps_accuracy_m": 13.300126260361788,
        "heading_deg": 0.29117551445961,
        "section_id": null,
        "associated_record_ids": [],
        "note": "",
        "evidence_classification": "Observed",
        "evidence_scope": "OFF_PROPERTY_OR_TEST_REVIEW_REQUIRED",
        "source_family": "AUGUST_3_4_ORIGINAL_FIELD",
        "thumbnail_archive_tag": "AUG4_AI_PACKAGE",
        "thumbnail_archive_member": "photos/107_analysis.jpg",
        "thumbnail_path": "data/photos/all/photo-0706f007-6711-4e91-a540-347292002265.jpg",
        "source_file": "C:/Users/Admin/iCloudDrive/Downloads/Pearson_Road_Inspection_AI_ANALYSIS_REPORT_PACKAGE_2026-08-04_151016_633_export_report_2026_08_04_151016_633_b7b522724099.zip::AI_ANALYSIS.json",
        "source_files": [
          "C:/Users/Admin/iCloudDrive/Downloads/Pearson_Road_Inspection_AI_ANALYSIS_REPORT_PACKAGE_2026-08-04_151016_633_export_report_2026_08_04_151016_633_b7b522724099.zip::AI_ANALYSIS.json"
        ],
        "parcel_part": "SMALL_PARCEL",
        "water_review_class": "VISIBLE_WATER_IN_PHOTO",
        "water_review_confidence": "HIGH_OR_MODERATE",
        "water_review_source": "2026-08-08_VISUAL_CONTACT_SHEET_REVIEW",
        "original_recorded_category": "Other",
        "original_evidence_modified": false,
        "review_limitation": "Water is visibly present in the photograph; this visual review does not establish extent, duration, cause, or regulatory status."
      }
    },
    {
      "type": "Feature",
      "geometry": {
        "type": "Point",
        "coordinates": [
          -87.09234177354047,
          30.49063594632328
        ]
      },
      "properties": {
        "record_type": "photograph",
        "photo_id": "photo-3fca7f16-fa7f-44ed-afd8-0c9bdf144f58",
        "photo_number": "P108",
        "inspection_date": "2026-08-03",
        "timestamp": "2026-08-03T13:53:29.975Z",
        "recorded_category": "Other",
        "display_class": "OTHER",
        "is_recorded_water_category": false,
        "water_visible_review_status": "NOT_REVIEWED_FROM_IMAGE",
        "gps_accuracy_m": 14.4317149093873,
        "heading_deg": 27.881790161132812,
        "section_id": null,
        "associated_record_ids": [],
        "note": "",
        "evidence_classification": "Observed",
        "evidence_scope": "OFF_PROPERTY_OR_TEST_REVIEW_REQUIRED",
        "source_family": "AUGUST_3_4_ORIGINAL_FIELD",
        "thumbnail_archive_tag": "AUG4_AI_PACKAGE",
        "thumbnail_archive_member": "photos/108_analysis.jpg",
        "thumbnail_path": "data/photos/all/photo-3fca7f16-fa7f-44ed-afd8-0c9bdf144f58.jpg",
        "source_file": "C:/Users/Admin/iCloudDrive/Downloads/Pearson_Road_Inspection_AI_ANALYSIS_REPORT_PACKAGE_2026-08-04_151016_633_export_report_2026_08_04_151016_633_b7b522724099.zip::AI_ANALYSIS.json",
        "source_files": [
          "C:/Users/Admin/iCloudDrive/Downloads/Pearson_Road_Inspection_AI_ANALYSIS_REPORT_PACKAGE_2026-08-04_151016_633_export_report_2026_08_04_151016_633_b7b522724099.zip::AI_ANALYSIS.json"
        ],
        "parcel_part": "SMALL_PARCEL",
        "water_review_class": "VISIBLE_WATER_IN_PHOTO",
        "water_review_confidence": "HIGH_OR_MODERATE",
        "water_review_source": "2026-08-08_VISUAL_CONTACT_SHEET_REVIEW",
        "original_recorded_category": "Other",
        "original_evidence_modified": false,
        "review_limitation": "Water is visibly present in the photograph; this visual review does not establish extent, duration, cause, or regulatory status."
      }
    },
    {
      "type": "Feature",
      "geometry": {
        "type": "Point",
        "coordinates": [
          -87.09233205052878,
          30.49065791179056
        ]
      },
      "properties": {
        "record_type": "photograph",
        "photo_id": "photo-e2c6b0a8-5978-43c0-80b4-512683897378",
        "photo_number": "P109",
        "inspection_date": "2026-08-03",
        "timestamp": "2026-08-03T13:53:53.755Z",
        "recorded_category": "Other",
        "display_class": "OTHER",
        "is_recorded_water_category": false,
        "water_visible_review_status": "NOT_REVIEWED_FROM_IMAGE",
        "gps_accuracy_m": 17.300223597333687,
        "heading_deg": 8.45072078704834,
        "section_id": null,
        "associated_record_ids": [],
        "note": "",
        "evidence_classification": "Observed",
        "evidence_scope": "OFF_PROPERTY_OR_TEST_REVIEW_REQUIRED",
        "source_family": "AUGUST_3_4_ORIGINAL_FIELD",
        "thumbnail_archive_tag": "AUG4_AI_PACKAGE",
        "thumbnail_archive_member": "photos/109_analysis.jpg",
        "thumbnail_path": "data/photos/all/photo-e2c6b0a8-5978-43c0-80b4-512683897378.jpg",
        "source_file": "C:/Users/Admin/iCloudDrive/Downloads/Pearson_Road_Inspection_AI_ANALYSIS_REPORT_PACKAGE_2026-08-04_151016_633_export_report_2026_08_04_151016_633_b7b522724099.zip::AI_ANALYSIS.json",
        "source_files": [
          "C:/Users/Admin/iCloudDrive/Downloads/Pearson_Road_Inspection_AI_ANALYSIS_REPORT_PACKAGE_2026-08-04_151016_633_export_report_2026_08_04_151016_633_b7b522724099.zip::AI_ANALYSIS.json"
        ],
        "parcel_part": "SMALL_PARCEL",
        "water_review_class": "VISIBLE_WATER_IN_PHOTO",
        "water_review_confidence": "HIGH_OR_MODERATE",
        "water_review_source": "2026-08-08_VISUAL_CONTACT_SHEET_REVIEW",
        "original_recorded_category": "Other",
        "original_evidence_modified": false,
        "review_limitation": "Water is visibly present in the photograph; this visual review does not establish extent, duration, cause, or regulatory status."
      }
    },
    {
      "type": "Feature",
      "geometry": {
        "type": "Point",
        "coordinates": [
          -87.09241587348689,
          30.490582723291947
        ]
      },
      "properties": {
        "record_type": "photograph",
        "photo_id": "photo-f48ccd42-760d-4057-bebc-99abd1d1c5f5",
        "photo_number": "P110",
        "inspection_date": "2026-08-03",
        "timestamp": "2026-08-03T13:54:43.663Z",
        "recorded_category": "Other",
        "display_class": "OTHER",
        "is_recorded_water_category": false,
        "water_visible_review_status": "NOT_REVIEWED_FROM_IMAGE",
        "gps_accuracy_m": 14.805578686261274,
        "heading_deg": 314.0889892578125,
        "section_id": null,
        "associated_record_ids": [],
        "note": "",
        "evidence_classification": "Observed",
        "evidence_scope": "OFF_PROPERTY_OR_TEST_REVIEW_REQUIRED",
        "source_family": "AUGUST_3_4_ORIGINAL_FIELD",
        "thumbnail_archive_tag": "AUG4_AI_PACKAGE",
        "thumbnail_archive_member": "photos/110_analysis.jpg",
        "thumbnail_path": "data/photos/all/photo-f48ccd42-760d-4057-bebc-99abd1d1c5f5.jpg",
        "source_file": "C:/Users/Admin/iCloudDrive/Downloads/Pearson_Road_Inspection_AI_ANALYSIS_REPORT_PACKAGE_2026-08-04_151016_633_export_report_2026_08_04_151016_633_b7b522724099.zip::AI_ANALYSIS.json",
        "source_files": [
          "C:/Users/Admin/iCloudDrive/Downloads/Pearson_Road_Inspection_AI_ANALYSIS_REPORT_PACKAGE_2026-08-04_151016_633_export_report_2026_08_04_151016_633_b7b522724099.zip::AI_ANALYSIS.json"
        ],
        "parcel_part": "SMALL_PARCEL",
        "water_review_class": "VISIBLE_WATER_IN_PHOTO",
        "water_review_confidence": "HIGH_OR_MODERATE",
        "water_review_source": "2026-08-08_VISUAL_CONTACT_SHEET_REVIEW",
        "original_recorded_category": "Other",
        "original_evidence_modified": false,
        "review_limitation": "Water is visibly present in the photograph; this visual review does not establish extent, duration, cause, or regulatory status."
      }
    },
    {
      "type": "Feature",
      "geometry": {
        "type": "Point",
        "coordinates": [
          -87.09242693156234,
          30.490571337438492
        ]
      },
      "properties": {
        "record_type": "photograph",
        "photo_id": "photo-f9601e23-834d-48c4-a562-9eb1769657f1",
        "photo_number": "P111",
        "inspection_date": "2026-08-03",
        "timestamp": "2026-08-03T13:54:54.639Z",
        "recorded_category": "Other",
        "display_class": "OTHER",
        "is_recorded_water_category": false,
        "water_visible_review_status": "NOT_REVIEWED_FROM_IMAGE",
        "gps_accuracy_m": 17.2252353463223,
        "heading_deg": 325.23370361328125,
        "section_id": null,
        "associated_record_ids": [],
        "note": "",
        "evidence_classification": "Observed",
        "evidence_scope": "OFF_PROPERTY_OR_TEST_REVIEW_REQUIRED",
        "source_family": "AUGUST_3_4_ORIGINAL_FIELD",
        "thumbnail_archive_tag": "AUG4_AI_PACKAGE",
        "thumbnail_archive_member": "photos/111_analysis.jpg",
        "thumbnail_path": "data/photos/all/photo-f9601e23-834d-48c4-a562-9eb1769657f1.jpg",
        "source_file": "C:/Users/Admin/iCloudDrive/Downloads/Pearson_Road_Inspection_AI_ANALYSIS_REPORT_PACKAGE_2026-08-04_151016_633_export_report_2026_08_04_151016_633_b7b522724099.zip::AI_ANALYSIS.json",
        "source_files": [
          "C:/Users/Admin/iCloudDrive/Downloads/Pearson_Road_Inspection_AI_ANALYSIS_REPORT_PACKAGE_2026-08-04_151016_633_export_report_2026_08_04_151016_633_b7b522724099.zip::AI_ANALYSIS.json"
        ],
        "parcel_part": "SMALL_PARCEL",
        "water_review_class": "VISIBLE_WATER_IN_PHOTO",
        "water_review_confidence": "HIGH_OR_MODERATE",
        "water_review_source": "2026-08-08_VISUAL_CONTACT_SHEET_REVIEW",
        "original_recorded_category": "Other",
        "original_evidence_modified": false,
        "review_limitation": "Water is visibly present in the photograph; this visual review does not establish extent, duration, cause, or regulatory status."
      }
    },
    {
      "type": "Feature",
      "geometry": {
        "type": "Point",
        "coordinates": [
          -87.09243353290081,
          30.49058463360962
        ]
      },
      "properties": {
        "record_type": "photograph",
        "photo_id": "photo-7d6330a8-61bc-493a-a24f-fbb83166e007",
        "photo_number": "P112",
        "inspection_date": "2026-08-03",
        "timestamp": "2026-08-03T13:55:11.247Z",
        "recorded_category": "Other",
        "display_class": "OTHER",
        "is_recorded_water_category": false,
        "water_visible_review_status": "NOT_REVIEWED_FROM_IMAGE",
        "gps_accuracy_m": 16.821124131875298,
        "heading_deg": 3.1945154666900635,
        "section_id": null,
        "associated_record_ids": [],
        "note": "",
        "evidence_classification": "Observed",
        "evidence_scope": "OFF_PROPERTY_OR_TEST_REVIEW_REQUIRED",
        "source_family": "AUGUST_3_4_ORIGINAL_FIELD",
        "thumbnail_archive_tag": "AUG4_AI_PACKAGE",
        "thumbnail_archive_member": "photos/112_analysis.jpg",
        "thumbnail_path": "data/photos/all/photo-7d6330a8-61bc-493a-a24f-fbb83166e007.jpg",
        "source_file": "C:/Users/Admin/iCloudDrive/Downloads/Pearson_Road_Inspection_AI_ANALYSIS_REPORT_PACKAGE_2026-08-04_151016_633_export_report_2026_08_04_151016_633_b7b522724099.zip::AI_ANALYSIS.json",
        "source_files": [
          "C:/Users/Admin/iCloudDrive/Downloads/Pearson_Road_Inspection_AI_ANALYSIS_REPORT_PACKAGE_2026-08-04_151016_633_export_report_2026_08_04_151016_633_b7b522724099.zip::AI_ANALYSIS.json"
        ],
        "parcel_part": "SMALL_PARCEL",
        "water_review_class": "VISIBLE_WATER_IN_PHOTO",
        "water_review_confidence": "HIGH_OR_MODERATE",
        "water_review_source": "2026-08-08_VISUAL_CONTACT_SHEET_REVIEW",
        "original_recorded_category": "Other",
        "original_evidence_modified": false,
        "review_limitation": "Water is visibly present in the photograph; this visual review does not establish extent, duration, cause, or regulatory status."
      }
    },
    {
      "type": "Feature",
      "geometry": {
        "type": "Point",
        "coordinates": [
          -87.09239015601864,
          30.49060775668693
        ]
      },
      "properties": {
        "record_type": "photograph",
        "photo_id": "photo-263283cd-25b2-4c92-ae3a-bbb7986ecc24",
        "photo_number": "P113",
        "inspection_date": "2026-08-03",
        "timestamp": "2026-08-03T13:55:24.935Z",
        "recorded_category": "Other",
        "display_class": "OTHER",
        "is_recorded_water_category": false,
        "water_visible_review_status": "NOT_REVIEWED_FROM_IMAGE",
        "gps_accuracy_m": 17.167875989108882,
        "heading_deg": 26.780839920043945,
        "section_id": null,
        "associated_record_ids": [],
        "note": "",
        "evidence_classification": "Observed",
        "evidence_scope": "OFF_PROPERTY_OR_TEST_REVIEW_REQUIRED",
        "source_family": "AUGUST_3_4_ORIGINAL_FIELD",
        "thumbnail_archive_tag": "AUG4_AI_PACKAGE",
        "thumbnail_archive_member": "photos/113_analysis.jpg",
        "thumbnail_path": "data/photos/all/photo-263283cd-25b2-4c92-ae3a-bbb7986ecc24.jpg",
        "source_file": "C:/Users/Admin/iCloudDrive/Downloads/Pearson_Road_Inspection_AI_ANALYSIS_REPORT_PACKAGE_2026-08-04_151016_633_export_report_2026_08_04_151016_633_b7b522724099.zip::AI_ANALYSIS.json",
        "source_files": [
          "C:/Users/Admin/iCloudDrive/Downloads/Pearson_Road_Inspection_AI_ANALYSIS_REPORT_PACKAGE_2026-08-04_151016_633_export_report_2026_08_04_151016_633_b7b522724099.zip::AI_ANALYSIS.json"
        ],
        "parcel_part": "SMALL_PARCEL",
        "water_review_class": "POSSIBLE_WATER_IN_PHOTO",
        "water_review_confidence": "LOW_REVIEW_REQUIRED",
        "water_review_source": "2026-08-08_VISUAL_CONTACT_SHEET_REVIEW",
        "original_recorded_category": "Other",
        "original_evidence_modified": false,
        "review_limitation": "Possible visible water; retain for inspector review before using it as a conclusion."
      }
    },
    {
      "type": "Feature",
      "geometry": {
        "type": "Point",
        "coordinates": [
          -87.09228273552162,
          30.490606819297422
        ]
      },
      "properties": {
        "record_type": "photograph",
        "photo_id": "photo-e6daaa8f-8ed6-4fb8-b49f-ded4d028ed49",
        "photo_number": "P114",
        "inspection_date": "2026-08-03",
        "timestamp": "2026-08-03T13:56:32.287Z",
        "recorded_category": "Other",
        "display_class": "OTHER",
        "is_recorded_water_category": false,
        "water_visible_review_status": "NOT_REVIEWED_FROM_IMAGE",
        "gps_accuracy_m": 7.687584575321731,
        "heading_deg": 8.989975929260254,
        "section_id": null,
        "associated_record_ids": [],
        "note": "",
        "evidence_classification": "Observed",
        "evidence_scope": "OFF_PROPERTY_OR_TEST_REVIEW_REQUIRED",
        "source_family": "AUGUST_3_4_ORIGINAL_FIELD",
        "thumbnail_archive_tag": "AUG4_AI_PACKAGE",
        "thumbnail_archive_member": "photos/114_analysis.jpg",
        "thumbnail_path": "data/photos/all/photo-e6daaa8f-8ed6-4fb8-b49f-ded4d028ed49.jpg",
        "source_file": "C:/Users/Admin/iCloudDrive/Downloads/Pearson_Road_Inspection_AI_ANALYSIS_REPORT_PACKAGE_2026-08-04_151016_633_export_report_2026_08_04_151016_633_b7b522724099.zip::AI_ANALYSIS.json",
        "source_files": [
          "C:/Users/Admin/iCloudDrive/Downloads/Pearson_Road_Inspection_AI_ANALYSIS_REPORT_PACKAGE_2026-08-04_151016_633_export_report_2026_08_04_151016_633_b7b522724099.zip::AI_ANALYSIS.json"
        ],
        "parcel_part": "SMALL_PARCEL",
        "water_review_class": "VISIBLE_WATER_IN_PHOTO",
        "water_review_confidence": "HIGH_OR_MODERATE",
        "water_review_source": "2026-08-08_VISUAL_CONTACT_SHEET_REVIEW",
        "original_recorded_category": "Other",
        "original_evidence_modified": false,
        "review_limitation": "Water is visibly present in the photograph; this visual review does not establish extent, duration, cause, or regulatory status."
      }
    },
    {
      "type": "Feature",
      "geometry": {
        "type": "Point",
        "coordinates": [
          -87.09229838419142,
          30.490618087965167
        ]
      },
      "properties": {
        "record_type": "photograph",
        "photo_id": "photo-ac0655a6-7ee1-4a62-b149-fd11d907370e",
        "photo_number": "P115",
        "inspection_date": "2026-08-03",
        "timestamp": "2026-08-03T13:56:53.158Z",
        "recorded_category": "Other",
        "display_class": "OTHER",
        "is_recorded_water_category": false,
        "water_visible_review_status": "NOT_REVIEWED_FROM_IMAGE",
        "gps_accuracy_m": 10.12292299934656,
        "heading_deg": 42.58395767211914,
        "section_id": null,
        "associated_record_ids": [],
        "note": "",
        "evidence_classification": "Observed",
        "evidence_scope": "OFF_PROPERTY_OR_TEST_REVIEW_REQUIRED",
        "source_family": "AUGUST_3_4_ORIGINAL_FIELD",
        "thumbnail_archive_tag": "AUG4_AI_PACKAGE",
        "thumbnail_archive_member": "photos/115_analysis.jpg",
        "thumbnail_path": "data/photos/all/photo-ac0655a6-7ee1-4a62-b149-fd11d907370e.jpg",
        "source_file": "C:/Users/Admin/iCloudDrive/Downloads/Pearson_Road_Inspection_AI_ANALYSIS_REPORT_PACKAGE_2026-08-04_151016_633_export_report_2026_08_04_151016_633_b7b522724099.zip::AI_ANALYSIS.json",
        "source_files": [
          "C:/Users/Admin/iCloudDrive/Downloads/Pearson_Road_Inspection_AI_ANALYSIS_REPORT_PACKAGE_2026-08-04_151016_633_export_report_2026_08_04_151016_633_b7b522724099.zip::AI_ANALYSIS.json"
        ],
        "parcel_part": "SMALL_PARCEL",
        "water_review_class": "VISIBLE_WATER_IN_PHOTO",
        "water_review_confidence": "HIGH_OR_MODERATE",
        "water_review_source": "2026-08-08_VISUAL_CONTACT_SHEET_REVIEW",
        "original_recorded_category": "Other",
        "original_evidence_modified": false,
        "review_limitation": "Water is visibly present in the photograph; this visual review does not establish extent, duration, cause, or regulatory status."
      }
    },
    {
      "type": "Feature",
      "geometry": {
        "type": "Point",
        "coordinates": [
          -87.09225557998417,
          30.49065334962525
        ]
      },
      "properties": {
        "record_type": "photograph",
        "photo_id": "photo-05c78626-27ad-449d-87bd-c1c22c57a88d",
        "photo_number": "P116",
        "inspection_date": "2026-08-03",
        "timestamp": "2026-08-03T13:57:26.532Z",
        "recorded_category": "Other",
        "display_class": "OTHER",
        "is_recorded_water_category": false,
        "water_visible_review_status": "NOT_REVIEWED_FROM_IMAGE",
        "gps_accuracy_m": 13.931217330989156,
        "heading_deg": 257.7548828125,
        "section_id": null,
        "associated_record_ids": [],
        "note": "",
        "evidence_classification": "Observed",
        "evidence_scope": "OFF_PROPERTY_OR_TEST_REVIEW_REQUIRED",
        "source_family": "AUGUST_3_4_ORIGINAL_FIELD",
        "thumbnail_archive_tag": "AUG4_AI_PACKAGE",
        "thumbnail_archive_member": "photos/116_analysis.jpg",
        "thumbnail_path": "data/photos/all/photo-05c78626-27ad-449d-87bd-c1c22c57a88d.jpg",
        "source_file": "C:/Users/Admin/iCloudDrive/Downloads/Pearson_Road_Inspection_AI_ANALYSIS_REPORT_PACKAGE_2026-08-04_151016_633_export_report_2026_08_04_151016_633_b7b522724099.zip::AI_ANALYSIS.json",
        "source_files": [
          "C:/Users/Admin/iCloudDrive/Downloads/Pearson_Road_Inspection_AI_ANALYSIS_REPORT_PACKAGE_2026-08-04_151016_633_export_report_2026_08_04_151016_633_b7b522724099.zip::AI_ANALYSIS.json"
        ],
        "parcel_part": "SMALL_PARCEL",
        "water_review_class": "VISIBLE_WATER_IN_PHOTO",
        "water_review_confidence": "HIGH_OR_MODERATE",
        "water_review_source": "2026-08-08_VISUAL_CONTACT_SHEET_REVIEW",
        "original_recorded_category": "Other",
        "original_evidence_modified": false,
        "review_limitation": "Water is visibly present in the photograph; this visual review does not establish extent, duration, cause, or regulatory status."
      }
    },
    {
      "type": "Feature",
      "geometry": {
        "type": "Point",
        "coordinates": [
          -87.09226612183895,
          30.490653718464788
        ]
      },
      "properties": {
        "record_type": "photograph",
        "photo_id": "photo-a613f8f2-40cd-4209-845c-986e02b9a1b2",
        "photo_number": "P117",
        "inspection_date": "2026-08-03",
        "timestamp": "2026-08-03T13:57:35.946Z",
        "recorded_category": "Other",
        "display_class": "OTHER",
        "is_recorded_water_category": false,
        "water_visible_review_status": "NOT_REVIEWED_FROM_IMAGE",
        "gps_accuracy_m": 12.679660898615612,
        "heading_deg": 302.8900146484375,
        "section_id": null,
        "associated_record_ids": [],
        "note": "",
        "evidence_classification": "Observed",
        "evidence_scope": "OFF_PROPERTY_OR_TEST_REVIEW_REQUIRED",
        "source_family": "AUGUST_3_4_ORIGINAL_FIELD",
        "thumbnail_archive_tag": "AUG4_AI_PACKAGE",
        "thumbnail_archive_member": "photos/117_analysis.jpg",
        "thumbnail_path": "data/photos/all/photo-a613f8f2-40cd-4209-845c-986e02b9a1b2.jpg",
        "source_file": "C:/Users/Admin/iCloudDrive/Downloads/Pearson_Road_Inspection_AI_ANALYSIS_REPORT_PACKAGE_2026-08-04_151016_633_export_report_2026_08_04_151016_633_b7b522724099.zip::AI_ANALYSIS.json",
        "source_files": [
          "C:/Users/Admin/iCloudDrive/Downloads/Pearson_Road_Inspection_AI_ANALYSIS_REPORT_PACKAGE_2026-08-04_151016_633_export_report_2026_08_04_151016_633_b7b522724099.zip::AI_ANALYSIS.json"
        ],
        "parcel_part": "SMALL_PARCEL",
        "water_review_class": "VISIBLE_WATER_IN_PHOTO",
        "water_review_confidence": "HIGH_OR_MODERATE",
        "water_review_source": "2026-08-08_VISUAL_CONTACT_SHEET_REVIEW",
        "original_recorded_category": "Other",
        "original_evidence_modified": false,
        "review_limitation": "Water is visibly present in the photograph; this visual review does not establish extent, duration, cause, or regulatory status."
      }
    },
    {
      "type": "Feature",
      "geometry": {
        "type": "Point",
        "coordinates": [
          -87.09224386223514,
          30.49062767221773
        ]
      },
      "properties": {
        "record_type": "photograph",
        "photo_id": "photo-8928b401-bb50-4836-9ac8-cbebacd107cd",
        "photo_number": "P118",
        "inspection_date": "2026-08-03",
        "timestamp": "2026-08-03T13:57:52.664Z",
        "recorded_category": "Other",
        "display_class": "OTHER",
        "is_recorded_water_category": false,
        "water_visible_review_status": "NOT_REVIEWED_FROM_IMAGE",
        "gps_accuracy_m": 15.968861600551376,
        "heading_deg": 217.959228515625,
        "section_id": null,
        "associated_record_ids": [],
        "note": "",
        "evidence_classification": "Observed",
        "evidence_scope": "OFF_PROPERTY_OR_TEST_REVIEW_REQUIRED",
        "source_family": "AUGUST_3_4_ORIGINAL_FIELD",
        "thumbnail_archive_tag": "AUG4_AI_PACKAGE",
        "thumbnail_archive_member": "photos/118_analysis.jpg",
        "thumbnail_path": "data/photos/all/photo-8928b401-bb50-4836-9ac8-cbebacd107cd.jpg",
        "source_file": "C:/Users/Admin/iCloudDrive/Downloads/Pearson_Road_Inspection_AI_ANALYSIS_REPORT_PACKAGE_2026-08-04_151016_633_export_report_2026_08_04_151016_633_b7b522724099.zip::AI_ANALYSIS.json",
        "source_files": [
          "C:/Users/Admin/iCloudDrive/Downloads/Pearson_Road_Inspection_AI_ANALYSIS_REPORT_PACKAGE_2026-08-04_151016_633_export_report_2026_08_04_151016_633_b7b522724099.zip::AI_ANALYSIS.json"
        ],
        "parcel_part": "SMALL_PARCEL",
        "water_review_class": "VISIBLE_WATER_IN_PHOTO",
        "water_review_confidence": "HIGH_OR_MODERATE",
        "water_review_source": "2026-08-08_VISUAL_CONTACT_SHEET_REVIEW",
        "original_recorded_category": "Other",
        "original_evidence_modified": false,
        "review_limitation": "Water is visibly present in the photograph; this visual review does not establish extent, duration, cause, or regulatory status."
      }
    },
    {
      "type": "Feature",
      "geometry": {
        "type": "Point",
        "coordinates": [
          -87.0922612174948,
          30.490702999180936
        ]
      },
      "properties": {
        "record_type": "photograph",
        "photo_id": "photo-c3b401a9-4882-482c-b56b-6ea29ecc6075",
        "photo_number": "P121",
        "inspection_date": "2026-08-03",
        "timestamp": "2026-08-03T13:58:48.228Z",
        "recorded_category": "Other",
        "display_class": "OTHER",
        "is_recorded_water_category": false,
        "water_visible_review_status": "NOT_REVIEWED_FROM_IMAGE",
        "gps_accuracy_m": 14.001053459012955,
        "heading_deg": 55.17369079589844,
        "section_id": null,
        "associated_record_ids": [],
        "note": "",
        "evidence_classification": "Observed",
        "evidence_scope": "OFF_PROPERTY_OR_TEST_REVIEW_REQUIRED",
        "source_family": "AUGUST_3_4_ORIGINAL_FIELD",
        "thumbnail_archive_tag": "AUG4_AI_PACKAGE",
        "thumbnail_archive_member": "photos/121_analysis.jpg",
        "thumbnail_path": "data/photos/all/photo-c3b401a9-4882-482c-b56b-6ea29ecc6075.jpg",
        "source_file": "C:/Users/Admin/iCloudDrive/Downloads/Pearson_Road_Inspection_AI_ANALYSIS_REPORT_PACKAGE_2026-08-04_151016_633_export_report_2026_08_04_151016_633_b7b522724099.zip::AI_ANALYSIS.json",
        "source_files": [
          "C:/Users/Admin/iCloudDrive/Downloads/Pearson_Road_Inspection_AI_ANALYSIS_REPORT_PACKAGE_2026-08-04_151016_633_export_report_2026_08_04_151016_633_b7b522724099.zip::AI_ANALYSIS.json"
        ],
        "parcel_part": "SMALL_PARCEL",
        "water_review_class": "POSSIBLE_WATER_IN_PHOTO",
        "water_review_confidence": "LOW_REVIEW_REQUIRED",
        "water_review_source": "2026-08-08_VISUAL_CONTACT_SHEET_REVIEW",
        "original_recorded_category": "Other",
        "original_evidence_modified": false,
        "review_limitation": "Possible visible water; retain for inspector review before using it as a conclusion."
      }
    },
    {
      "type": "Feature",
      "geometry": {
        "type": "Point",
        "coordinates": [
          -87.0921228597543,
          30.490777505729604
        ]
      },
      "properties": {
        "record_type": "photograph",
        "photo_id": "photo-1b4fa369-7e40-4a98-a458-86195ce43589",
        "photo_number": "P122",
        "inspection_date": "2026-08-03",
        "timestamp": "2026-08-03T14:00:48.354Z",
        "recorded_category": "Other",
        "display_class": "OTHER",
        "is_recorded_water_category": false,
        "water_visible_review_status": "NOT_REVIEWED_FROM_IMAGE",
        "gps_accuracy_m": 15.112556957798965,
        "heading_deg": 311.61334228515625,
        "section_id": null,
        "associated_record_ids": [],
        "note": "",
        "evidence_classification": "Observed",
        "evidence_scope": "OFF_PROPERTY_OR_TEST_REVIEW_REQUIRED",
        "source_family": "AUGUST_3_4_ORIGINAL_FIELD",
        "thumbnail_archive_tag": "AUG4_AI_PACKAGE",
        "thumbnail_archive_member": "photos/122_analysis.jpg",
        "thumbnail_path": "data/photos/all/photo-1b4fa369-7e40-4a98-a458-86195ce43589.jpg",
        "source_file": "C:/Users/Admin/iCloudDrive/Downloads/Pearson_Road_Inspection_AI_ANALYSIS_REPORT_PACKAGE_2026-08-04_151016_633_export_report_2026_08_04_151016_633_b7b522724099.zip::AI_ANALYSIS.json",
        "source_files": [
          "C:/Users/Admin/iCloudDrive/Downloads/Pearson_Road_Inspection_AI_ANALYSIS_REPORT_PACKAGE_2026-08-04_151016_633_export_report_2026_08_04_151016_633_b7b522724099.zip::AI_ANALYSIS.json"
        ],
        "parcel_part": "SMALL_PARCEL",
        "water_review_class": "VISIBLE_WATER_IN_PHOTO",
        "water_review_confidence": "HIGH_OR_MODERATE",
        "water_review_source": "2026-08-08_VISUAL_CONTACT_SHEET_REVIEW",
        "original_recorded_category": "Other",
        "original_evidence_modified": false,
        "review_limitation": "Water is visibly present in the photograph; this visual review does not establish extent, duration, cause, or regulatory status."
      }
    },
    {
      "type": "Feature",
      "geometry": {
        "type": "Point",
        "coordinates": [
          -87.0921323959369,
          30.49078111055716
        ]
      },
      "properties": {
        "record_type": "photograph",
        "photo_id": "photo-63f7a4a2-41aa-4356-924d-450b0e6f7d24",
        "photo_number": "P123",
        "inspection_date": "2026-08-03",
        "timestamp": "2026-08-03T14:00:55.176Z",
        "recorded_category": "Other",
        "display_class": "OTHER",
        "is_recorded_water_category": false,
        "water_visible_review_status": "NOT_REVIEWED_FROM_IMAGE",
        "gps_accuracy_m": 14.272566093610283,
        "heading_deg": 292.520751953125,
        "section_id": null,
        "associated_record_ids": [],
        "note": "",
        "evidence_classification": "Observed",
        "evidence_scope": "OFF_PROPERTY_OR_TEST_REVIEW_REQUIRED",
        "source_family": "AUGUST_3_4_ORIGINAL_FIELD",
        "thumbnail_archive_tag": "AUG4_AI_PACKAGE",
        "thumbnail_archive_member": "photos/123_analysis.jpg",
        "thumbnail_path": "data/photos/all/photo-63f7a4a2-41aa-4356-924d-450b0e6f7d24.jpg",
        "source_file": "C:/Users/Admin/iCloudDrive/Downloads/Pearson_Road_Inspection_AI_ANALYSIS_REPORT_PACKAGE_2026-08-04_151016_633_export_report_2026_08_04_151016_633_b7b522724099.zip::AI_ANALYSIS.json",
        "source_files": [
          "C:/Users/Admin/iCloudDrive/Downloads/Pearson_Road_Inspection_AI_ANALYSIS_REPORT_PACKAGE_2026-08-04_151016_633_export_report_2026_08_04_151016_633_b7b522724099.zip::AI_ANALYSIS.json"
        ],
        "parcel_part": "SMALL_PARCEL",
        "water_review_class": "VISIBLE_WATER_IN_PHOTO",
        "water_review_confidence": "HIGH_OR_MODERATE",
        "water_review_source": "2026-08-08_VISUAL_CONTACT_SHEET_REVIEW",
        "original_recorded_category": "Other",
        "original_evidence_modified": false,
        "review_limitation": "Water is visibly present in the photograph; this visual review does not establish extent, duration, cause, or regulatory status."
      }
    },
    {
      "type": "Feature",
      "geometry": {
        "type": "Point",
        "coordinates": [
          -87.09212698001654,
          30.490760286251703
        ]
      },
      "properties": {
        "record_type": "photograph",
        "photo_id": "photo-c34cd7f6-78bb-4168-bee9-898a300e2a5a",
        "photo_number": "P125",
        "inspection_date": "2026-08-03",
        "timestamp": "2026-08-03T14:01:33.183Z",
        "recorded_category": "Other",
        "display_class": "OTHER",
        "is_recorded_water_category": false,
        "water_visible_review_status": "NOT_REVIEWED_FROM_IMAGE",
        "gps_accuracy_m": 17.738413251687426,
        "heading_deg": 330.614990234375,
        "section_id": null,
        "associated_record_ids": [],
        "note": "",
        "evidence_classification": "Observed",
        "evidence_scope": "OFF_PROPERTY_OR_TEST_REVIEW_REQUIRED",
        "source_family": "AUGUST_3_4_ORIGINAL_FIELD",
        "thumbnail_archive_tag": "AUG4_AI_PACKAGE",
        "thumbnail_archive_member": "photos/125_analysis.jpg",
        "thumbnail_path": "data/photos/all/photo-c34cd7f6-78bb-4168-bee9-898a300e2a5a.jpg",
        "source_file": "C:/Users/Admin/iCloudDrive/Downloads/Pearson_Road_Inspection_AI_ANALYSIS_REPORT_PACKAGE_2026-08-04_151016_633_export_report_2026_08_04_151016_633_b7b522724099.zip::AI_ANALYSIS.json",
        "source_files": [
          "C:/Users/Admin/iCloudDrive/Downloads/Pearson_Road_Inspection_AI_ANALYSIS_REPORT_PACKAGE_2026-08-04_151016_633_export_report_2026_08_04_151016_633_b7b522724099.zip::AI_ANALYSIS.json"
        ],
        "parcel_part": "SMALL_PARCEL",
        "water_review_class": "VISIBLE_WATER_IN_PHOTO",
        "water_review_confidence": "HIGH_OR_MODERATE",
        "water_review_source": "2026-08-08_VISUAL_CONTACT_SHEET_REVIEW",
        "original_recorded_category": "Other",
        "original_evidence_modified": false,
        "review_limitation": "Water is visibly present in the photograph; this visual review does not establish extent, duration, cause, or regulatory status."
      }
    },
    {
      "type": "Feature",
      "geometry": {
        "type": "Point",
        "coordinates": [
          -87.09213465958922,
          30.49087413231347
        ]
      },
      "properties": {
        "record_type": "photograph",
        "photo_id": "photo-c9ecb317-3370-44a2-8356-af1e214d863b",
        "photo_number": "P127",
        "inspection_date": "2026-08-03",
        "timestamp": "2026-08-03T14:02:48.707Z",
        "recorded_category": "Other",
        "display_class": "OTHER",
        "is_recorded_water_category": false,
        "water_visible_review_status": "NOT_REVIEWED_FROM_IMAGE",
        "gps_accuracy_m": 16.78197027910961,
        "heading_deg": 280.67840576171875,
        "section_id": null,
        "associated_record_ids": [],
        "note": "",
        "evidence_classification": "Observed",
        "evidence_scope": "OFF_PROPERTY_OR_TEST_REVIEW_REQUIRED",
        "source_family": "AUGUST_3_4_ORIGINAL_FIELD",
        "thumbnail_archive_tag": "AUG4_AI_PACKAGE",
        "thumbnail_archive_member": "photos/127_analysis.jpg",
        "thumbnail_path": "data/photos/all/photo-c9ecb317-3370-44a2-8356-af1e214d863b.jpg",
        "source_file": "C:/Users/Admin/iCloudDrive/Downloads/Pearson_Road_Inspection_AI_ANALYSIS_REPORT_PACKAGE_2026-08-04_151016_633_export_report_2026_08_04_151016_633_b7b522724099.zip::AI_ANALYSIS.json",
        "source_files": [
          "C:/Users/Admin/iCloudDrive/Downloads/Pearson_Road_Inspection_AI_ANALYSIS_REPORT_PACKAGE_2026-08-04_151016_633_export_report_2026_08_04_151016_633_b7b522724099.zip::AI_ANALYSIS.json"
        ],
        "parcel_part": "SMALL_PARCEL",
        "water_review_class": "VISIBLE_WATER_IN_PHOTO",
        "water_review_confidence": "HIGH_OR_MODERATE",
        "water_review_source": "2026-08-08_VISUAL_CONTACT_SHEET_REVIEW",
        "original_recorded_category": "Other",
        "original_evidence_modified": false,
        "review_limitation": "Water is visibly present in the photograph; this visual review does not establish extent, duration, cause, or regulatory status."
      }
    },
    {
      "type": "Feature",
      "geometry": {
        "type": "Point",
        "coordinates": [
          -87.09212249013106,
          30.490923767991845
        ]
      },
      "properties": {
        "record_type": "photograph",
        "photo_id": "photo-d6755a64-c507-47cb-b7a7-517bb1042889",
        "photo_number": "P132",
        "inspection_date": "2026-08-03",
        "timestamp": "2026-08-03T14:04:15.417Z",
        "recorded_category": "Other",
        "display_class": "OTHER",
        "is_recorded_water_category": false,
        "water_visible_review_status": "NOT_REVIEWED_FROM_IMAGE",
        "gps_accuracy_m": 15.000852722939438,
        "heading_deg": 19.074190139770508,
        "section_id": null,
        "associated_record_ids": [],
        "note": "",
        "evidence_classification": "Observed",
        "evidence_scope": "OFF_PROPERTY_OR_TEST_REVIEW_REQUIRED",
        "source_family": "AUGUST_3_4_ORIGINAL_FIELD",
        "thumbnail_archive_tag": "AUG4_AI_PACKAGE",
        "thumbnail_archive_member": "photos/132_analysis.jpg",
        "thumbnail_path": "data/photos/all/photo-d6755a64-c507-47cb-b7a7-517bb1042889.jpg",
        "source_file": "C:/Users/Admin/iCloudDrive/Downloads/Pearson_Road_Inspection_AI_ANALYSIS_REPORT_PACKAGE_2026-08-04_151016_633_export_report_2026_08_04_151016_633_b7b522724099.zip::AI_ANALYSIS.json",
        "source_files": [
          "C:/Users/Admin/iCloudDrive/Downloads/Pearson_Road_Inspection_AI_ANALYSIS_REPORT_PACKAGE_2026-08-04_151016_633_export_report_2026_08_04_151016_633_b7b522724099.zip::AI_ANALYSIS.json"
        ],
        "parcel_part": "SMALL_PARCEL",
        "water_review_class": "VISIBLE_WATER_IN_PHOTO",
        "water_review_confidence": "HIGH_OR_MODERATE",
        "water_review_source": "2026-08-08_VISUAL_CONTACT_SHEET_REVIEW",
        "original_recorded_category": "Other",
        "original_evidence_modified": false,
        "review_limitation": "Water is visibly present in the photograph; this visual review does not establish extent, duration, cause, or regulatory status."
      }
    },
    {
      "type": "Feature",
      "geometry": {
        "type": "Point",
        "coordinates": [
          -87.09212435708478,
          30.49098540710548
        ]
      },
      "properties": {
        "record_type": "photograph",
        "photo_id": "photo-3e626c60-252b-4798-8a64-7fc736ab6e8a",
        "photo_number": "P133",
        "inspection_date": "2026-08-03",
        "timestamp": "2026-08-03T14:05:33.738Z",
        "recorded_category": "Other",
        "display_class": "OTHER",
        "is_recorded_water_category": false,
        "water_visible_review_status": "NOT_REVIEWED_FROM_IMAGE",
        "gps_accuracy_m": 21.304672436076046,
        "heading_deg": 333.7130126953125,
        "section_id": null,
        "associated_record_ids": [
          "event-9f864256-76c7-4741-891c-bf1806b1f5f4",
          "event-9f864256-76c7-4741-891c-bf1806b1f5f4"
        ],
        "note": "",
        "evidence_classification": "Observed",
        "evidence_scope": "OFF_PROPERTY_OR_TEST_REVIEW_REQUIRED",
        "source_family": "AUGUST_3_4_ORIGINAL_FIELD",
        "thumbnail_archive_tag": "AUG4_AI_PACKAGE",
        "thumbnail_archive_member": "photos/133_analysis.jpg",
        "thumbnail_path": "data/photos/all/photo-3e626c60-252b-4798-8a64-7fc736ab6e8a.jpg",
        "source_file": "C:/Users/Admin/iCloudDrive/Downloads/Pearson_Road_Inspection_AI_ANALYSIS_REPORT_PACKAGE_2026-08-04_151016_633_export_report_2026_08_04_151016_633_b7b522724099.zip::AI_ANALYSIS.json",
        "source_files": [
          "C:/Users/Admin/iCloudDrive/Downloads/Pearson_Road_Inspection_AI_ANALYSIS_REPORT_PACKAGE_2026-08-04_151016_633_export_report_2026_08_04_151016_633_b7b522724099.zip::AI_ANALYSIS.json"
        ],
        "parcel_part": "SMALL_PARCEL",
        "water_review_class": "VISIBLE_WATER_IN_PHOTO",
        "water_review_confidence": "HIGH_OR_MODERATE",
        "water_review_source": "2026-08-08_VISUAL_CONTACT_SHEET_REVIEW",
        "original_recorded_category": "Other",
        "original_evidence_modified": false,
        "review_limitation": "Water is visibly present in the photograph; this visual review does not establish extent, duration, cause, or regulatory status."
      }
    },
    {
      "type": "Feature",
      "geometry": {
        "type": "Point",
        "coordinates": [
          -87.09202406876084,
          30.49095982824887
        ]
      },
      "properties": {
        "record_type": "photograph",
        "photo_id": "photo-b5998b21-c088-4d84-bdc3-eca76d5770c1",
        "photo_number": "P134",
        "inspection_date": "2026-08-03",
        "timestamp": "2026-08-03T14:07:26.842Z",
        "recorded_category": "Other",
        "display_class": "OTHER",
        "is_recorded_water_category": false,
        "water_visible_review_status": "NOT_REVIEWED_FROM_IMAGE",
        "gps_accuracy_m": 5.170339925714737,
        "heading_deg": 79.23762512207031,
        "section_id": null,
        "associated_record_ids": [
          "event-a4efff08-d8bc-47ba-ab3b-8f403cb0eef5",
          "event-a4efff08-d8bc-47ba-ab3b-8f403cb0eef5"
        ],
        "note": "",
        "evidence_classification": "Observed",
        "evidence_scope": "OFF_PROPERTY_OR_TEST_REVIEW_REQUIRED",
        "source_family": "AUGUST_3_4_ORIGINAL_FIELD",
        "thumbnail_archive_tag": "AUG4_AI_PACKAGE",
        "thumbnail_archive_member": "photos/134_analysis.jpg",
        "thumbnail_path": "data/photos/all/photo-b5998b21-c088-4d84-bdc3-eca76d5770c1.jpg",
        "source_file": "C:/Users/Admin/iCloudDrive/Downloads/Pearson_Road_Inspection_AI_ANALYSIS_REPORT_PACKAGE_2026-08-04_151016_633_export_report_2026_08_04_151016_633_b7b522724099.zip::AI_ANALYSIS.json",
        "source_files": [
          "C:/Users/Admin/iCloudDrive/Downloads/Pearson_Road_Inspection_AI_ANALYSIS_REPORT_PACKAGE_2026-08-04_151016_633_export_report_2026_08_04_151016_633_b7b522724099.zip::AI_ANALYSIS.json"
        ],
        "parcel_part": "SMALL_PARCEL",
        "water_review_class": "VISIBLE_WATER_IN_PHOTO",
        "water_review_confidence": "HIGH_OR_MODERATE",
        "water_review_source": "2026-08-08_VISUAL_CONTACT_SHEET_REVIEW",
        "original_recorded_category": "Other",
        "original_evidence_modified": false,
        "review_limitation": "Water is visibly present in the photograph; this visual review does not establish extent, duration, cause, or regulatory status."
      }
    },
    {
      "type": "Feature",
      "geometry": {
        "type": "Point",
        "coordinates": [
          -87.09203025987935,
          30.491041480811777
        ]
      },
      "properties": {
        "record_type": "photograph",
        "photo_id": "photo-55358686-b248-497e-aa87-387bf1154fbb",
        "photo_number": "P135",
        "inspection_date": "2026-08-03",
        "timestamp": "2026-08-03T14:09:03.485Z",
        "recorded_category": "Other",
        "display_class": "OTHER",
        "is_recorded_water_category": false,
        "water_visible_review_status": "NOT_REVIEWED_FROM_IMAGE",
        "gps_accuracy_m": 13.707358439879412,
        "heading_deg": 289.9014892578125,
        "section_id": null,
        "associated_record_ids": [
          "event-897ba15b-d8e1-431a-b672-5f84f44b20ca",
          "event-897ba15b-d8e1-431a-b672-5f84f44b20ca"
        ],
        "note": "",
        "evidence_classification": "Observed",
        "evidence_scope": "OFF_PROPERTY_OR_TEST_REVIEW_REQUIRED",
        "source_family": "AUGUST_3_4_ORIGINAL_FIELD",
        "thumbnail_archive_tag": "AUG4_AI_PACKAGE",
        "thumbnail_archive_member": "photos/135_analysis.jpg",
        "thumbnail_path": "data/photos/all/photo-55358686-b248-497e-aa87-387bf1154fbb.jpg",
        "source_file": "C:/Users/Admin/iCloudDrive/Downloads/Pearson_Road_Inspection_AI_ANALYSIS_REPORT_PACKAGE_2026-08-04_151016_633_export_report_2026_08_04_151016_633_b7b522724099.zip::AI_ANALYSIS.json",
        "source_files": [
          "C:/Users/Admin/iCloudDrive/Downloads/Pearson_Road_Inspection_AI_ANALYSIS_REPORT_PACKAGE_2026-08-04_151016_633_export_report_2026_08_04_151016_633_b7b522724099.zip::AI_ANALYSIS.json"
        ],
        "parcel_part": "SMALL_PARCEL",
        "water_review_class": "VISIBLE_WATER_IN_PHOTO",
        "water_review_confidence": "HIGH_OR_MODERATE",
        "water_review_source": "2026-08-08_VISUAL_CONTACT_SHEET_REVIEW",
        "original_recorded_category": "Other",
        "original_evidence_modified": false,
        "review_limitation": "Water is visibly present in the photograph; this visual review does not establish extent, duration, cause, or regulatory status."
      }
    },
    {
      "type": "Feature",
      "geometry": {
        "type": "Point",
        "coordinates": [
          -87.09190955603131,
          30.490972826118274
        ]
      },
      "properties": {
        "record_type": "photograph",
        "photo_id": "photo-9c3305c3-2d40-441b-8990-ca7cc914ffd4",
        "photo_number": "P136",
        "inspection_date": "2026-08-03",
        "timestamp": "2026-08-03T14:09:29.399Z",
        "recorded_category": "Other",
        "display_class": "OTHER",
        "is_recorded_water_category": false,
        "water_visible_review_status": "NOT_REVIEWED_FROM_IMAGE",
        "gps_accuracy_m": 11.596131586181023,
        "heading_deg": 106.92930603027344,
        "section_id": null,
        "associated_record_ids": [
          "event-ca6acde4-7cad-4495-bf21-fabaf51f4c90",
          "event-ca6acde4-7cad-4495-bf21-fabaf51f4c90"
        ],
        "note": "",
        "evidence_classification": "Observed",
        "evidence_scope": "OFF_PROPERTY_OR_TEST_REVIEW_REQUIRED",
        "source_family": "AUGUST_3_4_ORIGINAL_FIELD",
        "thumbnail_archive_tag": "AUG4_AI_PACKAGE",
        "thumbnail_archive_member": "photos/136_analysis.jpg",
        "thumbnail_path": "data/photos/all/photo-9c3305c3-2d40-441b-8990-ca7cc914ffd4.jpg",
        "source_file": "C:/Users/Admin/iCloudDrive/Downloads/Pearson_Road_Inspection_AI_ANALYSIS_REPORT_PACKAGE_2026-08-04_151016_633_export_report_2026_08_04_151016_633_b7b522724099.zip::AI_ANALYSIS.json",
        "source_files": [
          "C:/Users/Admin/iCloudDrive/Downloads/Pearson_Road_Inspection_AI_ANALYSIS_REPORT_PACKAGE_2026-08-04_151016_633_export_report_2026_08_04_151016_633_b7b522724099.zip::AI_ANALYSIS.json"
        ],
        "parcel_part": "SMALL_PARCEL",
        "water_review_class": "VISIBLE_WATER_IN_PHOTO",
        "water_review_confidence": "HIGH_OR_MODERATE",
        "water_review_source": "2026-08-08_VISUAL_CONTACT_SHEET_REVIEW",
        "original_recorded_category": "Other",
        "original_evidence_modified": false,
        "review_limitation": "Water is visibly present in the photograph; this visual review does not establish extent, duration, cause, or regulatory status."
      }
    },
    {
      "type": "Feature",
      "geometry": {
        "type": "Point",
        "coordinates": [
          -87.09186096776644,
          30.491175073728197
        ]
      },
      "properties": {
        "record_type": "photograph",
        "photo_id": "photo-f9d4e54f-a8aa-43fb-82a7-72ffa1236119",
        "photo_number": "P143",
        "inspection_date": "2026-08-03",
        "timestamp": "2026-08-03T14:12:18.866Z",
        "recorded_category": "Other",
        "display_class": "OTHER",
        "is_recorded_water_category": false,
        "water_visible_review_status": "NOT_REVIEWED_FROM_IMAGE",
        "gps_accuracy_m": 14.87777295885327,
        "heading_deg": 308.8149719238281,
        "section_id": null,
        "associated_record_ids": [
          "event-01227a32-0611-4cf0-9a16-9398ddbbee56",
          "event-01227a32-0611-4cf0-9a16-9398ddbbee56"
        ],
        "note": "",
        "evidence_classification": "Observed",
        "evidence_scope": "OFF_PROPERTY_OR_TEST_REVIEW_REQUIRED",
        "source_family": "AUGUST_3_4_ORIGINAL_FIELD",
        "thumbnail_archive_tag": "AUG4_AI_PACKAGE",
        "thumbnail_archive_member": "photos/143_analysis.jpg",
        "thumbnail_path": "data/photos/all/photo-f9d4e54f-a8aa-43fb-82a7-72ffa1236119.jpg",
        "source_file": "C:/Users/Admin/iCloudDrive/Downloads/Pearson_Road_Inspection_AI_ANALYSIS_REPORT_PACKAGE_2026-08-04_151016_633_export_report_2026_08_04_151016_633_b7b522724099.zip::AI_ANALYSIS.json",
        "source_files": [
          "C:/Users/Admin/iCloudDrive/Downloads/Pearson_Road_Inspection_AI_ANALYSIS_REPORT_PACKAGE_2026-08-04_151016_633_export_report_2026_08_04_151016_633_b7b522724099.zip::AI_ANALYSIS.json"
        ],
        "parcel_part": "SMALL_PARCEL",
        "water_review_class": "VISIBLE_WATER_IN_PHOTO",
        "water_review_confidence": "HIGH_OR_MODERATE",
        "water_review_source": "2026-08-08_VISUAL_CONTACT_SHEET_REVIEW",
        "original_recorded_category": "Other",
        "original_evidence_modified": false,
        "review_limitation": "Water is visibly present in the photograph; this visual review does not establish extent, duration, cause, or regulatory status."
      }
    },
    {
      "type": "Feature",
      "geometry": {
        "type": "Point",
        "coordinates": [
          -87.0918695035735,
          30.491148335477856
        ]
      },
      "properties": {
        "record_type": "photograph",
        "photo_id": "photo-13a58c4d-a5e3-4376-8b52-5aef572ee99b",
        "photo_number": "P144",
        "inspection_date": "2026-08-03",
        "timestamp": "2026-08-03T14:12:34.774Z",
        "recorded_category": "Other",
        "display_class": "OTHER",
        "is_recorded_water_category": false,
        "water_visible_review_status": "NOT_REVIEWED_FROM_IMAGE",
        "gps_accuracy_m": 14.805321355549221,
        "heading_deg": 314.8295593261719,
        "section_id": null,
        "associated_record_ids": [
          "event-6ba013e2-36e0-4af6-954f-d670491929f3",
          "event-6ba013e2-36e0-4af6-954f-d670491929f3"
        ],
        "note": "",
        "evidence_classification": "Observed",
        "evidence_scope": "OFF_PROPERTY_OR_TEST_REVIEW_REQUIRED",
        "source_family": "AUGUST_3_4_ORIGINAL_FIELD",
        "thumbnail_archive_tag": "AUG4_AI_PACKAGE",
        "thumbnail_archive_member": "photos/144_analysis.jpg",
        "thumbnail_path": "data/photos/all/photo-13a58c4d-a5e3-4376-8b52-5aef572ee99b.jpg",
        "source_file": "C:/Users/Admin/iCloudDrive/Downloads/Pearson_Road_Inspection_AI_ANALYSIS_REPORT_PACKAGE_2026-08-04_151016_633_export_report_2026_08_04_151016_633_b7b522724099.zip::AI_ANALYSIS.json",
        "source_files": [
          "C:/Users/Admin/iCloudDrive/Downloads/Pearson_Road_Inspection_AI_ANALYSIS_REPORT_PACKAGE_2026-08-04_151016_633_export_report_2026_08_04_151016_633_b7b522724099.zip::AI_ANALYSIS.json"
        ],
        "parcel_part": "SMALL_PARCEL",
        "water_review_class": "VISIBLE_WATER_IN_PHOTO",
        "water_review_confidence": "HIGH_OR_MODERATE",
        "water_review_source": "2026-08-08_VISUAL_CONTACT_SHEET_REVIEW",
        "original_recorded_category": "Other",
        "original_evidence_modified": false,
        "review_limitation": "Water is visibly present in the photograph; this visual review does not establish extent, duration, cause, or regulatory status."
      }
    },
    {
      "type": "Feature",
      "geometry": {
        "type": "Point",
        "coordinates": [
          -87.09179780293859,
          30.491102942591272
        ]
      },
      "properties": {
        "record_type": "photograph",
        "photo_id": "photo-ed9ef24c-7fe1-4263-a78a-3b0388a52921",
        "photo_number": "P145",
        "inspection_date": "2026-08-03",
        "timestamp": "2026-08-03T14:13:45.117Z",
        "recorded_category": "Other",
        "display_class": "OTHER",
        "is_recorded_water_category": false,
        "water_visible_review_status": "NOT_REVIEWED_FROM_IMAGE",
        "gps_accuracy_m": 16.054094205522738,
        "heading_deg": 203.29347229003906,
        "section_id": null,
        "associated_record_ids": [
          "event-20391b9d-24d5-4719-b308-0fae8d29f31e",
          "event-20391b9d-24d5-4719-b308-0fae8d29f31e"
        ],
        "note": "",
        "evidence_classification": "Observed",
        "evidence_scope": "OFF_PROPERTY_OR_TEST_REVIEW_REQUIRED",
        "source_family": "AUGUST_3_4_ORIGINAL_FIELD",
        "thumbnail_archive_tag": "AUG4_AI_PACKAGE",
        "thumbnail_archive_member": "photos/145_analysis.jpg",
        "thumbnail_path": "data/photos/all/photo-ed9ef24c-7fe1-4263-a78a-3b0388a52921.jpg",
        "source_file": "C:/Users/Admin/iCloudDrive/Downloads/Pearson_Road_Inspection_AI_ANALYSIS_REPORT_PACKAGE_2026-08-04_151016_633_export_report_2026_08_04_151016_633_b7b522724099.zip::AI_ANALYSIS.json",
        "source_files": [
          "C:/Users/Admin/iCloudDrive/Downloads/Pearson_Road_Inspection_AI_ANALYSIS_REPORT_PACKAGE_2026-08-04_151016_633_export_report_2026_08_04_151016_633_b7b522724099.zip::AI_ANALYSIS.json"
        ],
        "parcel_part": "SMALL_PARCEL",
        "water_review_class": "VISIBLE_WATER_IN_PHOTO",
        "water_review_confidence": "HIGH_OR_MODERATE",
        "water_review_source": "2026-08-08_VISUAL_CONTACT_SHEET_REVIEW",
        "original_recorded_category": "Other",
        "original_evidence_modified": false,
        "review_limitation": "Water is visibly present in the photograph; this visual review does not establish extent, duration, cause, or regulatory status."
      }
    },
    {
      "type": "Feature",
      "geometry": {
        "type": "Point",
        "coordinates": [
          -87.09161880338137,
          30.491070047574603
        ]
      },
      "properties": {
        "record_type": "photograph",
        "photo_id": "photo-280b757d-e17b-41db-a794-9ec2bb143e4a",
        "photo_number": "P157",
        "inspection_date": "2026-08-03",
        "timestamp": "2026-08-03T14:16:57.919Z",
        "recorded_category": "Other",
        "display_class": "OTHER",
        "is_recorded_water_category": false,
        "water_visible_review_status": "NOT_REVIEWED_FROM_IMAGE",
        "gps_accuracy_m": 10.9691973343959,
        "heading_deg": 156.68177795410156,
        "section_id": null,
        "associated_record_ids": [
          "event-5b51e70d-2e16-4a06-8aca-334dd27eb4d6",
          "event-5b51e70d-2e16-4a06-8aca-334dd27eb4d6"
        ],
        "note": "",
        "evidence_classification": "Observed",
        "evidence_scope": "OFF_PROPERTY_OR_TEST_REVIEW_REQUIRED",
        "source_family": "AUGUST_3_4_ORIGINAL_FIELD",
        "thumbnail_archive_tag": "AUG4_AI_PACKAGE",
        "thumbnail_archive_member": "photos/157_analysis.jpg",
        "thumbnail_path": "data/photos/all/photo-280b757d-e17b-41db-a794-9ec2bb143e4a.jpg",
        "source_file": "C:/Users/Admin/iCloudDrive/Downloads/Pearson_Road_Inspection_AI_ANALYSIS_REPORT_PACKAGE_2026-08-04_151016_633_export_report_2026_08_04_151016_633_b7b522724099.zip::AI_ANALYSIS.json",
        "source_files": [
          "C:/Users/Admin/iCloudDrive/Downloads/Pearson_Road_Inspection_AI_ANALYSIS_REPORT_PACKAGE_2026-08-04_151016_633_export_report_2026_08_04_151016_633_b7b522724099.zip::AI_ANALYSIS.json"
        ],
        "parcel_part": "SMALL_PARCEL",
        "water_review_class": "VISIBLE_WATER_IN_PHOTO",
        "water_review_confidence": "HIGH_OR_MODERATE",
        "water_review_source": "2026-08-08_VISUAL_CONTACT_SHEET_REVIEW",
        "original_recorded_category": "Other",
        "original_evidence_modified": false,
        "review_limitation": "Water is visibly present in the photograph; this visual review does not establish extent, duration, cause, or regulatory status."
      }
    },
    {
      "type": "Feature",
      "geometry": {
        "type": "Point",
        "coordinates": [
          -87.09162269997336,
          30.491087269683025
        ]
      },
      "properties": {
        "record_type": "photograph",
        "photo_id": "photo-ac6ada32-2b56-4ce2-89a7-1196baaf37d5",
        "photo_number": "P158",
        "inspection_date": "2026-08-03",
        "timestamp": "2026-08-03T14:17:26.479Z",
        "recorded_category": "Other",
        "display_class": "OTHER",
        "is_recorded_water_category": false,
        "water_visible_review_status": "NOT_REVIEWED_FROM_IMAGE",
        "gps_accuracy_m": 8.35182614410872,
        "heading_deg": 167.81219482421875,
        "section_id": null,
        "associated_record_ids": [
          "event-54541b2a-3057-4055-8a45-14a8e3ada593",
          "event-54541b2a-3057-4055-8a45-14a8e3ada593"
        ],
        "note": "",
        "evidence_classification": "Observed",
        "evidence_scope": "OFF_PROPERTY_OR_TEST_REVIEW_REQUIRED",
        "source_family": "AUGUST_3_4_ORIGINAL_FIELD",
        "thumbnail_archive_tag": "AUG4_AI_PACKAGE",
        "thumbnail_archive_member": "photos/158_analysis.jpg",
        "thumbnail_path": "data/photos/all/photo-ac6ada32-2b56-4ce2-89a7-1196baaf37d5.jpg",
        "source_file": "C:/Users/Admin/iCloudDrive/Downloads/Pearson_Road_Inspection_AI_ANALYSIS_REPORT_PACKAGE_2026-08-04_151016_633_export_report_2026_08_04_151016_633_b7b522724099.zip::AI_ANALYSIS.json",
        "source_files": [
          "C:/Users/Admin/iCloudDrive/Downloads/Pearson_Road_Inspection_AI_ANALYSIS_REPORT_PACKAGE_2026-08-04_151016_633_export_report_2026_08_04_151016_633_b7b522724099.zip::AI_ANALYSIS.json"
        ],
        "parcel_part": "SMALL_PARCEL",
        "water_review_class": "VISIBLE_WATER_IN_PHOTO",
        "water_review_confidence": "HIGH_OR_MODERATE",
        "water_review_source": "2026-08-08_VISUAL_CONTACT_SHEET_REVIEW",
        "original_recorded_category": "Other",
        "original_evidence_modified": false,
        "review_limitation": "Water is visibly present in the photograph; this visual review does not establish extent, duration, cause, or regulatory status."
      }
    },
    {
      "type": "Feature",
      "geometry": {
        "type": "Point",
        "coordinates": [
          -87.09158125875477,
          30.49102128497585
        ]
      },
      "properties": {
        "record_type": "photograph",
        "photo_id": "photo-9da16950-34db-4dee-876d-57dd12536436",
        "photo_number": "P159",
        "inspection_date": "2026-08-03",
        "timestamp": "2026-08-03T14:18:15.317Z",
        "recorded_category": "Other",
        "display_class": "OTHER",
        "is_recorded_water_category": false,
        "water_visible_review_status": "NOT_REVIEWED_FROM_IMAGE",
        "gps_accuracy_m": 6.040337522425682,
        "heading_deg": 175.20309448242188,
        "section_id": null,
        "associated_record_ids": [
          "event-de2dca46-4016-4ddf-b159-e0bd49ae3561",
          "event-de2dca46-4016-4ddf-b159-e0bd49ae3561"
        ],
        "note": "",
        "evidence_classification": "Observed",
        "evidence_scope": "OFF_PROPERTY_OR_TEST_REVIEW_REQUIRED",
        "source_family": "AUGUST_3_4_ORIGINAL_FIELD",
        "thumbnail_archive_tag": "AUG4_AI_PACKAGE",
        "thumbnail_archive_member": "photos/159_analysis.jpg",
        "thumbnail_path": "data/photos/all/photo-9da16950-34db-4dee-876d-57dd12536436.jpg",
        "source_file": "C:/Users/Admin/iCloudDrive/Downloads/Pearson_Road_Inspection_AI_ANALYSIS_REPORT_PACKAGE_2026-08-04_151016_633_export_report_2026_08_04_151016_633_b7b522724099.zip::AI_ANALYSIS.json",
        "source_files": [
          "C:/Users/Admin/iCloudDrive/Downloads/Pearson_Road_Inspection_AI_ANALYSIS_REPORT_PACKAGE_2026-08-04_151016_633_export_report_2026_08_04_151016_633_b7b522724099.zip::AI_ANALYSIS.json"
        ],
        "parcel_part": "SMALL_PARCEL",
        "water_review_class": "VISIBLE_WATER_IN_PHOTO",
        "water_review_confidence": "HIGH_OR_MODERATE",
        "water_review_source": "2026-08-08_VISUAL_CONTACT_SHEET_REVIEW",
        "original_recorded_category": "Other",
        "original_evidence_modified": false,
        "review_limitation": "Water is visibly present in the photograph; this visual review does not establish extent, duration, cause, or regulatory status."
      }
    },
    {
      "type": "Feature",
      "geometry": {
        "type": "Point",
        "coordinates": [
          -87.09146972411871,
          30.490978879394252
        ]
      },
      "properties": {
        "record_type": "photograph",
        "photo_id": "photo-3454ba9f-0109-40d8-ba91-068dcdcb2312",
        "photo_number": "P162",
        "inspection_date": "2026-08-03",
        "timestamp": "2026-08-03T14:19:40.267Z",
        "recorded_category": "Other",
        "display_class": "OTHER",
        "is_recorded_water_category": false,
        "water_visible_review_status": "NOT_REVIEWED_FROM_IMAGE",
        "gps_accuracy_m": 10.429676479423348,
        "heading_deg": 196.51812744140625,
        "section_id": null,
        "associated_record_ids": [
          "event-3dc04145-cdfc-423a-9fd7-9a062bf4be54",
          "event-3dc04145-cdfc-423a-9fd7-9a062bf4be54"
        ],
        "note": "",
        "evidence_classification": "Observed",
        "evidence_scope": "OFF_PROPERTY_OR_TEST_REVIEW_REQUIRED",
        "source_family": "AUGUST_3_4_ORIGINAL_FIELD",
        "thumbnail_archive_tag": "AUG4_AI_PACKAGE",
        "thumbnail_archive_member": "photos/162_analysis.jpg",
        "thumbnail_path": "data/photos/all/photo-3454ba9f-0109-40d8-ba91-068dcdcb2312.jpg",
        "source_file": "C:/Users/Admin/iCloudDrive/Downloads/Pearson_Road_Inspection_AI_ANALYSIS_REPORT_PACKAGE_2026-08-04_151016_633_export_report_2026_08_04_151016_633_b7b522724099.zip::AI_ANALYSIS.json",
        "source_files": [
          "C:/Users/Admin/iCloudDrive/Downloads/Pearson_Road_Inspection_AI_ANALYSIS_REPORT_PACKAGE_2026-08-04_151016_633_export_report_2026_08_04_151016_633_b7b522724099.zip::AI_ANALYSIS.json"
        ],
        "parcel_part": "SMALL_PARCEL",
        "water_review_class": "VISIBLE_WATER_IN_PHOTO",
        "water_review_confidence": "HIGH_OR_MODERATE",
        "water_review_source": "2026-08-08_VISUAL_CONTACT_SHEET_REVIEW",
        "original_recorded_category": "Other",
        "original_evidence_modified": false,
        "review_limitation": "Water is visibly present in the photograph; this visual review does not establish extent, duration, cause, or regulatory status."
      }
    },
    {
      "type": "Feature",
      "geometry": {
        "type": "Point",
        "coordinates": [
          -87.09145891132196,
          30.4909836057663
        ]
      },
      "properties": {
        "record_type": "photograph",
        "photo_id": "photo-79749fa1-a67b-4e5a-a22e-e2593fe1e8ec",
        "photo_number": "P163",
        "inspection_date": "2026-08-03",
        "timestamp": "2026-08-03T14:20:17.465Z",
        "recorded_category": "Other",
        "display_class": "OTHER",
        "is_recorded_water_category": false,
        "water_visible_review_status": "NOT_REVIEWED_FROM_IMAGE",
        "gps_accuracy_m": 11.644525684737932,
        "heading_deg": 118.20439147949219,
        "section_id": null,
        "associated_record_ids": [
          "event-945f673a-92ca-4b00-b807-0159704f6974",
          "event-945f673a-92ca-4b00-b807-0159704f6974"
        ],
        "note": "",
        "evidence_classification": "Observed",
        "evidence_scope": "OFF_PROPERTY_OR_TEST_REVIEW_REQUIRED",
        "source_family": "AUGUST_3_4_ORIGINAL_FIELD",
        "thumbnail_archive_tag": "AUG4_AI_PACKAGE",
        "thumbnail_archive_member": "photos/163_analysis.jpg",
        "thumbnail_path": "data/photos/all/photo-79749fa1-a67b-4e5a-a22e-e2593fe1e8ec.jpg",
        "source_file": "C:/Users/Admin/iCloudDrive/Downloads/Pearson_Road_Inspection_AI_ANALYSIS_REPORT_PACKAGE_2026-08-04_151016_633_export_report_2026_08_04_151016_633_b7b522724099.zip::AI_ANALYSIS.json",
        "source_files": [
          "C:/Users/Admin/iCloudDrive/Downloads/Pearson_Road_Inspection_AI_ANALYSIS_REPORT_PACKAGE_2026-08-04_151016_633_export_report_2026_08_04_151016_633_b7b522724099.zip::AI_ANALYSIS.json"
        ],
        "parcel_part": "SMALL_PARCEL",
        "water_review_class": "VISIBLE_WATER_IN_PHOTO",
        "water_review_confidence": "HIGH_OR_MODERATE",
        "water_review_source": "2026-08-08_VISUAL_CONTACT_SHEET_REVIEW",
        "original_recorded_category": "Other",
        "original_evidence_modified": false,
        "review_limitation": "Water is visibly present in the photograph; this visual review does not establish extent, duration, cause, or regulatory status."
      }
    },
    {
      "type": "Feature",
      "geometry": {
        "type": "Point",
        "coordinates": [
          -87.09148279983398,
          30.4910108797311
        ]
      },
      "properties": {
        "record_type": "photograph",
        "photo_id": "photo-cfe3462a-ab2f-4680-b15b-d3b738f4bf90",
        "photo_number": "P165",
        "inspection_date": "2026-08-03",
        "timestamp": "2026-08-03T14:20:37.856Z",
        "recorded_category": "Other",
        "display_class": "OTHER",
        "is_recorded_water_category": false,
        "water_visible_review_status": "NOT_REVIEWED_FROM_IMAGE",
        "gps_accuracy_m": 12.297928481651752,
        "heading_deg": 285.1461486816406,
        "section_id": null,
        "associated_record_ids": [
          "event-eaea435c-816c-4e94-a9e4-b762c763690b",
          "event-eaea435c-816c-4e94-a9e4-b762c763690b"
        ],
        "note": "",
        "evidence_classification": "Observed",
        "evidence_scope": "OFF_PROPERTY_OR_TEST_REVIEW_REQUIRED",
        "source_family": "AUGUST_3_4_ORIGINAL_FIELD",
        "thumbnail_archive_tag": "AUG4_AI_PACKAGE",
        "thumbnail_archive_member": "photos/165_analysis.jpg",
        "thumbnail_path": "data/photos/all/photo-cfe3462a-ab2f-4680-b15b-d3b738f4bf90.jpg",
        "source_file": "C:/Users/Admin/iCloudDrive/Downloads/Pearson_Road_Inspection_AI_ANALYSIS_REPORT_PACKAGE_2026-08-04_151016_633_export_report_2026_08_04_151016_633_b7b522724099.zip::AI_ANALYSIS.json",
        "source_files": [
          "C:/Users/Admin/iCloudDrive/Downloads/Pearson_Road_Inspection_AI_ANALYSIS_REPORT_PACKAGE_2026-08-04_151016_633_export_report_2026_08_04_151016_633_b7b522724099.zip::AI_ANALYSIS.json"
        ],
        "parcel_part": "SMALL_PARCEL",
        "water_review_class": "POSSIBLE_WATER_IN_PHOTO",
        "water_review_confidence": "LOW_REVIEW_REQUIRED",
        "water_review_source": "2026-08-08_VISUAL_CONTACT_SHEET_REVIEW",
        "original_recorded_category": "Other",
        "original_evidence_modified": false,
        "review_limitation": "Possible visible water; retain for inspector review before using it as a conclusion."
      }
    },
    {
      "type": "Feature",
      "geometry": {
        "type": "Point",
        "coordinates": [
          -87.09269264854893,
          30.490106835316745
        ]
      },
      "properties": {
        "record_type": "photograph",
        "photo_id": "photo-efe65cc5-244a-4535-bb01-25fcad05bdf1",
        "photo_number": "P10",
        "inspection_date": "2026-08-05",
        "timestamp": "2026-08-05T14:34:04.844Z",
        "recorded_category": "MAP THIS SECTION",
        "display_class": "OTHER",
        "is_recorded_water_category": false,
        "water_visible_review_status": "NOT_REVIEWED_FROM_IMAGE",
        "gps_accuracy_m": 10.36956960657798,
        "heading_deg": 106.18549346923828,
        "section_id": "SECTION-001",
        "associated_record_ids": [
          "event-068ab9aa-5765-4172-b690-80cbca75f772",
          "event-fde89615-d9f2-42d5-9b39-9c459c0d9e18",
          "event-fde89615-d9f2-42d5-9b39-9c459c0d9e18",
          "SECTION-001"
        ],
        "note": "",
        "evidence_classification": "Observed",
        "evidence_scope": "OFF_PROPERTY_OR_TEST_REVIEW_REQUIRED",
        "source_family": "AUGUST_5_6_SIMPLE_FIELD",
        "thumbnail_archive_tag": "AUG6_GPT_PACKAGE",
        "thumbnail_archive_member": "photos/006_analysis.jpg",
        "thumbnail_path": "data/photos/all/photo-efe65cc5-244a-4535-bb01-25fcad05bdf1.jpg",
        "source_file": "C:\\Users\\Admin\\Documents\\Codex\\Property Intelligence Packages\\August 6 GPT Handoff\\SEND_THIS_TO_GPT_AUGUST_6.zip::inspection.json",
        "source_files": [
          "C:\\Users\\Admin\\Documents\\Codex\\Property Intelligence Packages\\August 6 GPT Handoff\\SEND_THIS_TO_GPT_AUGUST_6.zip::inspection.json"
        ],
        "parcel_part": "SMALL_PARCEL",
        "water_review_class": "VISIBLE_WATER_IN_PHOTO",
        "water_review_confidence": "HIGH_OR_MODERATE",
        "water_review_source": "2026-08-08_VISUAL_CONTACT_SHEET_REVIEW",
        "original_recorded_category": "MAP THIS SECTION",
        "original_evidence_modified": false,
        "review_limitation": "Water is visibly present in the photograph; this visual review does not establish extent, duration, cause, or regulatory status."
      }
    },
    {
      "type": "Feature",
      "geometry": {
        "type": "Point",
        "coordinates": [
          -87.09268233518628,
          30.49005605736913
        ]
      },
      "properties": {
        "record_type": "photograph",
        "photo_id": "photo-85dffe75-6035-4bcf-9633-c4195633e463",
        "photo_number": "P11",
        "inspection_date": "2026-08-05",
        "timestamp": "2026-08-05T14:34:34.716Z",
        "recorded_category": "MAP THIS SECTION",
        "display_class": "OTHER",
        "is_recorded_water_category": false,
        "water_visible_review_status": "NOT_REVIEWED_FROM_IMAGE",
        "gps_accuracy_m": 10.029566015339913,
        "heading_deg": 57.691097259521484,
        "section_id": "SECTION-001",
        "associated_record_ids": [
          "event-e5addbae-b93a-4d8c-80ec-47c7ed578396",
          "event-fde89615-d9f2-42d5-9b39-9c459c0d9e18",
          "event-fde89615-d9f2-42d5-9b39-9c459c0d9e18",
          "SECTION-001"
        ],
        "note": "",
        "evidence_classification": "Observed",
        "evidence_scope": "OFF_PROPERTY_OR_TEST_REVIEW_REQUIRED",
        "source_family": "AUGUST_5_6_SIMPLE_FIELD",
        "thumbnail_archive_tag": "AUG6_GPT_PACKAGE",
        "thumbnail_archive_member": "photos/007_analysis.jpg",
        "thumbnail_path": "data/photos/all/photo-85dffe75-6035-4bcf-9633-c4195633e463.jpg",
        "source_file": "C:\\Users\\Admin\\Documents\\Codex\\Property Intelligence Packages\\August 6 GPT Handoff\\SEND_THIS_TO_GPT_AUGUST_6.zip::inspection.json",
        "source_files": [
          "C:\\Users\\Admin\\Documents\\Codex\\Property Intelligence Packages\\August 6 GPT Handoff\\SEND_THIS_TO_GPT_AUGUST_6.zip::inspection.json"
        ],
        "parcel_part": "SMALL_PARCEL",
        "water_review_class": "VISIBLE_WATER_IN_PHOTO",
        "water_review_confidence": "HIGH_OR_MODERATE",
        "water_review_source": "2026-08-08_VISUAL_CONTACT_SHEET_REVIEW",
        "original_recorded_category": "MAP THIS SECTION",
        "original_evidence_modified": false,
        "review_limitation": "Water is visibly present in the photograph; this visual review does not establish extent, duration, cause, or regulatory status."
      }
    },
    {
      "type": "Feature",
      "geometry": {
        "type": "Point",
        "coordinates": [
          -87.09268671424809,
          30.49009845749791
        ]
      },
      "properties": {
        "record_type": "photograph",
        "photo_id": "photo-01a23fac-38e0-411d-888a-894ae9815088",
        "photo_number": "P12",
        "inspection_date": "2026-08-05",
        "timestamp": "2026-08-05T14:34:53.775Z",
        "recorded_category": "MAP THIS SECTION",
        "display_class": "OTHER",
        "is_recorded_water_category": false,
        "water_visible_review_status": "NOT_REVIEWED_FROM_IMAGE",
        "gps_accuracy_m": 9.584688423930036,
        "heading_deg": 348.2331237792969,
        "section_id": "SECTION-001",
        "associated_record_ids": [
          "event-9d727537-46e5-4d48-a831-75baf576a52a",
          "event-fde89615-d9f2-42d5-9b39-9c459c0d9e18",
          "event-fde89615-d9f2-42d5-9b39-9c459c0d9e18",
          "SECTION-001"
        ],
        "note": "",
        "evidence_classification": "Observed",
        "evidence_scope": "OFF_PROPERTY_OR_TEST_REVIEW_REQUIRED",
        "source_family": "AUGUST_5_6_SIMPLE_FIELD",
        "thumbnail_archive_tag": "AUG6_GPT_PACKAGE",
        "thumbnail_archive_member": "photos/008_analysis.jpg",
        "thumbnail_path": "data/photos/all/photo-01a23fac-38e0-411d-888a-894ae9815088.jpg",
        "source_file": "C:\\Users\\Admin\\Documents\\Codex\\Property Intelligence Packages\\August 6 GPT Handoff\\SEND_THIS_TO_GPT_AUGUST_6.zip::inspection.json",
        "source_files": [
          "C:\\Users\\Admin\\Documents\\Codex\\Property Intelligence Packages\\August 6 GPT Handoff\\SEND_THIS_TO_GPT_AUGUST_6.zip::inspection.json"
        ],
        "parcel_part": "SMALL_PARCEL",
        "water_review_class": "VISIBLE_WATER_IN_PHOTO",
        "water_review_confidence": "HIGH_OR_MODERATE",
        "water_review_source": "2026-08-08_VISUAL_CONTACT_SHEET_REVIEW",
        "original_recorded_category": "MAP THIS SECTION",
        "original_evidence_modified": false,
        "review_limitation": "Water is visibly present in the photograph; this visual review does not establish extent, duration, cause, or regulatory status."
      }
    },
    {
      "type": "Feature",
      "geometry": {
        "type": "Point",
        "coordinates": [
          -87.09266081105707,
          30.490107151537938
        ]
      },
      "properties": {
        "record_type": "photograph",
        "photo_id": "photo-41f2b9ba-ec5c-4363-9e0d-d04efaa1cf7e",
        "photo_number": "P13",
        "inspection_date": "2026-08-05",
        "timestamp": "2026-08-05T14:35:00.616Z",
        "recorded_category": "MAP THIS SECTION",
        "display_class": "OTHER",
        "is_recorded_water_category": false,
        "water_visible_review_status": "NOT_REVIEWED_FROM_IMAGE",
        "gps_accuracy_m": 10.579928322057045,
        "heading_deg": 11.51297378540039,
        "section_id": "SECTION-001",
        "associated_record_ids": [
          "event-837cb75e-cbf1-4f3a-b376-cfcca87f6b46",
          "event-fde89615-d9f2-42d5-9b39-9c459c0d9e18",
          "event-fde89615-d9f2-42d5-9b39-9c459c0d9e18",
          "SECTION-001"
        ],
        "note": "",
        "evidence_classification": "Observed",
        "evidence_scope": "OFF_PROPERTY_OR_TEST_REVIEW_REQUIRED",
        "source_family": "AUGUST_5_6_SIMPLE_FIELD",
        "thumbnail_archive_tag": "AUG6_GPT_PACKAGE",
        "thumbnail_archive_member": "photos/009_analysis.jpg",
        "thumbnail_path": "data/photos/all/photo-41f2b9ba-ec5c-4363-9e0d-d04efaa1cf7e.jpg",
        "source_file": "C:\\Users\\Admin\\Documents\\Codex\\Property Intelligence Packages\\August 6 GPT Handoff\\SEND_THIS_TO_GPT_AUGUST_6.zip::inspection.json",
        "source_files": [
          "C:\\Users\\Admin\\Documents\\Codex\\Property Intelligence Packages\\August 6 GPT Handoff\\SEND_THIS_TO_GPT_AUGUST_6.zip::inspection.json"
        ],
        "parcel_part": "SMALL_PARCEL",
        "water_review_class": "VISIBLE_WATER_IN_PHOTO",
        "water_review_confidence": "HIGH_OR_MODERATE",
        "water_review_source": "2026-08-08_VISUAL_CONTACT_SHEET_REVIEW",
        "original_recorded_category": "MAP THIS SECTION",
        "original_evidence_modified": false,
        "review_limitation": "Water is visibly present in the photograph; this visual review does not establish extent, duration, cause, or regulatory status."
      }
    },
    {
      "type": "Feature",
      "geometry": {
        "type": "Point",
        "coordinates": [
          -87.0925474689955,
          30.490141982280107
        ]
      },
      "properties": {
        "record_type": "photograph",
        "photo_id": "photo-c8d2d24b-fcdb-4181-9a79-dddd719775fc",
        "photo_number": "P14",
        "inspection_date": "2026-08-05",
        "timestamp": "2026-08-05T14:35:45.917Z",
        "recorded_category": "MAP THIS SECTION",
        "display_class": "OTHER",
        "is_recorded_water_category": false,
        "water_visible_review_status": "NOT_REVIEWED_FROM_IMAGE",
        "gps_accuracy_m": 8.836208130425037,
        "heading_deg": 46.12339401245117,
        "section_id": "SECTION-001",
        "associated_record_ids": [
          "event-e1e6856e-c96b-40d7-abb6-bc3caea8a1a6",
          "event-fde89615-d9f2-42d5-9b39-9c459c0d9e18",
          "event-fde89615-d9f2-42d5-9b39-9c459c0d9e18",
          "SECTION-001"
        ],
        "note": "",
        "evidence_classification": "Observed",
        "evidence_scope": "OFF_PROPERTY_OR_TEST_REVIEW_REQUIRED",
        "source_family": "AUGUST_5_6_SIMPLE_FIELD",
        "thumbnail_archive_tag": "AUG6_GPT_PACKAGE",
        "thumbnail_archive_member": "photos/010_analysis.jpg",
        "thumbnail_path": "data/photos/all/photo-c8d2d24b-fcdb-4181-9a79-dddd719775fc.jpg",
        "source_file": "C:\\Users\\Admin\\Documents\\Codex\\Property Intelligence Packages\\August 6 GPT Handoff\\SEND_THIS_TO_GPT_AUGUST_6.zip::inspection.json",
        "source_files": [
          "C:\\Users\\Admin\\Documents\\Codex\\Property Intelligence Packages\\August 6 GPT Handoff\\SEND_THIS_TO_GPT_AUGUST_6.zip::inspection.json"
        ],
        "parcel_part": "SMALL_PARCEL",
        "water_review_class": "POSSIBLE_WATER_IN_PHOTO",
        "water_review_confidence": "LOW_REVIEW_REQUIRED",
        "water_review_source": "2026-08-08_VISUAL_CONTACT_SHEET_REVIEW",
        "original_recorded_category": "MAP THIS SECTION",
        "original_evidence_modified": false,
        "review_limitation": "Possible visible water; retain for inspector review before using it as a conclusion."
      }
    },
    {
      "type": "Feature",
      "geometry": {
        "type": "Point",
        "coordinates": [
          -87.09237295789002,
          30.490304716600576
        ]
      },
      "properties": {
        "record_type": "photograph",
        "photo_id": "photo-30130c0f-ad53-42d4-859d-9142bd9b3adc",
        "photo_number": "P15",
        "inspection_date": "2026-08-05",
        "timestamp": "2026-08-05T14:38:26.988Z",
        "recorded_category": "MAP THIS SECTION",
        "display_class": "OTHER",
        "is_recorded_water_category": false,
        "water_visible_review_status": "NOT_REVIEWED_FROM_IMAGE",
        "gps_accuracy_m": 9.62357769928357,
        "heading_deg": 292.3200378417969,
        "section_id": "SECTION-001",
        "associated_record_ids": [
          "event-a9c0a087-dd53-4bac-b9c9-3101b53b2823",
          "event-fde89615-d9f2-42d5-9b39-9c459c0d9e18",
          "event-fde89615-d9f2-42d5-9b39-9c459c0d9e18",
          "SECTION-001"
        ],
        "note": "",
        "evidence_classification": "Observed",
        "evidence_scope": "OFF_PROPERTY_OR_TEST_REVIEW_REQUIRED",
        "source_family": "AUGUST_5_6_SIMPLE_FIELD",
        "thumbnail_archive_tag": "AUG6_GPT_PACKAGE",
        "thumbnail_archive_member": "photos/011_analysis.jpg",
        "thumbnail_path": "data/photos/all/photo-30130c0f-ad53-42d4-859d-9142bd9b3adc.jpg",
        "source_file": "C:\\Users\\Admin\\Documents\\Codex\\Property Intelligence Packages\\August 6 GPT Handoff\\SEND_THIS_TO_GPT_AUGUST_6.zip::inspection.json",
        "source_files": [
          "C:\\Users\\Admin\\Documents\\Codex\\Property Intelligence Packages\\August 6 GPT Handoff\\SEND_THIS_TO_GPT_AUGUST_6.zip::inspection.json"
        ],
        "parcel_part": "SMALL_PARCEL",
        "water_review_class": "VISIBLE_WATER_IN_PHOTO",
        "water_review_confidence": "HIGH_OR_MODERATE",
        "water_review_source": "2026-08-08_VISUAL_CONTACT_SHEET_REVIEW",
        "original_recorded_category": "MAP THIS SECTION",
        "original_evidence_modified": false,
        "review_limitation": "Water is visibly present in the photograph; this visual review does not establish extent, duration, cause, or regulatory status."
      }
    },
    {
      "type": "Feature",
      "geometry": {
        "type": "Point",
        "coordinates": [
          -87.09239029588176,
          30.490308815938253
        ]
      },
      "properties": {
        "record_type": "photograph",
        "photo_id": "photo-7dcb1f5a-78c6-4c59-9e25-c15d744691de",
        "photo_number": "P16",
        "inspection_date": "2026-08-05",
        "timestamp": "2026-08-05T14:38:32.178Z",
        "recorded_category": "MAP THIS SECTION",
        "display_class": "OTHER",
        "is_recorded_water_category": false,
        "water_visible_review_status": "NOT_REVIEWED_FROM_IMAGE",
        "gps_accuracy_m": 14.995179189509713,
        "heading_deg": 299.7998046875,
        "section_id": "SECTION-001",
        "associated_record_ids": [
          "event-60c6800d-f3ee-4b74-9673-b262359ecac7",
          "event-fde89615-d9f2-42d5-9b39-9c459c0d9e18",
          "event-fde89615-d9f2-42d5-9b39-9c459c0d9e18",
          "SECTION-001"
        ],
        "note": "",
        "evidence_classification": "Observed",
        "evidence_scope": "OFF_PROPERTY_OR_TEST_REVIEW_REQUIRED",
        "source_family": "AUGUST_5_6_SIMPLE_FIELD",
        "thumbnail_archive_tag": "AUG6_GPT_PACKAGE",
        "thumbnail_archive_member": "photos/012_analysis.jpg",
        "thumbnail_path": "data/photos/all/photo-7dcb1f5a-78c6-4c59-9e25-c15d744691de.jpg",
        "source_file": "C:\\Users\\Admin\\Documents\\Codex\\Property Intelligence Packages\\August 6 GPT Handoff\\SEND_THIS_TO_GPT_AUGUST_6.zip::inspection.json",
        "source_files": [
          "C:\\Users\\Admin\\Documents\\Codex\\Property Intelligence Packages\\August 6 GPT Handoff\\SEND_THIS_TO_GPT_AUGUST_6.zip::inspection.json"
        ],
        "parcel_part": "SMALL_PARCEL",
        "water_review_class": "VISIBLE_WATER_IN_PHOTO",
        "water_review_confidence": "HIGH_OR_MODERATE",
        "water_review_source": "2026-08-08_VISUAL_CONTACT_SHEET_REVIEW",
        "original_recorded_category": "MAP THIS SECTION",
        "original_evidence_modified": false,
        "review_limitation": "Water is visibly present in the photograph; this visual review does not establish extent, duration, cause, or regulatory status."
      }
    },
    {
      "type": "Feature",
      "geometry": {
        "type": "Point",
        "coordinates": [
          -87.09242044458911,
          30.490574303107948
        ]
      },
      "properties": {
        "record_type": "photograph",
        "photo_id": "photo-37716774-cdf0-4b50-9895-c43ee5badb62",
        "photo_number": "P17",
        "inspection_date": "2026-08-05",
        "timestamp": "2026-08-05T14:42:16.104Z",
        "recorded_category": "MAP THIS SECTION",
        "display_class": "OTHER",
        "is_recorded_water_category": false,
        "water_visible_review_status": "NOT_REVIEWED_FROM_IMAGE",
        "gps_accuracy_m": 6.9606606669145155,
        "heading_deg": 238.29359436035156,
        "section_id": "SECTION-001",
        "associated_record_ids": [
          "event-13ed97f3-3abe-4f99-99bc-33e15ac9c896",
          "event-fde89615-d9f2-42d5-9b39-9c459c0d9e18",
          "event-fde89615-d9f2-42d5-9b39-9c459c0d9e18",
          "SECTION-001"
        ],
        "note": "",
        "evidence_classification": "Observed",
        "evidence_scope": "OFF_PROPERTY_OR_TEST_REVIEW_REQUIRED",
        "source_family": "AUGUST_5_6_SIMPLE_FIELD",
        "thumbnail_archive_tag": "AUG6_GPT_PACKAGE",
        "thumbnail_archive_member": "photos/013_analysis.jpg",
        "thumbnail_path": "data/photos/all/photo-37716774-cdf0-4b50-9895-c43ee5badb62.jpg",
        "source_file": "C:\\Users\\Admin\\Documents\\Codex\\Property Intelligence Packages\\August 6 GPT Handoff\\SEND_THIS_TO_GPT_AUGUST_6.zip::inspection.json",
        "source_files": [
          "C:\\Users\\Admin\\Documents\\Codex\\Property Intelligence Packages\\August 6 GPT Handoff\\SEND_THIS_TO_GPT_AUGUST_6.zip::inspection.json"
        ],
        "parcel_part": "SMALL_PARCEL",
        "water_review_class": "VISIBLE_WATER_IN_PHOTO",
        "water_review_confidence": "HIGH_OR_MODERATE",
        "water_review_source": "2026-08-08_VISUAL_CONTACT_SHEET_REVIEW",
        "original_recorded_category": "MAP THIS SECTION",
        "original_evidence_modified": false,
        "review_limitation": "Water is visibly present in the photograph; this visual review does not establish extent, duration, cause, or regulatory status."
      }
    },
    {
      "type": "Feature",
      "geometry": {
        "type": "Point",
        "coordinates": [
          -87.09232461355244,
          30.490620861666542
        ]
      },
      "properties": {
        "record_type": "photograph",
        "photo_id": "photo-4fba63e4-380d-4775-ac2a-9b6f5ed1ea1d",
        "photo_number": "P18",
        "inspection_date": "2026-08-05",
        "timestamp": "2026-08-05T14:43:03.076Z",
        "recorded_category": "MAP THIS SECTION",
        "display_class": "OTHER",
        "is_recorded_water_category": false,
        "water_visible_review_status": "NOT_REVIEWED_FROM_IMAGE",
        "gps_accuracy_m": 9.415569637921644,
        "heading_deg": 6.7802581787109375,
        "section_id": "SECTION-001",
        "associated_record_ids": [
          "event-cdb770a7-fd1b-419b-84b1-fd94fac3cf86",
          "event-fde89615-d9f2-42d5-9b39-9c459c0d9e18",
          "event-fde89615-d9f2-42d5-9b39-9c459c0d9e18",
          "SECTION-001"
        ],
        "note": "",
        "evidence_classification": "Observed",
        "evidence_scope": "OFF_PROPERTY_OR_TEST_REVIEW_REQUIRED",
        "source_family": "AUGUST_5_6_SIMPLE_FIELD",
        "thumbnail_archive_tag": "AUG6_GPT_PACKAGE",
        "thumbnail_archive_member": "photos/014_analysis.jpg",
        "thumbnail_path": "data/photos/all/photo-4fba63e4-380d-4775-ac2a-9b6f5ed1ea1d.jpg",
        "source_file": "C:\\Users\\Admin\\Documents\\Codex\\Property Intelligence Packages\\August 6 GPT Handoff\\SEND_THIS_TO_GPT_AUGUST_6.zip::inspection.json",
        "source_files": [
          "C:\\Users\\Admin\\Documents\\Codex\\Property Intelligence Packages\\August 6 GPT Handoff\\SEND_THIS_TO_GPT_AUGUST_6.zip::inspection.json"
        ],
        "parcel_part": "SMALL_PARCEL",
        "water_review_class": "VISIBLE_WATER_IN_PHOTO",
        "water_review_confidence": "HIGH_OR_MODERATE",
        "water_review_source": "2026-08-08_VISUAL_CONTACT_SHEET_REVIEW",
        "original_recorded_category": "MAP THIS SECTION",
        "original_evidence_modified": false,
        "review_limitation": "Water is visibly present in the photograph; this visual review does not establish extent, duration, cause, or regulatory status."
      }
    },
    {
      "type": "Feature",
      "geometry": {
        "type": "Point",
        "coordinates": [
          -87.09234644613514,
          30.490632720468838
        ]
      },
      "properties": {
        "record_type": "photograph",
        "photo_id": "photo-c378f645-9b90-4ca0-81fb-c3d0e3b40450",
        "photo_number": "P19",
        "inspection_date": "2026-08-05",
        "timestamp": "2026-08-05T14:43:08.715Z",
        "recorded_category": "MAP THIS SECTION",
        "display_class": "OTHER",
        "is_recorded_water_category": false,
        "water_visible_review_status": "NOT_REVIEWED_FROM_IMAGE",
        "gps_accuracy_m": 8.690347326680447,
        "heading_deg": 72.09844970703125,
        "section_id": "SECTION-001",
        "associated_record_ids": [
          "event-a5730202-49ee-4553-936d-265fb462de78",
          "event-fde89615-d9f2-42d5-9b39-9c459c0d9e18",
          "event-fde89615-d9f2-42d5-9b39-9c459c0d9e18",
          "SECTION-001"
        ],
        "note": "",
        "evidence_classification": "Observed",
        "evidence_scope": "OFF_PROPERTY_OR_TEST_REVIEW_REQUIRED",
        "source_family": "AUGUST_5_6_SIMPLE_FIELD",
        "thumbnail_archive_tag": "AUG6_GPT_PACKAGE",
        "thumbnail_archive_member": "photos/015_analysis.jpg",
        "thumbnail_path": "data/photos/all/photo-c378f645-9b90-4ca0-81fb-c3d0e3b40450.jpg",
        "source_file": "C:\\Users\\Admin\\Documents\\Codex\\Property Intelligence Packages\\August 6 GPT Handoff\\SEND_THIS_TO_GPT_AUGUST_6.zip::inspection.json",
        "source_files": [
          "C:\\Users\\Admin\\Documents\\Codex\\Property Intelligence Packages\\August 6 GPT Handoff\\SEND_THIS_TO_GPT_AUGUST_6.zip::inspection.json"
        ],
        "parcel_part": "SMALL_PARCEL",
        "water_review_class": "VISIBLE_WATER_IN_PHOTO",
        "water_review_confidence": "HIGH_OR_MODERATE",
        "water_review_source": "2026-08-08_VISUAL_CONTACT_SHEET_REVIEW",
        "original_recorded_category": "MAP THIS SECTION",
        "original_evidence_modified": false,
        "review_limitation": "Water is visibly present in the photograph; this visual review does not establish extent, duration, cause, or regulatory status."
      }
    },
    {
      "type": "Feature",
      "geometry": {
        "type": "Point",
        "coordinates": [
          -87.09227427007177,
          30.490619619088974
        ]
      },
      "properties": {
        "record_type": "photograph",
        "photo_id": "photo-fb28c9fe-53a2-4166-9099-cff20748d1d8",
        "photo_number": "P20",
        "inspection_date": "2026-08-05",
        "timestamp": "2026-08-05T14:43:39.492Z",
        "recorded_category": "MAP THIS SECTION",
        "display_class": "OTHER",
        "is_recorded_water_category": false,
        "water_visible_review_status": "NOT_REVIEWED_FROM_IMAGE",
        "gps_accuracy_m": 10.605187588835893,
        "heading_deg": 17.239669799804688,
        "section_id": "SECTION-001",
        "associated_record_ids": [
          "event-56e40354-1388-4930-a1ce-fe515a2b6271",
          "event-fde89615-d9f2-42d5-9b39-9c459c0d9e18",
          "event-fde89615-d9f2-42d5-9b39-9c459c0d9e18",
          "SECTION-001"
        ],
        "note": "",
        "evidence_classification": "Observed",
        "evidence_scope": "OFF_PROPERTY_OR_TEST_REVIEW_REQUIRED",
        "source_family": "AUGUST_5_6_SIMPLE_FIELD",
        "thumbnail_archive_tag": "AUG6_GPT_PACKAGE",
        "thumbnail_archive_member": "photos/016_analysis.jpg",
        "thumbnail_path": "data/photos/all/photo-fb28c9fe-53a2-4166-9099-cff20748d1d8.jpg",
        "source_file": "C:\\Users\\Admin\\Documents\\Codex\\Property Intelligence Packages\\August 6 GPT Handoff\\SEND_THIS_TO_GPT_AUGUST_6.zip::inspection.json",
        "source_files": [
          "C:\\Users\\Admin\\Documents\\Codex\\Property Intelligence Packages\\August 6 GPT Handoff\\SEND_THIS_TO_GPT_AUGUST_6.zip::inspection.json"
        ],
        "parcel_part": "SMALL_PARCEL",
        "water_review_class": "VISIBLE_WATER_IN_PHOTO",
        "water_review_confidence": "HIGH_OR_MODERATE",
        "water_review_source": "2026-08-08_VISUAL_CONTACT_SHEET_REVIEW",
        "original_recorded_category": "MAP THIS SECTION",
        "original_evidence_modified": false,
        "review_limitation": "Water is visibly present in the photograph; this visual review does not establish extent, duration, cause, or regulatory status."
      }
    },
    {
      "type": "Feature",
      "geometry": {
        "type": "Point",
        "coordinates": [
          -87.0922582801305,
          30.490632912159334
        ]
      },
      "properties": {
        "record_type": "photograph",
        "photo_id": "photo-d0db0dc4-44f6-423e-97aa-b7f517f7d961",
        "photo_number": "P21",
        "inspection_date": "2026-08-05",
        "timestamp": "2026-08-05T14:43:57.909Z",
        "recorded_category": "MAP THIS SECTION",
        "display_class": "OTHER",
        "is_recorded_water_category": false,
        "water_visible_review_status": "NOT_REVIEWED_FROM_IMAGE",
        "gps_accuracy_m": 12.791567586892027,
        "heading_deg": 350.04095458984375,
        "section_id": "SECTION-001",
        "associated_record_ids": [
          "event-e6e070c9-3261-40d8-8728-1160f1f98d20",
          "event-fde89615-d9f2-42d5-9b39-9c459c0d9e18",
          "event-fde89615-d9f2-42d5-9b39-9c459c0d9e18",
          "SECTION-001"
        ],
        "note": "",
        "evidence_classification": "Observed",
        "evidence_scope": "OFF_PROPERTY_OR_TEST_REVIEW_REQUIRED",
        "source_family": "AUGUST_5_6_SIMPLE_FIELD",
        "thumbnail_archive_tag": "AUG6_GPT_PACKAGE",
        "thumbnail_archive_member": "photos/017_analysis.jpg",
        "thumbnail_path": "data/photos/all/photo-d0db0dc4-44f6-423e-97aa-b7f517f7d961.jpg",
        "source_file": "C:\\Users\\Admin\\Documents\\Codex\\Property Intelligence Packages\\August 6 GPT Handoff\\SEND_THIS_TO_GPT_AUGUST_6.zip::inspection.json",
        "source_files": [
          "C:\\Users\\Admin\\Documents\\Codex\\Property Intelligence Packages\\August 6 GPT Handoff\\SEND_THIS_TO_GPT_AUGUST_6.zip::inspection.json"
        ],
        "parcel_part": "SMALL_PARCEL",
        "water_review_class": "VISIBLE_WATER_IN_PHOTO",
        "water_review_confidence": "HIGH_OR_MODERATE",
        "water_review_source": "2026-08-08_VISUAL_CONTACT_SHEET_REVIEW",
        "original_recorded_category": "MAP THIS SECTION",
        "original_evidence_modified": false,
        "review_limitation": "Water is visibly present in the photograph; this visual review does not establish extent, duration, cause, or regulatory status."
      }
    },
    {
      "type": "Feature",
      "geometry": {
        "type": "Point",
        "coordinates": [
          -87.09227465502478,
          30.49061233625771
        ]
      },
      "properties": {
        "record_type": "photograph",
        "photo_id": "photo-2a917b22-c80c-4094-a5d1-20c7d6ae7fe8",
        "photo_number": "P22",
        "inspection_date": "2026-08-05",
        "timestamp": "2026-08-05T14:44:03.300Z",
        "recorded_category": "MAP THIS SECTION",
        "display_class": "OTHER",
        "is_recorded_water_category": false,
        "water_visible_review_status": "NOT_REVIEWED_FROM_IMAGE",
        "gps_accuracy_m": 13.757320727524931,
        "heading_deg": 350.5750427246094,
        "section_id": "SECTION-001",
        "associated_record_ids": [
          "event-61388231-45f7-4d67-9b0a-ea767412be4c",
          "event-fde89615-d9f2-42d5-9b39-9c459c0d9e18",
          "event-fde89615-d9f2-42d5-9b39-9c459c0d9e18",
          "SECTION-001"
        ],
        "note": "",
        "evidence_classification": "Observed",
        "evidence_scope": "OFF_PROPERTY_OR_TEST_REVIEW_REQUIRED",
        "source_family": "AUGUST_5_6_SIMPLE_FIELD",
        "thumbnail_archive_tag": "AUG6_GPT_PACKAGE",
        "thumbnail_archive_member": "photos/018_analysis.jpg",
        "thumbnail_path": "data/photos/all/photo-2a917b22-c80c-4094-a5d1-20c7d6ae7fe8.jpg",
        "source_file": "C:\\Users\\Admin\\Documents\\Codex\\Property Intelligence Packages\\August 6 GPT Handoff\\SEND_THIS_TO_GPT_AUGUST_6.zip::inspection.json",
        "source_files": [
          "C:\\Users\\Admin\\Documents\\Codex\\Property Intelligence Packages\\August 6 GPT Handoff\\SEND_THIS_TO_GPT_AUGUST_6.zip::inspection.json"
        ],
        "parcel_part": "SMALL_PARCEL",
        "water_review_class": "VISIBLE_WATER_IN_PHOTO",
        "water_review_confidence": "HIGH_OR_MODERATE",
        "water_review_source": "2026-08-08_VISUAL_CONTACT_SHEET_REVIEW",
        "original_recorded_category": "MAP THIS SECTION",
        "original_evidence_modified": false,
        "review_limitation": "Water is visibly present in the photograph; this visual review does not establish extent, duration, cause, or regulatory status."
      }
    },
    {
      "type": "Feature",
      "geometry": {
        "type": "Point",
        "coordinates": [
          -87.09219938894569,
          30.490696531273343
        ]
      },
      "properties": {
        "record_type": "photograph",
        "photo_id": "photo-981437f0-9a59-4c75-b0d5-ac4cd605c844",
        "photo_number": "P23",
        "inspection_date": "2026-08-05",
        "timestamp": "2026-08-05T14:44:56.158Z",
        "recorded_category": "MAP THIS SECTION",
        "display_class": "OTHER",
        "is_recorded_water_category": false,
        "water_visible_review_status": "NOT_REVIEWED_FROM_IMAGE",
        "gps_accuracy_m": 7.9627272661975,
        "heading_deg": 342.954833984375,
        "section_id": "SECTION-001",
        "associated_record_ids": [
          "event-bbee01f5-c1d1-47c6-85b3-2c7d4920e886",
          "event-fde89615-d9f2-42d5-9b39-9c459c0d9e18",
          "event-fde89615-d9f2-42d5-9b39-9c459c0d9e18",
          "SECTION-001"
        ],
        "note": "",
        "evidence_classification": "Observed",
        "evidence_scope": "OFF_PROPERTY_OR_TEST_REVIEW_REQUIRED",
        "source_family": "AUGUST_5_6_SIMPLE_FIELD",
        "thumbnail_archive_tag": "AUG6_GPT_PACKAGE",
        "thumbnail_archive_member": "photos/019_analysis.jpg",
        "thumbnail_path": "data/photos/all/photo-981437f0-9a59-4c75-b0d5-ac4cd605c844.jpg",
        "source_file": "C:\\Users\\Admin\\Documents\\Codex\\Property Intelligence Packages\\August 6 GPT Handoff\\SEND_THIS_TO_GPT_AUGUST_6.zip::inspection.json",
        "source_files": [
          "C:\\Users\\Admin\\Documents\\Codex\\Property Intelligence Packages\\August 6 GPT Handoff\\SEND_THIS_TO_GPT_AUGUST_6.zip::inspection.json"
        ],
        "parcel_part": "SMALL_PARCEL",
        "water_review_class": "VISIBLE_WATER_IN_PHOTO",
        "water_review_confidence": "HIGH_OR_MODERATE",
        "water_review_source": "2026-08-08_VISUAL_CONTACT_SHEET_REVIEW",
        "original_recorded_category": "MAP THIS SECTION",
        "original_evidence_modified": false,
        "review_limitation": "Water is visibly present in the photograph; this visual review does not establish extent, duration, cause, or regulatory status."
      }
    },
    {
      "type": "Feature",
      "geometry": {
        "type": "Point",
        "coordinates": [
          -87.0921746451284,
          30.49073367732661
        ]
      },
      "properties": {
        "record_type": "photograph",
        "photo_id": "photo-ecbe8264-7b03-4e0f-ac01-4446aa412dc1",
        "photo_number": "P24",
        "inspection_date": "2026-08-05",
        "timestamp": "2026-08-05T14:45:20.581Z",
        "recorded_category": "MAP THIS SECTION",
        "display_class": "OTHER",
        "is_recorded_water_category": false,
        "water_visible_review_status": "NOT_REVIEWED_FROM_IMAGE",
        "gps_accuracy_m": 11.028026488205562,
        "heading_deg": 277.97021484375,
        "section_id": "SECTION-001",
        "associated_record_ids": [
          "event-14ced5e4-9873-45ae-b4a6-c0294c23ff23",
          "event-fde89615-d9f2-42d5-9b39-9c459c0d9e18",
          "event-fde89615-d9f2-42d5-9b39-9c459c0d9e18",
          "SECTION-001"
        ],
        "note": "",
        "evidence_classification": "Observed",
        "evidence_scope": "OFF_PROPERTY_OR_TEST_REVIEW_REQUIRED",
        "source_family": "AUGUST_5_6_SIMPLE_FIELD",
        "thumbnail_archive_tag": "AUG6_GPT_PACKAGE",
        "thumbnail_archive_member": "photos/020_analysis.jpg",
        "thumbnail_path": "data/photos/all/photo-ecbe8264-7b03-4e0f-ac01-4446aa412dc1.jpg",
        "source_file": "C:\\Users\\Admin\\Documents\\Codex\\Property Intelligence Packages\\August 6 GPT Handoff\\SEND_THIS_TO_GPT_AUGUST_6.zip::inspection.json",
        "source_files": [
          "C:\\Users\\Admin\\Documents\\Codex\\Property Intelligence Packages\\August 6 GPT Handoff\\SEND_THIS_TO_GPT_AUGUST_6.zip::inspection.json"
        ],
        "parcel_part": "SMALL_PARCEL",
        "water_review_class": "VISIBLE_WATER_IN_PHOTO",
        "water_review_confidence": "HIGH_OR_MODERATE",
        "water_review_source": "2026-08-08_VISUAL_CONTACT_SHEET_REVIEW",
        "original_recorded_category": "MAP THIS SECTION",
        "original_evidence_modified": false,
        "review_limitation": "Water is visibly present in the photograph; this visual review does not establish extent, duration, cause, or regulatory status."
      }
    },
    {
      "type": "Feature",
      "geometry": {
        "type": "Point",
        "coordinates": [
          -87.09218015937513,
          30.490748973846124
        ]
      },
      "properties": {
        "record_type": "photograph",
        "photo_id": "photo-f443e358-b92b-474d-aac8-4d3794efc1ab",
        "photo_number": "P25",
        "inspection_date": "2026-08-05",
        "timestamp": "2026-08-05T14:45:25.065Z",
        "recorded_category": "MAP THIS SECTION",
        "display_class": "OTHER",
        "is_recorded_water_category": false,
        "water_visible_review_status": "NOT_REVIEWED_FROM_IMAGE",
        "gps_accuracy_m": 11.55998607576135,
        "heading_deg": 289.8835144042969,
        "section_id": "SECTION-001",
        "associated_record_ids": [
          "event-f8e8d6e8-2e88-4f25-9ddd-7520057fb9af",
          "event-fde89615-d9f2-42d5-9b39-9c459c0d9e18",
          "event-fde89615-d9f2-42d5-9b39-9c459c0d9e18",
          "SECTION-001"
        ],
        "note": "",
        "evidence_classification": "Observed",
        "evidence_scope": "OFF_PROPERTY_OR_TEST_REVIEW_REQUIRED",
        "source_family": "AUGUST_5_6_SIMPLE_FIELD",
        "thumbnail_archive_tag": "AUG6_GPT_PACKAGE",
        "thumbnail_archive_member": "photos/021_analysis.jpg",
        "thumbnail_path": "data/photos/all/photo-f443e358-b92b-474d-aac8-4d3794efc1ab.jpg",
        "source_file": "C:\\Users\\Admin\\Documents\\Codex\\Property Intelligence Packages\\August 6 GPT Handoff\\SEND_THIS_TO_GPT_AUGUST_6.zip::inspection.json",
        "source_files": [
          "C:\\Users\\Admin\\Documents\\Codex\\Property Intelligence Packages\\August 6 GPT Handoff\\SEND_THIS_TO_GPT_AUGUST_6.zip::inspection.json"
        ],
        "parcel_part": "SMALL_PARCEL",
        "water_review_class": "VISIBLE_WATER_IN_PHOTO",
        "water_review_confidence": "HIGH_OR_MODERATE",
        "water_review_source": "2026-08-08_VISUAL_CONTACT_SHEET_REVIEW",
        "original_recorded_category": "MAP THIS SECTION",
        "original_evidence_modified": false,
        "review_limitation": "Water is visibly present in the photograph; this visual review does not establish extent, duration, cause, or regulatory status."
      }
    },
    {
      "type": "Feature",
      "geometry": {
        "type": "Point",
        "coordinates": [
          -87.09217392003305,
          30.4907364017743
        ]
      },
      "properties": {
        "record_type": "photograph",
        "photo_id": "photo-3507475f-eeda-4a79-8307-32db509ef762",
        "photo_number": "P26",
        "inspection_date": "2026-08-05",
        "timestamp": "2026-08-05T14:45:30.183Z",
        "recorded_category": "MAP THIS SECTION",
        "display_class": "OTHER",
        "is_recorded_water_category": false,
        "water_visible_review_status": "NOT_REVIEWED_FROM_IMAGE",
        "gps_accuracy_m": 12.171745368017508,
        "heading_deg": 300.0234375,
        "section_id": "SECTION-001",
        "associated_record_ids": [
          "event-ff7a1f35-5d33-4fa8-8644-c456d04aa8b5",
          "event-fde89615-d9f2-42d5-9b39-9c459c0d9e18",
          "event-fde89615-d9f2-42d5-9b39-9c459c0d9e18",
          "SECTION-001"
        ],
        "note": "",
        "evidence_classification": "Observed",
        "evidence_scope": "OFF_PROPERTY_OR_TEST_REVIEW_REQUIRED",
        "source_family": "AUGUST_5_6_SIMPLE_FIELD",
        "thumbnail_archive_tag": "AUG6_GPT_PACKAGE",
        "thumbnail_archive_member": "photos/022_analysis.jpg",
        "thumbnail_path": "data/photos/all/photo-3507475f-eeda-4a79-8307-32db509ef762.jpg",
        "source_file": "C:\\Users\\Admin\\Documents\\Codex\\Property Intelligence Packages\\August 6 GPT Handoff\\SEND_THIS_TO_GPT_AUGUST_6.zip::inspection.json",
        "source_files": [
          "C:\\Users\\Admin\\Documents\\Codex\\Property Intelligence Packages\\August 6 GPT Handoff\\SEND_THIS_TO_GPT_AUGUST_6.zip::inspection.json"
        ],
        "parcel_part": "SMALL_PARCEL",
        "water_review_class": "VISIBLE_WATER_IN_PHOTO",
        "water_review_confidence": "HIGH_OR_MODERATE",
        "water_review_source": "2026-08-08_VISUAL_CONTACT_SHEET_REVIEW",
        "original_recorded_category": "MAP THIS SECTION",
        "original_evidence_modified": false,
        "review_limitation": "Water is visibly present in the photograph; this visual review does not establish extent, duration, cause, or regulatory status."
      }
    },
    {
      "type": "Feature",
      "geometry": {
        "type": "Point",
        "coordinates": [
          -87.09219635084402,
          30.490732334042253
        ]
      },
      "properties": {
        "record_type": "photograph",
        "photo_id": "photo-7dfea87f-2d56-4c6d-b4d0-08e3b81725f1",
        "photo_number": "P27",
        "inspection_date": "2026-08-05",
        "timestamp": "2026-08-05T14:45:37.078Z",
        "recorded_category": "MAP THIS SECTION",
        "display_class": "OTHER",
        "is_recorded_water_category": false,
        "water_visible_review_status": "NOT_REVIEWED_FROM_IMAGE",
        "gps_accuracy_m": 12.956571627815912,
        "heading_deg": 347.5672912597656,
        "section_id": "SECTION-001",
        "associated_record_ids": [
          "event-ece615cd-5c00-47a1-8bd2-975409d6dc74",
          "event-fde89615-d9f2-42d5-9b39-9c459c0d9e18",
          "event-fde89615-d9f2-42d5-9b39-9c459c0d9e18",
          "SECTION-001"
        ],
        "note": "",
        "evidence_classification": "Observed",
        "evidence_scope": "OFF_PROPERTY_OR_TEST_REVIEW_REQUIRED",
        "source_family": "AUGUST_5_6_SIMPLE_FIELD",
        "thumbnail_archive_tag": "AUG6_GPT_PACKAGE",
        "thumbnail_archive_member": "photos/023_analysis.jpg",
        "thumbnail_path": "data/photos/all/photo-7dfea87f-2d56-4c6d-b4d0-08e3b81725f1.jpg",
        "source_file": "C:\\Users\\Admin\\Documents\\Codex\\Property Intelligence Packages\\August 6 GPT Handoff\\SEND_THIS_TO_GPT_AUGUST_6.zip::inspection.json",
        "source_files": [
          "C:\\Users\\Admin\\Documents\\Codex\\Property Intelligence Packages\\August 6 GPT Handoff\\SEND_THIS_TO_GPT_AUGUST_6.zip::inspection.json"
        ],
        "parcel_part": "SMALL_PARCEL",
        "water_review_class": "VISIBLE_WATER_IN_PHOTO",
        "water_review_confidence": "HIGH_OR_MODERATE",
        "water_review_source": "2026-08-08_VISUAL_CONTACT_SHEET_REVIEW",
        "original_recorded_category": "MAP THIS SECTION",
        "original_evidence_modified": false,
        "review_limitation": "Water is visibly present in the photograph; this visual review does not establish extent, duration, cause, or regulatory status."
      }
    },
    {
      "type": "Feature",
      "geometry": {
        "type": "Point",
        "coordinates": [
          -87.09220023479622,
          30.49073737199608
        ]
      },
      "properties": {
        "record_type": "photograph",
        "photo_id": "photo-b862290a-5f36-4f0d-89e0-c3e77354e419",
        "photo_number": "P28",
        "inspection_date": "2026-08-05",
        "timestamp": "2026-08-05T14:45:42.511Z",
        "recorded_category": "MAP THIS SECTION",
        "display_class": "OTHER",
        "is_recorded_water_category": false,
        "water_visible_review_status": "NOT_REVIEWED_FROM_IMAGE",
        "gps_accuracy_m": 12.646256648973658,
        "heading_deg": 17.987865447998047,
        "section_id": "SECTION-001",
        "associated_record_ids": [
          "event-1c23178f-9fca-4a5f-b174-20b16fdc5af0",
          "event-fde89615-d9f2-42d5-9b39-9c459c0d9e18",
          "event-fde89615-d9f2-42d5-9b39-9c459c0d9e18",
          "SECTION-001"
        ],
        "note": "",
        "evidence_classification": "Observed",
        "evidence_scope": "OFF_PROPERTY_OR_TEST_REVIEW_REQUIRED",
        "source_family": "AUGUST_5_6_SIMPLE_FIELD",
        "thumbnail_archive_tag": "AUG6_GPT_PACKAGE",
        "thumbnail_archive_member": "photos/024_analysis.jpg",
        "thumbnail_path": "data/photos/all/photo-b862290a-5f36-4f0d-89e0-c3e77354e419.jpg",
        "source_file": "C:\\Users\\Admin\\Documents\\Codex\\Property Intelligence Packages\\August 6 GPT Handoff\\SEND_THIS_TO_GPT_AUGUST_6.zip::inspection.json",
        "source_files": [
          "C:\\Users\\Admin\\Documents\\Codex\\Property Intelligence Packages\\August 6 GPT Handoff\\SEND_THIS_TO_GPT_AUGUST_6.zip::inspection.json"
        ],
        "parcel_part": "SMALL_PARCEL",
        "water_review_class": "VISIBLE_WATER_IN_PHOTO",
        "water_review_confidence": "HIGH_OR_MODERATE",
        "water_review_source": "2026-08-08_VISUAL_CONTACT_SHEET_REVIEW",
        "original_recorded_category": "MAP THIS SECTION",
        "original_evidence_modified": false,
        "review_limitation": "Water is visibly present in the photograph; this visual review does not establish extent, duration, cause, or regulatory status."
      }
    },
    {
      "type": "Feature",
      "geometry": {
        "type": "Point",
        "coordinates": [
          -87.09211989314024,
          30.490744435256854
        ]
      },
      "properties": {
        "record_type": "photograph",
        "photo_id": "photo-94633f66-ec97-49c2-987f-e9d8131cfb8a",
        "photo_number": "P29",
        "inspection_date": "2026-08-05",
        "timestamp": "2026-08-05T14:46:36.322Z",
        "recorded_category": "MAP THIS SECTION",
        "display_class": "OTHER",
        "is_recorded_water_category": false,
        "water_visible_review_status": "NOT_REVIEWED_FROM_IMAGE",
        "gps_accuracy_m": 4.748651530191761,
        "heading_deg": 17.010160446166992,
        "section_id": "SECTION-001",
        "associated_record_ids": [
          "event-aab868e2-32dd-4aae-a7be-95cc5ea27f6c",
          "event-fde89615-d9f2-42d5-9b39-9c459c0d9e18",
          "event-fde89615-d9f2-42d5-9b39-9c459c0d9e18",
          "SECTION-001"
        ],
        "note": "",
        "evidence_classification": "Observed",
        "evidence_scope": "OFF_PROPERTY_OR_TEST_REVIEW_REQUIRED",
        "source_family": "AUGUST_5_6_SIMPLE_FIELD",
        "thumbnail_archive_tag": "AUG6_GPT_PACKAGE",
        "thumbnail_archive_member": "photos/025_analysis.jpg",
        "thumbnail_path": "data/photos/all/photo-94633f66-ec97-49c2-987f-e9d8131cfb8a.jpg",
        "source_file": "C:\\Users\\Admin\\Documents\\Codex\\Property Intelligence Packages\\August 6 GPT Handoff\\SEND_THIS_TO_GPT_AUGUST_6.zip::inspection.json",
        "source_files": [
          "C:\\Users\\Admin\\Documents\\Codex\\Property Intelligence Packages\\August 6 GPT Handoff\\SEND_THIS_TO_GPT_AUGUST_6.zip::inspection.json"
        ],
        "parcel_part": "SMALL_PARCEL",
        "water_review_class": "VISIBLE_WATER_IN_PHOTO",
        "water_review_confidence": "HIGH_OR_MODERATE",
        "water_review_source": "2026-08-08_VISUAL_CONTACT_SHEET_REVIEW",
        "original_recorded_category": "MAP THIS SECTION",
        "original_evidence_modified": false,
        "review_limitation": "Water is visibly present in the photograph; this visual review does not establish extent, duration, cause, or regulatory status."
      }
    },
    {
      "type": "Feature",
      "geometry": {
        "type": "Point",
        "coordinates": [
          -87.09226785889899,
          30.49076638409386
        ]
      },
      "properties": {
        "record_type": "photograph",
        "photo_id": "photo-4e3fd1bc-e05e-4b84-afec-47563804c129",
        "photo_number": "P30",
        "inspection_date": "2026-08-05",
        "timestamp": "2026-08-05T14:47:35.814Z",
        "recorded_category": "MAP THIS SECTION",
        "display_class": "OTHER",
        "is_recorded_water_category": false,
        "water_visible_review_status": "NOT_REVIEWED_FROM_IMAGE",
        "gps_accuracy_m": 11.84550982723882,
        "heading_deg": 210.81207275390625,
        "section_id": "SECTION-001",
        "associated_record_ids": [
          "event-cdaadbc5-e10c-46ad-9c5e-c33748e55e47",
          "event-fde89615-d9f2-42d5-9b39-9c459c0d9e18",
          "event-fde89615-d9f2-42d5-9b39-9c459c0d9e18",
          "SECTION-001"
        ],
        "note": "",
        "evidence_classification": "Observed",
        "evidence_scope": "OFF_PROPERTY_OR_TEST_REVIEW_REQUIRED",
        "source_family": "AUGUST_5_6_SIMPLE_FIELD",
        "thumbnail_archive_tag": "AUG6_GPT_PACKAGE",
        "thumbnail_archive_member": "photos/026_analysis.jpg",
        "thumbnail_path": "data/photos/all/photo-4e3fd1bc-e05e-4b84-afec-47563804c129.jpg",
        "source_file": "C:\\Users\\Admin\\Documents\\Codex\\Property Intelligence Packages\\August 6 GPT Handoff\\SEND_THIS_TO_GPT_AUGUST_6.zip::inspection.json",
        "source_files": [
          "C:\\Users\\Admin\\Documents\\Codex\\Property Intelligence Packages\\August 6 GPT Handoff\\SEND_THIS_TO_GPT_AUGUST_6.zip::inspection.json"
        ],
        "parcel_part": "SMALL_PARCEL",
        "water_review_class": "VISIBLE_WATER_IN_PHOTO",
        "water_review_confidence": "HIGH_OR_MODERATE",
        "water_review_source": "2026-08-08_VISUAL_CONTACT_SHEET_REVIEW",
        "original_recorded_category": "MAP THIS SECTION",
        "original_evidence_modified": false,
        "review_limitation": "Water is visibly present in the photograph; this visual review does not establish extent, duration, cause, or regulatory status."
      }
    },
    {
      "type": "Feature",
      "geometry": {
        "type": "Point",
        "coordinates": [
          -87.09225632517433,
          30.49077506510323
        ]
      },
      "properties": {
        "record_type": "photograph",
        "photo_id": "photo-3e604d1c-0440-410d-95ed-5d8b140f8a78",
        "photo_number": "P31",
        "inspection_date": "2026-08-05",
        "timestamp": "2026-08-05T14:47:40.358Z",
        "recorded_category": "MAP THIS SECTION",
        "display_class": "OTHER",
        "is_recorded_water_category": false,
        "water_visible_review_status": "NOT_REVIEWED_FROM_IMAGE",
        "gps_accuracy_m": 11.681642592906018,
        "heading_deg": 260.76617431640625,
        "section_id": "SECTION-001",
        "associated_record_ids": [
          "event-5ae9b73a-56ff-4c27-a9bb-b76548f36a7d",
          "event-fde89615-d9f2-42d5-9b39-9c459c0d9e18",
          "event-fde89615-d9f2-42d5-9b39-9c459c0d9e18",
          "SECTION-001"
        ],
        "note": "",
        "evidence_classification": "Observed",
        "evidence_scope": "OFF_PROPERTY_OR_TEST_REVIEW_REQUIRED",
        "source_family": "AUGUST_5_6_SIMPLE_FIELD",
        "thumbnail_archive_tag": "AUG6_GPT_PACKAGE",
        "thumbnail_archive_member": "photos/027_analysis.jpg",
        "thumbnail_path": "data/photos/all/photo-3e604d1c-0440-410d-95ed-5d8b140f8a78.jpg",
        "source_file": "C:\\Users\\Admin\\Documents\\Codex\\Property Intelligence Packages\\August 6 GPT Handoff\\SEND_THIS_TO_GPT_AUGUST_6.zip::inspection.json",
        "source_files": [
          "C:\\Users\\Admin\\Documents\\Codex\\Property Intelligence Packages\\August 6 GPT Handoff\\SEND_THIS_TO_GPT_AUGUST_6.zip::inspection.json"
        ],
        "parcel_part": "SMALL_PARCEL",
        "water_review_class": "VISIBLE_WATER_IN_PHOTO",
        "water_review_confidence": "HIGH_OR_MODERATE",
        "water_review_source": "2026-08-08_VISUAL_CONTACT_SHEET_REVIEW",
        "original_recorded_category": "MAP THIS SECTION",
        "original_evidence_modified": false,
        "review_limitation": "Water is visibly present in the photograph; this visual review does not establish extent, duration, cause, or regulatory status."
      }
    },
    {
      "type": "Feature",
      "geometry": {
        "type": "Point",
        "coordinates": [
          -87.09224889668211,
          30.4908253339106
        ]
      },
      "properties": {
        "record_type": "photograph",
        "photo_id": "photo-a52621ea-b671-4887-9d3e-94a04ddf903a",
        "photo_number": "P32",
        "inspection_date": "2026-08-05",
        "timestamp": "2026-08-05T14:48:04.149Z",
        "recorded_category": "MAP THIS SECTION",
        "display_class": "OTHER",
        "is_recorded_water_category": false,
        "water_visible_review_status": "NOT_REVIEWED_FROM_IMAGE",
        "gps_accuracy_m": 12.742223102832016,
        "heading_deg": 9.766743659973145,
        "section_id": "SECTION-001",
        "associated_record_ids": [
          "event-eab0ae27-a214-45ec-881c-c6b8167eccc4",
          "event-fde89615-d9f2-42d5-9b39-9c459c0d9e18",
          "event-fde89615-d9f2-42d5-9b39-9c459c0d9e18",
          "SECTION-001"
        ],
        "note": "",
        "evidence_classification": "Observed",
        "evidence_scope": "OFF_PROPERTY_OR_TEST_REVIEW_REQUIRED",
        "source_family": "AUGUST_5_6_SIMPLE_FIELD",
        "thumbnail_archive_tag": "AUG6_GPT_PACKAGE",
        "thumbnail_archive_member": "photos/028_analysis.jpg",
        "thumbnail_path": "data/photos/all/photo-a52621ea-b671-4887-9d3e-94a04ddf903a.jpg",
        "source_file": "C:\\Users\\Admin\\Documents\\Codex\\Property Intelligence Packages\\August 6 GPT Handoff\\SEND_THIS_TO_GPT_AUGUST_6.zip::inspection.json",
        "source_files": [
          "C:\\Users\\Admin\\Documents\\Codex\\Property Intelligence Packages\\August 6 GPT Handoff\\SEND_THIS_TO_GPT_AUGUST_6.zip::inspection.json"
        ],
        "parcel_part": "SMALL_PARCEL",
        "water_review_class": "VISIBLE_WATER_IN_PHOTO",
        "water_review_confidence": "HIGH_OR_MODERATE",
        "water_review_source": "2026-08-08_VISUAL_CONTACT_SHEET_REVIEW",
        "original_recorded_category": "MAP THIS SECTION",
        "original_evidence_modified": false,
        "review_limitation": "Water is visibly present in the photograph; this visual review does not establish extent, duration, cause, or regulatory status."
      }
    },
    {
      "type": "Feature",
      "geometry": {
        "type": "Point",
        "coordinates": [
          -87.09223586559636,
          30.490848112035668
        ]
      },
      "properties": {
        "record_type": "photograph",
        "photo_id": "photo-799ecf7f-c299-4319-9626-263db861b879",
        "photo_number": "P33",
        "inspection_date": "2026-08-05",
        "timestamp": "2026-08-05T14:48:17.965Z",
        "recorded_category": "MAP THIS SECTION",
        "display_class": "OTHER",
        "is_recorded_water_category": false,
        "water_visible_review_status": "NOT_REVIEWED_FROM_IMAGE",
        "gps_accuracy_m": 13.787896310890241,
        "heading_deg": 346.1434631347656,
        "section_id": "SECTION-001",
        "associated_record_ids": [
          "event-03b2f8b5-bd86-4162-8b57-faf5629338a2",
          "event-fde89615-d9f2-42d5-9b39-9c459c0d9e18",
          "event-fde89615-d9f2-42d5-9b39-9c459c0d9e18",
          "SECTION-001"
        ],
        "note": "",
        "evidence_classification": "Observed",
        "evidence_scope": "OFF_PROPERTY_OR_TEST_REVIEW_REQUIRED",
        "source_family": "AUGUST_5_6_SIMPLE_FIELD",
        "thumbnail_archive_tag": "AUG6_GPT_PACKAGE",
        "thumbnail_archive_member": "photos/029_analysis.jpg",
        "thumbnail_path": "data/photos/all/photo-799ecf7f-c299-4319-9626-263db861b879.jpg",
        "source_file": "C:\\Users\\Admin\\Documents\\Codex\\Property Intelligence Packages\\August 6 GPT Handoff\\SEND_THIS_TO_GPT_AUGUST_6.zip::inspection.json",
        "source_files": [
          "C:\\Users\\Admin\\Documents\\Codex\\Property Intelligence Packages\\August 6 GPT Handoff\\SEND_THIS_TO_GPT_AUGUST_6.zip::inspection.json"
        ],
        "parcel_part": "SMALL_PARCEL",
        "water_review_class": "POSSIBLE_WATER_IN_PHOTO",
        "water_review_confidence": "LOW_REVIEW_REQUIRED",
        "water_review_source": "2026-08-08_VISUAL_CONTACT_SHEET_REVIEW",
        "original_recorded_category": "MAP THIS SECTION",
        "original_evidence_modified": false,
        "review_limitation": "Possible visible water; retain for inspector review before using it as a conclusion."
      }
    },
    {
      "type": "Feature",
      "geometry": {
        "type": "Point",
        "coordinates": [
          -87.09223823708828,
          30.490891509590625
        ]
      },
      "properties": {
        "record_type": "photograph",
        "photo_id": "photo-cf6031fb-c32a-4b10-b586-be69575719b4",
        "photo_number": "P34",
        "inspection_date": "2026-08-05",
        "timestamp": "2026-08-05T14:48:30.874Z",
        "recorded_category": "MAP THIS SECTION",
        "display_class": "OTHER",
        "is_recorded_water_category": false,
        "water_visible_review_status": "NOT_REVIEWED_FROM_IMAGE",
        "gps_accuracy_m": 13.316940531501608,
        "heading_deg": 285.1766357421875,
        "section_id": "SECTION-001",
        "associated_record_ids": [
          "event-10c01179-89e5-4eb6-bbd8-6af89f4fc7ed",
          "event-fde89615-d9f2-42d5-9b39-9c459c0d9e18",
          "event-fde89615-d9f2-42d5-9b39-9c459c0d9e18",
          "SECTION-001"
        ],
        "note": "",
        "evidence_classification": "Observed",
        "evidence_scope": "OFF_PROPERTY_OR_TEST_REVIEW_REQUIRED",
        "source_family": "AUGUST_5_6_SIMPLE_FIELD",
        "thumbnail_archive_tag": "AUG6_GPT_PACKAGE",
        "thumbnail_archive_member": "photos/030_analysis.jpg",
        "thumbnail_path": "data/photos/all/photo-cf6031fb-c32a-4b10-b586-be69575719b4.jpg",
        "source_file": "C:\\Users\\Admin\\Documents\\Codex\\Property Intelligence Packages\\August 6 GPT Handoff\\SEND_THIS_TO_GPT_AUGUST_6.zip::inspection.json",
        "source_files": [
          "C:\\Users\\Admin\\Documents\\Codex\\Property Intelligence Packages\\August 6 GPT Handoff\\SEND_THIS_TO_GPT_AUGUST_6.zip::inspection.json"
        ],
        "parcel_part": "SMALL_PARCEL",
        "water_review_class": "VISIBLE_WATER_IN_PHOTO",
        "water_review_confidence": "HIGH_OR_MODERATE",
        "water_review_source": "2026-08-08_VISUAL_CONTACT_SHEET_REVIEW",
        "original_recorded_category": "MAP THIS SECTION",
        "original_evidence_modified": false,
        "review_limitation": "Water is visibly present in the photograph; this visual review does not establish extent, duration, cause, or regulatory status."
      }
    },
    {
      "type": "Feature",
      "geometry": {
        "type": "Point",
        "coordinates": [
          -87.09217803970496,
          30.490928504792116
        ]
      },
      "properties": {
        "record_type": "photograph",
        "photo_id": "photo-0e94305f-dd1f-443e-acf3-d3653aa86864",
        "photo_number": "P35",
        "inspection_date": "2026-08-05",
        "timestamp": "2026-08-05T14:48:53.687Z",
        "recorded_category": "MAP THIS SECTION",
        "display_class": "OTHER",
        "is_recorded_water_category": false,
        "water_visible_review_status": "NOT_REVIEWED_FROM_IMAGE",
        "gps_accuracy_m": 12.494783727378628,
        "heading_deg": 296.978515625,
        "section_id": "SECTION-001",
        "associated_record_ids": [
          "event-6a515282-f9a4-4aed-a6db-307a043b07e1",
          "event-fde89615-d9f2-42d5-9b39-9c459c0d9e18",
          "event-fde89615-d9f2-42d5-9b39-9c459c0d9e18",
          "SECTION-001"
        ],
        "note": "",
        "evidence_classification": "Observed",
        "evidence_scope": "OFF_PROPERTY_OR_TEST_REVIEW_REQUIRED",
        "source_family": "AUGUST_5_6_SIMPLE_FIELD",
        "thumbnail_archive_tag": "AUG6_GPT_PACKAGE",
        "thumbnail_archive_member": "photos/031_analysis.jpg",
        "thumbnail_path": "data/photos/all/photo-0e94305f-dd1f-443e-acf3-d3653aa86864.jpg",
        "source_file": "C:\\Users\\Admin\\Documents\\Codex\\Property Intelligence Packages\\August 6 GPT Handoff\\SEND_THIS_TO_GPT_AUGUST_6.zip::inspection.json",
        "source_files": [
          "C:\\Users\\Admin\\Documents\\Codex\\Property Intelligence Packages\\August 6 GPT Handoff\\SEND_THIS_TO_GPT_AUGUST_6.zip::inspection.json"
        ],
        "parcel_part": "SMALL_PARCEL",
        "water_review_class": "VISIBLE_WATER_IN_PHOTO",
        "water_review_confidence": "HIGH_OR_MODERATE",
        "water_review_source": "2026-08-08_VISUAL_CONTACT_SHEET_REVIEW",
        "original_recorded_category": "MAP THIS SECTION",
        "original_evidence_modified": false,
        "review_limitation": "Water is visibly present in the photograph; this visual review does not establish extent, duration, cause, or regulatory status."
      }
    },
    {
      "type": "Feature",
      "geometry": {
        "type": "Point",
        "coordinates": [
          -87.09221097801003,
          30.490927717664743
        ]
      },
      "properties": {
        "record_type": "photograph",
        "photo_id": "photo-5b4452db-c161-4895-bdad-bb73abf7a925",
        "photo_number": "P36",
        "inspection_date": "2026-08-05",
        "timestamp": "2026-08-05T14:49:00.436Z",
        "recorded_category": "MAP THIS SECTION",
        "display_class": "OTHER",
        "is_recorded_water_category": false,
        "water_visible_review_status": "NOT_REVIEWED_FROM_IMAGE",
        "gps_accuracy_m": 12.221033599586983,
        "heading_deg": 351.443359375,
        "section_id": "SECTION-001",
        "associated_record_ids": [
          "event-c24b1836-fb8f-4194-915f-afe98de43e52",
          "event-fde89615-d9f2-42d5-9b39-9c459c0d9e18",
          "event-fde89615-d9f2-42d5-9b39-9c459c0d9e18",
          "SECTION-001"
        ],
        "note": "",
        "evidence_classification": "Observed",
        "evidence_scope": "OFF_PROPERTY_OR_TEST_REVIEW_REQUIRED",
        "source_family": "AUGUST_5_6_SIMPLE_FIELD",
        "thumbnail_archive_tag": "AUG6_GPT_PACKAGE",
        "thumbnail_archive_member": "photos/032_analysis.jpg",
        "thumbnail_path": "data/photos/all/photo-5b4452db-c161-4895-bdad-bb73abf7a925.jpg",
        "source_file": "C:\\Users\\Admin\\Documents\\Codex\\Property Intelligence Packages\\August 6 GPT Handoff\\SEND_THIS_TO_GPT_AUGUST_6.zip::inspection.json",
        "source_files": [
          "C:\\Users\\Admin\\Documents\\Codex\\Property Intelligence Packages\\August 6 GPT Handoff\\SEND_THIS_TO_GPT_AUGUST_6.zip::inspection.json"
        ],
        "parcel_part": "SMALL_PARCEL",
        "water_review_class": "VISIBLE_WATER_IN_PHOTO",
        "water_review_confidence": "HIGH_OR_MODERATE",
        "water_review_source": "2026-08-08_VISUAL_CONTACT_SHEET_REVIEW",
        "original_recorded_category": "MAP THIS SECTION",
        "original_evidence_modified": false,
        "review_limitation": "Water is visibly present in the photograph; this visual review does not establish extent, duration, cause, or regulatory status."
      }
    },
    {
      "type": "Feature",
      "geometry": {
        "type": "Point",
        "coordinates": [
          -87.09221207052973,
          30.49092788439995
        ]
      },
      "properties": {
        "record_type": "photograph",
        "photo_id": "photo-0125d0bf-d9de-4caf-ab2c-e4ef0e9c1ead",
        "photo_number": "P37",
        "inspection_date": "2026-08-05",
        "timestamp": "2026-08-05T14:49:09.592Z",
        "recorded_category": "MAP THIS SECTION",
        "display_class": "OTHER",
        "is_recorded_water_category": false,
        "water_visible_review_status": "NOT_REVIEWED_FROM_IMAGE",
        "gps_accuracy_m": 12.711186235974674,
        "heading_deg": 341.6396179199219,
        "section_id": "SECTION-001",
        "associated_record_ids": [
          "event-752d676e-6257-4aea-a867-ae17d5fc8fdc",
          "event-fde89615-d9f2-42d5-9b39-9c459c0d9e18",
          "event-fde89615-d9f2-42d5-9b39-9c459c0d9e18",
          "SECTION-001"
        ],
        "note": "",
        "evidence_classification": "Observed",
        "evidence_scope": "OFF_PROPERTY_OR_TEST_REVIEW_REQUIRED",
        "source_family": "AUGUST_5_6_SIMPLE_FIELD",
        "thumbnail_archive_tag": "AUG6_GPT_PACKAGE",
        "thumbnail_archive_member": "photos/033_analysis.jpg",
        "thumbnail_path": "data/photos/all/photo-0125d0bf-d9de-4caf-ab2c-e4ef0e9c1ead.jpg",
        "source_file": "C:\\Users\\Admin\\Documents\\Codex\\Property Intelligence Packages\\August 6 GPT Handoff\\SEND_THIS_TO_GPT_AUGUST_6.zip::inspection.json",
        "source_files": [
          "C:\\Users\\Admin\\Documents\\Codex\\Property Intelligence Packages\\August 6 GPT Handoff\\SEND_THIS_TO_GPT_AUGUST_6.zip::inspection.json"
        ],
        "parcel_part": "SMALL_PARCEL",
        "water_review_class": "VISIBLE_WATER_IN_PHOTO",
        "water_review_confidence": "HIGH_OR_MODERATE",
        "water_review_source": "2026-08-08_VISUAL_CONTACT_SHEET_REVIEW",
        "original_recorded_category": "MAP THIS SECTION",
        "original_evidence_modified": false,
        "review_limitation": "Water is visibly present in the photograph; this visual review does not establish extent, duration, cause, or regulatory status."
      }
    },
    {
      "type": "Feature",
      "geometry": {
        "type": "Point",
        "coordinates": [
          -87.09212213095157,
          30.49095128366571
        ]
      },
      "properties": {
        "record_type": "photograph",
        "photo_id": "photo-2dbf5363-84f5-499e-99cc-36a40c4b43ae",
        "photo_number": "P38",
        "inspection_date": "2026-08-05",
        "timestamp": "2026-08-05T14:50:16.419Z",
        "recorded_category": "MAP THIS SECTION",
        "display_class": "OTHER",
        "is_recorded_water_category": false,
        "water_visible_review_status": "NOT_REVIEWED_FROM_IMAGE",
        "gps_accuracy_m": 12.725520609633703,
        "heading_deg": 289.46868896484375,
        "section_id": "SECTION-001",
        "associated_record_ids": [
          "event-a0fb3b5e-a2ce-4909-9521-87ca954202a2",
          "event-fde89615-d9f2-42d5-9b39-9c459c0d9e18",
          "event-fde89615-d9f2-42d5-9b39-9c459c0d9e18",
          "SECTION-001"
        ],
        "note": "",
        "evidence_classification": "Observed",
        "evidence_scope": "OFF_PROPERTY_OR_TEST_REVIEW_REQUIRED",
        "source_family": "AUGUST_5_6_SIMPLE_FIELD",
        "thumbnail_archive_tag": "AUG6_GPT_PACKAGE",
        "thumbnail_archive_member": "photos/034_analysis.jpg",
        "thumbnail_path": "data/photos/all/photo-2dbf5363-84f5-499e-99cc-36a40c4b43ae.jpg",
        "source_file": "C:\\Users\\Admin\\Documents\\Codex\\Property Intelligence Packages\\August 6 GPT Handoff\\SEND_THIS_TO_GPT_AUGUST_6.zip::inspection.json",
        "source_files": [
          "C:\\Users\\Admin\\Documents\\Codex\\Property Intelligence Packages\\August 6 GPT Handoff\\SEND_THIS_TO_GPT_AUGUST_6.zip::inspection.json"
        ],
        "parcel_part": "SMALL_PARCEL",
        "water_review_class": "POSSIBLE_WATER_IN_PHOTO",
        "water_review_confidence": "LOW_REVIEW_REQUIRED",
        "water_review_source": "2026-08-08_VISUAL_CONTACT_SHEET_REVIEW",
        "original_recorded_category": "MAP THIS SECTION",
        "original_evidence_modified": false,
        "review_limitation": "Possible visible water; retain for inspector review before using it as a conclusion."
      }
    },
    {
      "type": "Feature",
      "geometry": {
        "type": "Point",
        "coordinates": [
          -87.09213291645638,
          30.49097735261386
        ]
      },
      "properties": {
        "record_type": "photograph",
        "photo_id": "photo-3b634504-a10a-475e-9345-d1da972d638c",
        "photo_number": "P39",
        "inspection_date": "2026-08-05",
        "timestamp": "2026-08-05T14:50:22.111Z",
        "recorded_category": "MAP THIS SECTION",
        "display_class": "OTHER",
        "is_recorded_water_category": false,
        "water_visible_review_status": "NOT_REVIEWED_FROM_IMAGE",
        "gps_accuracy_m": 13.272783045249412,
        "heading_deg": 25.010046005249023,
        "section_id": "SECTION-001",
        "associated_record_ids": [
          "event-00b6956e-0740-4ca3-ba3c-97eea57dfab4",
          "event-fde89615-d9f2-42d5-9b39-9c459c0d9e18",
          "event-fde89615-d9f2-42d5-9b39-9c459c0d9e18",
          "SECTION-001"
        ],
        "note": "",
        "evidence_classification": "Observed",
        "evidence_scope": "OFF_PROPERTY_OR_TEST_REVIEW_REQUIRED",
        "source_family": "AUGUST_5_6_SIMPLE_FIELD",
        "thumbnail_archive_tag": "AUG6_GPT_PACKAGE",
        "thumbnail_archive_member": "photos/035_analysis.jpg",
        "thumbnail_path": "data/photos/all/photo-3b634504-a10a-475e-9345-d1da972d638c.jpg",
        "source_file": "C:\\Users\\Admin\\Documents\\Codex\\Property Intelligence Packages\\August 6 GPT Handoff\\SEND_THIS_TO_GPT_AUGUST_6.zip::inspection.json",
        "source_files": [
          "C:\\Users\\Admin\\Documents\\Codex\\Property Intelligence Packages\\August 6 GPT Handoff\\SEND_THIS_TO_GPT_AUGUST_6.zip::inspection.json"
        ],
        "parcel_part": "SMALL_PARCEL",
        "water_review_class": "VISIBLE_WATER_IN_PHOTO",
        "water_review_confidence": "HIGH_OR_MODERATE",
        "water_review_source": "2026-08-08_VISUAL_CONTACT_SHEET_REVIEW",
        "original_recorded_category": "MAP THIS SECTION",
        "original_evidence_modified": false,
        "review_limitation": "Water is visibly present in the photograph; this visual review does not establish extent, duration, cause, or regulatory status."
      }
    },
    {
      "type": "Feature",
      "geometry": {
        "type": "Point",
        "coordinates": [
          -87.09210837338345,
          30.490973286831757
        ]
      },
      "properties": {
        "record_type": "photograph",
        "photo_id": "photo-10ee4676-e22e-4e6d-9b9f-74c11598b901",
        "photo_number": "P40",
        "inspection_date": "2026-08-05",
        "timestamp": "2026-08-05T14:50:39.112Z",
        "recorded_category": "MAP THIS SECTION",
        "display_class": "OTHER",
        "is_recorded_water_category": false,
        "water_visible_review_status": "NOT_REVIEWED_FROM_IMAGE",
        "gps_accuracy_m": 13.627165489046225,
        "heading_deg": 71.0242691040039,
        "section_id": "SECTION-001",
        "associated_record_ids": [
          "event-e6a8a4d5-d891-4701-b7ba-f8957863046c",
          "event-fde89615-d9f2-42d5-9b39-9c459c0d9e18",
          "event-fde89615-d9f2-42d5-9b39-9c459c0d9e18",
          "SECTION-001"
        ],
        "note": "",
        "evidence_classification": "Observed",
        "evidence_scope": "OFF_PROPERTY_OR_TEST_REVIEW_REQUIRED",
        "source_family": "AUGUST_5_6_SIMPLE_FIELD",
        "thumbnail_archive_tag": "AUG6_GPT_PACKAGE",
        "thumbnail_archive_member": "photos/036_analysis.jpg",
        "thumbnail_path": "data/photos/all/photo-10ee4676-e22e-4e6d-9b9f-74c11598b901.jpg",
        "source_file": "C:\\Users\\Admin\\Documents\\Codex\\Property Intelligence Packages\\August 6 GPT Handoff\\SEND_THIS_TO_GPT_AUGUST_6.zip::inspection.json",
        "source_files": [
          "C:\\Users\\Admin\\Documents\\Codex\\Property Intelligence Packages\\August 6 GPT Handoff\\SEND_THIS_TO_GPT_AUGUST_6.zip::inspection.json"
        ],
        "parcel_part": "SMALL_PARCEL",
        "water_review_class": "VISIBLE_WATER_IN_PHOTO",
        "water_review_confidence": "HIGH_OR_MODERATE",
        "water_review_source": "2026-08-08_VISUAL_CONTACT_SHEET_REVIEW",
        "original_recorded_category": "MAP THIS SECTION",
        "original_evidence_modified": false,
        "review_limitation": "Water is visibly present in the photograph; this visual review does not establish extent, duration, cause, or regulatory status."
      }
    },
    {
      "type": "Feature",
      "geometry": {
        "type": "Point",
        "coordinates": [
          -87.09202624288547,
          30.491011782128314
        ]
      },
      "properties": {
        "record_type": "photograph",
        "photo_id": "photo-f2c0a959-60c6-4368-a8c2-a1b37f9d6eb3",
        "photo_number": "P41",
        "inspection_date": "2026-08-05",
        "timestamp": "2026-08-05T14:52:18.242Z",
        "recorded_category": "MAP THIS SECTION",
        "display_class": "OTHER",
        "is_recorded_water_category": false,
        "water_visible_review_status": "NOT_REVIEWED_FROM_IMAGE",
        "gps_accuracy_m": 11.218253790156666,
        "heading_deg": 289.6763000488281,
        "section_id": "SECTION-001",
        "associated_record_ids": [
          "event-d4731a7f-4671-4482-a570-1508ecde9ff2",
          "event-fde89615-d9f2-42d5-9b39-9c459c0d9e18",
          "event-fde89615-d9f2-42d5-9b39-9c459c0d9e18",
          "SECTION-001"
        ],
        "note": "",
        "evidence_classification": "Observed",
        "evidence_scope": "OFF_PROPERTY_OR_TEST_REVIEW_REQUIRED",
        "source_family": "AUGUST_5_6_SIMPLE_FIELD",
        "thumbnail_archive_tag": "AUG6_GPT_PACKAGE",
        "thumbnail_archive_member": "photos/037_analysis.jpg",
        "thumbnail_path": "data/photos/all/photo-f2c0a959-60c6-4368-a8c2-a1b37f9d6eb3.jpg",
        "source_file": "C:\\Users\\Admin\\Documents\\Codex\\Property Intelligence Packages\\August 6 GPT Handoff\\SEND_THIS_TO_GPT_AUGUST_6.zip::inspection.json",
        "source_files": [
          "C:\\Users\\Admin\\Documents\\Codex\\Property Intelligence Packages\\August 6 GPT Handoff\\SEND_THIS_TO_GPT_AUGUST_6.zip::inspection.json"
        ],
        "parcel_part": "SMALL_PARCEL",
        "water_review_class": "VISIBLE_WATER_IN_PHOTO",
        "water_review_confidence": "HIGH_OR_MODERATE",
        "water_review_source": "2026-08-08_VISUAL_CONTACT_SHEET_REVIEW",
        "original_recorded_category": "MAP THIS SECTION",
        "original_evidence_modified": false,
        "review_limitation": "Water is visibly present in the photograph; this visual review does not establish extent, duration, cause, or regulatory status."
      }
    },
    {
      "type": "Feature",
      "geometry": {
        "type": "Point",
        "coordinates": [
          -87.09195778271247,
          30.491079330196172
        ]
      },
      "properties": {
        "record_type": "photograph",
        "photo_id": "photo-2765a4e3-9d25-477a-8b34-8e26414ffb00",
        "photo_number": "P42",
        "inspection_date": "2026-08-05",
        "timestamp": "2026-08-05T14:53:50.038Z",
        "recorded_category": "MAP THIS SECTION",
        "display_class": "OTHER",
        "is_recorded_water_category": false,
        "water_visible_review_status": "NOT_REVIEWED_FROM_IMAGE",
        "gps_accuracy_m": 14.629440686711746,
        "heading_deg": 224.9246063232422,
        "section_id": "SECTION-001",
        "associated_record_ids": [
          "event-41c58a0b-e315-4e94-a6e8-71e2c707fe3f",
          "event-fde89615-d9f2-42d5-9b39-9c459c0d9e18",
          "event-fde89615-d9f2-42d5-9b39-9c459c0d9e18",
          "SECTION-001"
        ],
        "note": "",
        "evidence_classification": "Observed",
        "evidence_scope": "OFF_PROPERTY_OR_TEST_REVIEW_REQUIRED",
        "source_family": "AUGUST_5_6_SIMPLE_FIELD",
        "thumbnail_archive_tag": "AUG6_GPT_PACKAGE",
        "thumbnail_archive_member": "photos/038_analysis.jpg",
        "thumbnail_path": "data/photos/all/photo-2765a4e3-9d25-477a-8b34-8e26414ffb00.jpg",
        "source_file": "C:\\Users\\Admin\\Documents\\Codex\\Property Intelligence Packages\\August 6 GPT Handoff\\SEND_THIS_TO_GPT_AUGUST_6.zip::inspection.json",
        "source_files": [
          "C:\\Users\\Admin\\Documents\\Codex\\Property Intelligence Packages\\August 6 GPT Handoff\\SEND_THIS_TO_GPT_AUGUST_6.zip::inspection.json"
        ],
        "parcel_part": "SMALL_PARCEL",
        "water_review_class": "VISIBLE_WATER_IN_PHOTO",
        "water_review_confidence": "HIGH_OR_MODERATE",
        "water_review_source": "2026-08-08_VISUAL_CONTACT_SHEET_REVIEW",
        "original_recorded_category": "MAP THIS SECTION",
        "original_evidence_modified": false,
        "review_limitation": "Water is visibly present in the photograph; this visual review does not establish extent, duration, cause, or regulatory status."
      }
    },
    {
      "type": "Feature",
      "geometry": {
        "type": "Point",
        "coordinates": [
          -87.09201637087112,
          30.49105323991369
        ]
      },
      "properties": {
        "record_type": "photograph",
        "photo_id": "photo-79bcfa31-5859-4e4b-85b5-f737f6634847",
        "photo_number": "P43",
        "inspection_date": "2026-08-05",
        "timestamp": "2026-08-05T14:54:08.963Z",
        "recorded_category": "MAP THIS SECTION",
        "display_class": "OTHER",
        "is_recorded_water_category": false,
        "water_visible_review_status": "NOT_REVIEWED_FROM_IMAGE",
        "gps_accuracy_m": 16.28224306883863,
        "heading_deg": 263.6192321777344,
        "section_id": "SECTION-001",
        "associated_record_ids": [
          "event-79425ad0-d7e9-4b47-ba6c-261972f9f1eb",
          "event-fde89615-d9f2-42d5-9b39-9c459c0d9e18",
          "event-fde89615-d9f2-42d5-9b39-9c459c0d9e18",
          "SECTION-001"
        ],
        "note": "",
        "evidence_classification": "Observed",
        "evidence_scope": "OFF_PROPERTY_OR_TEST_REVIEW_REQUIRED",
        "source_family": "AUGUST_5_6_SIMPLE_FIELD",
        "thumbnail_archive_tag": "AUG6_GPT_PACKAGE",
        "thumbnail_archive_member": "photos/039_analysis.jpg",
        "thumbnail_path": "data/photos/all/photo-79bcfa31-5859-4e4b-85b5-f737f6634847.jpg",
        "source_file": "C:\\Users\\Admin\\Documents\\Codex\\Property Intelligence Packages\\August 6 GPT Handoff\\SEND_THIS_TO_GPT_AUGUST_6.zip::inspection.json",
        "source_files": [
          "C:\\Users\\Admin\\Documents\\Codex\\Property Intelligence Packages\\August 6 GPT Handoff\\SEND_THIS_TO_GPT_AUGUST_6.zip::inspection.json"
        ],
        "parcel_part": "SMALL_PARCEL",
        "water_review_class": "VISIBLE_WATER_IN_PHOTO",
        "water_review_confidence": "HIGH_OR_MODERATE",
        "water_review_source": "2026-08-08_VISUAL_CONTACT_SHEET_REVIEW",
        "original_recorded_category": "MAP THIS SECTION",
        "original_evidence_modified": false,
        "review_limitation": "Water is visibly present in the photograph; this visual review does not establish extent, duration, cause, or regulatory status."
      }
    },
    {
      "type": "Feature",
      "geometry": {
        "type": "Point",
        "coordinates": [
          -87.0920339017138,
          30.491033437977908
        ]
      },
      "properties": {
        "record_type": "photograph",
        "photo_id": "photo-9a795055-f881-4b61-8bef-877918c47e89",
        "photo_number": "P44",
        "inspection_date": "2026-08-05",
        "timestamp": "2026-08-05T14:54:12.785Z",
        "recorded_category": "Water Measurement",
        "display_class": "WATER",
        "is_recorded_water_category": false,
        "water_visible_review_status": "NOT_REVIEWED_FROM_IMAGE",
        "gps_accuracy_m": 16.27280104671534,
        "heading_deg": 275.95343017578125,
        "section_id": "SECTION-001",
        "associated_record_ids": [
          "event-3b260d7d-784a-427a-ada5-d3151ad61fd5",
          "event-3b260d7d-784a-427a-ada5-d3151ad61fd5",
          "SECTION-001"
        ],
        "note": "",
        "evidence_classification": "Observed",
        "evidence_scope": "OFF_PROPERTY_OR_TEST_REVIEW_REQUIRED",
        "source_family": "AUGUST_5_6_SIMPLE_FIELD",
        "thumbnail_archive_tag": "AUG6_GPT_PACKAGE",
        "thumbnail_archive_member": "photos/040_analysis.jpg",
        "thumbnail_path": "data/photos/all/photo-9a795055-f881-4b61-8bef-877918c47e89.jpg",
        "source_file": "C:\\Users\\Admin\\Documents\\Codex\\Property Intelligence Packages\\August 6 GPT Handoff\\SEND_THIS_TO_GPT_AUGUST_6.zip::inspection.json",
        "source_files": [
          "C:\\Users\\Admin\\Documents\\Codex\\Property Intelligence Packages\\August 6 GPT Handoff\\SEND_THIS_TO_GPT_AUGUST_6.zip::inspection.json"
        ],
        "parcel_part": "SMALL_PARCEL",
        "water_review_class": "RECORDED_WATER",
        "water_review_confidence": "SOURCE_RECORDED",
        "water_review_source": "FIELD_APP_RECORDED_CATEGORY",
        "original_recorded_category": "Water Measurement",
        "original_evidence_modified": false,
        "review_limitation": "Recorded as water by the field application; image appearance is supporting evidence."
      }
    },
    {
      "type": "Feature",
      "geometry": {
        "type": "Point",
        "coordinates": [
          -87.09194101013438,
          30.491164999699247
        ]
      },
      "properties": {
        "record_type": "photograph",
        "photo_id": "photo-a49f48a7-194f-4b58-9bf5-6c4a764576c4",
        "photo_number": "P45",
        "inspection_date": "2026-08-05",
        "timestamp": "2026-08-05T14:54:53.012Z",
        "recorded_category": "MAP THIS SECTION",
        "display_class": "OTHER",
        "is_recorded_water_category": false,
        "water_visible_review_status": "NOT_REVIEWED_FROM_IMAGE",
        "gps_accuracy_m": 12.419533034787905,
        "heading_deg": 51.67552947998047,
        "section_id": "SECTION-001",
        "associated_record_ids": [
          "event-a47b5a2c-4738-4af2-8985-075be9363dab",
          "event-fde89615-d9f2-42d5-9b39-9c459c0d9e18",
          "event-fde89615-d9f2-42d5-9b39-9c459c0d9e18",
          "SECTION-001"
        ],
        "note": "",
        "evidence_classification": "Observed",
        "evidence_scope": "OFF_PROPERTY_OR_TEST_REVIEW_REQUIRED",
        "source_family": "AUGUST_5_6_SIMPLE_FIELD",
        "thumbnail_archive_tag": "AUG6_GPT_PACKAGE",
        "thumbnail_archive_member": "photos/041_analysis.jpg",
        "thumbnail_path": "data/photos/all/photo-a49f48a7-194f-4b58-9bf5-6c4a764576c4.jpg",
        "source_file": "C:\\Users\\Admin\\Documents\\Codex\\Property Intelligence Packages\\August 6 GPT Handoff\\SEND_THIS_TO_GPT_AUGUST_6.zip::inspection.json",
        "source_files": [
          "C:\\Users\\Admin\\Documents\\Codex\\Property Intelligence Packages\\August 6 GPT Handoff\\SEND_THIS_TO_GPT_AUGUST_6.zip::inspection.json"
        ],
        "parcel_part": "SMALL_PARCEL",
        "water_review_class": "VISIBLE_WATER_IN_PHOTO",
        "water_review_confidence": "HIGH_OR_MODERATE",
        "water_review_source": "2026-08-08_VISUAL_CONTACT_SHEET_REVIEW",
        "original_recorded_category": "MAP THIS SECTION",
        "original_evidence_modified": false,
        "review_limitation": "Water is visibly present in the photograph; this visual review does not establish extent, duration, cause, or regulatory status."
      }
    },
    {
      "type": "Feature",
      "geometry": {
        "type": "Point",
        "coordinates": [
          -87.09192060009168,
          30.491140154451028
        ]
      },
      "properties": {
        "record_type": "photograph",
        "photo_id": "photo-ed280ef2-f857-4544-bf7e-9e0869c59fac",
        "photo_number": "P46",
        "inspection_date": "2026-08-05",
        "timestamp": "2026-08-05T14:55:05.785Z",
        "recorded_category": "MAP THIS SECTION",
        "display_class": "OTHER",
        "is_recorded_water_category": false,
        "water_visible_review_status": "NOT_REVIEWED_FROM_IMAGE",
        "gps_accuracy_m": 16.213018878963307,
        "heading_deg": 68.12152862548828,
        "section_id": "SECTION-001",
        "associated_record_ids": [
          "event-21e14a5f-4c3b-4457-a5bb-3fa3487ec390",
          "event-fde89615-d9f2-42d5-9b39-9c459c0d9e18",
          "event-fde89615-d9f2-42d5-9b39-9c459c0d9e18",
          "SECTION-001"
        ],
        "note": "",
        "evidence_classification": "Observed",
        "evidence_scope": "OFF_PROPERTY_OR_TEST_REVIEW_REQUIRED",
        "source_family": "AUGUST_5_6_SIMPLE_FIELD",
        "thumbnail_archive_tag": "AUG6_GPT_PACKAGE",
        "thumbnail_archive_member": "photos/042_analysis.jpg",
        "thumbnail_path": "data/photos/all/photo-ed280ef2-f857-4544-bf7e-9e0869c59fac.jpg",
        "source_file": "C:\\Users\\Admin\\Documents\\Codex\\Property Intelligence Packages\\August 6 GPT Handoff\\SEND_THIS_TO_GPT_AUGUST_6.zip::inspection.json",
        "source_files": [
          "C:\\Users\\Admin\\Documents\\Codex\\Property Intelligence Packages\\August 6 GPT Handoff\\SEND_THIS_TO_GPT_AUGUST_6.zip::inspection.json"
        ],
        "parcel_part": "SMALL_PARCEL",
        "water_review_class": "VISIBLE_WATER_IN_PHOTO",
        "water_review_confidence": "HIGH_OR_MODERATE",
        "water_review_source": "2026-08-08_VISUAL_CONTACT_SHEET_REVIEW",
        "original_recorded_category": "MAP THIS SECTION",
        "original_evidence_modified": false,
        "review_limitation": "Water is visibly present in the photograph; this visual review does not establish extent, duration, cause, or regulatory status."
      }
    },
    {
      "type": "Feature",
      "geometry": {
        "type": "Point",
        "coordinates": [
          -87.09189225435811,
          30.49113176741023
        ]
      },
      "properties": {
        "record_type": "photograph",
        "photo_id": "photo-3ca26215-20e7-415a-9160-a9fbe5e1f8ee",
        "photo_number": "P47",
        "inspection_date": "2026-08-05",
        "timestamp": "2026-08-05T14:56:12.290Z",
        "recorded_category": "MAP THIS SECTION",
        "display_class": "OTHER",
        "is_recorded_water_category": false,
        "water_visible_review_status": "NOT_REVIEWED_FROM_IMAGE",
        "gps_accuracy_m": 18.012938481433036,
        "heading_deg": 313.5962829589844,
        "section_id": "SECTION-001",
        "associated_record_ids": [
          "event-9143def7-ddfb-4d0b-b12d-21273bf962a4",
          "event-fde89615-d9f2-42d5-9b39-9c459c0d9e18",
          "event-fde89615-d9f2-42d5-9b39-9c459c0d9e18",
          "SECTION-001"
        ],
        "note": "",
        "evidence_classification": "Observed",
        "evidence_scope": "OFF_PROPERTY_OR_TEST_REVIEW_REQUIRED",
        "source_family": "AUGUST_5_6_SIMPLE_FIELD",
        "thumbnail_archive_tag": "AUG6_GPT_PACKAGE",
        "thumbnail_archive_member": "photos/043_analysis.jpg",
        "thumbnail_path": "data/photos/all/photo-3ca26215-20e7-415a-9160-a9fbe5e1f8ee.jpg",
        "source_file": "C:\\Users\\Admin\\Documents\\Codex\\Property Intelligence Packages\\August 6 GPT Handoff\\SEND_THIS_TO_GPT_AUGUST_6.zip::inspection.json",
        "source_files": [
          "C:\\Users\\Admin\\Documents\\Codex\\Property Intelligence Packages\\August 6 GPT Handoff\\SEND_THIS_TO_GPT_AUGUST_6.zip::inspection.json"
        ],
        "parcel_part": "SMALL_PARCEL",
        "water_review_class": "VISIBLE_WATER_IN_PHOTO",
        "water_review_confidence": "HIGH_OR_MODERATE",
        "water_review_source": "2026-08-08_VISUAL_CONTACT_SHEET_REVIEW",
        "original_recorded_category": "MAP THIS SECTION",
        "original_evidence_modified": false,
        "review_limitation": "Water is visibly present in the photograph; this visual review does not establish extent, duration, cause, or regulatory status."
      }
    },
    {
      "type": "Feature",
      "geometry": {
        "type": "Point",
        "coordinates": [
          -87.0918629102346,
          30.491122920876418
        ]
      },
      "properties": {
        "record_type": "photograph",
        "photo_id": "photo-6a5876c9-c76d-47b5-b1e8-ea457da8d90d",
        "photo_number": "P48",
        "inspection_date": "2026-08-05",
        "timestamp": "2026-08-05T14:56:21.625Z",
        "recorded_category": "MAP THIS SECTION",
        "display_class": "OTHER",
        "is_recorded_water_category": false,
        "water_visible_review_status": "NOT_REVIEWED_FROM_IMAGE",
        "gps_accuracy_m": 20.604608963394284,
        "heading_deg": 316.2032470703125,
        "section_id": "SECTION-001",
        "associated_record_ids": [
          "event-1fc5d7f6-9aa4-4465-83cc-a40cf905bf85",
          "event-fde89615-d9f2-42d5-9b39-9c459c0d9e18",
          "event-fde89615-d9f2-42d5-9b39-9c459c0d9e18",
          "SECTION-001"
        ],
        "note": "",
        "evidence_classification": "Observed",
        "evidence_scope": "OFF_PROPERTY_OR_TEST_REVIEW_REQUIRED",
        "source_family": "AUGUST_5_6_SIMPLE_FIELD",
        "thumbnail_archive_tag": "AUG6_GPT_PACKAGE",
        "thumbnail_archive_member": "photos/044_analysis.jpg",
        "thumbnail_path": "data/photos/all/photo-6a5876c9-c76d-47b5-b1e8-ea457da8d90d.jpg",
        "source_file": "C:\\Users\\Admin\\Documents\\Codex\\Property Intelligence Packages\\August 6 GPT Handoff\\SEND_THIS_TO_GPT_AUGUST_6.zip::inspection.json",
        "source_files": [
          "C:\\Users\\Admin\\Documents\\Codex\\Property Intelligence Packages\\August 6 GPT Handoff\\SEND_THIS_TO_GPT_AUGUST_6.zip::inspection.json"
        ],
        "parcel_part": "SMALL_PARCEL",
        "water_review_class": "VISIBLE_WATER_IN_PHOTO",
        "water_review_confidence": "HIGH_OR_MODERATE",
        "water_review_source": "2026-08-08_VISUAL_CONTACT_SHEET_REVIEW",
        "original_recorded_category": "MAP THIS SECTION",
        "original_evidence_modified": false,
        "review_limitation": "Water is visibly present in the photograph; this visual review does not establish extent, duration, cause, or regulatory status."
      }
    },
    {
      "type": "Feature",
      "geometry": {
        "type": "Point",
        "coordinates": [
          -87.0920692219877,
          30.489679670486368
        ]
      },
      "properties": {
        "record_type": "photograph",
        "photo_id": "photo-9b78c354-2488-421a-802a-7e3c3927e035",
        "photo_number": "P64",
        "inspection_date": "2026-08-07",
        "timestamp": "2026-08-07T14:13:58.302Z",
        "recorded_category": "WATER",
        "display_class": "WATER",
        "is_recorded_water_category": true,
        "water_visible_review_status": "RECORDED_AS_WATER",
        "gps_accuracy_m": 15.400153201829937,
        "heading_deg": null,
        "section_id": null,
        "associated_record_ids": [
          "event-39411ae1-c699-468a-bed2-2a8b6247b571",
          "event-ae382095-76a3-43c9-8190-93b0d087e042",
          "event-ae382095-76a3-43c9-8190-93b0d087e042",
          "WATER-003"
        ],
        "note": "",
        "evidence_classification": "Observed",
        "evidence_scope": "SUBJECT_PARCEL",
        "source_family": "AUGUST_7_CUMULATIVE_FIELD",
        "thumbnail_archive_tag": "AUG7_REVIEW_PHOTOS",
        "thumbnail_archive_member": "photos/064_analysis.jpg",
        "thumbnail_path": "data/photos/all/photo-9b78c354-2488-421a-802a-7e3c3927e035.jpg",
        "source_file": "C:\\Users\\Admin\\Documents\\Codex\\Property Intelligence Packages\\CHATGPT_REVIEW_2026-08-07\\01_INSPECTION_FULL.json",
        "source_files": [
          "C:\\Users\\Admin\\Documents\\Codex\\Property Intelligence Packages\\CHATGPT_REVIEW_2026-08-07\\01_INSPECTION_FULL.json"
        ],
        "parcel_part": "LARGE_PARCEL",
        "water_review_class": "RECORDED_WATER",
        "water_review_confidence": "SOURCE_RECORDED",
        "water_review_source": "FIELD_APP_RECORDED_CATEGORY",
        "original_recorded_category": "WATER",
        "original_evidence_modified": false,
        "review_limitation": "Recorded as water by the field application; image appearance is supporting evidence."
      }
    },
    {
      "type": "Feature",
      "geometry": {
        "type": "Point",
        "coordinates": [
          -87.09212728178065,
          30.489639061447793
        ]
      },
      "properties": {
        "record_type": "photograph",
        "photo_id": "photo-3806255a-744e-47b3-80bf-48d0bd7e41dc",
        "photo_number": "P65",
        "inspection_date": "2026-08-07",
        "timestamp": "2026-08-07T14:15:02.898Z",
        "recorded_category": "WATER",
        "display_class": "WATER",
        "is_recorded_water_category": true,
        "water_visible_review_status": "RECORDED_AS_WATER",
        "gps_accuracy_m": 13.175702476986068,
        "heading_deg": 51.87675453517118,
        "section_id": null,
        "associated_record_ids": [
          "event-d9a4c420-4f58-4f87-98b0-c0670852430d",
          "event-88a90e5a-f9a7-41a7-828e-e8e0d9e64c03",
          "event-88a90e5a-f9a7-41a7-828e-e8e0d9e64c03",
          "WATER-004"
        ],
        "note": "",
        "evidence_classification": "Observed",
        "evidence_scope": "SUBJECT_PARCEL",
        "source_family": "AUGUST_7_CUMULATIVE_FIELD",
        "thumbnail_archive_tag": "AUG7_REVIEW_PHOTOS",
        "thumbnail_archive_member": "photos/065_analysis.jpg",
        "thumbnail_path": "data/photos/all/photo-3806255a-744e-47b3-80bf-48d0bd7e41dc.jpg",
        "source_file": "C:\\Users\\Admin\\Documents\\Codex\\Property Intelligence Packages\\CHATGPT_REVIEW_2026-08-07\\01_INSPECTION_FULL.json",
        "source_files": [
          "C:\\Users\\Admin\\Documents\\Codex\\Property Intelligence Packages\\CHATGPT_REVIEW_2026-08-07\\01_INSPECTION_FULL.json"
        ],
        "parcel_part": "LARGE_PARCEL",
        "water_review_class": "RECORDED_WATER",
        "water_review_confidence": "SOURCE_RECORDED",
        "water_review_source": "FIELD_APP_RECORDED_CATEGORY",
        "original_recorded_category": "WATER",
        "original_evidence_modified": false,
        "review_limitation": "Recorded as water by the field application; image appearance is supporting evidence."
      }
    },
    {
      "type": "Feature",
      "geometry": {
        "type": "Point",
        "coordinates": [
          -87.0921695688854,
          30.48957445170828
        ]
      },
      "properties": {
        "record_type": "photograph",
        "photo_id": "photo-3788b8fd-8c39-469e-90db-680cf23b7928",
        "photo_number": "P66",
        "inspection_date": "2026-08-07",
        "timestamp": "2026-08-07T14:15:39.213Z",
        "recorded_category": "WATER",
        "display_class": "WATER",
        "is_recorded_water_category": true,
        "water_visible_review_status": "RECORDED_AS_WATER",
        "gps_accuracy_m": 15.221452087446618,
        "heading_deg": 44.16932515018434,
        "section_id": null,
        "associated_record_ids": [
          "event-610efca3-e334-4949-b4b5-ab58e0850b81",
          "event-88a90e5a-f9a7-41a7-828e-e8e0d9e64c03",
          "event-88a90e5a-f9a7-41a7-828e-e8e0d9e64c03",
          "WATER-004"
        ],
        "note": "",
        "evidence_classification": "Observed",
        "evidence_scope": "SUBJECT_PARCEL",
        "source_family": "AUGUST_7_CUMULATIVE_FIELD",
        "thumbnail_archive_tag": "AUG7_REVIEW_PHOTOS",
        "thumbnail_archive_member": "photos/066_analysis.jpg",
        "thumbnail_path": "data/photos/all/photo-3788b8fd-8c39-469e-90db-680cf23b7928.jpg",
        "source_file": "C:\\Users\\Admin\\Documents\\Codex\\Property Intelligence Packages\\CHATGPT_REVIEW_2026-08-07\\01_INSPECTION_FULL.json",
        "source_files": [
          "C:\\Users\\Admin\\Documents\\Codex\\Property Intelligence Packages\\CHATGPT_REVIEW_2026-08-07\\01_INSPECTION_FULL.json"
        ],
        "parcel_part": "LARGE_PARCEL",
        "water_review_class": "RECORDED_WATER",
        "water_review_confidence": "SOURCE_RECORDED",
        "water_review_source": "FIELD_APP_RECORDED_CATEGORY",
        "original_recorded_category": "WATER",
        "original_evidence_modified": false,
        "review_limitation": "Recorded as water by the field application; image appearance is supporting evidence."
      }
    },
    {
      "type": "Feature",
      "geometry": {
        "type": "Point",
        "coordinates": [
          -87.09228191805425,
          30.488774476009134
        ]
      },
      "properties": {
        "record_type": "photograph",
        "photo_id": "photo-04c4b4fe-1c30-4a42-beb7-10adada56b6e",
        "photo_number": "P71",
        "inspection_date": "2026-08-07",
        "timestamp": "2026-08-07T14:47:01.089Z",
        "recorded_category": "WATER",
        "display_class": "WATER",
        "is_recorded_water_category": true,
        "water_visible_review_status": "RECORDED_AS_WATER",
        "gps_accuracy_m": 16.218949984986413,
        "heading_deg": 198.05075497877806,
        "section_id": null,
        "associated_record_ids": [
          "event-4d10a995-23ee-4fdd-9bbb-1248293dabbf",
          "event-b44f810a-af07-4b77-a69a-60ec4b3e7daf",
          "event-b44f810a-af07-4b77-a69a-60ec4b3e7daf",
          "WATER-005"
        ],
        "note": "",
        "evidence_classification": "Observed",
        "evidence_scope": "SUBJECT_PARCEL",
        "source_family": "AUGUST_7_CUMULATIVE_FIELD",
        "thumbnail_archive_tag": "AUG7_REVIEW_PHOTOS",
        "thumbnail_archive_member": "photos/071_analysis.jpg",
        "thumbnail_path": "data/photos/all/photo-04c4b4fe-1c30-4a42-beb7-10adada56b6e.jpg",
        "source_file": "C:\\Users\\Admin\\Documents\\Codex\\Property Intelligence Packages\\CHATGPT_REVIEW_2026-08-07\\01_INSPECTION_FULL.json",
        "source_files": [
          "C:\\Users\\Admin\\Documents\\Codex\\Property Intelligence Packages\\CHATGPT_REVIEW_2026-08-07\\01_INSPECTION_FULL.json"
        ],
        "parcel_part": "LARGE_PARCEL",
        "water_review_class": "RECORDED_WATER",
        "water_review_confidence": "SOURCE_RECORDED",
        "water_review_source": "FIELD_APP_RECORDED_CATEGORY",
        "original_recorded_category": "WATER",
        "original_evidence_modified": false,
        "review_limitation": "Recorded as water by the field application; image appearance is supporting evidence."
      }
    },
    {
      "type": "Feature",
      "geometry": {
        "type": "Point",
        "coordinates": [
          -87.09228263828494,
          30.488768652250325
        ]
      },
      "properties": {
        "record_type": "photograph",
        "photo_id": "photo-cba3616b-0434-4772-88c2-039a120e82b1",
        "photo_number": "P72",
        "inspection_date": "2026-08-07",
        "timestamp": "2026-08-07T14:47:11.527Z",
        "recorded_category": "WATER",
        "display_class": "WATER",
        "is_recorded_water_category": true,
        "water_visible_review_status": "RECORDED_AS_WATER",
        "gps_accuracy_m": 16.030050912685926,
        "heading_deg": 198.0507534696084,
        "section_id": null,
        "associated_record_ids": [
          "event-fe79d7d1-06f3-4dd4-874f-37a1d7e043e4",
          "event-b44f810a-af07-4b77-a69a-60ec4b3e7daf",
          "event-b44f810a-af07-4b77-a69a-60ec4b3e7daf",
          "WATER-005"
        ],
        "note": "",
        "evidence_classification": "Observed",
        "evidence_scope": "SUBJECT_PARCEL",
        "source_family": "AUGUST_7_CUMULATIVE_FIELD",
        "thumbnail_archive_tag": "AUG7_REVIEW_PHOTOS",
        "thumbnail_archive_member": "photos/072_analysis.jpg",
        "thumbnail_path": "data/photos/all/photo-cba3616b-0434-4772-88c2-039a120e82b1.jpg",
        "source_file": "C:\\Users\\Admin\\Documents\\Codex\\Property Intelligence Packages\\CHATGPT_REVIEW_2026-08-07\\01_INSPECTION_FULL.json",
        "source_files": [
          "C:\\Users\\Admin\\Documents\\Codex\\Property Intelligence Packages\\CHATGPT_REVIEW_2026-08-07\\01_INSPECTION_FULL.json"
        ],
        "parcel_part": "LARGE_PARCEL",
        "water_review_class": "RECORDED_WATER",
        "water_review_confidence": "SOURCE_RECORDED",
        "water_review_source": "FIELD_APP_RECORDED_CATEGORY",
        "original_recorded_category": "WATER",
        "original_evidence_modified": false,
        "review_limitation": "Recorded as water by the field application; image appearance is supporting evidence."
      }
    },
    {
      "type": "Feature",
      "geometry": {
        "type": "Point",
        "coordinates": [
          -87.0923010171493,
          30.48871176817641
        ]
      },
      "properties": {
        "record_type": "photograph",
        "photo_id": "photo-2c777f8f-ffc6-4b3e-9c7c-07112ac9f9ff",
        "photo_number": "P73",
        "inspection_date": "2026-08-07",
        "timestamp": "2026-08-07T14:48:23.777Z",
        "recorded_category": "WATER",
        "display_class": "WATER",
        "is_recorded_water_category": true,
        "water_visible_review_status": "RECORDED_AS_WATER",
        "gps_accuracy_m": 16.415948403497516,
        "heading_deg": 162.38946492713225,
        "section_id": null,
        "associated_record_ids": [
          "event-e47c780d-e9e3-43dd-bece-cbe3b3a432cd",
          "event-64b04824-ba70-408e-acd4-4671c493884a",
          "event-64b04824-ba70-408e-acd4-4671c493884a",
          "WATER-006"
        ],
        "note": "",
        "evidence_classification": "Observed",
        "evidence_scope": "SUBJECT_PARCEL",
        "source_family": "AUGUST_7_CUMULATIVE_FIELD",
        "thumbnail_archive_tag": "AUG7_REVIEW_PHOTOS",
        "thumbnail_archive_member": "photos/073_analysis.jpg",
        "thumbnail_path": "data/photos/all/photo-2c777f8f-ffc6-4b3e-9c7c-07112ac9f9ff.jpg",
        "source_file": "C:\\Users\\Admin\\Documents\\Codex\\Property Intelligence Packages\\CHATGPT_REVIEW_2026-08-07\\01_INSPECTION_FULL.json",
        "source_files": [
          "C:\\Users\\Admin\\Documents\\Codex\\Property Intelligence Packages\\CHATGPT_REVIEW_2026-08-07\\01_INSPECTION_FULL.json"
        ],
        "parcel_part": "LARGE_PARCEL",
        "water_review_class": "RECORDED_WATER",
        "water_review_confidence": "SOURCE_RECORDED",
        "water_review_source": "FIELD_APP_RECORDED_CATEGORY",
        "original_recorded_category": "WATER",
        "original_evidence_modified": false,
        "review_limitation": "Recorded as water by the field application; image appearance is supporting evidence."
      }
    },
    {
      "type": "Feature",
      "geometry": {
        "type": "Point",
        "coordinates": [
          -87.09228286048152,
          30.48869592841245
        ]
      },
      "properties": {
        "record_type": "photograph",
        "photo_id": "photo-be406434-72fd-4c09-9fff-2c7035edb7d8",
        "photo_number": "P74",
        "inspection_date": "2026-08-07",
        "timestamp": "2026-08-07T14:49:31.981Z",
        "recorded_category": "WATER",
        "display_class": "WATER",
        "is_recorded_water_category": true,
        "water_visible_review_status": "RECORDED_AS_WATER",
        "gps_accuracy_m": 13.98050587970326,
        "heading_deg": 124.22545418749311,
        "section_id": null,
        "associated_record_ids": [
          "event-d312bb94-6a6c-446d-a681-8ad6a03140f8",
          "event-64b04824-ba70-408e-acd4-4671c493884a",
          "event-64b04824-ba70-408e-acd4-4671c493884a",
          "WATER-006"
        ],
        "note": "",
        "evidence_classification": "Observed",
        "evidence_scope": "SUBJECT_PARCEL",
        "source_family": "AUGUST_7_CUMULATIVE_FIELD",
        "thumbnail_archive_tag": "AUG7_REVIEW_PHOTOS",
        "thumbnail_archive_member": "photos/074_analysis.jpg",
        "thumbnail_path": "data/photos/all/photo-be406434-72fd-4c09-9fff-2c7035edb7d8.jpg",
        "source_file": "C:\\Users\\Admin\\Documents\\Codex\\Property Intelligence Packages\\CHATGPT_REVIEW_2026-08-07\\01_INSPECTION_FULL.json",
        "source_files": [
          "C:\\Users\\Admin\\Documents\\Codex\\Property Intelligence Packages\\CHATGPT_REVIEW_2026-08-07\\01_INSPECTION_FULL.json"
        ],
        "parcel_part": "LARGE_PARCEL",
        "water_review_class": "RECORDED_WATER",
        "water_review_confidence": "SOURCE_RECORDED",
        "water_review_source": "FIELD_APP_RECORDED_CATEGORY",
        "original_recorded_category": "WATER",
        "original_evidence_modified": false,
        "review_limitation": "Recorded as water by the field application; image appearance is supporting evidence."
      }
    },
    {
      "type": "Feature",
      "geometry": {
        "type": "Point",
        "coordinates": [
          -87.09225549045358,
          30.48869601994706
        ]
      },
      "properties": {
        "record_type": "photograph",
        "photo_id": "photo-f345fc1c-628f-4a67-92ce-e8c6333c0df7",
        "photo_number": "P75",
        "inspection_date": "2026-08-07",
        "timestamp": "2026-08-07T14:49:40.791Z",
        "recorded_category": "WATER",
        "display_class": "WATER",
        "is_recorded_water_category": true,
        "water_visible_review_status": "RECORDED_AS_WATER",
        "gps_accuracy_m": 15.614554898622762,
        "heading_deg": 124.22547296992202,
        "section_id": null,
        "associated_record_ids": [
          "event-70ef63f8-565a-4ca3-b148-4a51adc67ce3",
          "event-64b04824-ba70-408e-acd4-4671c493884a",
          "event-64b04824-ba70-408e-acd4-4671c493884a",
          "WATER-006"
        ],
        "note": "",
        "evidence_classification": "Observed",
        "evidence_scope": "SUBJECT_PARCEL",
        "source_family": "AUGUST_7_CUMULATIVE_FIELD",
        "thumbnail_archive_tag": "AUG7_REVIEW_PHOTOS",
        "thumbnail_archive_member": "photos/075_analysis.jpg",
        "thumbnail_path": "data/photos/all/photo-f345fc1c-628f-4a67-92ce-e8c6333c0df7.jpg",
        "source_file": "C:\\Users\\Admin\\Documents\\Codex\\Property Intelligence Packages\\CHATGPT_REVIEW_2026-08-07\\01_INSPECTION_FULL.json",
        "source_files": [
          "C:\\Users\\Admin\\Documents\\Codex\\Property Intelligence Packages\\CHATGPT_REVIEW_2026-08-07\\01_INSPECTION_FULL.json"
        ],
        "parcel_part": "LARGE_PARCEL",
        "water_review_class": "RECORDED_WATER",
        "water_review_confidence": "SOURCE_RECORDED",
        "water_review_source": "FIELD_APP_RECORDED_CATEGORY",
        "original_recorded_category": "WATER",
        "original_evidence_modified": false,
        "review_limitation": "Recorded as water by the field application; image appearance is supporting evidence."
      }
    },
    {
      "type": "Feature",
      "geometry": {
        "type": "Point",
        "coordinates": [
          -87.09228467655143,
          30.48869780162199
        ]
      },
      "properties": {
        "record_type": "photograph",
        "photo_id": "photo-1abf3541-39b5-4d42-b661-da2f68281b42",
        "photo_number": "P76",
        "inspection_date": "2026-08-07",
        "timestamp": "2026-08-07T14:49:46.059Z",
        "recorded_category": "WATER",
        "display_class": "WATER",
        "is_recorded_water_category": true,
        "water_visible_review_status": "RECORDED_AS_WATER",
        "gps_accuracy_m": 17.389135497676158,
        "heading_deg": 124.22545351143023,
        "section_id": null,
        "associated_record_ids": [
          "event-1cfeaef2-2169-4846-aa5c-cc88c8486b53",
          "event-64b04824-ba70-408e-acd4-4671c493884a",
          "event-64b04824-ba70-408e-acd4-4671c493884a",
          "WATER-006"
        ],
        "note": "",
        "evidence_classification": "Observed",
        "evidence_scope": "SUBJECT_PARCEL",
        "source_family": "AUGUST_7_CUMULATIVE_FIELD",
        "thumbnail_archive_tag": "AUG7_REVIEW_PHOTOS",
        "thumbnail_archive_member": "photos/076_analysis.jpg",
        "thumbnail_path": "data/photos/all/photo-1abf3541-39b5-4d42-b661-da2f68281b42.jpg",
        "source_file": "C:\\Users\\Admin\\Documents\\Codex\\Property Intelligence Packages\\CHATGPT_REVIEW_2026-08-07\\01_INSPECTION_FULL.json",
        "source_files": [
          "C:\\Users\\Admin\\Documents\\Codex\\Property Intelligence Packages\\CHATGPT_REVIEW_2026-08-07\\01_INSPECTION_FULL.json"
        ],
        "parcel_part": "LARGE_PARCEL",
        "water_review_class": "RECORDED_WATER",
        "water_review_confidence": "SOURCE_RECORDED",
        "water_review_source": "FIELD_APP_RECORDED_CATEGORY",
        "original_recorded_category": "WATER",
        "original_evidence_modified": false,
        "review_limitation": "Recorded as water by the field application; image appearance is supporting evidence."
      }
    },
    {
      "type": "Feature",
      "geometry": {
        "type": "Point",
        "coordinates": [
          -87.09228113898178,
          30.488673943774298
        ]
      },
      "properties": {
        "record_type": "photograph",
        "photo_id": "photo-2a55f93f-197b-4cb9-adf3-294ce1d22ef4",
        "photo_number": "P77",
        "inspection_date": "2026-08-07",
        "timestamp": "2026-08-07T14:49:58.750Z",
        "recorded_category": "WATER",
        "display_class": "WATER",
        "is_recorded_water_category": true,
        "water_visible_review_status": "RECORDED_AS_WATER",
        "gps_accuracy_m": 17.18121981151778,
        "heading_deg": 151.90199738599983,
        "section_id": null,
        "associated_record_ids": [
          "event-b734952a-238a-4740-b2be-746d88388008",
          "event-64b04824-ba70-408e-acd4-4671c493884a",
          "event-64b04824-ba70-408e-acd4-4671c493884a",
          "WATER-006"
        ],
        "note": "",
        "evidence_classification": "Observed",
        "evidence_scope": "SUBJECT_PARCEL",
        "source_family": "AUGUST_7_CUMULATIVE_FIELD",
        "thumbnail_archive_tag": "AUG7_REVIEW_PHOTOS",
        "thumbnail_archive_member": "photos/077_analysis.jpg",
        "thumbnail_path": "data/photos/all/photo-2a55f93f-197b-4cb9-adf3-294ce1d22ef4.jpg",
        "source_file": "C:\\Users\\Admin\\Documents\\Codex\\Property Intelligence Packages\\CHATGPT_REVIEW_2026-08-07\\01_INSPECTION_FULL.json",
        "source_files": [
          "C:\\Users\\Admin\\Documents\\Codex\\Property Intelligence Packages\\CHATGPT_REVIEW_2026-08-07\\01_INSPECTION_FULL.json"
        ],
        "parcel_part": "LARGE_PARCEL",
        "water_review_class": "RECORDED_WATER",
        "water_review_confidence": "SOURCE_RECORDED",
        "water_review_source": "FIELD_APP_RECORDED_CATEGORY",
        "original_recorded_category": "WATER",
        "original_evidence_modified": false,
        "review_limitation": "Recorded as water by the field application; image appearance is supporting evidence."
      }
    },
    {
      "type": "Feature",
      "geometry": {
        "type": "Point",
        "coordinates": [
          -87.09220816032125,
          30.488711866386122
        ]
      },
      "properties": {
        "record_type": "photograph",
        "photo_id": "photo-5ae0d64c-c210-44a7-a6bc-5a322cef6a0f",
        "photo_number": "P78",
        "inspection_date": "2026-08-07",
        "timestamp": "2026-08-07T14:50:36.417Z",
        "recorded_category": "WATER",
        "display_class": "WATER",
        "is_recorded_water_category": true,
        "water_visible_review_status": "RECORDED_AS_WATER",
        "gps_accuracy_m": 15.749190154507017,
        "heading_deg": 224.75435440228017,
        "section_id": null,
        "associated_record_ids": [
          "event-adba6f84-2e35-414d-871f-f20cb4c7a0b9",
          "event-64b04824-ba70-408e-acd4-4671c493884a",
          "event-64b04824-ba70-408e-acd4-4671c493884a",
          "WATER-006"
        ],
        "note": "",
        "evidence_classification": "Observed",
        "evidence_scope": "SUBJECT_PARCEL",
        "source_family": "AUGUST_7_CUMULATIVE_FIELD",
        "thumbnail_archive_tag": "AUG7_REVIEW_PHOTOS",
        "thumbnail_archive_member": "photos/078_analysis.jpg",
        "thumbnail_path": "data/photos/all/photo-5ae0d64c-c210-44a7-a6bc-5a322cef6a0f.jpg",
        "source_file": "C:\\Users\\Admin\\Documents\\Codex\\Property Intelligence Packages\\CHATGPT_REVIEW_2026-08-07\\01_INSPECTION_FULL.json",
        "source_files": [
          "C:\\Users\\Admin\\Documents\\Codex\\Property Intelligence Packages\\CHATGPT_REVIEW_2026-08-07\\01_INSPECTION_FULL.json"
        ],
        "parcel_part": "LARGE_PARCEL",
        "water_review_class": "RECORDED_WATER",
        "water_review_confidence": "SOURCE_RECORDED",
        "water_review_source": "FIELD_APP_RECORDED_CATEGORY",
        "original_recorded_category": "WATER",
        "original_evidence_modified": false,
        "review_limitation": "Recorded as water by the field application; image appearance is supporting evidence."
      }
    },
    {
      "type": "Feature",
      "geometry": {
        "type": "Point",
        "coordinates": [
          -87.09134901351696,
          30.488816360211437
        ]
      },
      "properties": {
        "record_type": "photograph",
        "photo_id": "photo-419c612e-b396-44bd-bbe9-bdc645b2f859",
        "photo_number": "P90",
        "inspection_date": "2026-08-07",
        "timestamp": "2026-08-07T15:32:35.850Z",
        "recorded_category": "MAP THIS SECTION",
        "display_class": "OTHER",
        "is_recorded_water_category": false,
        "water_visible_review_status": "NOT_REVIEWED_FROM_IMAGE",
        "gps_accuracy_m": 8.091727819231886,
        "heading_deg": 174.38927290762285,
        "section_id": "SECTION-005",
        "associated_record_ids": [
          "event-4720c9c9-2160-483f-8a75-9db3020dc736",
          "event-bd82ab96-9826-4e4c-873a-2fd6efcc5c3d",
          "event-bd82ab96-9826-4e4c-873a-2fd6efcc5c3d",
          "SECTION-005"
        ],
        "note": "",
        "evidence_classification": "Observed",
        "evidence_scope": "SUBJECT_PARCEL",
        "source_family": "AUGUST_7_CUMULATIVE_FIELD",
        "thumbnail_archive_tag": "AUG7_REVIEW_PHOTOS",
        "thumbnail_archive_member": "photos/090_analysis.jpg",
        "thumbnail_path": "data/photos/all/photo-419c612e-b396-44bd-bbe9-bdc645b2f859.jpg",
        "source_file": "C:\\Users\\Admin\\Documents\\Codex\\Property Intelligence Packages\\CHATGPT_REVIEW_2026-08-07\\01_INSPECTION_FULL.json",
        "source_files": [
          "C:\\Users\\Admin\\Documents\\Codex\\Property Intelligence Packages\\CHATGPT_REVIEW_2026-08-07\\01_INSPECTION_FULL.json"
        ],
        "parcel_part": "LARGE_PARCEL",
        "water_review_class": "VISIBLE_WATER_IN_PHOTO",
        "water_review_confidence": "HIGH_OR_MODERATE",
        "water_review_source": "2026-08-08_VISUAL_CONTACT_SHEET_REVIEW",
        "original_recorded_category": "MAP THIS SECTION",
        "original_evidence_modified": false,
        "review_limitation": "Water is visibly present in the photograph; this visual review does not establish extent, duration, cause, or regulatory status."
      }
    },
    {
      "type": "Feature",
      "geometry": {
        "type": "Point",
        "coordinates": [
          -87.09127401928146,
          30.488750119886664
        ]
      },
      "properties": {
        "record_type": "photograph",
        "photo_id": "photo-3c9e121e-2a95-4d40-8b87-4c7122b53f23",
        "photo_number": "P91",
        "inspection_date": "2026-08-07",
        "timestamp": "2026-08-07T15:34:03.743Z",
        "recorded_category": "MAP THIS SECTION",
        "display_class": "OTHER",
        "is_recorded_water_category": false,
        "water_visible_review_status": "NOT_REVIEWED_FROM_IMAGE",
        "gps_accuracy_m": 7.487955758879955,
        "heading_deg": 106.71469824919232,
        "section_id": "SECTION-005",
        "associated_record_ids": [
          "event-2a5fd9d5-b5a6-48ba-9fa0-580f4ec1358f",
          "event-bd82ab96-9826-4e4c-873a-2fd6efcc5c3d",
          "event-bd82ab96-9826-4e4c-873a-2fd6efcc5c3d",
          "SECTION-005"
        ],
        "note": "",
        "evidence_classification": "Observed",
        "evidence_scope": "SUBJECT_PARCEL",
        "source_family": "AUGUST_7_CUMULATIVE_FIELD",
        "thumbnail_archive_tag": "AUG7_REVIEW_PHOTOS",
        "thumbnail_archive_member": "photos/091_analysis.jpg",
        "thumbnail_path": "data/photos/all/photo-3c9e121e-2a95-4d40-8b87-4c7122b53f23.jpg",
        "source_file": "C:\\Users\\Admin\\Documents\\Codex\\Property Intelligence Packages\\CHATGPT_REVIEW_2026-08-07\\01_INSPECTION_FULL.json",
        "source_files": [
          "C:\\Users\\Admin\\Documents\\Codex\\Property Intelligence Packages\\CHATGPT_REVIEW_2026-08-07\\01_INSPECTION_FULL.json"
        ],
        "parcel_part": "LARGE_PARCEL",
        "water_review_class": "VISIBLE_WATER_IN_PHOTO",
        "water_review_confidence": "HIGH_OR_MODERATE",
        "water_review_source": "2026-08-08_VISUAL_CONTACT_SHEET_REVIEW",
        "original_recorded_category": "MAP THIS SECTION",
        "original_evidence_modified": false,
        "review_limitation": "Water is visibly present in the photograph; this visual review does not establish extent, duration, cause, or regulatory status."
      }
    },
    {
      "type": "Feature",
      "geometry": {
        "type": "Point",
        "coordinates": [
          -87.0912601138914,
          30.48874113432766
        ]
      },
      "properties": {
        "record_type": "photograph",
        "photo_id": "photo-4da89938-90e1-4e78-81f3-5117cc38a04a",
        "photo_number": "P92",
        "inspection_date": "2026-08-07",
        "timestamp": "2026-08-07T15:34:13.316Z",
        "recorded_category": "MAP THIS SECTION",
        "display_class": "OTHER",
        "is_recorded_water_category": false,
        "water_visible_review_status": "NOT_REVIEWED_FROM_IMAGE",
        "gps_accuracy_m": 9.00409707880962,
        "heading_deg": 126.1728212086623,
        "section_id": "SECTION-005",
        "associated_record_ids": [
          "event-ee77ed5b-e6f2-42ac-a1a6-5c8089e4cccb",
          "event-bd82ab96-9826-4e4c-873a-2fd6efcc5c3d",
          "event-bd82ab96-9826-4e4c-873a-2fd6efcc5c3d",
          "SECTION-005"
        ],
        "note": "",
        "evidence_classification": "Observed",
        "evidence_scope": "SUBJECT_PARCEL",
        "source_family": "AUGUST_7_CUMULATIVE_FIELD",
        "thumbnail_archive_tag": "AUG7_REVIEW_PHOTOS",
        "thumbnail_archive_member": "photos/092_analysis.jpg",
        "thumbnail_path": "data/photos/all/photo-4da89938-90e1-4e78-81f3-5117cc38a04a.jpg",
        "source_file": "C:\\Users\\Admin\\Documents\\Codex\\Property Intelligence Packages\\CHATGPT_REVIEW_2026-08-07\\01_INSPECTION_FULL.json",
        "source_files": [
          "C:\\Users\\Admin\\Documents\\Codex\\Property Intelligence Packages\\CHATGPT_REVIEW_2026-08-07\\01_INSPECTION_FULL.json"
        ],
        "parcel_part": "LARGE_PARCEL",
        "water_review_class": "POSSIBLE_WATER_IN_PHOTO",
        "water_review_confidence": "LOW_REVIEW_REQUIRED",
        "water_review_source": "2026-08-08_VISUAL_CONTACT_SHEET_REVIEW",
        "original_recorded_category": "MAP THIS SECTION",
        "original_evidence_modified": false,
        "review_limitation": "Possible visible water; retain for inspector review before using it as a conclusion."
      }
    },
    {
      "type": "Feature",
      "geometry": {
        "type": "Point",
        "coordinates": [
          -87.09116067795577,
          30.488932183160728
        ]
      },
      "properties": {
        "record_type": "photograph",
        "photo_id": "photo-3baaf83b-5943-438d-9d1b-002034b7d081",
        "photo_number": "P93",
        "inspection_date": "2026-08-07",
        "timestamp": "2026-08-07T15:35:53.248Z",
        "recorded_category": "MAP THIS SECTION",
        "display_class": "OTHER",
        "is_recorded_water_category": false,
        "water_visible_review_status": "NOT_REVIEWED_FROM_IMAGE",
        "gps_accuracy_m": 10.525307530432938,
        "heading_deg": 2.515373373694064,
        "section_id": "SECTION-005",
        "associated_record_ids": [
          "event-b0065bea-219f-4aa1-9fbc-86f710744d3b",
          "event-bd82ab96-9826-4e4c-873a-2fd6efcc5c3d",
          "event-bd82ab96-9826-4e4c-873a-2fd6efcc5c3d",
          "SECTION-005"
        ],
        "note": "",
        "evidence_classification": "Observed",
        "evidence_scope": "SUBJECT_PARCEL",
        "source_family": "AUGUST_7_CUMULATIVE_FIELD",
        "thumbnail_archive_tag": "AUG7_REVIEW_PHOTOS",
        "thumbnail_archive_member": "photos/093_analysis.jpg",
        "thumbnail_path": "data/photos/all/photo-3baaf83b-5943-438d-9d1b-002034b7d081.jpg",
        "source_file": "C:\\Users\\Admin\\Documents\\Codex\\Property Intelligence Packages\\CHATGPT_REVIEW_2026-08-07\\01_INSPECTION_FULL.json",
        "source_files": [
          "C:\\Users\\Admin\\Documents\\Codex\\Property Intelligence Packages\\CHATGPT_REVIEW_2026-08-07\\01_INSPECTION_FULL.json"
        ],
        "parcel_part": "LARGE_PARCEL",
        "water_review_class": "POSSIBLE_WATER_IN_PHOTO",
        "water_review_confidence": "LOW_REVIEW_REQUIRED",
        "water_review_source": "2026-08-08_VISUAL_CONTACT_SHEET_REVIEW",
        "original_recorded_category": "MAP THIS SECTION",
        "original_evidence_modified": false,
        "review_limitation": "Possible visible water; retain for inspector review before using it as a conclusion."
      }
    },
    {
      "type": "Feature",
      "geometry": {
        "type": "Point",
        "coordinates": [
          -87.09114926941957,
          30.488928726001607
        ]
      },
      "properties": {
        "record_type": "photograph",
        "photo_id": "photo-8ebe5497-dd95-4509-9233-32f81114dfa7",
        "photo_number": "P94",
        "inspection_date": "2026-08-07",
        "timestamp": "2026-08-07T15:35:59.737Z",
        "recorded_category": "MAP THIS SECTION",
        "display_class": "OTHER",
        "is_recorded_water_category": false,
        "water_visible_review_status": "NOT_REVIEWED_FROM_IMAGE",
        "gps_accuracy_m": 10.845050592654092,
        "heading_deg": 357.4539308900804,
        "section_id": "SECTION-005",
        "associated_record_ids": [
          "event-5c760456-681c-4581-b371-63f7327cb864",
          "event-bd82ab96-9826-4e4c-873a-2fd6efcc5c3d",
          "event-bd82ab96-9826-4e4c-873a-2fd6efcc5c3d",
          "SECTION-005"
        ],
        "note": "",
        "evidence_classification": "Observed",
        "evidence_scope": "SUBJECT_PARCEL",
        "source_family": "AUGUST_7_CUMULATIVE_FIELD",
        "thumbnail_archive_tag": "AUG7_REVIEW_PHOTOS",
        "thumbnail_archive_member": "photos/094_analysis.jpg",
        "thumbnail_path": "data/photos/all/photo-8ebe5497-dd95-4509-9233-32f81114dfa7.jpg",
        "source_file": "C:\\Users\\Admin\\Documents\\Codex\\Property Intelligence Packages\\CHATGPT_REVIEW_2026-08-07\\01_INSPECTION_FULL.json",
        "source_files": [
          "C:\\Users\\Admin\\Documents\\Codex\\Property Intelligence Packages\\CHATGPT_REVIEW_2026-08-07\\01_INSPECTION_FULL.json"
        ],
        "parcel_part": "LARGE_PARCEL",
        "water_review_class": "VISIBLE_WATER_IN_PHOTO",
        "water_review_confidence": "HIGH_OR_MODERATE",
        "water_review_source": "2026-08-08_VISUAL_CONTACT_SHEET_REVIEW",
        "original_recorded_category": "MAP THIS SECTION",
        "original_evidence_modified": false,
        "review_limitation": "Water is visibly present in the photograph; this visual review does not establish extent, duration, cause, or regulatory status."
      }
    },
    {
      "type": "Feature",
      "geometry": {
        "type": "Point",
        "coordinates": [
          -87.09107151945136,
          30.48907276934088
        ]
      },
      "properties": {
        "record_type": "photograph",
        "photo_id": "photo-9ea7612e-6288-4c66-bf0f-f0cb95e62123",
        "photo_number": "P96",
        "inspection_date": "2026-08-07",
        "timestamp": "2026-08-07T15:38:04.670Z",
        "recorded_category": "MAP THIS SECTION",
        "display_class": "OTHER",
        "is_recorded_water_category": false,
        "water_visible_review_status": "NOT_REVIEWED_FROM_IMAGE",
        "gps_accuracy_m": 6.426669029300357,
        "heading_deg": 348.4529081195885,
        "section_id": "SECTION-005",
        "associated_record_ids": [
          "event-01574c49-6dce-465c-be76-dfb37cd4ab30",
          "event-bd82ab96-9826-4e4c-873a-2fd6efcc5c3d",
          "event-bd82ab96-9826-4e4c-873a-2fd6efcc5c3d",
          "SECTION-005"
        ],
        "note": "",
        "evidence_classification": "Observed",
        "evidence_scope": "SUBJECT_PARCEL",
        "source_family": "AUGUST_7_CUMULATIVE_FIELD",
        "thumbnail_archive_tag": "AUG7_REVIEW_PHOTOS",
        "thumbnail_archive_member": "photos/096_analysis.jpg",
        "thumbnail_path": "data/photos/all/photo-9ea7612e-6288-4c66-bf0f-f0cb95e62123.jpg",
        "source_file": "C:\\Users\\Admin\\Documents\\Codex\\Property Intelligence Packages\\CHATGPT_REVIEW_2026-08-07\\01_INSPECTION_FULL.json",
        "source_files": [
          "C:\\Users\\Admin\\Documents\\Codex\\Property Intelligence Packages\\CHATGPT_REVIEW_2026-08-07\\01_INSPECTION_FULL.json"
        ],
        "parcel_part": "LARGE_PARCEL",
        "water_review_class": "VISIBLE_WATER_IN_PHOTO",
        "water_review_confidence": "HIGH_OR_MODERATE",
        "water_review_source": "2026-08-08_VISUAL_CONTACT_SHEET_REVIEW",
        "original_recorded_category": "MAP THIS SECTION",
        "original_evidence_modified": false,
        "review_limitation": "Water is visibly present in the photograph; this visual review does not establish extent, duration, cause, or regulatory status."
      }
    },
    {
      "type": "Feature",
      "geometry": {
        "type": "Point",
        "coordinates": [
          -87.09106925607432,
          30.489081261984527
        ]
      },
      "properties": {
        "record_type": "photograph",
        "photo_id": "photo-b5c2ba97-401d-4a73-a9c8-a46c2a6cd48f",
        "photo_number": "P97",
        "inspection_date": "2026-08-07",
        "timestamp": "2026-08-07T15:38:10.627Z",
        "recorded_category": "MAP THIS SECTION",
        "display_class": "OTHER",
        "is_recorded_water_category": false,
        "water_visible_review_status": "NOT_REVIEWED_FROM_IMAGE",
        "gps_accuracy_m": 6.349372512515114,
        "heading_deg": 335.1974486309217,
        "section_id": "SECTION-005",
        "associated_record_ids": [
          "event-ed584782-c3da-4738-831f-6341f8a3fba6",
          "event-bd82ab96-9826-4e4c-873a-2fd6efcc5c3d",
          "event-bd82ab96-9826-4e4c-873a-2fd6efcc5c3d",
          "SECTION-005"
        ],
        "note": "",
        "evidence_classification": "Observed",
        "evidence_scope": "SUBJECT_PARCEL",
        "source_family": "AUGUST_7_CUMULATIVE_FIELD",
        "thumbnail_archive_tag": "AUG7_REVIEW_PHOTOS",
        "thumbnail_archive_member": "photos/097_analysis.jpg",
        "thumbnail_path": "data/photos/all/photo-b5c2ba97-401d-4a73-a9c8-a46c2a6cd48f.jpg",
        "source_file": "C:\\Users\\Admin\\Documents\\Codex\\Property Intelligence Packages\\CHATGPT_REVIEW_2026-08-07\\01_INSPECTION_FULL.json",
        "source_files": [
          "C:\\Users\\Admin\\Documents\\Codex\\Property Intelligence Packages\\CHATGPT_REVIEW_2026-08-07\\01_INSPECTION_FULL.json"
        ],
        "parcel_part": "LARGE_PARCEL",
        "water_review_class": "VISIBLE_WATER_IN_PHOTO",
        "water_review_confidence": "HIGH_OR_MODERATE",
        "water_review_source": "2026-08-08_VISUAL_CONTACT_SHEET_REVIEW",
        "original_recorded_category": "MAP THIS SECTION",
        "original_evidence_modified": false,
        "review_limitation": "Water is visibly present in the photograph; this visual review does not establish extent, duration, cause, or regulatory status."
      }
    },
    {
      "type": "Feature",
      "geometry": {
        "type": "Point",
        "coordinates": [
          -87.091055820574,
          30.48908313399236
        ]
      },
      "properties": {
        "record_type": "photograph",
        "photo_id": "photo-0f923a0b-10af-48d8-922a-6a9e9644736e",
        "photo_number": "P98",
        "inspection_date": "2026-08-07",
        "timestamp": "2026-08-07T15:38:18.574Z",
        "recorded_category": "MAP THIS SECTION",
        "display_class": "OTHER",
        "is_recorded_water_category": false,
        "water_visible_review_status": "NOT_REVIEWED_FROM_IMAGE",
        "gps_accuracy_m": 6.7575248669578105,
        "heading_deg": 335.19745321219136,
        "section_id": "SECTION-005",
        "associated_record_ids": [
          "event-813d7965-c60f-4bde-989b-cb577ba55cda",
          "event-bd82ab96-9826-4e4c-873a-2fd6efcc5c3d",
          "event-bd82ab96-9826-4e4c-873a-2fd6efcc5c3d",
          "SECTION-005"
        ],
        "note": "",
        "evidence_classification": "Observed",
        "evidence_scope": "SUBJECT_PARCEL",
        "source_family": "AUGUST_7_CUMULATIVE_FIELD",
        "thumbnail_archive_tag": "AUG7_REVIEW_PHOTOS",
        "thumbnail_archive_member": "photos/098_analysis.jpg",
        "thumbnail_path": "data/photos/all/photo-0f923a0b-10af-48d8-922a-6a9e9644736e.jpg",
        "source_file": "C:\\Users\\Admin\\Documents\\Codex\\Property Intelligence Packages\\CHATGPT_REVIEW_2026-08-07\\01_INSPECTION_FULL.json",
        "source_files": [
          "C:\\Users\\Admin\\Documents\\Codex\\Property Intelligence Packages\\CHATGPT_REVIEW_2026-08-07\\01_INSPECTION_FULL.json"
        ],
        "parcel_part": "LARGE_PARCEL",
        "water_review_class": "VISIBLE_WATER_IN_PHOTO",
        "water_review_confidence": "HIGH_OR_MODERATE",
        "water_review_source": "2026-08-08_VISUAL_CONTACT_SHEET_REVIEW",
        "original_recorded_category": "MAP THIS SECTION",
        "original_evidence_modified": false,
        "review_limitation": "Water is visibly present in the photograph; this visual review does not establish extent, duration, cause, or regulatory status."
      }
    },
    {
      "type": "Feature",
      "geometry": {
        "type": "Point",
        "coordinates": [
          -87.09118681645204,
          30.489149068856484
        ]
      },
      "properties": {
        "record_type": "photograph",
        "photo_id": "photo-263c0c57-9eaf-41dc-a2a4-641629311834",
        "photo_number": "P99",
        "inspection_date": "2026-08-07",
        "timestamp": "2026-08-07T15:41:16.556Z",
        "recorded_category": "MAP THIS SECTION",
        "display_class": "OTHER",
        "is_recorded_water_category": false,
        "water_visible_review_status": "NOT_REVIEWED_FROM_IMAGE",
        "gps_accuracy_m": 8.019078088327813,
        "heading_deg": 200.4928269072169,
        "section_id": "SECTION-005",
        "associated_record_ids": [
          "event-f8d9d4e6-1e84-4a19-90b9-590f6cd5639f",
          "event-bd82ab96-9826-4e4c-873a-2fd6efcc5c3d",
          "event-bd82ab96-9826-4e4c-873a-2fd6efcc5c3d",
          "SECTION-005"
        ],
        "note": "",
        "evidence_classification": "Observed",
        "evidence_scope": "SUBJECT_PARCEL",
        "source_family": "AUGUST_7_CUMULATIVE_FIELD",
        "thumbnail_archive_tag": "AUG7_REVIEW_PHOTOS",
        "thumbnail_archive_member": "photos/099_analysis.jpg",
        "thumbnail_path": "data/photos/all/photo-263c0c57-9eaf-41dc-a2a4-641629311834.jpg",
        "source_file": "C:\\Users\\Admin\\Documents\\Codex\\Property Intelligence Packages\\CHATGPT_REVIEW_2026-08-07\\01_INSPECTION_FULL.json",
        "source_files": [
          "C:\\Users\\Admin\\Documents\\Codex\\Property Intelligence Packages\\CHATGPT_REVIEW_2026-08-07\\01_INSPECTION_FULL.json"
        ],
        "parcel_part": "LARGE_PARCEL",
        "water_review_class": "VISIBLE_WATER_IN_PHOTO",
        "water_review_confidence": "HIGH_OR_MODERATE",
        "water_review_source": "2026-08-08_VISUAL_CONTACT_SHEET_REVIEW",
        "original_recorded_category": "MAP THIS SECTION",
        "original_evidence_modified": false,
        "review_limitation": "Water is visibly present in the photograph; this visual review does not establish extent, duration, cause, or regulatory status."
      }
    },
    {
      "type": "Feature",
      "geometry": {
        "type": "Point",
        "coordinates": [
          -87.09139521806689,
          30.489328306861914
        ]
      },
      "properties": {
        "record_type": "photograph",
        "photo_id": "photo-9a1a2a2d-c778-4a45-90d3-286ee88232d6",
        "photo_number": "P104",
        "inspection_date": "2026-08-07",
        "timestamp": "2026-08-07T16:01:52.978Z",
        "recorded_category": "MAP THIS SECTION",
        "display_class": "OTHER",
        "is_recorded_water_category": false,
        "water_visible_review_status": "NOT_REVIEWED_FROM_IMAGE",
        "gps_accuracy_m": 15.395014000000002,
        "heading_deg": null,
        "section_id": "SECTION-007",
        "associated_record_ids": [
          "event-043eb67f-8e99-4a6d-af88-ca8d16d2c774",
          "event-a89e1953-4827-4a20-aede-a77d40e6e540",
          "event-a89e1953-4827-4a20-aede-a77d40e6e540",
          "SECTION-007"
        ],
        "note": "",
        "evidence_classification": "Observed",
        "evidence_scope": "SUBJECT_PARCEL",
        "source_family": "AUGUST_7_CUMULATIVE_FIELD",
        "thumbnail_archive_tag": "AUG7_REVIEW_PHOTOS",
        "thumbnail_archive_member": "photos/104_analysis.jpg",
        "thumbnail_path": "data/photos/all/photo-9a1a2a2d-c778-4a45-90d3-286ee88232d6.jpg",
        "source_file": "C:\\Users\\Admin\\Documents\\Codex\\Property Intelligence Packages\\CHATGPT_REVIEW_2026-08-07\\01_INSPECTION_FULL.json",
        "source_files": [
          "C:\\Users\\Admin\\Documents\\Codex\\Property Intelligence Packages\\CHATGPT_REVIEW_2026-08-07\\01_INSPECTION_FULL.json"
        ],
        "parcel_part": "LARGE_PARCEL",
        "water_review_class": "VISIBLE_WATER_IN_PHOTO",
        "water_review_confidence": "HIGH_OR_MODERATE",
        "water_review_source": "2026-08-08_VISUAL_CONTACT_SHEET_REVIEW",
        "original_recorded_category": "MAP THIS SECTION",
        "original_evidence_modified": false,
        "review_limitation": "Water is visibly present in the photograph; this visual review does not establish extent, duration, cause, or regulatory status."
      }
    },
    {
      "type": "Feature",
      "geometry": {
        "type": "Point",
        "coordinates": [
          -87.09139521806689,
          30.489328306861914
        ]
      },
      "properties": {
        "record_type": "photograph",
        "photo_id": "photo-7e1641eb-8060-4028-af1b-230a56128c39",
        "photo_number": "P105",
        "inspection_date": "2026-08-07",
        "timestamp": "2026-08-07T16:01:58.654Z",
        "recorded_category": "MAP THIS SECTION",
        "display_class": "OTHER",
        "is_recorded_water_category": false,
        "water_visible_review_status": "NOT_REVIEWED_FROM_IMAGE",
        "gps_accuracy_m": 15.395014000000002,
        "heading_deg": null,
        "section_id": "SECTION-007",
        "associated_record_ids": [
          "event-969a7c4f-4db1-4dc0-a909-af977b2d588f",
          "event-a89e1953-4827-4a20-aede-a77d40e6e540",
          "event-a89e1953-4827-4a20-aede-a77d40e6e540",
          "SECTION-007"
        ],
        "note": "",
        "evidence_classification": "Observed",
        "evidence_scope": "SUBJECT_PARCEL",
        "source_family": "AUGUST_7_CUMULATIVE_FIELD",
        "thumbnail_archive_tag": "AUG7_REVIEW_PHOTOS",
        "thumbnail_archive_member": "photos/105_analysis.jpg",
        "thumbnail_path": "data/photos/all/photo-7e1641eb-8060-4028-af1b-230a56128c39.jpg",
        "source_file": "C:\\Users\\Admin\\Documents\\Codex\\Property Intelligence Packages\\CHATGPT_REVIEW_2026-08-07\\01_INSPECTION_FULL.json",
        "source_files": [
          "C:\\Users\\Admin\\Documents\\Codex\\Property Intelligence Packages\\CHATGPT_REVIEW_2026-08-07\\01_INSPECTION_FULL.json"
        ],
        "parcel_part": "LARGE_PARCEL",
        "water_review_class": "VISIBLE_WATER_IN_PHOTO",
        "water_review_confidence": "HIGH_OR_MODERATE",
        "water_review_source": "2026-08-08_VISUAL_CONTACT_SHEET_REVIEW",
        "original_recorded_category": "MAP THIS SECTION",
        "original_evidence_modified": false,
        "review_limitation": "Water is visibly present in the photograph; this visual review does not establish extent, duration, cause, or regulatory status."
      }
    },
    {
      "type": "Feature",
      "geometry": {
        "type": "Point",
        "coordinates": [
          -87.09139521806689,
          30.489328306861914
        ]
      },
      "properties": {
        "record_type": "photograph",
        "photo_id": "photo-f902ce0b-357d-4c9c-a8d2-2b93cc70799a",
        "photo_number": "P106",
        "inspection_date": "2026-08-07",
        "timestamp": "2026-08-07T16:02:17.147Z",
        "recorded_category": "MAP THIS SECTION",
        "display_class": "OTHER",
        "is_recorded_water_category": false,
        "water_visible_review_status": "NOT_REVIEWED_FROM_IMAGE",
        "gps_accuracy_m": 15.395014000000002,
        "heading_deg": null,
        "section_id": "SECTION-007",
        "associated_record_ids": [
          "event-3e95b7e1-9600-4fcc-8d32-fd01445e04bf",
          "event-a89e1953-4827-4a20-aede-a77d40e6e540",
          "event-a89e1953-4827-4a20-aede-a77d40e6e540",
          "SECTION-007"
        ],
        "note": "",
        "evidence_classification": "Observed",
        "evidence_scope": "SUBJECT_PARCEL",
        "source_family": "AUGUST_7_CUMULATIVE_FIELD",
        "thumbnail_archive_tag": "AUG7_REVIEW_PHOTOS",
        "thumbnail_archive_member": "photos/106_analysis.jpg",
        "thumbnail_path": "data/photos/all/photo-f902ce0b-357d-4c9c-a8d2-2b93cc70799a.jpg",
        "source_file": "C:\\Users\\Admin\\Documents\\Codex\\Property Intelligence Packages\\CHATGPT_REVIEW_2026-08-07\\01_INSPECTION_FULL.json",
        "source_files": [
          "C:\\Users\\Admin\\Documents\\Codex\\Property Intelligence Packages\\CHATGPT_REVIEW_2026-08-07\\01_INSPECTION_FULL.json"
        ],
        "parcel_part": "LARGE_PARCEL",
        "water_review_class": "VISIBLE_WATER_IN_PHOTO",
        "water_review_confidence": "HIGH_OR_MODERATE",
        "water_review_source": "2026-08-08_VISUAL_CONTACT_SHEET_REVIEW",
        "original_recorded_category": "MAP THIS SECTION",
        "original_evidence_modified": false,
        "review_limitation": "Water is visibly present in the photograph; this visual review does not establish extent, duration, cause, or regulatory status."
      }
    },
    {
      "type": "Feature",
      "geometry": {
        "type": "Point",
        "coordinates": [
          -87.09166039720837,
          30.4894305300252
        ]
      },
      "properties": {
        "record_type": "photograph",
        "photo_id": "photo-38f1ef97-cea3-4736-8edb-1b2c81d34ea6",
        "photo_number": "P107",
        "inspection_date": "2026-08-07",
        "timestamp": "2026-08-07T16:10:09.085Z",
        "recorded_category": "MAP THIS SECTION",
        "display_class": "OTHER",
        "is_recorded_water_category": false,
        "water_visible_review_status": "NOT_REVIEWED_FROM_IMAGE",
        "gps_accuracy_m": 4.748651530191761,
        "heading_deg": null,
        "section_id": "SECTION-007",
        "associated_record_ids": [
          "event-2286ab90-7a48-4ce5-813d-3eded50feaab",
          "event-a89e1953-4827-4a20-aede-a77d40e6e540",
          "event-a89e1953-4827-4a20-aede-a77d40e6e540",
          "SECTION-007"
        ],
        "note": "",
        "evidence_classification": "Observed",
        "evidence_scope": "SUBJECT_PARCEL",
        "source_family": "AUGUST_7_CUMULATIVE_FIELD",
        "thumbnail_archive_tag": "AUG7_REVIEW_PHOTOS",
        "thumbnail_archive_member": "photos/107_analysis.jpg",
        "thumbnail_path": "data/photos/all/photo-38f1ef97-cea3-4736-8edb-1b2c81d34ea6.jpg",
        "source_file": "C:\\Users\\Admin\\Documents\\Codex\\Property Intelligence Packages\\CHATGPT_REVIEW_2026-08-07\\01_INSPECTION_FULL.json",
        "source_files": [
          "C:\\Users\\Admin\\Documents\\Codex\\Property Intelligence Packages\\CHATGPT_REVIEW_2026-08-07\\01_INSPECTION_FULL.json"
        ],
        "parcel_part": "LARGE_PARCEL",
        "water_review_class": "VISIBLE_WATER_IN_PHOTO",
        "water_review_confidence": "HIGH_OR_MODERATE",
        "water_review_source": "2026-08-08_VISUAL_CONTACT_SHEET_REVIEW",
        "original_recorded_category": "MAP THIS SECTION",
        "original_evidence_modified": false,
        "review_limitation": "Water is visibly present in the photograph; this visual review does not establish extent, duration, cause, or regulatory status."
      }
    },
    {
      "type": "Feature",
      "geometry": {
        "type": "Point",
        "coordinates": [
          -87.09194001749817,
          30.489788102014447
        ]
      },
      "properties": {
        "record_type": "photograph",
        "photo_id": "photo-e53998d1-1063-4d9c-bd3e-39cd279e5d1b",
        "photo_number": "P108",
        "inspection_date": "2026-08-07",
        "timestamp": "2026-08-07T16:13:59.498Z",
        "recorded_category": "MAP THIS SECTION",
        "display_class": "OTHER",
        "is_recorded_water_category": false,
        "water_visible_review_status": "NOT_REVIEWED_FROM_IMAGE",
        "gps_accuracy_m": 7.862366461910542,
        "heading_deg": null,
        "section_id": "SECTION-007",
        "associated_record_ids": [
          "event-cecff349-e393-4347-8672-9d2fc651d8cb",
          "event-a89e1953-4827-4a20-aede-a77d40e6e540",
          "event-a89e1953-4827-4a20-aede-a77d40e6e540",
          "SECTION-007"
        ],
        "note": "",
        "evidence_classification": "Observed",
        "evidence_scope": "SUBJECT_PARCEL",
        "source_family": "AUGUST_7_CUMULATIVE_FIELD",
        "thumbnail_archive_tag": "AUG7_REVIEW_PHOTOS",
        "thumbnail_archive_member": "photos/108_analysis.jpg",
        "thumbnail_path": "data/photos/all/photo-e53998d1-1063-4d9c-bd3e-39cd279e5d1b.jpg",
        "source_file": "C:\\Users\\Admin\\Documents\\Codex\\Property Intelligence Packages\\CHATGPT_REVIEW_2026-08-07\\01_INSPECTION_FULL.json",
        "source_files": [
          "C:\\Users\\Admin\\Documents\\Codex\\Property Intelligence Packages\\CHATGPT_REVIEW_2026-08-07\\01_INSPECTION_FULL.json"
        ],
        "parcel_part": "LARGE_PARCEL",
        "water_review_class": "VISIBLE_WATER_IN_PHOTO",
        "water_review_confidence": "HIGH_OR_MODERATE",
        "water_review_source": "2026-08-08_VISUAL_CONTACT_SHEET_REVIEW",
        "original_recorded_category": "MAP THIS SECTION",
        "original_evidence_modified": false,
        "review_limitation": "Water is visibly present in the photograph; this visual review does not establish extent, duration, cause, or regulatory status."
      }
    },
    {
      "type": "Feature",
      "geometry": {
        "type": "Point",
        "coordinates": [
          -87.09192584656375,
          30.48981085617921
        ]
      },
      "properties": {
        "record_type": "photograph",
        "photo_id": "photo-5685b8e9-a8ae-4411-b7cc-fa3793a12149",
        "photo_number": "P109",
        "inspection_date": "2026-08-07",
        "timestamp": "2026-08-07T16:14:12.325Z",
        "recorded_category": "MAP THIS SECTION",
        "display_class": "OTHER",
        "is_recorded_water_category": false,
        "water_visible_review_status": "NOT_REVIEWED_FROM_IMAGE",
        "gps_accuracy_m": 4.7476608669728275,
        "heading_deg": null,
        "section_id": "SECTION-007",
        "associated_record_ids": [
          "event-55eff031-858c-4da0-ae91-19e04354e004",
          "event-a89e1953-4827-4a20-aede-a77d40e6e540",
          "event-a89e1953-4827-4a20-aede-a77d40e6e540",
          "SECTION-007"
        ],
        "note": "",
        "evidence_classification": "Observed",
        "evidence_scope": "SUBJECT_PARCEL",
        "source_family": "AUGUST_7_CUMULATIVE_FIELD",
        "thumbnail_archive_tag": "AUG7_REVIEW_PHOTOS",
        "thumbnail_archive_member": "photos/109_analysis.jpg",
        "thumbnail_path": "data/photos/all/photo-5685b8e9-a8ae-4411-b7cc-fa3793a12149.jpg",
        "source_file": "C:\\Users\\Admin\\Documents\\Codex\\Property Intelligence Packages\\CHATGPT_REVIEW_2026-08-07\\01_INSPECTION_FULL.json",
        "source_files": [
          "C:\\Users\\Admin\\Documents\\Codex\\Property Intelligence Packages\\CHATGPT_REVIEW_2026-08-07\\01_INSPECTION_FULL.json"
        ],
        "parcel_part": "LARGE_PARCEL",
        "water_review_class": "VISIBLE_WATER_IN_PHOTO",
        "water_review_confidence": "HIGH_OR_MODERATE",
        "water_review_source": "2026-08-08_VISUAL_CONTACT_SHEET_REVIEW",
        "original_recorded_category": "MAP THIS SECTION",
        "original_evidence_modified": false,
        "review_limitation": "Water is visibly present in the photograph; this visual review does not establish extent, duration, cause, or regulatory status."
      }
    },
    {
      "type": "Feature",
      "geometry": {
        "type": "Point",
        "coordinates": [
          -87.09183107074968,
          30.48978876868224
        ]
      },
      "properties": {
        "record_type": "photograph",
        "photo_id": "photo-2eaf281d-54e8-491b-a652-417e64373658",
        "photo_number": "P111",
        "inspection_date": "2026-08-07",
        "timestamp": "2026-08-07T16:19:31.295Z",
        "recorded_category": "MAP THIS SECTION",
        "display_class": "OTHER",
        "is_recorded_water_category": false,
        "water_visible_review_status": "NOT_REVIEWED_FROM_IMAGE",
        "gps_accuracy_m": 14.005202108593513,
        "heading_deg": 161.56770714812293,
        "section_id": "SECTION-007",
        "associated_record_ids": [
          "event-397cc3d4-a1d4-453d-a049-d494a6909dfa",
          "event-a89e1953-4827-4a20-aede-a77d40e6e540",
          "event-a89e1953-4827-4a20-aede-a77d40e6e540",
          "SECTION-007"
        ],
        "note": "",
        "evidence_classification": "Observed",
        "evidence_scope": "SUBJECT_PARCEL",
        "source_family": "AUGUST_7_CUMULATIVE_FIELD",
        "thumbnail_archive_tag": "AUG7_REVIEW_PHOTOS",
        "thumbnail_archive_member": "photos/111_analysis.jpg",
        "thumbnail_path": "data/photos/all/photo-2eaf281d-54e8-491b-a652-417e64373658.jpg",
        "source_file": "C:\\Users\\Admin\\Documents\\Codex\\Property Intelligence Packages\\CHATGPT_REVIEW_2026-08-07\\01_INSPECTION_FULL.json",
        "source_files": [
          "C:\\Users\\Admin\\Documents\\Codex\\Property Intelligence Packages\\CHATGPT_REVIEW_2026-08-07\\01_INSPECTION_FULL.json"
        ],
        "parcel_part": "LARGE_PARCEL",
        "water_review_class": "VISIBLE_WATER_IN_PHOTO",
        "water_review_confidence": "HIGH_OR_MODERATE",
        "water_review_source": "2026-08-08_VISUAL_CONTACT_SHEET_REVIEW",
        "original_recorded_category": "MAP THIS SECTION",
        "original_evidence_modified": false,
        "review_limitation": "Water is visibly present in the photograph; this visual review does not establish extent, duration, cause, or regulatory status."
      }
    },
    {
      "type": "Feature",
      "geometry": {
        "type": "Point",
        "coordinates": [
          -87.09160701280669,
          30.489792715028358
        ]
      },
      "properties": {
        "record_type": "photograph",
        "photo_id": "photo-6d7da03d-78ca-4369-8e3f-372665f78e7f",
        "photo_number": "P112",
        "inspection_date": "2026-08-07",
        "timestamp": "2026-08-07T16:20:38.700Z",
        "recorded_category": "MAP THIS SECTION",
        "display_class": "OTHER",
        "is_recorded_water_category": false,
        "water_visible_review_status": "NOT_REVIEWED_FROM_IMAGE",
        "gps_accuracy_m": 15.23724855683303,
        "heading_deg": null,
        "section_id": "SECTION-007",
        "associated_record_ids": [
          "event-2653dc06-043f-493c-a27a-4798240d3026",
          "event-a89e1953-4827-4a20-aede-a77d40e6e540",
          "event-a89e1953-4827-4a20-aede-a77d40e6e540",
          "SECTION-007"
        ],
        "note": "",
        "evidence_classification": "Observed",
        "evidence_scope": "SUBJECT_PARCEL",
        "source_family": "AUGUST_7_CUMULATIVE_FIELD",
        "thumbnail_archive_tag": "AUG7_REVIEW_PHOTOS",
        "thumbnail_archive_member": "photos/112_analysis.jpg",
        "thumbnail_path": "data/photos/all/photo-6d7da03d-78ca-4369-8e3f-372665f78e7f.jpg",
        "source_file": "C:\\Users\\Admin\\Documents\\Codex\\Property Intelligence Packages\\CHATGPT_REVIEW_2026-08-07\\01_INSPECTION_FULL.json",
        "source_files": [
          "C:\\Users\\Admin\\Documents\\Codex\\Property Intelligence Packages\\CHATGPT_REVIEW_2026-08-07\\01_INSPECTION_FULL.json"
        ],
        "parcel_part": "LARGE_PARCEL",
        "water_review_class": "VISIBLE_WATER_IN_PHOTO",
        "water_review_confidence": "HIGH_OR_MODERATE",
        "water_review_source": "2026-08-08_VISUAL_CONTACT_SHEET_REVIEW",
        "original_recorded_category": "MAP THIS SECTION",
        "original_evidence_modified": false,
        "review_limitation": "Water is visibly present in the photograph; this visual review does not establish extent, duration, cause, or regulatory status."
      }
    },
    {
      "type": "Feature",
      "geometry": {
        "type": "Point",
        "coordinates": [
          -87.09160520627594,
          30.489775496907804
        ]
      },
      "properties": {
        "record_type": "photograph",
        "photo_id": "photo-aeeb09d9-37da-4295-b29a-13008596d960",
        "photo_number": "P113",
        "inspection_date": "2026-08-07",
        "timestamp": "2026-08-07T16:20:46.709Z",
        "recorded_category": "MAP THIS SECTION",
        "display_class": "OTHER",
        "is_recorded_water_category": false,
        "water_visible_review_status": "NOT_REVIEWED_FROM_IMAGE",
        "gps_accuracy_m": 15.602611349498506,
        "heading_deg": null,
        "section_id": "SECTION-007",
        "associated_record_ids": [
          "event-09955938-3e26-47d8-8307-8dff65bb3302",
          "event-a89e1953-4827-4a20-aede-a77d40e6e540",
          "event-a89e1953-4827-4a20-aede-a77d40e6e540",
          "SECTION-007"
        ],
        "note": "",
        "evidence_classification": "Observed",
        "evidence_scope": "SUBJECT_PARCEL",
        "source_family": "AUGUST_7_CUMULATIVE_FIELD",
        "thumbnail_archive_tag": "AUG7_REVIEW_PHOTOS",
        "thumbnail_archive_member": "photos/113_analysis.jpg",
        "thumbnail_path": "data/photos/all/photo-aeeb09d9-37da-4295-b29a-13008596d960.jpg",
        "source_file": "C:\\Users\\Admin\\Documents\\Codex\\Property Intelligence Packages\\CHATGPT_REVIEW_2026-08-07\\01_INSPECTION_FULL.json",
        "source_files": [
          "C:\\Users\\Admin\\Documents\\Codex\\Property Intelligence Packages\\CHATGPT_REVIEW_2026-08-07\\01_INSPECTION_FULL.json"
        ],
        "parcel_part": "LARGE_PARCEL",
        "water_review_class": "VISIBLE_WATER_IN_PHOTO",
        "water_review_confidence": "HIGH_OR_MODERATE",
        "water_review_source": "2026-08-08_VISUAL_CONTACT_SHEET_REVIEW",
        "original_recorded_category": "MAP THIS SECTION",
        "original_evidence_modified": false,
        "review_limitation": "Water is visibly present in the photograph; this visual review does not establish extent, duration, cause, or regulatory status."
      }
    },
    {
      "type": "Feature",
      "geometry": {
        "type": "Point",
        "coordinates": [
          -87.09161031701603,
          30.4897771390579
        ]
      },
      "properties": {
        "record_type": "photograph",
        "photo_id": "photo-320b9055-c78e-499c-8eb6-9e969ecc8d48",
        "photo_number": "P114",
        "inspection_date": "2026-08-07",
        "timestamp": "2026-08-07T16:21:06.883Z",
        "recorded_category": "MAP THIS SECTION",
        "display_class": "OTHER",
        "is_recorded_water_category": false,
        "water_visible_review_status": "NOT_REVIEWED_FROM_IMAGE",
        "gps_accuracy_m": 13.2874240141282,
        "heading_deg": null,
        "section_id": "SECTION-007",
        "associated_record_ids": [
          "event-cf58c85a-73ea-4ee1-8f28-9c92c47cee04",
          "event-a89e1953-4827-4a20-aede-a77d40e6e540",
          "event-a89e1953-4827-4a20-aede-a77d40e6e540",
          "SECTION-007"
        ],
        "note": "",
        "evidence_classification": "Observed",
        "evidence_scope": "SUBJECT_PARCEL",
        "source_family": "AUGUST_7_CUMULATIVE_FIELD",
        "thumbnail_archive_tag": "AUG7_REVIEW_PHOTOS",
        "thumbnail_archive_member": "photos/114_analysis.jpg",
        "thumbnail_path": "data/photos/all/photo-320b9055-c78e-499c-8eb6-9e969ecc8d48.jpg",
        "source_file": "C:\\Users\\Admin\\Documents\\Codex\\Property Intelligence Packages\\CHATGPT_REVIEW_2026-08-07\\01_INSPECTION_FULL.json",
        "source_files": [
          "C:\\Users\\Admin\\Documents\\Codex\\Property Intelligence Packages\\CHATGPT_REVIEW_2026-08-07\\01_INSPECTION_FULL.json"
        ],
        "parcel_part": "LARGE_PARCEL",
        "water_review_class": "VISIBLE_WATER_IN_PHOTO",
        "water_review_confidence": "HIGH_OR_MODERATE",
        "water_review_source": "2026-08-08_VISUAL_CONTACT_SHEET_REVIEW",
        "original_recorded_category": "MAP THIS SECTION",
        "original_evidence_modified": false,
        "review_limitation": "Water is visibly present in the photograph; this visual review does not establish extent, duration, cause, or regulatory status."
      }
    }
  ]
}
