{
  "type": "FeatureCollection",
  "name": "All geolocated photograph records available for August 3-7 review",
  "features": [
    {
      "type": "Feature",
      "geometry": {
        "type": "Point",
        "coordinates": [
          -87.08960038791497,
          30.473401898882482
        ]
      },
      "properties": {
        "record_type": "photograph",
        "photo_id": "1785724907766",
        "photo_number": "P1",
        "inspection_date": "2026-08-03",
        "timestamp": "2026-08-03T02:41:47.766Z",
        "recorded_category": "Other",
        "display_class": "OTHER",
        "is_recorded_water_category": false,
        "water_visible_review_status": "NOT_REVIEWED_FROM_IMAGE",
        "gps_accuracy_m": 5.793710318002521,
        "heading_deg": null,
        "section_id": null,
        "associated_record_ids": [],
        "note": "",
        "evidence_classification": "Observed",
        "evidence_scope": "OFF_PROPERTY_OR_TEST_REVIEW_REQUIRED",
        "source_family": "AUGUST_3_4_ORIGINAL_FIELD",
        "thumbnail_archive_tag": "AUG4_AI_PACKAGE",
        "thumbnail_archive_member": "photos/001_analysis.jpg",
        "thumbnail_path": "data/photos/all/1785724907766.jpg",
        "source_file": "C:/Users/Admin/iCloudDrive/Downloads/Pearson_Road_Inspection_AI_ANALYSIS_REPORT_PACKAGE_2026-08-04_151016_633_export_report_2026_08_04_151016_633_b7b522724099.zip::AI_ANALYSIS.json",
        "source_files": [
          "C:/Users/Admin/iCloudDrive/Downloads/Pearson_Road_Inspection_AI_ANALYSIS_REPORT_PACKAGE_2026-08-04_151016_633_export_report_2026_08_04_151016_633_b7b522724099.zip::AI_ANALYSIS.json"
        ]
      }
    },
    {
      "type": "Feature",
      "geometry": {
        "type": "Point",
        "coordinates": [
          -87.08959728022275,
          30.473438616475075
        ]
      },
      "properties": {
        "record_type": "photograph",
        "photo_id": "photo-2c11d01b-aa1f-4559-84e6-90d9b8916408",
        "photo_number": "P2",
        "inspection_date": "2026-08-03",
        "timestamp": "2026-08-03T04:26:23.713Z",
        "recorded_category": "Other",
        "display_class": "OTHER",
        "is_recorded_water_category": false,
        "water_visible_review_status": "NOT_REVIEWED_FROM_IMAGE",
        "gps_accuracy_m": 10.313369064081614,
        "heading_deg": 126.83029174804688,
        "section_id": null,
        "associated_record_ids": [],
        "note": "",
        "evidence_classification": "Observed",
        "evidence_scope": "OFF_PROPERTY_OR_TEST_REVIEW_REQUIRED",
        "source_family": "AUGUST_3_4_ORIGINAL_FIELD",
        "thumbnail_archive_tag": "AUG4_AI_PACKAGE",
        "thumbnail_archive_member": "photos/002_analysis.jpg",
        "thumbnail_path": "data/photos/all/photo-2c11d01b-aa1f-4559-84e6-90d9b8916408.jpg",
        "source_file": "C:/Users/Admin/iCloudDrive/Downloads/Pearson_Road_Inspection_AI_ANALYSIS_REPORT_PACKAGE_2026-08-04_151016_633_export_report_2026_08_04_151016_633_b7b522724099.zip::AI_ANALYSIS.json",
        "source_files": [
          "C:/Users/Admin/iCloudDrive/Downloads/Pearson_Road_Inspection_AI_ANALYSIS_REPORT_PACKAGE_2026-08-04_151016_633_export_report_2026_08_04_151016_633_b7b522724099.zip::AI_ANALYSIS.json"
        ]
      }
    },
    {
      "type": "Feature",
      "geometry": {
        "type": "Point",
        "coordinates": [
          -87.09061641005412,
          30.49131284300468
        ]
      },
      "properties": {
        "record_type": "photograph",
        "photo_id": "photo-e46b92b2-b76b-4b26-af36-dbfbd9cd0c25",
        "photo_number": "P3",
        "inspection_date": "2026-08-03",
        "timestamp": "2026-08-03T13:04:35.136Z",
        "recorded_category": "Other",
        "display_class": "OTHER",
        "is_recorded_water_category": false,
        "water_visible_review_status": "NOT_REVIEWED_FROM_IMAGE",
        "gps_accuracy_m": 13.702200130006334,
        "heading_deg": 67.6055679321289,
        "section_id": null,
        "associated_record_ids": [],
        "note": "",
        "evidence_classification": "Observed",
        "evidence_scope": "OFF_PROPERTY_OR_TEST_REVIEW_REQUIRED",
        "source_family": "AUGUST_3_4_ORIGINAL_FIELD",
        "thumbnail_archive_tag": "AUG4_AI_PACKAGE",
        "thumbnail_archive_member": "photos/003_analysis.jpg",
        "thumbnail_path": "data/photos/all/photo-e46b92b2-b76b-4b26-af36-dbfbd9cd0c25.jpg",
        "source_file": "C:/Users/Admin/iCloudDrive/Downloads/Pearson_Road_Inspection_AI_ANALYSIS_REPORT_PACKAGE_2026-08-04_151016_633_export_report_2026_08_04_151016_633_b7b522724099.zip::AI_ANALYSIS.json",
        "source_files": [
          "C:/Users/Admin/iCloudDrive/Downloads/Pearson_Road_Inspection_AI_ANALYSIS_REPORT_PACKAGE_2026-08-04_151016_633_export_report_2026_08_04_151016_633_b7b522724099.zip::AI_ANALYSIS.json"
        ]
      }
    },
    {
      "type": "Feature",
      "geometry": {
        "type": "Point",
        "coordinates": [
          -87.09064256151596,
          30.49130750609043
        ]
      },
      "properties": {
        "record_type": "photograph",
        "photo_id": "photo-0f4be34d-b85e-44ec-95be-8d29b0f0c277",
        "photo_number": "P4",
        "inspection_date": "2026-08-03",
        "timestamp": "2026-08-03T13:04:55.230Z",
        "recorded_category": "Other",
        "display_class": "OTHER",
        "is_recorded_water_category": false,
        "water_visible_review_status": "NOT_REVIEWED_FROM_IMAGE",
        "gps_accuracy_m": 11.800534435212517,
        "heading_deg": 102.14215087890625,
        "section_id": null,
        "associated_record_ids": [],
        "note": "",
        "evidence_classification": "Observed",
        "evidence_scope": "OFF_PROPERTY_OR_TEST_REVIEW_REQUIRED",
        "source_family": "AUGUST_3_4_ORIGINAL_FIELD",
        "thumbnail_archive_tag": "AUG4_AI_PACKAGE",
        "thumbnail_archive_member": "photos/004_analysis.jpg",
        "thumbnail_path": "data/photos/all/photo-0f4be34d-b85e-44ec-95be-8d29b0f0c277.jpg",
        "source_file": "C:/Users/Admin/iCloudDrive/Downloads/Pearson_Road_Inspection_AI_ANALYSIS_REPORT_PACKAGE_2026-08-04_151016_633_export_report_2026_08_04_151016_633_b7b522724099.zip::AI_ANALYSIS.json",
        "source_files": [
          "C:/Users/Admin/iCloudDrive/Downloads/Pearson_Road_Inspection_AI_ANALYSIS_REPORT_PACKAGE_2026-08-04_151016_633_export_report_2026_08_04_151016_633_b7b522724099.zip::AI_ANALYSIS.json"
        ]
      }
    },
    {
      "type": "Feature",
      "geometry": {
        "type": "Point",
        "coordinates": [
          -87.09060542689146,
          30.491312241417106
        ]
      },
      "properties": {
        "record_type": "photograph",
        "photo_id": "photo-252d08e2-40e9-46c3-a76d-475ca47f62db",
        "photo_number": "P5",
        "inspection_date": "2026-08-03",
        "timestamp": "2026-08-03T13:05:17.432Z",
        "recorded_category": "Other",
        "display_class": "OTHER",
        "is_recorded_water_category": false,
        "water_visible_review_status": "NOT_REVIEWED_FROM_IMAGE",
        "gps_accuracy_m": 11.984726167838112,
        "heading_deg": 33.711517333984375,
        "section_id": null,
        "associated_record_ids": [],
        "note": "",
        "evidence_classification": "Observed",
        "evidence_scope": "OFF_PROPERTY_OR_TEST_REVIEW_REQUIRED",
        "source_family": "AUGUST_3_4_ORIGINAL_FIELD",
        "thumbnail_archive_tag": "AUG4_AI_PACKAGE",
        "thumbnail_archive_member": "photos/005_analysis.jpg",
        "thumbnail_path": "data/photos/all/photo-252d08e2-40e9-46c3-a76d-475ca47f62db.jpg",
        "source_file": "C:/Users/Admin/iCloudDrive/Downloads/Pearson_Road_Inspection_AI_ANALYSIS_REPORT_PACKAGE_2026-08-04_151016_633_export_report_2026_08_04_151016_633_b7b522724099.zip::AI_ANALYSIS.json",
        "source_files": [
          "C:/Users/Admin/iCloudDrive/Downloads/Pearson_Road_Inspection_AI_ANALYSIS_REPORT_PACKAGE_2026-08-04_151016_633_export_report_2026_08_04_151016_633_b7b522724099.zip::AI_ANALYSIS.json"
        ]
      }
    },
    {
      "type": "Feature",
      "geometry": {
        "type": "Point",
        "coordinates": [
          -87.09063340467092,
          30.491348270885563
        ]
      },
      "properties": {
        "record_type": "photograph",
        "photo_id": "photo-2fa1ac96-9d1d-45fa-bf1e-a64cbb0ff8f9",
        "photo_number": "P6",
        "inspection_date": "2026-08-03",
        "timestamp": "2026-08-03T13:05:44.118Z",
        "recorded_category": "Other",
        "display_class": "OTHER",
        "is_recorded_water_category": false,
        "water_visible_review_status": "NOT_REVIEWED_FROM_IMAGE",
        "gps_accuracy_m": 11.017849352598747,
        "heading_deg": 168.72401428222656,
        "section_id": null,
        "associated_record_ids": [],
        "note": "",
        "evidence_classification": "Observed",
        "evidence_scope": "OFF_PROPERTY_OR_TEST_REVIEW_REQUIRED",
        "source_family": "AUGUST_3_4_ORIGINAL_FIELD",
        "thumbnail_archive_tag": "AUG4_AI_PACKAGE",
        "thumbnail_archive_member": "photos/006_analysis.jpg",
        "thumbnail_path": "data/photos/all/photo-2fa1ac96-9d1d-45fa-bf1e-a64cbb0ff8f9.jpg",
        "source_file": "C:/Users/Admin/iCloudDrive/Downloads/Pearson_Road_Inspection_AI_ANALYSIS_REPORT_PACKAGE_2026-08-04_151016_633_export_report_2026_08_04_151016_633_b7b522724099.zip::AI_ANALYSIS.json",
        "source_files": [
          "C:/Users/Admin/iCloudDrive/Downloads/Pearson_Road_Inspection_AI_ANALYSIS_REPORT_PACKAGE_2026-08-04_151016_633_export_report_2026_08_04_151016_633_b7b522724099.zip::AI_ANALYSIS.json"
        ]
      }
    },
    {
      "type": "Feature",
      "geometry": {
        "type": "Point",
        "coordinates": [
          -87.09058939327416,
          30.491283037393973
        ]
      },
      "properties": {
        "record_type": "photograph",
        "photo_id": "photo-b68ee4bf-d10f-47ec-a6d0-6fd0f22d0123",
        "photo_number": "P7",
        "inspection_date": "2026-08-03",
        "timestamp": "2026-08-03T13:06:08.914Z",
        "recorded_category": "Other",
        "display_class": "OTHER",
        "is_recorded_water_category": false,
        "water_visible_review_status": "NOT_REVIEWED_FROM_IMAGE",
        "gps_accuracy_m": 10.812888525828962,
        "heading_deg": 105.57952117919922,
        "section_id": null,
        "associated_record_ids": [],
        "note": "",
        "evidence_classification": "Observed",
        "evidence_scope": "SUBJECT_PARCEL",
        "source_family": "AUGUST_3_4_ORIGINAL_FIELD",
        "thumbnail_archive_tag": "AUG4_AI_PACKAGE",
        "thumbnail_archive_member": "photos/007_analysis.jpg",
        "thumbnail_path": "data/photos/all/photo-b68ee4bf-d10f-47ec-a6d0-6fd0f22d0123.jpg",
        "source_file": "C:/Users/Admin/iCloudDrive/Downloads/Pearson_Road_Inspection_AI_ANALYSIS_REPORT_PACKAGE_2026-08-04_151016_633_export_report_2026_08_04_151016_633_b7b522724099.zip::AI_ANALYSIS.json",
        "source_files": [
          "C:/Users/Admin/iCloudDrive/Downloads/Pearson_Road_Inspection_AI_ANALYSIS_REPORT_PACKAGE_2026-08-04_151016_633_export_report_2026_08_04_151016_633_b7b522724099.zip::AI_ANALYSIS.json"
        ]
      }
    },
    {
      "type": "Feature",
      "geometry": {
        "type": "Point",
        "coordinates": [
          -87.09063285543284,
          30.49129443072912
        ]
      },
      "properties": {
        "record_type": "photograph",
        "photo_id": "photo-22b7ebfc-ff75-41b6-bbf6-848f1abf858e",
        "photo_number": "P8",
        "inspection_date": "2026-08-03",
        "timestamp": "2026-08-03T13:06:27.157Z",
        "recorded_category": "Other",
        "display_class": "OTHER",
        "is_recorded_water_category": false,
        "water_visible_review_status": "NOT_REVIEWED_FROM_IMAGE",
        "gps_accuracy_m": 11.222209806650831,
        "heading_deg": 323.9405212402344,
        "section_id": null,
        "associated_record_ids": [],
        "note": "",
        "evidence_classification": "Observed",
        "evidence_scope": "OFF_PROPERTY_OR_TEST_REVIEW_REQUIRED",
        "source_family": "AUGUST_3_4_ORIGINAL_FIELD",
        "thumbnail_archive_tag": "AUG4_AI_PACKAGE",
        "thumbnail_archive_member": "photos/008_analysis.jpg",
        "thumbnail_path": "data/photos/all/photo-22b7ebfc-ff75-41b6-bbf6-848f1abf858e.jpg",
        "source_file": "C:/Users/Admin/iCloudDrive/Downloads/Pearson_Road_Inspection_AI_ANALYSIS_REPORT_PACKAGE_2026-08-04_151016_633_export_report_2026_08_04_151016_633_b7b522724099.zip::AI_ANALYSIS.json",
        "source_files": [
          "C:/Users/Admin/iCloudDrive/Downloads/Pearson_Road_Inspection_AI_ANALYSIS_REPORT_PACKAGE_2026-08-04_151016_633_export_report_2026_08_04_151016_633_b7b522724099.zip::AI_ANALYSIS.json"
        ]
      }
    },
    {
      "type": "Feature",
      "geometry": {
        "type": "Point",
        "coordinates": [
          -87.09064308007808,
          30.491310365031975
        ]
      },
      "properties": {
        "record_type": "photograph",
        "photo_id": "photo-fa6a21b0-542c-433e-969f-d7d55b37b3f3",
        "photo_number": "P9",
        "inspection_date": "2026-08-03",
        "timestamp": "2026-08-03T13:06:52.153Z",
        "recorded_category": "Other",
        "display_class": "OTHER",
        "is_recorded_water_category": false,
        "water_visible_review_status": "NOT_REVIEWED_FROM_IMAGE",
        "gps_accuracy_m": 13.447754866650499,
        "heading_deg": 11.590682983398438,
        "section_id": null,
        "associated_record_ids": [],
        "note": "",
        "evidence_classification": "Observed",
        "evidence_scope": "OFF_PROPERTY_OR_TEST_REVIEW_REQUIRED",
        "source_family": "AUGUST_3_4_ORIGINAL_FIELD",
        "thumbnail_archive_tag": "AUG4_AI_PACKAGE",
        "thumbnail_archive_member": "photos/009_analysis.jpg",
        "thumbnail_path": "data/photos/all/photo-fa6a21b0-542c-433e-969f-d7d55b37b3f3.jpg",
        "source_file": "C:/Users/Admin/iCloudDrive/Downloads/Pearson_Road_Inspection_AI_ANALYSIS_REPORT_PACKAGE_2026-08-04_151016_633_export_report_2026_08_04_151016_633_b7b522724099.zip::AI_ANALYSIS.json",
        "source_files": [
          "C:/Users/Admin/iCloudDrive/Downloads/Pearson_Road_Inspection_AI_ANALYSIS_REPORT_PACKAGE_2026-08-04_151016_633_export_report_2026_08_04_151016_633_b7b522724099.zip::AI_ANALYSIS.json"
        ]
      }
    },
    {
      "type": "Feature",
      "geometry": {
        "type": "Point",
        "coordinates": [
          -87.09061796513325,
          30.491335293887246
        ]
      },
      "properties": {
        "record_type": "photograph",
        "photo_id": "photo-5b3f8069-73c9-4314-aa01-d60a75ddcea9",
        "photo_number": "P10",
        "inspection_date": "2026-08-03",
        "timestamp": "2026-08-03T13:07:08.252Z",
        "recorded_category": "Other",
        "display_class": "OTHER",
        "is_recorded_water_category": false,
        "water_visible_review_status": "NOT_REVIEWED_FROM_IMAGE",
        "gps_accuracy_m": 13.026005214127341,
        "heading_deg": 164.6811981201172,
        "section_id": null,
        "associated_record_ids": [],
        "note": "",
        "evidence_classification": "Observed",
        "evidence_scope": "OFF_PROPERTY_OR_TEST_REVIEW_REQUIRED",
        "source_family": "AUGUST_3_4_ORIGINAL_FIELD",
        "thumbnail_archive_tag": "AUG4_AI_PACKAGE",
        "thumbnail_archive_member": "photos/010_analysis.jpg",
        "thumbnail_path": "data/photos/all/photo-5b3f8069-73c9-4314-aa01-d60a75ddcea9.jpg",
        "source_file": "C:/Users/Admin/iCloudDrive/Downloads/Pearson_Road_Inspection_AI_ANALYSIS_REPORT_PACKAGE_2026-08-04_151016_633_export_report_2026_08_04_151016_633_b7b522724099.zip::AI_ANALYSIS.json",
        "source_files": [
          "C:/Users/Admin/iCloudDrive/Downloads/Pearson_Road_Inspection_AI_ANALYSIS_REPORT_PACKAGE_2026-08-04_151016_633_export_report_2026_08_04_151016_633_b7b522724099.zip::AI_ANALYSIS.json"
        ]
      }
    },
    {
      "type": "Feature",
      "geometry": {
        "type": "Point",
        "coordinates": [
          -87.09060867342146,
          30.491324398081574
        ]
      },
      "properties": {
        "record_type": "photograph",
        "photo_id": "photo-f9ee4c79-a089-4933-8efb-cd0b08915996",
        "photo_number": "P11",
        "inspection_date": "2026-08-03",
        "timestamp": "2026-08-03T13:07:16.523Z",
        "recorded_category": "Other",
        "display_class": "OTHER",
        "is_recorded_water_category": false,
        "water_visible_review_status": "NOT_REVIEWED_FROM_IMAGE",
        "gps_accuracy_m": 11.745388090211193,
        "heading_deg": 183.9122772216797,
        "section_id": null,
        "associated_record_ids": [],
        "note": "",
        "evidence_classification": "Observed",
        "evidence_scope": "OFF_PROPERTY_OR_TEST_REVIEW_REQUIRED",
        "source_family": "AUGUST_3_4_ORIGINAL_FIELD",
        "thumbnail_archive_tag": "AUG4_AI_PACKAGE",
        "thumbnail_archive_member": "photos/011_analysis.jpg",
        "thumbnail_path": "data/photos/all/photo-f9ee4c79-a089-4933-8efb-cd0b08915996.jpg",
        "source_file": "C:/Users/Admin/iCloudDrive/Downloads/Pearson_Road_Inspection_AI_ANALYSIS_REPORT_PACKAGE_2026-08-04_151016_633_export_report_2026_08_04_151016_633_b7b522724099.zip::AI_ANALYSIS.json",
        "source_files": [
          "C:/Users/Admin/iCloudDrive/Downloads/Pearson_Road_Inspection_AI_ANALYSIS_REPORT_PACKAGE_2026-08-04_151016_633_export_report_2026_08_04_151016_633_b7b522724099.zip::AI_ANALYSIS.json"
        ]
      }
    },
    {
      "type": "Feature",
      "geometry": {
        "type": "Point",
        "coordinates": [
          -87.09127667292822,
          30.490636981565128
        ]
      },
      "properties": {
        "record_type": "photograph",
        "photo_id": "photo-17aac1c5-7d92-43db-aa35-293f2f6e4976",
        "photo_number": "P12",
        "inspection_date": "2026-08-03",
        "timestamp": "2026-08-03T13:10:58.836Z",
        "recorded_category": "Other",
        "display_class": "OTHER",
        "is_recorded_water_category": false,
        "water_visible_review_status": "NOT_REVIEWED_FROM_IMAGE",
        "gps_accuracy_m": 52.663004519751084,
        "heading_deg": 49.472625732421875,
        "section_id": null,
        "associated_record_ids": [],
        "note": "",
        "evidence_classification": "Observed",
        "evidence_scope": "OFF_PROPERTY_OR_TEST_REVIEW_REQUIRED",
        "source_family": "AUGUST_3_4_ORIGINAL_FIELD",
        "thumbnail_archive_tag": "AUG4_AI_PACKAGE",
        "thumbnail_archive_member": "photos/012_analysis.jpg",
        "thumbnail_path": "data/photos/all/photo-17aac1c5-7d92-43db-aa35-293f2f6e4976.jpg",
        "source_file": "C:/Users/Admin/iCloudDrive/Downloads/Pearson_Road_Inspection_AI_ANALYSIS_REPORT_PACKAGE_2026-08-04_151016_633_export_report_2026_08_04_151016_633_b7b522724099.zip::AI_ANALYSIS.json",
        "source_files": [
          "C:/Users/Admin/iCloudDrive/Downloads/Pearson_Road_Inspection_AI_ANALYSIS_REPORT_PACKAGE_2026-08-04_151016_633_export_report_2026_08_04_151016_633_b7b522724099.zip::AI_ANALYSIS.json"
        ]
      }
    },
    {
      "type": "Feature",
      "geometry": {
        "type": "Point",
        "coordinates": [
          -87.09148756673434,
          30.49035067958986
        ]
      },
      "properties": {
        "record_type": "photograph",
        "photo_id": "photo-f01320f6-cc0f-4e50-bd09-0873f935d44a",
        "photo_number": "P13",
        "inspection_date": "2026-08-03",
        "timestamp": "2026-08-03T13:11:14.981Z",
        "recorded_category": "Other",
        "display_class": "OTHER",
        "is_recorded_water_category": false,
        "water_visible_review_status": "NOT_REVIEWED_FROM_IMAGE",
        "gps_accuracy_m": 4.7463424177168685,
        "heading_deg": 64.4288558959961,
        "section_id": null,
        "associated_record_ids": [],
        "note": "",
        "evidence_classification": "Observed",
        "evidence_scope": "OFF_PROPERTY_OR_TEST_REVIEW_REQUIRED",
        "source_family": "AUGUST_3_4_ORIGINAL_FIELD",
        "thumbnail_archive_tag": "AUG4_AI_PACKAGE",
        "thumbnail_archive_member": "photos/013_analysis.jpg",
        "thumbnail_path": "data/photos/all/photo-f01320f6-cc0f-4e50-bd09-0873f935d44a.jpg",
        "source_file": "C:/Users/Admin/iCloudDrive/Downloads/Pearson_Road_Inspection_AI_ANALYSIS_REPORT_PACKAGE_2026-08-04_151016_633_export_report_2026_08_04_151016_633_b7b522724099.zip::AI_ANALYSIS.json",
        "source_files": [
          "C:/Users/Admin/iCloudDrive/Downloads/Pearson_Road_Inspection_AI_ANALYSIS_REPORT_PACKAGE_2026-08-04_151016_633_export_report_2026_08_04_151016_633_b7b522724099.zip::AI_ANALYSIS.json"
        ]
      }
    },
    {
      "type": "Feature",
      "geometry": {
        "type": "Point",
        "coordinates": [
          -87.091532064321,
          30.49038350569492
        ]
      },
      "properties": {
        "record_type": "photograph",
        "photo_id": "photo-e850770e-a9bc-45a4-a322-e6025136224d",
        "photo_number": "P14",
        "inspection_date": "2026-08-03",
        "timestamp": "2026-08-03T13:11:47.599Z",
        "recorded_category": "Other",
        "display_class": "OTHER",
        "is_recorded_water_category": false,
        "water_visible_review_status": "NOT_REVIEWED_FROM_IMAGE",
        "gps_accuracy_m": 12.048793739430614,
        "heading_deg": 354.28631591796875,
        "section_id": null,
        "associated_record_ids": [],
        "note": "",
        "evidence_classification": "Observed",
        "evidence_scope": "OFF_PROPERTY_OR_TEST_REVIEW_REQUIRED",
        "source_family": "AUGUST_3_4_ORIGINAL_FIELD",
        "thumbnail_archive_tag": "AUG4_AI_PACKAGE",
        "thumbnail_archive_member": "photos/014_analysis.jpg",
        "thumbnail_path": "data/photos/all/photo-e850770e-a9bc-45a4-a322-e6025136224d.jpg",
        "source_file": "C:/Users/Admin/iCloudDrive/Downloads/Pearson_Road_Inspection_AI_ANALYSIS_REPORT_PACKAGE_2026-08-04_151016_633_export_report_2026_08_04_151016_633_b7b522724099.zip::AI_ANALYSIS.json",
        "source_files": [
          "C:/Users/Admin/iCloudDrive/Downloads/Pearson_Road_Inspection_AI_ANALYSIS_REPORT_PACKAGE_2026-08-04_151016_633_export_report_2026_08_04_151016_633_b7b522724099.zip::AI_ANALYSIS.json"
        ]
      }
    },
    {
      "type": "Feature",
      "geometry": {
        "type": "Point",
        "coordinates": [
          -87.09151758489381,
          30.49036898118445
        ]
      },
      "properties": {
        "record_type": "photograph",
        "photo_id": "photo-6c67b8df-6b2a-4012-8101-257492a25493",
        "photo_number": "P15",
        "inspection_date": "2026-08-03",
        "timestamp": "2026-08-03T13:11:55.074Z",
        "recorded_category": "Other",
        "display_class": "OTHER",
        "is_recorded_water_category": false,
        "water_visible_review_status": "NOT_REVIEWED_FROM_IMAGE",
        "gps_accuracy_m": 10.76920265942239,
        "heading_deg": 352.84759521484375,
        "section_id": null,
        "associated_record_ids": [],
        "note": "",
        "evidence_classification": "Observed",
        "evidence_scope": "OFF_PROPERTY_OR_TEST_REVIEW_REQUIRED",
        "source_family": "AUGUST_3_4_ORIGINAL_FIELD",
        "thumbnail_archive_tag": "AUG4_AI_PACKAGE",
        "thumbnail_archive_member": "photos/015_analysis.jpg",
        "thumbnail_path": "data/photos/all/photo-6c67b8df-6b2a-4012-8101-257492a25493.jpg",
        "source_file": "C:/Users/Admin/iCloudDrive/Downloads/Pearson_Road_Inspection_AI_ANALYSIS_REPORT_PACKAGE_2026-08-04_151016_633_export_report_2026_08_04_151016_633_b7b522724099.zip::AI_ANALYSIS.json",
        "source_files": [
          "C:/Users/Admin/iCloudDrive/Downloads/Pearson_Road_Inspection_AI_ANALYSIS_REPORT_PACKAGE_2026-08-04_151016_633_export_report_2026_08_04_151016_633_b7b522724099.zip::AI_ANALYSIS.json"
        ]
      }
    },
    {
      "type": "Feature",
      "geometry": {
        "type": "Point",
        "coordinates": [
          -87.09156119767083,
          30.490392947486544
        ]
      },
      "properties": {
        "record_type": "photograph",
        "photo_id": "photo-1ba987a3-7b54-41d0-88ca-d041bff2d8b7",
        "photo_number": "P16",
        "inspection_date": "2026-08-03",
        "timestamp": "2026-08-03T13:12:41.690Z",
        "recorded_category": "Other",
        "display_class": "OTHER",
        "is_recorded_water_category": false,
        "water_visible_review_status": "NOT_REVIEWED_FROM_IMAGE",
        "gps_accuracy_m": 10.83226298636161,
        "heading_deg": 339.12384033203125,
        "section_id": null,
        "associated_record_ids": [],
        "note": "",
        "evidence_classification": "Observed",
        "evidence_scope": "OFF_PROPERTY_OR_TEST_REVIEW_REQUIRED",
        "source_family": "AUGUST_3_4_ORIGINAL_FIELD",
        "thumbnail_archive_tag": "AUG4_AI_PACKAGE",
        "thumbnail_archive_member": "photos/016_analysis.jpg",
        "thumbnail_path": "data/photos/all/photo-1ba987a3-7b54-41d0-88ca-d041bff2d8b7.jpg",
        "source_file": "C:/Users/Admin/iCloudDrive/Downloads/Pearson_Road_Inspection_AI_ANALYSIS_REPORT_PACKAGE_2026-08-04_151016_633_export_report_2026_08_04_151016_633_b7b522724099.zip::AI_ANALYSIS.json",
        "source_files": [
          "C:/Users/Admin/iCloudDrive/Downloads/Pearson_Road_Inspection_AI_ANALYSIS_REPORT_PACKAGE_2026-08-04_151016_633_export_report_2026_08_04_151016_633_b7b522724099.zip::AI_ANALYSIS.json"
        ]
      }
    },
    {
      "type": "Feature",
      "geometry": {
        "type": "Point",
        "coordinates": [
          -87.09155709851467,
          30.49039954165472
        ]
      },
      "properties": {
        "record_type": "photograph",
        "photo_id": "photo-104fb842-8975-4578-9d1d-041adcc48d04",
        "photo_number": "P17",
        "inspection_date": "2026-08-03",
        "timestamp": "2026-08-03T13:12:53.545Z",
        "recorded_category": "Other",
        "display_class": "OTHER",
        "is_recorded_water_category": false,
        "water_visible_review_status": "NOT_REVIEWED_FROM_IMAGE",
        "gps_accuracy_m": 10.557418644825823,
        "heading_deg": 318.726318359375,
        "section_id": null,
        "associated_record_ids": [],
        "note": "",
        "evidence_classification": "Observed",
        "evidence_scope": "OFF_PROPERTY_OR_TEST_REVIEW_REQUIRED",
        "source_family": "AUGUST_3_4_ORIGINAL_FIELD",
        "thumbnail_archive_tag": "AUG4_AI_PACKAGE",
        "thumbnail_archive_member": "photos/017_analysis.jpg",
        "thumbnail_path": "data/photos/all/photo-104fb842-8975-4578-9d1d-041adcc48d04.jpg",
        "source_file": "C:/Users/Admin/iCloudDrive/Downloads/Pearson_Road_Inspection_AI_ANALYSIS_REPORT_PACKAGE_2026-08-04_151016_633_export_report_2026_08_04_151016_633_b7b522724099.zip::AI_ANALYSIS.json",
        "source_files": [
          "C:/Users/Admin/iCloudDrive/Downloads/Pearson_Road_Inspection_AI_ANALYSIS_REPORT_PACKAGE_2026-08-04_151016_633_export_report_2026_08_04_151016_633_b7b522724099.zip::AI_ANALYSIS.json"
        ]
      }
    },
    {
      "type": "Feature",
      "geometry": {
        "type": "Point",
        "coordinates": [
          -87.0915682441299,
          30.490375533518748
        ]
      },
      "properties": {
        "record_type": "photograph",
        "photo_id": "photo-4820d2c9-a8d1-4576-8408-4eecf2b3b672",
        "photo_number": "P18",
        "inspection_date": "2026-08-03",
        "timestamp": "2026-08-03T13:13:02.935Z",
        "recorded_category": "Other",
        "display_class": "OTHER",
        "is_recorded_water_category": false,
        "water_visible_review_status": "NOT_REVIEWED_FROM_IMAGE",
        "gps_accuracy_m": 10.613698132284608,
        "heading_deg": 71.49820709228516,
        "section_id": null,
        "associated_record_ids": [],
        "note": "",
        "evidence_classification": "Observed",
        "evidence_scope": "OFF_PROPERTY_OR_TEST_REVIEW_REQUIRED",
        "source_family": "AUGUST_3_4_ORIGINAL_FIELD",
        "thumbnail_archive_tag": "AUG4_AI_PACKAGE",
        "thumbnail_archive_member": "photos/018_analysis.jpg",
        "thumbnail_path": "data/photos/all/photo-4820d2c9-a8d1-4576-8408-4eecf2b3b672.jpg",
        "source_file": "C:/Users/Admin/iCloudDrive/Downloads/Pearson_Road_Inspection_AI_ANALYSIS_REPORT_PACKAGE_2026-08-04_151016_633_export_report_2026_08_04_151016_633_b7b522724099.zip::AI_ANALYSIS.json",
        "source_files": [
          "C:/Users/Admin/iCloudDrive/Downloads/Pearson_Road_Inspection_AI_ANALYSIS_REPORT_PACKAGE_2026-08-04_151016_633_export_report_2026_08_04_151016_633_b7b522724099.zip::AI_ANALYSIS.json"
        ]
      }
    },
    {
      "type": "Feature",
      "geometry": {
        "type": "Point",
        "coordinates": [
          -87.09158780330273,
          30.490351472909374
        ]
      },
      "properties": {
        "record_type": "photograph",
        "photo_id": "photo-d43776db-6c4e-435d-bfbe-750e4de4629f",
        "photo_number": "P19",
        "inspection_date": "2026-08-03",
        "timestamp": "2026-08-03T13:13:39.442Z",
        "recorded_category": "Other",
        "display_class": "OTHER",
        "is_recorded_water_category": false,
        "water_visible_review_status": "NOT_REVIEWED_FROM_IMAGE",
        "gps_accuracy_m": 9.50039864831268,
        "heading_deg": 144.01011657714844,
        "section_id": null,
        "associated_record_ids": [],
        "note": "",
        "evidence_classification": "Observed",
        "evidence_scope": "OFF_PROPERTY_OR_TEST_REVIEW_REQUIRED",
        "source_family": "AUGUST_3_4_ORIGINAL_FIELD",
        "thumbnail_archive_tag": "AUG4_AI_PACKAGE",
        "thumbnail_archive_member": "photos/019_analysis.jpg",
        "thumbnail_path": "data/photos/all/photo-d43776db-6c4e-435d-bfbe-750e4de4629f.jpg",
        "source_file": "C:/Users/Admin/iCloudDrive/Downloads/Pearson_Road_Inspection_AI_ANALYSIS_REPORT_PACKAGE_2026-08-04_151016_633_export_report_2026_08_04_151016_633_b7b522724099.zip::AI_ANALYSIS.json",
        "source_files": [
          "C:/Users/Admin/iCloudDrive/Downloads/Pearson_Road_Inspection_AI_ANALYSIS_REPORT_PACKAGE_2026-08-04_151016_633_export_report_2026_08_04_151016_633_b7b522724099.zip::AI_ANALYSIS.json"
        ]
      }
    },
    {
      "type": "Feature",
      "geometry": {
        "type": "Point",
        "coordinates": [
          -87.09156674451731,
          30.49032522675543
        ]
      },
      "properties": {
        "record_type": "photograph",
        "photo_id": "photo-8b7ff2a2-eb57-4185-9474-de845bd0c3a1",
        "photo_number": "P20",
        "inspection_date": "2026-08-03",
        "timestamp": "2026-08-03T13:13:55.185Z",
        "recorded_category": "Other",
        "display_class": "OTHER",
        "is_recorded_water_category": false,
        "water_visible_review_status": "NOT_REVIEWED_FROM_IMAGE",
        "gps_accuracy_m": 9.7417218967659,
        "heading_deg": 183.36317443847656,
        "section_id": null,
        "associated_record_ids": [],
        "note": "",
        "evidence_classification": "Observed",
        "evidence_scope": "OFF_PROPERTY_OR_TEST_REVIEW_REQUIRED",
        "source_family": "AUGUST_3_4_ORIGINAL_FIELD",
        "thumbnail_archive_tag": "AUG4_AI_PACKAGE",
        "thumbnail_archive_member": "photos/020_analysis.jpg",
        "thumbnail_path": "data/photos/all/photo-8b7ff2a2-eb57-4185-9474-de845bd0c3a1.jpg",
        "source_file": "C:/Users/Admin/iCloudDrive/Downloads/Pearson_Road_Inspection_AI_ANALYSIS_REPORT_PACKAGE_2026-08-04_151016_633_export_report_2026_08_04_151016_633_b7b522724099.zip::AI_ANALYSIS.json",
        "source_files": [
          "C:/Users/Admin/iCloudDrive/Downloads/Pearson_Road_Inspection_AI_ANALYSIS_REPORT_PACKAGE_2026-08-04_151016_633_export_report_2026_08_04_151016_633_b7b522724099.zip::AI_ANALYSIS.json"
        ]
      }
    },
    {
      "type": "Feature",
      "geometry": {
        "type": "Point",
        "coordinates": [
          -87.09158854694957,
          30.490337680332264
        ]
      },
      "properties": {
        "record_type": "photograph",
        "photo_id": "photo-73ceee63-b519-4954-9a7e-ecff352e1a34",
        "photo_number": "P21",
        "inspection_date": "2026-08-03",
        "timestamp": "2026-08-03T13:14:08.561Z",
        "recorded_category": "Other",
        "display_class": "OTHER",
        "is_recorded_water_category": false,
        "water_visible_review_status": "NOT_REVIEWED_FROM_IMAGE",
        "gps_accuracy_m": 10.135885261177764,
        "heading_deg": 210.31781005859375,
        "section_id": null,
        "associated_record_ids": [],
        "note": "",
        "evidence_classification": "Observed",
        "evidence_scope": "OFF_PROPERTY_OR_TEST_REVIEW_REQUIRED",
        "source_family": "AUGUST_3_4_ORIGINAL_FIELD",
        "thumbnail_archive_tag": "AUG4_AI_PACKAGE",
        "thumbnail_archive_member": "photos/021_analysis.jpg",
        "thumbnail_path": "data/photos/all/photo-73ceee63-b519-4954-9a7e-ecff352e1a34.jpg",
        "source_file": "C:/Users/Admin/iCloudDrive/Downloads/Pearson_Road_Inspection_AI_ANALYSIS_REPORT_PACKAGE_2026-08-04_151016_633_export_report_2026_08_04_151016_633_b7b522724099.zip::AI_ANALYSIS.json",
        "source_files": [
          "C:/Users/Admin/iCloudDrive/Downloads/Pearson_Road_Inspection_AI_ANALYSIS_REPORT_PACKAGE_2026-08-04_151016_633_export_report_2026_08_04_151016_633_b7b522724099.zip::AI_ANALYSIS.json"
        ]
      }
    },
    {
      "type": "Feature",
      "geometry": {
        "type": "Point",
        "coordinates": [
          -87.09158814963365,
          30.490392513435165
        ]
      },
      "properties": {
        "record_type": "photograph",
        "photo_id": "photo-0ab71d6d-8f39-412a-95f3-004392da511d",
        "photo_number": "P22",
        "inspection_date": "2026-08-03",
        "timestamp": "2026-08-03T13:14:34.738Z",
        "recorded_category": "Other",
        "display_class": "OTHER",
        "is_recorded_water_category": false,
        "water_visible_review_status": "NOT_REVIEWED_FROM_IMAGE",
        "gps_accuracy_m": 9.950176681442242,
        "heading_deg": 327.0071716308594,
        "section_id": null,
        "associated_record_ids": [],
        "note": "",
        "evidence_classification": "Observed",
        "evidence_scope": "OFF_PROPERTY_OR_TEST_REVIEW_REQUIRED",
        "source_family": "AUGUST_3_4_ORIGINAL_FIELD",
        "thumbnail_archive_tag": "AUG4_AI_PACKAGE",
        "thumbnail_archive_member": "photos/022_analysis.jpg",
        "thumbnail_path": "data/photos/all/photo-0ab71d6d-8f39-412a-95f3-004392da511d.jpg",
        "source_file": "C:/Users/Admin/iCloudDrive/Downloads/Pearson_Road_Inspection_AI_ANALYSIS_REPORT_PACKAGE_2026-08-04_151016_633_export_report_2026_08_04_151016_633_b7b522724099.zip::AI_ANALYSIS.json",
        "source_files": [
          "C:/Users/Admin/iCloudDrive/Downloads/Pearson_Road_Inspection_AI_ANALYSIS_REPORT_PACKAGE_2026-08-04_151016_633_export_report_2026_08_04_151016_633_b7b522724099.zip::AI_ANALYSIS.json"
        ]
      }
    },
    {
      "type": "Feature",
      "geometry": {
        "type": "Point",
        "coordinates": [
          -87.09160074596804,
          30.490422300800038
        ]
      },
      "properties": {
        "record_type": "photograph",
        "photo_id": "photo-19d294ea-d56c-40bb-be46-35d6d3d2c269",
        "photo_number": "P23",
        "inspection_date": "2026-08-03",
        "timestamp": "2026-08-03T13:15:16.999Z",
        "recorded_category": "Other",
        "display_class": "OTHER",
        "is_recorded_water_category": false,
        "water_visible_review_status": "NOT_REVIEWED_FROM_IMAGE",
        "gps_accuracy_m": 8.682956339409586,
        "heading_deg": 298.3452453613281,
        "section_id": null,
        "associated_record_ids": [],
        "note": "",
        "evidence_classification": "Observed",
        "evidence_scope": "OFF_PROPERTY_OR_TEST_REVIEW_REQUIRED",
        "source_family": "AUGUST_3_4_ORIGINAL_FIELD",
        "thumbnail_archive_tag": "AUG4_AI_PACKAGE",
        "thumbnail_archive_member": "photos/023_analysis.jpg",
        "thumbnail_path": "data/photos/all/photo-19d294ea-d56c-40bb-be46-35d6d3d2c269.jpg",
        "source_file": "C:/Users/Admin/iCloudDrive/Downloads/Pearson_Road_Inspection_AI_ANALYSIS_REPORT_PACKAGE_2026-08-04_151016_633_export_report_2026_08_04_151016_633_b7b522724099.zip::AI_ANALYSIS.json",
        "source_files": [
          "C:/Users/Admin/iCloudDrive/Downloads/Pearson_Road_Inspection_AI_ANALYSIS_REPORT_PACKAGE_2026-08-04_151016_633_export_report_2026_08_04_151016_633_b7b522724099.zip::AI_ANALYSIS.json"
        ]
      }
    },
    {
      "type": "Feature",
      "geometry": {
        "type": "Point",
        "coordinates": [
          -87.09160994041395,
          30.490424073156532
        ]
      },
      "properties": {
        "record_type": "photograph",
        "photo_id": "photo-f3600fb1-e9ca-4f90-ba03-38463fa6f67f",
        "photo_number": "P24",
        "inspection_date": "2026-08-03",
        "timestamp": "2026-08-03T13:15:28.409Z",
        "recorded_category": "Other",
        "display_class": "OTHER",
        "is_recorded_water_category": false,
        "water_visible_review_status": "NOT_REVIEWED_FROM_IMAGE",
        "gps_accuracy_m": 9.397088292387595,
        "heading_deg": 341.71417236328125,
        "section_id": null,
        "associated_record_ids": [],
        "note": "",
        "evidence_classification": "Observed",
        "evidence_scope": "OFF_PROPERTY_OR_TEST_REVIEW_REQUIRED",
        "source_family": "AUGUST_3_4_ORIGINAL_FIELD",
        "thumbnail_archive_tag": "AUG4_AI_PACKAGE",
        "thumbnail_archive_member": "photos/024_analysis.jpg",
        "thumbnail_path": "data/photos/all/photo-f3600fb1-e9ca-4f90-ba03-38463fa6f67f.jpg",
        "source_file": "C:/Users/Admin/iCloudDrive/Downloads/Pearson_Road_Inspection_AI_ANALYSIS_REPORT_PACKAGE_2026-08-04_151016_633_export_report_2026_08_04_151016_633_b7b522724099.zip::AI_ANALYSIS.json",
        "source_files": [
          "C:/Users/Admin/iCloudDrive/Downloads/Pearson_Road_Inspection_AI_ANALYSIS_REPORT_PACKAGE_2026-08-04_151016_633_export_report_2026_08_04_151016_633_b7b522724099.zip::AI_ANALYSIS.json"
        ]
      }
    },
    {
      "type": "Feature",
      "geometry": {
        "type": "Point",
        "coordinates": [
          -87.09151145020644,
          30.49047025310368
        ]
      },
      "properties": {
        "record_type": "photograph",
        "photo_id": "photo-68ca164c-ce76-4c20-a387-689f3d6bb254",
        "photo_number": "P25",
        "inspection_date": "2026-08-03",
        "timestamp": "2026-08-03T13:16:24.733Z",
        "recorded_category": "Other",
        "display_class": "OTHER",
        "is_recorded_water_category": false,
        "water_visible_review_status": "NOT_REVIEWED_FROM_IMAGE",
        "gps_accuracy_m": 9.707641073586094,
        "heading_deg": 121.3804702758789,
        "section_id": null,
        "associated_record_ids": [],
        "note": "",
        "evidence_classification": "Observed",
        "evidence_scope": "OFF_PROPERTY_OR_TEST_REVIEW_REQUIRED",
        "source_family": "AUGUST_3_4_ORIGINAL_FIELD",
        "thumbnail_archive_tag": "AUG4_AI_PACKAGE",
        "thumbnail_archive_member": "photos/025_analysis.jpg",
        "thumbnail_path": "data/photos/all/photo-68ca164c-ce76-4c20-a387-689f3d6bb254.jpg",
        "source_file": "C:/Users/Admin/iCloudDrive/Downloads/Pearson_Road_Inspection_AI_ANALYSIS_REPORT_PACKAGE_2026-08-04_151016_633_export_report_2026_08_04_151016_633_b7b522724099.zip::AI_ANALYSIS.json",
        "source_files": [
          "C:/Users/Admin/iCloudDrive/Downloads/Pearson_Road_Inspection_AI_ANALYSIS_REPORT_PACKAGE_2026-08-04_151016_633_export_report_2026_08_04_151016_633_b7b522724099.zip::AI_ANALYSIS.json"
        ]
      }
    },
    {
      "type": "Feature",
      "geometry": {
        "type": "Point",
        "coordinates": [
          -87.09154334332548,
          30.490516448635447
        ]
      },
      "properties": {
        "record_type": "photograph",
        "photo_id": "photo-1150aae5-b1f4-48b8-96c9-096637b92082",
        "photo_number": "P26",
        "inspection_date": "2026-08-03",
        "timestamp": "2026-08-03T13:16:59.344Z",
        "recorded_category": "Other",
        "display_class": "OTHER",
        "is_recorded_water_category": false,
        "water_visible_review_status": "NOT_REVIEWED_FROM_IMAGE",
        "gps_accuracy_m": 9.699042873111788,
        "heading_deg": 95.5893783569336,
        "section_id": null,
        "associated_record_ids": [],
        "note": "",
        "evidence_classification": "Observed",
        "evidence_scope": "OFF_PROPERTY_OR_TEST_REVIEW_REQUIRED",
        "source_family": "AUGUST_3_4_ORIGINAL_FIELD",
        "thumbnail_archive_tag": "AUG4_AI_PACKAGE",
        "thumbnail_archive_member": "photos/026_analysis.jpg",
        "thumbnail_path": "data/photos/all/photo-1150aae5-b1f4-48b8-96c9-096637b92082.jpg",
        "source_file": "C:/Users/Admin/iCloudDrive/Downloads/Pearson_Road_Inspection_AI_ANALYSIS_REPORT_PACKAGE_2026-08-04_151016_633_export_report_2026_08_04_151016_633_b7b522724099.zip::AI_ANALYSIS.json",
        "source_files": [
          "C:/Users/Admin/iCloudDrive/Downloads/Pearson_Road_Inspection_AI_ANALYSIS_REPORT_PACKAGE_2026-08-04_151016_633_export_report_2026_08_04_151016_633_b7b522724099.zip::AI_ANALYSIS.json"
        ]
      }
    },
    {
      "type": "Feature",
      "geometry": {
        "type": "Point",
        "coordinates": [
          -87.0915445284725,
          30.490522959927993
        ]
      },
      "properties": {
        "record_type": "photograph",
        "photo_id": "photo-68f4af31-985d-4ad9-9e53-a4dad7afa06d",
        "photo_number": "P27",
        "inspection_date": "2026-08-03",
        "timestamp": "2026-08-03T13:17:10.722Z",
        "recorded_category": "Other",
        "display_class": "OTHER",
        "is_recorded_water_category": false,
        "water_visible_review_status": "NOT_REVIEWED_FROM_IMAGE",
        "gps_accuracy_m": 9.052100485594112,
        "heading_deg": 24.809118270874023,
        "section_id": null,
        "associated_record_ids": [],
        "note": "",
        "evidence_classification": "Observed",
        "evidence_scope": "OFF_PROPERTY_OR_TEST_REVIEW_REQUIRED",
        "source_family": "AUGUST_3_4_ORIGINAL_FIELD",
        "thumbnail_archive_tag": "AUG4_AI_PACKAGE",
        "thumbnail_archive_member": "photos/027_analysis.jpg",
        "thumbnail_path": "data/photos/all/photo-68f4af31-985d-4ad9-9e53-a4dad7afa06d.jpg",
        "source_file": "C:/Users/Admin/iCloudDrive/Downloads/Pearson_Road_Inspection_AI_ANALYSIS_REPORT_PACKAGE_2026-08-04_151016_633_export_report_2026_08_04_151016_633_b7b522724099.zip::AI_ANALYSIS.json",
        "source_files": [
          "C:/Users/Admin/iCloudDrive/Downloads/Pearson_Road_Inspection_AI_ANALYSIS_REPORT_PACKAGE_2026-08-04_151016_633_export_report_2026_08_04_151016_633_b7b522724099.zip::AI_ANALYSIS.json"
        ]
      }
    },
    {
      "type": "Feature",
      "geometry": {
        "type": "Point",
        "coordinates": [
          -87.09159433578735,
          30.49055556307238
        ]
      },
      "properties": {
        "record_type": "photograph",
        "photo_id": "photo-951d4290-8314-4441-bc65-17b65d2a7cf4",
        "photo_number": "P28",
        "inspection_date": "2026-08-03",
        "timestamp": "2026-08-03T13:18:26.822Z",
        "recorded_category": "Other",
        "display_class": "OTHER",
        "is_recorded_water_category": false,
        "water_visible_review_status": "NOT_REVIEWED_FROM_IMAGE",
        "gps_accuracy_m": 13.729316039416705,
        "heading_deg": 194.94618225097656,
        "section_id": null,
        "associated_record_ids": [],
        "note": "",
        "evidence_classification": "Observed",
        "evidence_scope": "OFF_PROPERTY_OR_TEST_REVIEW_REQUIRED",
        "source_family": "AUGUST_3_4_ORIGINAL_FIELD",
        "thumbnail_archive_tag": "AUG4_AI_PACKAGE",
        "thumbnail_archive_member": "photos/028_analysis.jpg",
        "thumbnail_path": "data/photos/all/photo-951d4290-8314-4441-bc65-17b65d2a7cf4.jpg",
        "source_file": "C:/Users/Admin/iCloudDrive/Downloads/Pearson_Road_Inspection_AI_ANALYSIS_REPORT_PACKAGE_2026-08-04_151016_633_export_report_2026_08_04_151016_633_b7b522724099.zip::AI_ANALYSIS.json",
        "source_files": [
          "C:/Users/Admin/iCloudDrive/Downloads/Pearson_Road_Inspection_AI_ANALYSIS_REPORT_PACKAGE_2026-08-04_151016_633_export_report_2026_08_04_151016_633_b7b522724099.zip::AI_ANALYSIS.json"
        ]
      }
    },
    {
      "type": "Feature",
      "geometry": {
        "type": "Point",
        "coordinates": [
          -87.0916028676118,
          30.490555623485037
        ]
      },
      "properties": {
        "record_type": "photograph",
        "photo_id": "photo-9b70a7d8-6767-48e5-b5be-c6e05f801b4c",
        "photo_number": "P29",
        "inspection_date": "2026-08-03",
        "timestamp": "2026-08-03T13:18:38.980Z",
        "recorded_category": "Other",
        "display_class": "OTHER",
        "is_recorded_water_category": false,
        "water_visible_review_status": "NOT_REVIEWED_FROM_IMAGE",
        "gps_accuracy_m": 14.580343377718311,
        "heading_deg": 281.2602844238281,
        "section_id": null,
        "associated_record_ids": [],
        "note": "",
        "evidence_classification": "Observed",
        "evidence_scope": "OFF_PROPERTY_OR_TEST_REVIEW_REQUIRED",
        "source_family": "AUGUST_3_4_ORIGINAL_FIELD",
        "thumbnail_archive_tag": "AUG4_AI_PACKAGE",
        "thumbnail_archive_member": "photos/029_analysis.jpg",
        "thumbnail_path": "data/photos/all/photo-9b70a7d8-6767-48e5-b5be-c6e05f801b4c.jpg",
        "source_file": "C:/Users/Admin/iCloudDrive/Downloads/Pearson_Road_Inspection_AI_ANALYSIS_REPORT_PACKAGE_2026-08-04_151016_633_export_report_2026_08_04_151016_633_b7b522724099.zip::AI_ANALYSIS.json",
        "source_files": [
          "C:/Users/Admin/iCloudDrive/Downloads/Pearson_Road_Inspection_AI_ANALYSIS_REPORT_PACKAGE_2026-08-04_151016_633_export_report_2026_08_04_151016_633_b7b522724099.zip::AI_ANALYSIS.json"
        ]
      }
    },
    {
      "type": "Feature",
      "geometry": {
        "type": "Point",
        "coordinates": [
          -87.09159843656239,
          30.490563188673313
        ]
      },
      "properties": {
        "record_type": "photograph",
        "photo_id": "photo-a5ef4c1e-7650-4166-ab2f-b1197b92be6d",
        "photo_number": "P30",
        "inspection_date": "2026-08-03",
        "timestamp": "2026-08-03T13:18:48.648Z",
        "recorded_category": "Other",
        "display_class": "OTHER",
        "is_recorded_water_category": false,
        "water_visible_review_status": "NOT_REVIEWED_FROM_IMAGE",
        "gps_accuracy_m": 13.431478921342006,
        "heading_deg": 337.742919921875,
        "section_id": null,
        "associated_record_ids": [],
        "note": "",
        "evidence_classification": "Observed",
        "evidence_scope": "OFF_PROPERTY_OR_TEST_REVIEW_REQUIRED",
        "source_family": "AUGUST_3_4_ORIGINAL_FIELD",
        "thumbnail_archive_tag": "AUG4_AI_PACKAGE",
        "thumbnail_archive_member": "photos/030_analysis.jpg",
        "thumbnail_path": "data/photos/all/photo-a5ef4c1e-7650-4166-ab2f-b1197b92be6d.jpg",
        "source_file": "C:/Users/Admin/iCloudDrive/Downloads/Pearson_Road_Inspection_AI_ANALYSIS_REPORT_PACKAGE_2026-08-04_151016_633_export_report_2026_08_04_151016_633_b7b522724099.zip::AI_ANALYSIS.json",
        "source_files": [
          "C:/Users/Admin/iCloudDrive/Downloads/Pearson_Road_Inspection_AI_ANALYSIS_REPORT_PACKAGE_2026-08-04_151016_633_export_report_2026_08_04_151016_633_b7b522724099.zip::AI_ANALYSIS.json"
        ]
      }
    },
    {
      "type": "Feature",
      "geometry": {
        "type": "Point",
        "coordinates": [
          -87.09158233789634,
          30.490657189650268
        ]
      },
      "properties": {
        "record_type": "photograph",
        "photo_id": "photo-6def6007-1607-403d-8d44-682a6486ab48",
        "photo_number": "P31",
        "inspection_date": "2026-08-03",
        "timestamp": "2026-08-03T13:19:33.284Z",
        "recorded_category": "Other",
        "display_class": "OTHER",
        "is_recorded_water_category": false,
        "water_visible_review_status": "NOT_REVIEWED_FROM_IMAGE",
        "gps_accuracy_m": 9.272342018720636,
        "heading_deg": 61.779354095458984,
        "section_id": null,
        "associated_record_ids": [],
        "note": "",
        "evidence_classification": "Observed",
        "evidence_scope": "OFF_PROPERTY_OR_TEST_REVIEW_REQUIRED",
        "source_family": "AUGUST_3_4_ORIGINAL_FIELD",
        "thumbnail_archive_tag": "AUG4_AI_PACKAGE",
        "thumbnail_archive_member": "photos/031_analysis.jpg",
        "thumbnail_path": "data/photos/all/photo-6def6007-1607-403d-8d44-682a6486ab48.jpg",
        "source_file": "C:/Users/Admin/iCloudDrive/Downloads/Pearson_Road_Inspection_AI_ANALYSIS_REPORT_PACKAGE_2026-08-04_151016_633_export_report_2026_08_04_151016_633_b7b522724099.zip::AI_ANALYSIS.json",
        "source_files": [
          "C:/Users/Admin/iCloudDrive/Downloads/Pearson_Road_Inspection_AI_ANALYSIS_REPORT_PACKAGE_2026-08-04_151016_633_export_report_2026_08_04_151016_633_b7b522724099.zip::AI_ANALYSIS.json"
        ]
      }
    },
    {
      "type": "Feature",
      "geometry": {
        "type": "Point",
        "coordinates": [
          -87.09159742919353,
          30.49067571300371
        ]
      },
      "properties": {
        "record_type": "photograph",
        "photo_id": "photo-e1f5387e-b0ff-4bab-8009-ca80c5306902",
        "photo_number": "P32",
        "inspection_date": "2026-08-03",
        "timestamp": "2026-08-03T13:19:42.547Z",
        "recorded_category": "Other",
        "display_class": "OTHER",
        "is_recorded_water_category": false,
        "water_visible_review_status": "NOT_REVIEWED_FROM_IMAGE",
        "gps_accuracy_m": 8.662507982331691,
        "heading_deg": 63.98957824707031,
        "section_id": null,
        "associated_record_ids": [],
        "note": "",
        "evidence_classification": "Observed",
        "evidence_scope": "OFF_PROPERTY_OR_TEST_REVIEW_REQUIRED",
        "source_family": "AUGUST_3_4_ORIGINAL_FIELD",
        "thumbnail_archive_tag": "AUG4_AI_PACKAGE",
        "thumbnail_archive_member": "photos/032_analysis.jpg",
        "thumbnail_path": "data/photos/all/photo-e1f5387e-b0ff-4bab-8009-ca80c5306902.jpg",
        "source_file": "C:/Users/Admin/iCloudDrive/Downloads/Pearson_Road_Inspection_AI_ANALYSIS_REPORT_PACKAGE_2026-08-04_151016_633_export_report_2026_08_04_151016_633_b7b522724099.zip::AI_ANALYSIS.json",
        "source_files": [
          "C:/Users/Admin/iCloudDrive/Downloads/Pearson_Road_Inspection_AI_ANALYSIS_REPORT_PACKAGE_2026-08-04_151016_633_export_report_2026_08_04_151016_633_b7b522724099.zip::AI_ANALYSIS.json"
        ]
      }
    },
    {
      "type": "Feature",
      "geometry": {
        "type": "Point",
        "coordinates": [
          -87.09158984578127,
          30.490727461660544
        ]
      },
      "properties": {
        "record_type": "photograph",
        "photo_id": "photo-96f8a6fb-fc51-45ca-bb78-58bb1449ccf8",
        "photo_number": "P33",
        "inspection_date": "2026-08-03",
        "timestamp": "2026-08-03T13:21:05.610Z",
        "recorded_category": "Other",
        "display_class": "OTHER",
        "is_recorded_water_category": false,
        "water_visible_review_status": "NOT_REVIEWED_FROM_IMAGE",
        "gps_accuracy_m": 14.61628189916363,
        "heading_deg": 330.847900390625,
        "section_id": null,
        "associated_record_ids": [],
        "note": "",
        "evidence_classification": "Observed",
        "evidence_scope": "OFF_PROPERTY_OR_TEST_REVIEW_REQUIRED",
        "source_family": "AUGUST_3_4_ORIGINAL_FIELD",
        "thumbnail_archive_tag": "AUG4_AI_PACKAGE",
        "thumbnail_archive_member": "photos/033_analysis.jpg",
        "thumbnail_path": "data/photos/all/photo-96f8a6fb-fc51-45ca-bb78-58bb1449ccf8.jpg",
        "source_file": "C:/Users/Admin/iCloudDrive/Downloads/Pearson_Road_Inspection_AI_ANALYSIS_REPORT_PACKAGE_2026-08-04_151016_633_export_report_2026_08_04_151016_633_b7b522724099.zip::AI_ANALYSIS.json",
        "source_files": [
          "C:/Users/Admin/iCloudDrive/Downloads/Pearson_Road_Inspection_AI_ANALYSIS_REPORT_PACKAGE_2026-08-04_151016_633_export_report_2026_08_04_151016_633_b7b522724099.zip::AI_ANALYSIS.json"
        ]
      }
    },
    {
      "type": "Feature",
      "geometry": {
        "type": "Point",
        "coordinates": [
          -87.09160703742685,
          30.490714810216794
        ]
      },
      "properties": {
        "record_type": "photograph",
        "photo_id": "photo-578b1651-1185-425a-b875-ae2f0daa0f90",
        "photo_number": "P34",
        "inspection_date": "2026-08-03",
        "timestamp": "2026-08-03T13:21:11.222Z",
        "recorded_category": "Other",
        "display_class": "OTHER",
        "is_recorded_water_category": false,
        "water_visible_review_status": "NOT_REVIEWED_FROM_IMAGE",
        "gps_accuracy_m": 13.444033313285702,
        "heading_deg": 340.2781677246094,
        "section_id": null,
        "associated_record_ids": [],
        "note": "",
        "evidence_classification": "Observed",
        "evidence_scope": "OFF_PROPERTY_OR_TEST_REVIEW_REQUIRED",
        "source_family": "AUGUST_3_4_ORIGINAL_FIELD",
        "thumbnail_archive_tag": "AUG4_AI_PACKAGE",
        "thumbnail_archive_member": "photos/034_analysis.jpg",
        "thumbnail_path": "data/photos/all/photo-578b1651-1185-425a-b875-ae2f0daa0f90.jpg",
        "source_file": "C:/Users/Admin/iCloudDrive/Downloads/Pearson_Road_Inspection_AI_ANALYSIS_REPORT_PACKAGE_2026-08-04_151016_633_export_report_2026_08_04_151016_633_b7b522724099.zip::AI_ANALYSIS.json",
        "source_files": [
          "C:/Users/Admin/iCloudDrive/Downloads/Pearson_Road_Inspection_AI_ANALYSIS_REPORT_PACKAGE_2026-08-04_151016_633_export_report_2026_08_04_151016_633_b7b522724099.zip::AI_ANALYSIS.json"
        ]
      }
    },
    {
      "type": "Feature",
      "geometry": {
        "type": "Point",
        "coordinates": [
          -87.09164978448676,
          30.490783240818818
        ]
      },
      "properties": {
        "record_type": "photograph",
        "photo_id": "photo-688e60e3-cce3-45ab-9f6a-a690019da5f6",
        "photo_number": "P35",
        "inspection_date": "2026-08-03",
        "timestamp": "2026-08-03T13:22:52.484Z",
        "recorded_category": "Other",
        "display_class": "OTHER",
        "is_recorded_water_category": false,
        "water_visible_review_status": "NOT_REVIEWED_FROM_IMAGE",
        "gps_accuracy_m": 14.607801566480155,
        "heading_deg": 9.225656509399414,
        "section_id": null,
        "associated_record_ids": [],
        "note": "",
        "evidence_classification": "Observed",
        "evidence_scope": "OFF_PROPERTY_OR_TEST_REVIEW_REQUIRED",
        "source_family": "AUGUST_3_4_ORIGINAL_FIELD",
        "thumbnail_archive_tag": "AUG4_AI_PACKAGE",
        "thumbnail_archive_member": "photos/035_analysis.jpg",
        "thumbnail_path": "data/photos/all/photo-688e60e3-cce3-45ab-9f6a-a690019da5f6.jpg",
        "source_file": "C:/Users/Admin/iCloudDrive/Downloads/Pearson_Road_Inspection_AI_ANALYSIS_REPORT_PACKAGE_2026-08-04_151016_633_export_report_2026_08_04_151016_633_b7b522724099.zip::AI_ANALYSIS.json",
        "source_files": [
          "C:/Users/Admin/iCloudDrive/Downloads/Pearson_Road_Inspection_AI_ANALYSIS_REPORT_PACKAGE_2026-08-04_151016_633_export_report_2026_08_04_151016_633_b7b522724099.zip::AI_ANALYSIS.json"
        ]
      }
    },
    {
      "type": "Feature",
      "geometry": {
        "type": "Point",
        "coordinates": [
          -87.09164494825163,
          30.49077938209553
        ]
      },
      "properties": {
        "record_type": "photograph",
        "photo_id": "photo-97c70f90-b2bd-4c5b-ae14-225f8cfb418c",
        "photo_number": "P36",
        "inspection_date": "2026-08-03",
        "timestamp": "2026-08-03T13:23:05.493Z",
        "recorded_category": "Other",
        "display_class": "OTHER",
        "is_recorded_water_category": false,
        "water_visible_review_status": "NOT_REVIEWED_FROM_IMAGE",
        "gps_accuracy_m": 13.640897300949183,
        "heading_deg": 95.00602722167969,
        "section_id": null,
        "associated_record_ids": [],
        "note": "",
        "evidence_classification": "Observed",
        "evidence_scope": "OFF_PROPERTY_OR_TEST_REVIEW_REQUIRED",
        "source_family": "AUGUST_3_4_ORIGINAL_FIELD",
        "thumbnail_archive_tag": "AUG4_AI_PACKAGE",
        "thumbnail_archive_member": "photos/036_analysis.jpg",
        "thumbnail_path": "data/photos/all/photo-97c70f90-b2bd-4c5b-ae14-225f8cfb418c.jpg",
        "source_file": "C:/Users/Admin/iCloudDrive/Downloads/Pearson_Road_Inspection_AI_ANALYSIS_REPORT_PACKAGE_2026-08-04_151016_633_export_report_2026_08_04_151016_633_b7b522724099.zip::AI_ANALYSIS.json",
        "source_files": [
          "C:/Users/Admin/iCloudDrive/Downloads/Pearson_Road_Inspection_AI_ANALYSIS_REPORT_PACKAGE_2026-08-04_151016_633_export_report_2026_08_04_151016_633_b7b522724099.zip::AI_ANALYSIS.json"
        ]
      }
    },
    {
      "type": "Feature",
      "geometry": {
        "type": "Point",
        "coordinates": [
          -87.0916339090765,
          30.490776806434233
        ]
      },
      "properties": {
        "record_type": "photograph",
        "photo_id": "photo-7c857909-9999-4261-9012-8df76257bb7f",
        "photo_number": "P37",
        "inspection_date": "2026-08-03",
        "timestamp": "2026-08-03T13:23:17.151Z",
        "recorded_category": "Other",
        "display_class": "OTHER",
        "is_recorded_water_category": false,
        "water_visible_review_status": "NOT_REVIEWED_FROM_IMAGE",
        "gps_accuracy_m": 13.596336234065635,
        "heading_deg": 53.96845626831055,
        "section_id": null,
        "associated_record_ids": [],
        "note": "",
        "evidence_classification": "Observed",
        "evidence_scope": "OFF_PROPERTY_OR_TEST_REVIEW_REQUIRED",
        "source_family": "AUGUST_3_4_ORIGINAL_FIELD",
        "thumbnail_archive_tag": "AUG4_AI_PACKAGE",
        "thumbnail_archive_member": "photos/037_analysis.jpg",
        "thumbnail_path": "data/photos/all/photo-7c857909-9999-4261-9012-8df76257bb7f.jpg",
        "source_file": "C:/Users/Admin/iCloudDrive/Downloads/Pearson_Road_Inspection_AI_ANALYSIS_REPORT_PACKAGE_2026-08-04_151016_633_export_report_2026_08_04_151016_633_b7b522724099.zip::AI_ANALYSIS.json",
        "source_files": [
          "C:/Users/Admin/iCloudDrive/Downloads/Pearson_Road_Inspection_AI_ANALYSIS_REPORT_PACKAGE_2026-08-04_151016_633_export_report_2026_08_04_151016_633_b7b522724099.zip::AI_ANALYSIS.json"
        ]
      }
    },
    {
      "type": "Feature",
      "geometry": {
        "type": "Point",
        "coordinates": [
          -87.09158797756497,
          30.49084262925246
        ]
      },
      "properties": {
        "record_type": "photograph",
        "photo_id": "photo-5e063436-3606-498c-b0ad-77708cc183a0",
        "photo_number": "P38",
        "inspection_date": "2026-08-03",
        "timestamp": "2026-08-03T13:25:13.814Z",
        "recorded_category": "Other",
        "display_class": "OTHER",
        "is_recorded_water_category": false,
        "water_visible_review_status": "NOT_REVIEWED_FROM_IMAGE",
        "gps_accuracy_m": 3.5355339059327373,
        "heading_deg": 217.089111328125,
        "section_id": null,
        "associated_record_ids": [],
        "note": "",
        "evidence_classification": "Observed",
        "evidence_scope": "OFF_PROPERTY_OR_TEST_REVIEW_REQUIRED",
        "source_family": "AUGUST_3_4_ORIGINAL_FIELD",
        "thumbnail_archive_tag": "AUG4_AI_PACKAGE",
        "thumbnail_archive_member": "photos/038_analysis.jpg",
        "thumbnail_path": "data/photos/all/photo-5e063436-3606-498c-b0ad-77708cc183a0.jpg",
        "source_file": "C:/Users/Admin/iCloudDrive/Downloads/Pearson_Road_Inspection_AI_ANALYSIS_REPORT_PACKAGE_2026-08-04_151016_633_export_report_2026_08_04_151016_633_b7b522724099.zip::AI_ANALYSIS.json",
        "source_files": [
          "C:/Users/Admin/iCloudDrive/Downloads/Pearson_Road_Inspection_AI_ANALYSIS_REPORT_PACKAGE_2026-08-04_151016_633_export_report_2026_08_04_151016_633_b7b522724099.zip::AI_ANALYSIS.json"
        ]
      }
    },
    {
      "type": "Feature",
      "geometry": {
        "type": "Point",
        "coordinates": [
          -87.09156651989285,
          30.4908449761854
        ]
      },
      "properties": {
        "record_type": "photograph",
        "photo_id": "photo-359e5a79-016b-48db-96fc-67df1746057e",
        "photo_number": "P39",
        "inspection_date": "2026-08-03",
        "timestamp": "2026-08-03T13:25:27.540Z",
        "recorded_category": "Other",
        "display_class": "OTHER",
        "is_recorded_water_category": false,
        "water_visible_review_status": "NOT_REVIEWED_FROM_IMAGE",
        "gps_accuracy_m": 4.748651530191761,
        "heading_deg": 117.66217041015625,
        "section_id": null,
        "associated_record_ids": [],
        "note": "",
        "evidence_classification": "Observed",
        "evidence_scope": "OFF_PROPERTY_OR_TEST_REVIEW_REQUIRED",
        "source_family": "AUGUST_3_4_ORIGINAL_FIELD",
        "thumbnail_archive_tag": "AUG4_AI_PACKAGE",
        "thumbnail_archive_member": "photos/039_analysis.jpg",
        "thumbnail_path": "data/photos/all/photo-359e5a79-016b-48db-96fc-67df1746057e.jpg",
        "source_file": "C:/Users/Admin/iCloudDrive/Downloads/Pearson_Road_Inspection_AI_ANALYSIS_REPORT_PACKAGE_2026-08-04_151016_633_export_report_2026_08_04_151016_633_b7b522724099.zip::AI_ANALYSIS.json",
        "source_files": [
          "C:/Users/Admin/iCloudDrive/Downloads/Pearson_Road_Inspection_AI_ANALYSIS_REPORT_PACKAGE_2026-08-04_151016_633_export_report_2026_08_04_151016_633_b7b522724099.zip::AI_ANALYSIS.json"
        ]
      }
    },
    {
      "type": "Feature",
      "geometry": {
        "type": "Point",
        "coordinates": [
          -87.09153708091843,
          30.49084274563512
        ]
      },
      "properties": {
        "record_type": "photograph",
        "photo_id": "photo-571d0b18-19a8-41d4-9c3d-cac9388414c9",
        "photo_number": "P40",
        "inspection_date": "2026-08-03",
        "timestamp": "2026-08-03T13:25:34.722Z",
        "recorded_category": "Other",
        "display_class": "OTHER",
        "is_recorded_water_category": false,
        "water_visible_review_status": "NOT_REVIEWED_FROM_IMAGE",
        "gps_accuracy_m": 11.32197107382195,
        "heading_deg": 76.52002716064453,
        "section_id": null,
        "associated_record_ids": [],
        "note": "",
        "evidence_classification": "Observed",
        "evidence_scope": "OFF_PROPERTY_OR_TEST_REVIEW_REQUIRED",
        "source_family": "AUGUST_3_4_ORIGINAL_FIELD",
        "thumbnail_archive_tag": "AUG4_AI_PACKAGE",
        "thumbnail_archive_member": "photos/040_analysis.jpg",
        "thumbnail_path": "data/photos/all/photo-571d0b18-19a8-41d4-9c3d-cac9388414c9.jpg",
        "source_file": "C:/Users/Admin/iCloudDrive/Downloads/Pearson_Road_Inspection_AI_ANALYSIS_REPORT_PACKAGE_2026-08-04_151016_633_export_report_2026_08_04_151016_633_b7b522724099.zip::AI_ANALYSIS.json",
        "source_files": [
          "C:/Users/Admin/iCloudDrive/Downloads/Pearson_Road_Inspection_AI_ANALYSIS_REPORT_PACKAGE_2026-08-04_151016_633_export_report_2026_08_04_151016_633_b7b522724099.zip::AI_ANALYSIS.json"
        ]
      }
    },
    {
      "type": "Feature",
      "geometry": {
        "type": "Point",
        "coordinates": [
          -87.09153500759491,
          30.490864004328703
        ]
      },
      "properties": {
        "record_type": "photograph",
        "photo_id": "photo-69ca9226-1854-45a1-9515-b38757b4359c",
        "photo_number": "P41",
        "inspection_date": "2026-08-03",
        "timestamp": "2026-08-03T13:25:58.940Z",
        "recorded_category": "Other",
        "display_class": "OTHER",
        "is_recorded_water_category": false,
        "water_visible_review_status": "NOT_REVIEWED_FROM_IMAGE",
        "gps_accuracy_m": 9.18399216371771,
        "heading_deg": 152.13304138183594,
        "section_id": null,
        "associated_record_ids": [],
        "note": "",
        "evidence_classification": "Observed",
        "evidence_scope": "OFF_PROPERTY_OR_TEST_REVIEW_REQUIRED",
        "source_family": "AUGUST_3_4_ORIGINAL_FIELD",
        "thumbnail_archive_tag": "AUG4_AI_PACKAGE",
        "thumbnail_archive_member": "photos/041_analysis.jpg",
        "thumbnail_path": "data/photos/all/photo-69ca9226-1854-45a1-9515-b38757b4359c.jpg",
        "source_file": "C:/Users/Admin/iCloudDrive/Downloads/Pearson_Road_Inspection_AI_ANALYSIS_REPORT_PACKAGE_2026-08-04_151016_633_export_report_2026_08_04_151016_633_b7b522724099.zip::AI_ANALYSIS.json",
        "source_files": [
          "C:/Users/Admin/iCloudDrive/Downloads/Pearson_Road_Inspection_AI_ANALYSIS_REPORT_PACKAGE_2026-08-04_151016_633_export_report_2026_08_04_151016_633_b7b522724099.zip::AI_ANALYSIS.json"
        ]
      }
    },
    {
      "type": "Feature",
      "geometry": {
        "type": "Point",
        "coordinates": [
          -87.09159136491415,
          30.490845260124395
        ]
      },
      "properties": {
        "record_type": "photograph",
        "photo_id": "photo-47584afb-7bc9-4446-a78e-5c14a33d2d47",
        "photo_number": "P42",
        "inspection_date": "2026-08-03",
        "timestamp": "2026-08-03T13:26:41.411Z",
        "recorded_category": "Other",
        "display_class": "OTHER",
        "is_recorded_water_category": false,
        "water_visible_review_status": "NOT_REVIEWED_FROM_IMAGE",
        "gps_accuracy_m": 6.982817478766077,
        "heading_deg": 358.0361022949219,
        "section_id": null,
        "associated_record_ids": [],
        "note": "",
        "evidence_classification": "Observed",
        "evidence_scope": "OFF_PROPERTY_OR_TEST_REVIEW_REQUIRED",
        "source_family": "AUGUST_3_4_ORIGINAL_FIELD",
        "thumbnail_archive_tag": "AUG4_AI_PACKAGE",
        "thumbnail_archive_member": "photos/042_analysis.jpg",
        "thumbnail_path": "data/photos/all/photo-47584afb-7bc9-4446-a78e-5c14a33d2d47.jpg",
        "source_file": "C:/Users/Admin/iCloudDrive/Downloads/Pearson_Road_Inspection_AI_ANALYSIS_REPORT_PACKAGE_2026-08-04_151016_633_export_report_2026_08_04_151016_633_b7b522724099.zip::AI_ANALYSIS.json",
        "source_files": [
          "C:/Users/Admin/iCloudDrive/Downloads/Pearson_Road_Inspection_AI_ANALYSIS_REPORT_PACKAGE_2026-08-04_151016_633_export_report_2026_08_04_151016_633_b7b522724099.zip::AI_ANALYSIS.json"
        ]
      }
    },
    {
      "type": "Feature",
      "geometry": {
        "type": "Point",
        "coordinates": [
          -87.09157731851994,
          30.49084202197299
        ]
      },
      "properties": {
        "record_type": "photograph",
        "photo_id": "photo-58f9f9e1-f46b-4f72-ac63-7594c6d6c3cf",
        "photo_number": "P43",
        "inspection_date": "2026-08-03",
        "timestamp": "2026-08-03T13:26:56.018Z",
        "recorded_category": "Other",
        "display_class": "OTHER",
        "is_recorded_water_category": false,
        "water_visible_review_status": "NOT_REVIEWED_FROM_IMAGE",
        "gps_accuracy_m": 9.201952957693779,
        "heading_deg": 43.1597785949707,
        "section_id": null,
        "associated_record_ids": [],
        "note": "",
        "evidence_classification": "Observed",
        "evidence_scope": "OFF_PROPERTY_OR_TEST_REVIEW_REQUIRED",
        "source_family": "AUGUST_3_4_ORIGINAL_FIELD",
        "thumbnail_archive_tag": "AUG4_AI_PACKAGE",
        "thumbnail_archive_member": "photos/043_analysis.jpg",
        "thumbnail_path": "data/photos/all/photo-58f9f9e1-f46b-4f72-ac63-7594c6d6c3cf.jpg",
        "source_file": "C:/Users/Admin/iCloudDrive/Downloads/Pearson_Road_Inspection_AI_ANALYSIS_REPORT_PACKAGE_2026-08-04_151016_633_export_report_2026_08_04_151016_633_b7b522724099.zip::AI_ANALYSIS.json",
        "source_files": [
          "C:/Users/Admin/iCloudDrive/Downloads/Pearson_Road_Inspection_AI_ANALYSIS_REPORT_PACKAGE_2026-08-04_151016_633_export_report_2026_08_04_151016_633_b7b522724099.zip::AI_ANALYSIS.json"
        ]
      }
    },
    {
      "type": "Feature",
      "geometry": {
        "type": "Point",
        "coordinates": [
          -87.09164508018483,
          30.49078916503121
        ]
      },
      "properties": {
        "record_type": "photograph",
        "photo_id": "photo-86b8c9de-a932-4c1c-9ac2-4f98f0dd2376",
        "photo_number": "P44",
        "inspection_date": "2026-08-03",
        "timestamp": "2026-08-03T13:28:49.482Z",
        "recorded_category": "Other",
        "display_class": "OTHER",
        "is_recorded_water_category": false,
        "water_visible_review_status": "NOT_REVIEWED_FROM_IMAGE",
        "gps_accuracy_m": 9.036208423771582,
        "heading_deg": 271.9898986816406,
        "section_id": null,
        "associated_record_ids": [],
        "note": "",
        "evidence_classification": "Observed",
        "evidence_scope": "OFF_PROPERTY_OR_TEST_REVIEW_REQUIRED",
        "source_family": "AUGUST_3_4_ORIGINAL_FIELD",
        "thumbnail_archive_tag": "AUG4_AI_PACKAGE",
        "thumbnail_archive_member": "photos/044_analysis.jpg",
        "thumbnail_path": "data/photos/all/photo-86b8c9de-a932-4c1c-9ac2-4f98f0dd2376.jpg",
        "source_file": "C:/Users/Admin/iCloudDrive/Downloads/Pearson_Road_Inspection_AI_ANALYSIS_REPORT_PACKAGE_2026-08-04_151016_633_export_report_2026_08_04_151016_633_b7b522724099.zip::AI_ANALYSIS.json",
        "source_files": [
          "C:/Users/Admin/iCloudDrive/Downloads/Pearson_Road_Inspection_AI_ANALYSIS_REPORT_PACKAGE_2026-08-04_151016_633_export_report_2026_08_04_151016_633_b7b522724099.zip::AI_ANALYSIS.json"
        ]
      }
    },
    {
      "type": "Feature",
      "geometry": {
        "type": "Point",
        "coordinates": [
          -87.09177657038633,
          30.49084112050994
        ]
      },
      "properties": {
        "record_type": "photograph",
        "photo_id": "photo-1d9e651b-2839-438a-a04a-19b71ab6d245",
        "photo_number": "P45",
        "inspection_date": "2026-08-03",
        "timestamp": "2026-08-03T13:30:35.218Z",
        "recorded_category": "Other",
        "display_class": "OTHER",
        "is_recorded_water_category": false,
        "water_visible_review_status": "NOT_REVIEWED_FROM_IMAGE",
        "gps_accuracy_m": 4.748651530191761,
        "heading_deg": 344.49224853515625,
        "section_id": null,
        "associated_record_ids": [],
        "note": "",
        "evidence_classification": "Observed",
        "evidence_scope": "OFF_PROPERTY_OR_TEST_REVIEW_REQUIRED",
        "source_family": "AUGUST_3_4_ORIGINAL_FIELD",
        "thumbnail_archive_tag": "AUG4_AI_PACKAGE",
        "thumbnail_archive_member": "photos/045_analysis.jpg",
        "thumbnail_path": "data/photos/all/photo-1d9e651b-2839-438a-a04a-19b71ab6d245.jpg",
        "source_file": "C:/Users/Admin/iCloudDrive/Downloads/Pearson_Road_Inspection_AI_ANALYSIS_REPORT_PACKAGE_2026-08-04_151016_633_export_report_2026_08_04_151016_633_b7b522724099.zip::AI_ANALYSIS.json",
        "source_files": [
          "C:/Users/Admin/iCloudDrive/Downloads/Pearson_Road_Inspection_AI_ANALYSIS_REPORT_PACKAGE_2026-08-04_151016_633_export_report_2026_08_04_151016_633_b7b522724099.zip::AI_ANALYSIS.json"
        ]
      }
    },
    {
      "type": "Feature",
      "geometry": {
        "type": "Point",
        "coordinates": [
          -87.09178143068624,
          30.490850379591055
        ]
      },
      "properties": {
        "record_type": "photograph",
        "photo_id": "photo-50729f40-3642-4949-8c76-a10d72915988",
        "photo_number": "P46",
        "inspection_date": "2026-08-03",
        "timestamp": "2026-08-03T13:30:42.128Z",
        "recorded_category": "Other",
        "display_class": "OTHER",
        "is_recorded_water_category": false,
        "water_visible_review_status": "NOT_REVIEWED_FROM_IMAGE",
        "gps_accuracy_m": 11.625314034145507,
        "heading_deg": 340.6319885253906,
        "section_id": null,
        "associated_record_ids": [],
        "note": "",
        "evidence_classification": "Observed",
        "evidence_scope": "OFF_PROPERTY_OR_TEST_REVIEW_REQUIRED",
        "source_family": "AUGUST_3_4_ORIGINAL_FIELD",
        "thumbnail_archive_tag": "AUG4_AI_PACKAGE",
        "thumbnail_archive_member": "photos/046_analysis.jpg",
        "thumbnail_path": "data/photos/all/photo-50729f40-3642-4949-8c76-a10d72915988.jpg",
        "source_file": "C:/Users/Admin/iCloudDrive/Downloads/Pearson_Road_Inspection_AI_ANALYSIS_REPORT_PACKAGE_2026-08-04_151016_633_export_report_2026_08_04_151016_633_b7b522724099.zip::AI_ANALYSIS.json",
        "source_files": [
          "C:/Users/Admin/iCloudDrive/Downloads/Pearson_Road_Inspection_AI_ANALYSIS_REPORT_PACKAGE_2026-08-04_151016_633_export_report_2026_08_04_151016_633_b7b522724099.zip::AI_ANALYSIS.json"
        ]
      }
    },
    {
      "type": "Feature",
      "geometry": {
        "type": "Point",
        "coordinates": [
          -87.09176335360661,
          30.49082496084189
        ]
      },
      "properties": {
        "record_type": "photograph",
        "photo_id": "photo-03ba68f6-5999-4df7-bd0e-e4f659413825",
        "photo_number": "P47",
        "inspection_date": "2026-08-03",
        "timestamp": "2026-08-03T13:30:57.486Z",
        "recorded_category": "Other",
        "display_class": "OTHER",
        "is_recorded_water_category": false,
        "water_visible_review_status": "NOT_REVIEWED_FROM_IMAGE",
        "gps_accuracy_m": 12.164779907473052,
        "heading_deg": 239.68905639648438,
        "section_id": null,
        "associated_record_ids": [],
        "note": "",
        "evidence_classification": "Observed",
        "evidence_scope": "OFF_PROPERTY_OR_TEST_REVIEW_REQUIRED",
        "source_family": "AUGUST_3_4_ORIGINAL_FIELD",
        "thumbnail_archive_tag": "AUG4_AI_PACKAGE",
        "thumbnail_archive_member": "photos/047_analysis.jpg",
        "thumbnail_path": "data/photos/all/photo-03ba68f6-5999-4df7-bd0e-e4f659413825.jpg",
        "source_file": "C:/Users/Admin/iCloudDrive/Downloads/Pearson_Road_Inspection_AI_ANALYSIS_REPORT_PACKAGE_2026-08-04_151016_633_export_report_2026_08_04_151016_633_b7b522724099.zip::AI_ANALYSIS.json",
        "source_files": [
          "C:/Users/Admin/iCloudDrive/Downloads/Pearson_Road_Inspection_AI_ANALYSIS_REPORT_PACKAGE_2026-08-04_151016_633_export_report_2026_08_04_151016_633_b7b522724099.zip::AI_ANALYSIS.json"
        ]
      }
    },
    {
      "type": "Feature",
      "geometry": {
        "type": "Point",
        "coordinates": [
          -87.09170326357516,
          30.490819780225912
        ]
      },
      "properties": {
        "record_type": "photograph",
        "photo_id": "photo-ea33b4fa-5a31-4e67-9416-61ba20085ecf",
        "photo_number": "P48",
        "inspection_date": "2026-08-03",
        "timestamp": "2026-08-03T13:32:23.045Z",
        "recorded_category": "Other",
        "display_class": "OTHER",
        "is_recorded_water_category": false,
        "water_visible_review_status": "NOT_REVIEWED_FROM_IMAGE",
        "gps_accuracy_m": 9.210569307080842,
        "heading_deg": 109.1571044921875,
        "section_id": null,
        "associated_record_ids": [],
        "note": "",
        "evidence_classification": "Observed",
        "evidence_scope": "OFF_PROPERTY_OR_TEST_REVIEW_REQUIRED",
        "source_family": "AUGUST_3_4_ORIGINAL_FIELD",
        "thumbnail_archive_tag": "AUG4_AI_PACKAGE",
        "thumbnail_archive_member": "photos/048_analysis.jpg",
        "thumbnail_path": "data/photos/all/photo-ea33b4fa-5a31-4e67-9416-61ba20085ecf.jpg",
        "source_file": "C:/Users/Admin/iCloudDrive/Downloads/Pearson_Road_Inspection_AI_ANALYSIS_REPORT_PACKAGE_2026-08-04_151016_633_export_report_2026_08_04_151016_633_b7b522724099.zip::AI_ANALYSIS.json",
        "source_files": [
          "C:/Users/Admin/iCloudDrive/Downloads/Pearson_Road_Inspection_AI_ANALYSIS_REPORT_PACKAGE_2026-08-04_151016_633_export_report_2026_08_04_151016_633_b7b522724099.zip::AI_ANALYSIS.json"
        ]
      }
    },
    {
      "type": "Feature",
      "geometry": {
        "type": "Point",
        "coordinates": [
          -87.0917039174421,
          30.490814226878403
        ]
      },
      "properties": {
        "record_type": "photograph",
        "photo_id": "photo-e210a542-b434-4e46-be2b-d0ebdb5fc31f",
        "photo_number": "P49",
        "inspection_date": "2026-08-03",
        "timestamp": "2026-08-03T13:32:31.224Z",
        "recorded_category": "Other",
        "display_class": "OTHER",
        "is_recorded_water_category": false,
        "water_visible_review_status": "NOT_REVIEWED_FROM_IMAGE",
        "gps_accuracy_m": 9.324947005121045,
        "heading_deg": 50.43605041503906,
        "section_id": null,
        "associated_record_ids": [],
        "note": "",
        "evidence_classification": "Observed",
        "evidence_scope": "OFF_PROPERTY_OR_TEST_REVIEW_REQUIRED",
        "source_family": "AUGUST_3_4_ORIGINAL_FIELD",
        "thumbnail_archive_tag": "AUG4_AI_PACKAGE",
        "thumbnail_archive_member": "photos/049_analysis.jpg",
        "thumbnail_path": "data/photos/all/photo-e210a542-b434-4e46-be2b-d0ebdb5fc31f.jpg",
        "source_file": "C:/Users/Admin/iCloudDrive/Downloads/Pearson_Road_Inspection_AI_ANALYSIS_REPORT_PACKAGE_2026-08-04_151016_633_export_report_2026_08_04_151016_633_b7b522724099.zip::AI_ANALYSIS.json",
        "source_files": [
          "C:/Users/Admin/iCloudDrive/Downloads/Pearson_Road_Inspection_AI_ANALYSIS_REPORT_PACKAGE_2026-08-04_151016_633_export_report_2026_08_04_151016_633_b7b522724099.zip::AI_ANALYSIS.json"
        ]
      }
    },
    {
      "type": "Feature",
      "geometry": {
        "type": "Point",
        "coordinates": [
          -87.0917324189999,
          30.490791933589026
        ]
      },
      "properties": {
        "record_type": "photograph",
        "photo_id": "photo-43b8eecb-fd53-402e-86c0-5991b693a4ec",
        "photo_number": "P50",
        "inspection_date": "2026-08-03",
        "timestamp": "2026-08-03T13:32:47.331Z",
        "recorded_category": "Other",
        "display_class": "OTHER",
        "is_recorded_water_category": false,
        "water_visible_review_status": "NOT_REVIEWED_FROM_IMAGE",
        "gps_accuracy_m": 10.408119345854312,
        "heading_deg": 81.17373657226562,
        "section_id": null,
        "associated_record_ids": [],
        "note": "",
        "evidence_classification": "Observed",
        "evidence_scope": "OFF_PROPERTY_OR_TEST_REVIEW_REQUIRED",
        "source_family": "AUGUST_3_4_ORIGINAL_FIELD",
        "thumbnail_archive_tag": "AUG4_AI_PACKAGE",
        "thumbnail_archive_member": "photos/050_analysis.jpg",
        "thumbnail_path": "data/photos/all/photo-43b8eecb-fd53-402e-86c0-5991b693a4ec.jpg",
        "source_file": "C:/Users/Admin/iCloudDrive/Downloads/Pearson_Road_Inspection_AI_ANALYSIS_REPORT_PACKAGE_2026-08-04_151016_633_export_report_2026_08_04_151016_633_b7b522724099.zip::AI_ANALYSIS.json",
        "source_files": [
          "C:/Users/Admin/iCloudDrive/Downloads/Pearson_Road_Inspection_AI_ANALYSIS_REPORT_PACKAGE_2026-08-04_151016_633_export_report_2026_08_04_151016_633_b7b522724099.zip::AI_ANALYSIS.json"
        ]
      }
    },
    {
      "type": "Feature",
      "geometry": {
        "type": "Point",
        "coordinates": [
          -87.09171253667697,
          30.49079335366517
        ]
      },
      "properties": {
        "record_type": "photograph",
        "photo_id": "photo-a5b0c688-3817-4408-acea-f770f66dceb4",
        "photo_number": "P51",
        "inspection_date": "2026-08-03",
        "timestamp": "2026-08-03T13:32:55.347Z",
        "recorded_category": "Other",
        "display_class": "OTHER",
        "is_recorded_water_category": false,
        "water_visible_review_status": "NOT_REVIEWED_FROM_IMAGE",
        "gps_accuracy_m": 11.030570438257026,
        "heading_deg": 115.62886047363281,
        "section_id": null,
        "associated_record_ids": [],
        "note": "",
        "evidence_classification": "Observed",
        "evidence_scope": "OFF_PROPERTY_OR_TEST_REVIEW_REQUIRED",
        "source_family": "AUGUST_3_4_ORIGINAL_FIELD",
        "thumbnail_archive_tag": "AUG4_AI_PACKAGE",
        "thumbnail_archive_member": "photos/051_analysis.jpg",
        "thumbnail_path": "data/photos/all/photo-a5b0c688-3817-4408-acea-f770f66dceb4.jpg",
        "source_file": "C:/Users/Admin/iCloudDrive/Downloads/Pearson_Road_Inspection_AI_ANALYSIS_REPORT_PACKAGE_2026-08-04_151016_633_export_report_2026_08_04_151016_633_b7b522724099.zip::AI_ANALYSIS.json",
        "source_files": [
          "C:/Users/Admin/iCloudDrive/Downloads/Pearson_Road_Inspection_AI_ANALYSIS_REPORT_PACKAGE_2026-08-04_151016_633_export_report_2026_08_04_151016_633_b7b522724099.zip::AI_ANALYSIS.json"
        ]
      }
    },
    {
      "type": "Feature",
      "geometry": {
        "type": "Point",
        "coordinates": [
          -87.09169687750347,
          30.490841639467234
        ]
      },
      "properties": {
        "record_type": "photograph",
        "photo_id": "photo-9a242c0e-dbae-4bfe-8a65-ad948680d0c1",
        "photo_number": "P52",
        "inspection_date": "2026-08-03",
        "timestamp": "2026-08-03T13:33:04.834Z",
        "recorded_category": "Other",
        "display_class": "OTHER",
        "is_recorded_water_category": false,
        "water_visible_review_status": "NOT_REVIEWED_FROM_IMAGE",
        "gps_accuracy_m": 11.86229850698923,
        "heading_deg": 96.08638763427734,
        "section_id": null,
        "associated_record_ids": [],
        "note": "",
        "evidence_classification": "Observed",
        "evidence_scope": "OFF_PROPERTY_OR_TEST_REVIEW_REQUIRED",
        "source_family": "AUGUST_3_4_ORIGINAL_FIELD",
        "thumbnail_archive_tag": "AUG4_AI_PACKAGE",
        "thumbnail_archive_member": "photos/052_analysis.jpg",
        "thumbnail_path": "data/photos/all/photo-9a242c0e-dbae-4bfe-8a65-ad948680d0c1.jpg",
        "source_file": "C:/Users/Admin/iCloudDrive/Downloads/Pearson_Road_Inspection_AI_ANALYSIS_REPORT_PACKAGE_2026-08-04_151016_633_export_report_2026_08_04_151016_633_b7b522724099.zip::AI_ANALYSIS.json",
        "source_files": [
          "C:/Users/Admin/iCloudDrive/Downloads/Pearson_Road_Inspection_AI_ANALYSIS_REPORT_PACKAGE_2026-08-04_151016_633_export_report_2026_08_04_151016_633_b7b522724099.zip::AI_ANALYSIS.json"
        ]
      }
    },
    {
      "type": "Feature",
      "geometry": {
        "type": "Point",
        "coordinates": [
          -87.09169842368553,
          30.49080439609741
        ]
      },
      "properties": {
        "record_type": "photograph",
        "photo_id": "photo-dcb1babc-1ce9-48c6-a49d-75f0dcca4a42",
        "photo_number": "P53",
        "inspection_date": "2026-08-03",
        "timestamp": "2026-08-03T13:33:20.875Z",
        "recorded_category": "Other",
        "display_class": "OTHER",
        "is_recorded_water_category": false,
        "water_visible_review_status": "NOT_REVIEWED_FROM_IMAGE",
        "gps_accuracy_m": 11.420649201384004,
        "heading_deg": 50.350399017333984,
        "section_id": null,
        "associated_record_ids": [],
        "note": "",
        "evidence_classification": "Observed",
        "evidence_scope": "OFF_PROPERTY_OR_TEST_REVIEW_REQUIRED",
        "source_family": "AUGUST_3_4_ORIGINAL_FIELD",
        "thumbnail_archive_tag": "AUG4_AI_PACKAGE",
        "thumbnail_archive_member": "photos/053_analysis.jpg",
        "thumbnail_path": "data/photos/all/photo-dcb1babc-1ce9-48c6-a49d-75f0dcca4a42.jpg",
        "source_file": "C:/Users/Admin/iCloudDrive/Downloads/Pearson_Road_Inspection_AI_ANALYSIS_REPORT_PACKAGE_2026-08-04_151016_633_export_report_2026_08_04_151016_633_b7b522724099.zip::AI_ANALYSIS.json",
        "source_files": [
          "C:/Users/Admin/iCloudDrive/Downloads/Pearson_Road_Inspection_AI_ANALYSIS_REPORT_PACKAGE_2026-08-04_151016_633_export_report_2026_08_04_151016_633_b7b522724099.zip::AI_ANALYSIS.json"
        ]
      }
    },
    {
      "type": "Feature",
      "geometry": {
        "type": "Point",
        "coordinates": [
          -87.09174839613542,
          30.490761930961355
        ]
      },
      "properties": {
        "record_type": "photograph",
        "photo_id": "photo-db51e988-1f7d-44af-9311-4db53c39dccc",
        "photo_number": "P54",
        "inspection_date": "2026-08-03",
        "timestamp": "2026-08-03T13:33:54.821Z",
        "recorded_category": "Other",
        "display_class": "OTHER",
        "is_recorded_water_category": false,
        "water_visible_review_status": "NOT_REVIEWED_FROM_IMAGE",
        "gps_accuracy_m": 9.417858422644894,
        "heading_deg": 256.9669189453125,
        "section_id": null,
        "associated_record_ids": [],
        "note": "",
        "evidence_classification": "Observed",
        "evidence_scope": "OFF_PROPERTY_OR_TEST_REVIEW_REQUIRED",
        "source_family": "AUGUST_3_4_ORIGINAL_FIELD",
        "thumbnail_archive_tag": "AUG4_AI_PACKAGE",
        "thumbnail_archive_member": "photos/054_analysis.jpg",
        "thumbnail_path": "data/photos/all/photo-db51e988-1f7d-44af-9311-4db53c39dccc.jpg",
        "source_file": "C:/Users/Admin/iCloudDrive/Downloads/Pearson_Road_Inspection_AI_ANALYSIS_REPORT_PACKAGE_2026-08-04_151016_633_export_report_2026_08_04_151016_633_b7b522724099.zip::AI_ANALYSIS.json",
        "source_files": [
          "C:/Users/Admin/iCloudDrive/Downloads/Pearson_Road_Inspection_AI_ANALYSIS_REPORT_PACKAGE_2026-08-04_151016_633_export_report_2026_08_04_151016_633_b7b522724099.zip::AI_ANALYSIS.json"
        ]
      }
    },
    {
      "type": "Feature",
      "geometry": {
        "type": "Point",
        "coordinates": [
          -87.09174199996934,
          30.490771942890987
        ]
      },
      "properties": {
        "record_type": "photograph",
        "photo_id": "photo-937a4b00-cf27-4b71-a3e4-97f50eb87ff3",
        "photo_number": "P55",
        "inspection_date": "2026-08-03",
        "timestamp": "2026-08-03T13:34:01.741Z",
        "recorded_category": "Other",
        "display_class": "OTHER",
        "is_recorded_water_category": false,
        "water_visible_review_status": "NOT_REVIEWED_FROM_IMAGE",
        "gps_accuracy_m": 9.255906071453627,
        "heading_deg": 332.0088806152344,
        "section_id": null,
        "associated_record_ids": [],
        "note": "",
        "evidence_classification": "Observed",
        "evidence_scope": "OFF_PROPERTY_OR_TEST_REVIEW_REQUIRED",
        "source_family": "AUGUST_3_4_ORIGINAL_FIELD",
        "thumbnail_archive_tag": "AUG4_AI_PACKAGE",
        "thumbnail_archive_member": "photos/055_analysis.jpg",
        "thumbnail_path": "data/photos/all/photo-937a4b00-cf27-4b71-a3e4-97f50eb87ff3.jpg",
        "source_file": "C:/Users/Admin/iCloudDrive/Downloads/Pearson_Road_Inspection_AI_ANALYSIS_REPORT_PACKAGE_2026-08-04_151016_633_export_report_2026_08_04_151016_633_b7b522724099.zip::AI_ANALYSIS.json",
        "source_files": [
          "C:/Users/Admin/iCloudDrive/Downloads/Pearson_Road_Inspection_AI_ANALYSIS_REPORT_PACKAGE_2026-08-04_151016_633_export_report_2026_08_04_151016_633_b7b522724099.zip::AI_ANALYSIS.json"
        ]
      }
    },
    {
      "type": "Feature",
      "geometry": {
        "type": "Point",
        "coordinates": [
          -87.09181794296622,
          30.490707306630263
        ]
      },
      "properties": {
        "record_type": "photograph",
        "photo_id": "photo-a12855db-7dc8-478c-a63d-f2da2c09e299",
        "photo_number": "P56",
        "inspection_date": "2026-08-03",
        "timestamp": "2026-08-03T13:34:35.786Z",
        "recorded_category": "Other",
        "display_class": "OTHER",
        "is_recorded_water_category": false,
        "water_visible_review_status": "NOT_REVIEWED_FROM_IMAGE",
        "gps_accuracy_m": 7.160972960147848,
        "heading_deg": 224.12721252441406,
        "section_id": null,
        "associated_record_ids": [],
        "note": "",
        "evidence_classification": "Observed",
        "evidence_scope": "OFF_PROPERTY_OR_TEST_REVIEW_REQUIRED",
        "source_family": "AUGUST_3_4_ORIGINAL_FIELD",
        "thumbnail_archive_tag": "AUG4_AI_PACKAGE",
        "thumbnail_archive_member": "photos/056_analysis.jpg",
        "thumbnail_path": "data/photos/all/photo-a12855db-7dc8-478c-a63d-f2da2c09e299.jpg",
        "source_file": "C:/Users/Admin/iCloudDrive/Downloads/Pearson_Road_Inspection_AI_ANALYSIS_REPORT_PACKAGE_2026-08-04_151016_633_export_report_2026_08_04_151016_633_b7b522724099.zip::AI_ANALYSIS.json",
        "source_files": [
          "C:/Users/Admin/iCloudDrive/Downloads/Pearson_Road_Inspection_AI_ANALYSIS_REPORT_PACKAGE_2026-08-04_151016_633_export_report_2026_08_04_151016_633_b7b522724099.zip::AI_ANALYSIS.json"
        ]
      }
    },
    {
      "type": "Feature",
      "geometry": {
        "type": "Point",
        "coordinates": [
          -87.09180483461574,
          30.490659723871723
        ]
      },
      "properties": {
        "record_type": "photograph",
        "photo_id": "photo-b5d9cc91-395f-4669-83cf-c8a8af60248e",
        "photo_number": "P57",
        "inspection_date": "2026-08-03",
        "timestamp": "2026-08-03T13:35:07.937Z",
        "recorded_category": "Other",
        "display_class": "OTHER",
        "is_recorded_water_category": false,
        "water_visible_review_status": "NOT_REVIEWED_FROM_IMAGE",
        "gps_accuracy_m": 10.677479006486731,
        "heading_deg": 321.2677917480469,
        "section_id": null,
        "associated_record_ids": [],
        "note": "",
        "evidence_classification": "Observed",
        "evidence_scope": "OFF_PROPERTY_OR_TEST_REVIEW_REQUIRED",
        "source_family": "AUGUST_3_4_ORIGINAL_FIELD",
        "thumbnail_archive_tag": "AUG4_AI_PACKAGE",
        "thumbnail_archive_member": "photos/057_analysis.jpg",
        "thumbnail_path": "data/photos/all/photo-b5d9cc91-395f-4669-83cf-c8a8af60248e.jpg",
        "source_file": "C:/Users/Admin/iCloudDrive/Downloads/Pearson_Road_Inspection_AI_ANALYSIS_REPORT_PACKAGE_2026-08-04_151016_633_export_report_2026_08_04_151016_633_b7b522724099.zip::AI_ANALYSIS.json",
        "source_files": [
          "C:/Users/Admin/iCloudDrive/Downloads/Pearson_Road_Inspection_AI_ANALYSIS_REPORT_PACKAGE_2026-08-04_151016_633_export_report_2026_08_04_151016_633_b7b522724099.zip::AI_ANALYSIS.json"
        ]
      }
    },
    {
      "type": "Feature",
      "geometry": {
        "type": "Point",
        "coordinates": [
          -87.09184326130489,
          30.490598855572998
        ]
      },
      "properties": {
        "record_type": "photograph",
        "photo_id": "photo-ab86e7e5-7b62-4ecf-8259-4132644f6e95",
        "photo_number": "P58",
        "inspection_date": "2026-08-03",
        "timestamp": "2026-08-03T13:35:53.097Z",
        "recorded_category": "Other",
        "display_class": "OTHER",
        "is_recorded_water_category": false,
        "water_visible_review_status": "NOT_REVIEWED_FROM_IMAGE",
        "gps_accuracy_m": 9.45207504025726,
        "heading_deg": 128.61087036132812,
        "section_id": null,
        "associated_record_ids": [],
        "note": "",
        "evidence_classification": "Observed",
        "evidence_scope": "OFF_PROPERTY_OR_TEST_REVIEW_REQUIRED",
        "source_family": "AUGUST_3_4_ORIGINAL_FIELD",
        "thumbnail_archive_tag": "AUG4_AI_PACKAGE",
        "thumbnail_archive_member": "photos/058_analysis.jpg",
        "thumbnail_path": "data/photos/all/photo-ab86e7e5-7b62-4ecf-8259-4132644f6e95.jpg",
        "source_file": "C:/Users/Admin/iCloudDrive/Downloads/Pearson_Road_Inspection_AI_ANALYSIS_REPORT_PACKAGE_2026-08-04_151016_633_export_report_2026_08_04_151016_633_b7b522724099.zip::AI_ANALYSIS.json",
        "source_files": [
          "C:/Users/Admin/iCloudDrive/Downloads/Pearson_Road_Inspection_AI_ANALYSIS_REPORT_PACKAGE_2026-08-04_151016_633_export_report_2026_08_04_151016_633_b7b522724099.zip::AI_ANALYSIS.json"
        ]
      }
    },
    {
      "type": "Feature",
      "geometry": {
        "type": "Point",
        "coordinates": [
          -87.0918272259142,
          30.490606645156305
        ]
      },
      "properties": {
        "record_type": "photograph",
        "photo_id": "photo-ada581a0-15e7-4630-b755-54d081fe3b17",
        "photo_number": "P59",
        "inspection_date": "2026-08-03",
        "timestamp": "2026-08-03T13:36:08.849Z",
        "recorded_category": "Other",
        "display_class": "OTHER",
        "is_recorded_water_category": false,
        "water_visible_review_status": "NOT_REVIEWED_FROM_IMAGE",
        "gps_accuracy_m": 9.835566368367074,
        "heading_deg": 140.0478057861328,
        "section_id": null,
        "associated_record_ids": [],
        "note": "",
        "evidence_classification": "Observed",
        "evidence_scope": "OFF_PROPERTY_OR_TEST_REVIEW_REQUIRED",
        "source_family": "AUGUST_3_4_ORIGINAL_FIELD",
        "thumbnail_archive_tag": "AUG4_AI_PACKAGE",
        "thumbnail_archive_member": "photos/059_analysis.jpg",
        "thumbnail_path": "data/photos/all/photo-ada581a0-15e7-4630-b755-54d081fe3b17.jpg",
        "source_file": "C:/Users/Admin/iCloudDrive/Downloads/Pearson_Road_Inspection_AI_ANALYSIS_REPORT_PACKAGE_2026-08-04_151016_633_export_report_2026_08_04_151016_633_b7b522724099.zip::AI_ANALYSIS.json",
        "source_files": [
          "C:/Users/Admin/iCloudDrive/Downloads/Pearson_Road_Inspection_AI_ANALYSIS_REPORT_PACKAGE_2026-08-04_151016_633_export_report_2026_08_04_151016_633_b7b522724099.zip::AI_ANALYSIS.json"
        ]
      }
    },
    {
      "type": "Feature",
      "geometry": {
        "type": "Point",
        "coordinates": [
          -87.09184931366113,
          30.490576088193468
        ]
      },
      "properties": {
        "record_type": "photograph",
        "photo_id": "photo-984ff2ef-ea8d-441e-9625-19afb0204fa9",
        "photo_number": "P60",
        "inspection_date": "2026-08-03",
        "timestamp": "2026-08-03T13:36:48.574Z",
        "recorded_category": "Other",
        "display_class": "OTHER",
        "is_recorded_water_category": false,
        "water_visible_review_status": "NOT_REVIEWED_FROM_IMAGE",
        "gps_accuracy_m": 8.806743251262215,
        "heading_deg": 204.65255737304688,
        "section_id": null,
        "associated_record_ids": [],
        "note": "",
        "evidence_classification": "Observed",
        "evidence_scope": "OFF_PROPERTY_OR_TEST_REVIEW_REQUIRED",
        "source_family": "AUGUST_3_4_ORIGINAL_FIELD",
        "thumbnail_archive_tag": "AUG4_AI_PACKAGE",
        "thumbnail_archive_member": "photos/060_analysis.jpg",
        "thumbnail_path": "data/photos/all/photo-984ff2ef-ea8d-441e-9625-19afb0204fa9.jpg",
        "source_file": "C:/Users/Admin/iCloudDrive/Downloads/Pearson_Road_Inspection_AI_ANALYSIS_REPORT_PACKAGE_2026-08-04_151016_633_export_report_2026_08_04_151016_633_b7b522724099.zip::AI_ANALYSIS.json",
        "source_files": [
          "C:/Users/Admin/iCloudDrive/Downloads/Pearson_Road_Inspection_AI_ANALYSIS_REPORT_PACKAGE_2026-08-04_151016_633_export_report_2026_08_04_151016_633_b7b522724099.zip::AI_ANALYSIS.json"
        ]
      }
    },
    {
      "type": "Feature",
      "geometry": {
        "type": "Point",
        "coordinates": [
          -87.09185198179028,
          30.490564670641298
        ]
      },
      "properties": {
        "record_type": "photograph",
        "photo_id": "photo-02ecd07f-decb-4a6c-b480-d18ecc40da5e",
        "photo_number": "P61",
        "inspection_date": "2026-08-03",
        "timestamp": "2026-08-03T13:37:07.248Z",
        "recorded_category": "Other",
        "display_class": "OTHER",
        "is_recorded_water_category": false,
        "water_visible_review_status": "NOT_REVIEWED_FROM_IMAGE",
        "gps_accuracy_m": 9.480260086546435,
        "heading_deg": 311.5281982421875,
        "section_id": null,
        "associated_record_ids": [],
        "note": "",
        "evidence_classification": "Observed",
        "evidence_scope": "OFF_PROPERTY_OR_TEST_REVIEW_REQUIRED",
        "source_family": "AUGUST_3_4_ORIGINAL_FIELD",
        "thumbnail_archive_tag": "AUG4_AI_PACKAGE",
        "thumbnail_archive_member": "photos/061_analysis.jpg",
        "thumbnail_path": "data/photos/all/photo-02ecd07f-decb-4a6c-b480-d18ecc40da5e.jpg",
        "source_file": "C:/Users/Admin/iCloudDrive/Downloads/Pearson_Road_Inspection_AI_ANALYSIS_REPORT_PACKAGE_2026-08-04_151016_633_export_report_2026_08_04_151016_633_b7b522724099.zip::AI_ANALYSIS.json",
        "source_files": [
          "C:/Users/Admin/iCloudDrive/Downloads/Pearson_Road_Inspection_AI_ANALYSIS_REPORT_PACKAGE_2026-08-04_151016_633_export_report_2026_08_04_151016_633_b7b522724099.zip::AI_ANALYSIS.json"
        ]
      }
    },
    {
      "type": "Feature",
      "geometry": {
        "type": "Point",
        "coordinates": [
          -87.09182307828479,
          30.49056755428674
        ]
      },
      "properties": {
        "record_type": "photograph",
        "photo_id": "photo-62f3bdc8-e9bd-41be-9721-b241f0e1ea20",
        "photo_number": "P62",
        "inspection_date": "2026-08-03",
        "timestamp": "2026-08-03T13:37:27.681Z",
        "recorded_category": "Other",
        "display_class": "OTHER",
        "is_recorded_water_category": false,
        "water_visible_review_status": "NOT_REVIEWED_FROM_IMAGE",
        "gps_accuracy_m": 9.721135946837396,
        "heading_deg": 225.68112182617188,
        "section_id": null,
        "associated_record_ids": [],
        "note": "",
        "evidence_classification": "Observed",
        "evidence_scope": "OFF_PROPERTY_OR_TEST_REVIEW_REQUIRED",
        "source_family": "AUGUST_3_4_ORIGINAL_FIELD",
        "thumbnail_archive_tag": "AUG4_AI_PACKAGE",
        "thumbnail_archive_member": "photos/062_analysis.jpg",
        "thumbnail_path": "data/photos/all/photo-62f3bdc8-e9bd-41be-9721-b241f0e1ea20.jpg",
        "source_file": "C:/Users/Admin/iCloudDrive/Downloads/Pearson_Road_Inspection_AI_ANALYSIS_REPORT_PACKAGE_2026-08-04_151016_633_export_report_2026_08_04_151016_633_b7b522724099.zip::AI_ANALYSIS.json",
        "source_files": [
          "C:/Users/Admin/iCloudDrive/Downloads/Pearson_Road_Inspection_AI_ANALYSIS_REPORT_PACKAGE_2026-08-04_151016_633_export_report_2026_08_04_151016_633_b7b522724099.zip::AI_ANALYSIS.json"
        ]
      }
    },
    {
      "type": "Feature",
      "geometry": {
        "type": "Point",
        "coordinates": [
          -87.09188967574367,
          30.49050268929397
        ]
      },
      "properties": {
        "record_type": "photograph",
        "photo_id": "photo-3ce4a027-0e43-4700-885e-706530535293",
        "photo_number": "P63",
        "inspection_date": "2026-08-03",
        "timestamp": "2026-08-03T13:38:03.185Z",
        "recorded_category": "Other",
        "display_class": "OTHER",
        "is_recorded_water_category": false,
        "water_visible_review_status": "NOT_REVIEWED_FROM_IMAGE",
        "gps_accuracy_m": 9.204088323810648,
        "heading_deg": 259.1517333984375,
        "section_id": null,
        "associated_record_ids": [],
        "note": "",
        "evidence_classification": "Observed",
        "evidence_scope": "OFF_PROPERTY_OR_TEST_REVIEW_REQUIRED",
        "source_family": "AUGUST_3_4_ORIGINAL_FIELD",
        "thumbnail_archive_tag": "AUG4_AI_PACKAGE",
        "thumbnail_archive_member": "photos/063_analysis.jpg",
        "thumbnail_path": "data/photos/all/photo-3ce4a027-0e43-4700-885e-706530535293.jpg",
        "source_file": "C:/Users/Admin/iCloudDrive/Downloads/Pearson_Road_Inspection_AI_ANALYSIS_REPORT_PACKAGE_2026-08-04_151016_633_export_report_2026_08_04_151016_633_b7b522724099.zip::AI_ANALYSIS.json",
        "source_files": [
          "C:/Users/Admin/iCloudDrive/Downloads/Pearson_Road_Inspection_AI_ANALYSIS_REPORT_PACKAGE_2026-08-04_151016_633_export_report_2026_08_04_151016_633_b7b522724099.zip::AI_ANALYSIS.json"
        ]
      }
    },
    {
      "type": "Feature",
      "geometry": {
        "type": "Point",
        "coordinates": [
          -87.09188250249736,
          30.490493862819704
        ]
      },
      "properties": {
        "record_type": "photograph",
        "photo_id": "photo-9bda23cb-c004-48fc-95f1-df714f22ec5b",
        "photo_number": "P64",
        "inspection_date": "2026-08-03",
        "timestamp": "2026-08-03T13:38:19.069Z",
        "recorded_category": "Other",
        "display_class": "OTHER",
        "is_recorded_water_category": false,
        "water_visible_review_status": "NOT_REVIEWED_FROM_IMAGE",
        "gps_accuracy_m": 7.509980845565223,
        "heading_deg": 51.184417724609375,
        "section_id": null,
        "associated_record_ids": [],
        "note": "",
        "evidence_classification": "Observed",
        "evidence_scope": "OFF_PROPERTY_OR_TEST_REVIEW_REQUIRED",
        "source_family": "AUGUST_3_4_ORIGINAL_FIELD",
        "thumbnail_archive_tag": "AUG4_AI_PACKAGE",
        "thumbnail_archive_member": "photos/064_analysis.jpg",
        "thumbnail_path": "data/photos/all/photo-9bda23cb-c004-48fc-95f1-df714f22ec5b.jpg",
        "source_file": "C:/Users/Admin/iCloudDrive/Downloads/Pearson_Road_Inspection_AI_ANALYSIS_REPORT_PACKAGE_2026-08-04_151016_633_export_report_2026_08_04_151016_633_b7b522724099.zip::AI_ANALYSIS.json",
        "source_files": [
          "C:/Users/Admin/iCloudDrive/Downloads/Pearson_Road_Inspection_AI_ANALYSIS_REPORT_PACKAGE_2026-08-04_151016_633_export_report_2026_08_04_151016_633_b7b522724099.zip::AI_ANALYSIS.json"
        ]
      }
    },
    {
      "type": "Feature",
      "geometry": {
        "type": "Point",
        "coordinates": [
          -87.09185762236906,
          30.490470689293495
        ]
      },
      "properties": {
        "record_type": "photograph",
        "photo_id": "photo-7dfa0c7d-898a-4118-bb20-d7057626485b",
        "photo_number": "P65",
        "inspection_date": "2026-08-03",
        "timestamp": "2026-08-03T13:38:34.932Z",
        "recorded_category": "Other",
        "display_class": "OTHER",
        "is_recorded_water_category": false,
        "water_visible_review_status": "NOT_REVIEWED_FROM_IMAGE",
        "gps_accuracy_m": 9.927384044181245,
        "heading_deg": 221.77938842773438,
        "section_id": null,
        "associated_record_ids": [],
        "note": "",
        "evidence_classification": "Observed",
        "evidence_scope": "OFF_PROPERTY_OR_TEST_REVIEW_REQUIRED",
        "source_family": "AUGUST_3_4_ORIGINAL_FIELD",
        "thumbnail_archive_tag": "AUG4_AI_PACKAGE",
        "thumbnail_archive_member": "photos/065_analysis.jpg",
        "thumbnail_path": "data/photos/all/photo-7dfa0c7d-898a-4118-bb20-d7057626485b.jpg",
        "source_file": "C:/Users/Admin/iCloudDrive/Downloads/Pearson_Road_Inspection_AI_ANALYSIS_REPORT_PACKAGE_2026-08-04_151016_633_export_report_2026_08_04_151016_633_b7b522724099.zip::AI_ANALYSIS.json",
        "source_files": [
          "C:/Users/Admin/iCloudDrive/Downloads/Pearson_Road_Inspection_AI_ANALYSIS_REPORT_PACKAGE_2026-08-04_151016_633_export_report_2026_08_04_151016_633_b7b522724099.zip::AI_ANALYSIS.json"
        ]
      }
    },
    {
      "type": "Feature",
      "geometry": {
        "type": "Point",
        "coordinates": [
          -87.09185031733598,
          30.49047099539928
        ]
      },
      "properties": {
        "record_type": "photograph",
        "photo_id": "photo-6dfbce55-0aec-4ded-a62f-b9eb1f049766",
        "photo_number": "P66",
        "inspection_date": "2026-08-03",
        "timestamp": "2026-08-03T13:38:39.755Z",
        "recorded_category": "Other",
        "display_class": "OTHER",
        "is_recorded_water_category": false,
        "water_visible_review_status": "NOT_REVIEWED_FROM_IMAGE",
        "gps_accuracy_m": 10.57707133571912,
        "heading_deg": 217.28334045410156,
        "section_id": null,
        "associated_record_ids": [],
        "note": "",
        "evidence_classification": "Observed",
        "evidence_scope": "OFF_PROPERTY_OR_TEST_REVIEW_REQUIRED",
        "source_family": "AUGUST_3_4_ORIGINAL_FIELD",
        "thumbnail_archive_tag": "AUG4_AI_PACKAGE",
        "thumbnail_archive_member": "photos/066_analysis.jpg",
        "thumbnail_path": "data/photos/all/photo-6dfbce55-0aec-4ded-a62f-b9eb1f049766.jpg",
        "source_file": "C:/Users/Admin/iCloudDrive/Downloads/Pearson_Road_Inspection_AI_ANALYSIS_REPORT_PACKAGE_2026-08-04_151016_633_export_report_2026_08_04_151016_633_b7b522724099.zip::AI_ANALYSIS.json",
        "source_files": [
          "C:/Users/Admin/iCloudDrive/Downloads/Pearson_Road_Inspection_AI_ANALYSIS_REPORT_PACKAGE_2026-08-04_151016_633_export_report_2026_08_04_151016_633_b7b522724099.zip::AI_ANALYSIS.json"
        ]
      }
    },
    {
      "type": "Feature",
      "geometry": {
        "type": "Point",
        "coordinates": [
          -87.09182055770853,
          30.490450746818052
        ]
      },
      "properties": {
        "record_type": "photograph",
        "photo_id": "photo-5f729ea3-596b-4165-933b-4542adc503a0",
        "photo_number": "P67",
        "inspection_date": "2026-08-03",
        "timestamp": "2026-08-03T13:38:55.882Z",
        "recorded_category": "Other",
        "display_class": "OTHER",
        "is_recorded_water_category": false,
        "water_visible_review_status": "NOT_REVIEWED_FROM_IMAGE",
        "gps_accuracy_m": 11.122126709829171,
        "heading_deg": 154.6405792236328,
        "section_id": null,
        "associated_record_ids": [],
        "note": "",
        "evidence_classification": "Observed",
        "evidence_scope": "OFF_PROPERTY_OR_TEST_REVIEW_REQUIRED",
        "source_family": "AUGUST_3_4_ORIGINAL_FIELD",
        "thumbnail_archive_tag": "AUG4_AI_PACKAGE",
        "thumbnail_archive_member": "photos/067_analysis.jpg",
        "thumbnail_path": "data/photos/all/photo-5f729ea3-596b-4165-933b-4542adc503a0.jpg",
        "source_file": "C:/Users/Admin/iCloudDrive/Downloads/Pearson_Road_Inspection_AI_ANALYSIS_REPORT_PACKAGE_2026-08-04_151016_633_export_report_2026_08_04_151016_633_b7b522724099.zip::AI_ANALYSIS.json",
        "source_files": [
          "C:/Users/Admin/iCloudDrive/Downloads/Pearson_Road_Inspection_AI_ANALYSIS_REPORT_PACKAGE_2026-08-04_151016_633_export_report_2026_08_04_151016_633_b7b522724099.zip::AI_ANALYSIS.json"
        ]
      }
    },
    {
      "type": "Feature",
      "geometry": {
        "type": "Point",
        "coordinates": [
          -87.09182659194812,
          30.490467047088075
        ]
      },
      "properties": {
        "record_type": "photograph",
        "photo_id": "photo-523a4fd6-49d6-4f68-b989-864cf2887aad",
        "photo_number": "P68",
        "inspection_date": "2026-08-03",
        "timestamp": "2026-08-03T13:39:03.847Z",
        "recorded_category": "Other",
        "display_class": "OTHER",
        "is_recorded_water_category": false,
        "water_visible_review_status": "NOT_REVIEWED_FROM_IMAGE",
        "gps_accuracy_m": 11.324096520582396,
        "heading_deg": 227.29644775390625,
        "section_id": null,
        "associated_record_ids": [],
        "note": "",
        "evidence_classification": "Observed",
        "evidence_scope": "OFF_PROPERTY_OR_TEST_REVIEW_REQUIRED",
        "source_family": "AUGUST_3_4_ORIGINAL_FIELD",
        "thumbnail_archive_tag": "AUG4_AI_PACKAGE",
        "thumbnail_archive_member": "photos/068_analysis.jpg",
        "thumbnail_path": "data/photos/all/photo-523a4fd6-49d6-4f68-b989-864cf2887aad.jpg",
        "source_file": "C:/Users/Admin/iCloudDrive/Downloads/Pearson_Road_Inspection_AI_ANALYSIS_REPORT_PACKAGE_2026-08-04_151016_633_export_report_2026_08_04_151016_633_b7b522724099.zip::AI_ANALYSIS.json",
        "source_files": [
          "C:/Users/Admin/iCloudDrive/Downloads/Pearson_Road_Inspection_AI_ANALYSIS_REPORT_PACKAGE_2026-08-04_151016_633_export_report_2026_08_04_151016_633_b7b522724099.zip::AI_ANALYSIS.json"
        ]
      }
    },
    {
      "type": "Feature",
      "geometry": {
        "type": "Point",
        "coordinates": [
          -87.0918269942669,
          30.49044541371853
        ]
      },
      "properties": {
        "record_type": "photograph",
        "photo_id": "photo-b0012967-3a5d-4a9f-9164-a5404067f354",
        "photo_number": "P69",
        "inspection_date": "2026-08-03",
        "timestamp": "2026-08-03T13:39:19.308Z",
        "recorded_category": "Other",
        "display_class": "OTHER",
        "is_recorded_water_category": false,
        "water_visible_review_status": "NOT_REVIEWED_FROM_IMAGE",
        "gps_accuracy_m": 11.33266720873632,
        "heading_deg": 154.19618225097656,
        "section_id": null,
        "associated_record_ids": [],
        "note": "",
        "evidence_classification": "Observed",
        "evidence_scope": "OFF_PROPERTY_OR_TEST_REVIEW_REQUIRED",
        "source_family": "AUGUST_3_4_ORIGINAL_FIELD",
        "thumbnail_archive_tag": "AUG4_AI_PACKAGE",
        "thumbnail_archive_member": "photos/069_analysis.jpg",
        "thumbnail_path": "data/photos/all/photo-b0012967-3a5d-4a9f-9164-a5404067f354.jpg",
        "source_file": "C:/Users/Admin/iCloudDrive/Downloads/Pearson_Road_Inspection_AI_ANALYSIS_REPORT_PACKAGE_2026-08-04_151016_633_export_report_2026_08_04_151016_633_b7b522724099.zip::AI_ANALYSIS.json",
        "source_files": [
          "C:/Users/Admin/iCloudDrive/Downloads/Pearson_Road_Inspection_AI_ANALYSIS_REPORT_PACKAGE_2026-08-04_151016_633_export_report_2026_08_04_151016_633_b7b522724099.zip::AI_ANALYSIS.json"
        ]
      }
    },
    {
      "type": "Feature",
      "geometry": {
        "type": "Point",
        "coordinates": [
          -87.09191219351615,
          30.490412980379418
        ]
      },
      "properties": {
        "record_type": "photograph",
        "photo_id": "photo-9cd7493d-01b4-4fe6-8f7b-8ee32ae66149",
        "photo_number": "P70",
        "inspection_date": "2026-08-03",
        "timestamp": "2026-08-03T13:40:21.178Z",
        "recorded_category": "Other",
        "display_class": "OTHER",
        "is_recorded_water_category": false,
        "water_visible_review_status": "NOT_REVIEWED_FROM_IMAGE",
        "gps_accuracy_m": 6.669451979470658,
        "heading_deg": 149.32077026367188,
        "section_id": null,
        "associated_record_ids": [],
        "note": "",
        "evidence_classification": "Observed",
        "evidence_scope": "OFF_PROPERTY_OR_TEST_REVIEW_REQUIRED",
        "source_family": "AUGUST_3_4_ORIGINAL_FIELD",
        "thumbnail_archive_tag": "AUG4_AI_PACKAGE",
        "thumbnail_archive_member": "photos/070_analysis.jpg",
        "thumbnail_path": "data/photos/all/photo-9cd7493d-01b4-4fe6-8f7b-8ee32ae66149.jpg",
        "source_file": "C:/Users/Admin/iCloudDrive/Downloads/Pearson_Road_Inspection_AI_ANALYSIS_REPORT_PACKAGE_2026-08-04_151016_633_export_report_2026_08_04_151016_633_b7b522724099.zip::AI_ANALYSIS.json",
        "source_files": [
          "C:/Users/Admin/iCloudDrive/Downloads/Pearson_Road_Inspection_AI_ANALYSIS_REPORT_PACKAGE_2026-08-04_151016_633_export_report_2026_08_04_151016_633_b7b522724099.zip::AI_ANALYSIS.json"
        ]
      }
    },
    {
      "type": "Feature",
      "geometry": {
        "type": "Point",
        "coordinates": [
          -87.09188246101172,
          30.4903914943335
        ]
      },
      "properties": {
        "record_type": "photograph",
        "photo_id": "photo-115d5d89-5b2f-4844-82a7-b6cbf465ca0f",
        "photo_number": "P71",
        "inspection_date": "2026-08-03",
        "timestamp": "2026-08-03T13:40:40.590Z",
        "recorded_category": "Other",
        "display_class": "OTHER",
        "is_recorded_water_category": false,
        "water_visible_review_status": "NOT_REVIEWED_FROM_IMAGE",
        "gps_accuracy_m": 6.3572042732287315,
        "heading_deg": 136.8351593017578,
        "section_id": null,
        "associated_record_ids": [],
        "note": "",
        "evidence_classification": "Observed",
        "evidence_scope": "OFF_PROPERTY_OR_TEST_REVIEW_REQUIRED",
        "source_family": "AUGUST_3_4_ORIGINAL_FIELD",
        "thumbnail_archive_tag": "AUG4_AI_PACKAGE",
        "thumbnail_archive_member": "photos/071_analysis.jpg",
        "thumbnail_path": "data/photos/all/photo-115d5d89-5b2f-4844-82a7-b6cbf465ca0f.jpg",
        "source_file": "C:/Users/Admin/iCloudDrive/Downloads/Pearson_Road_Inspection_AI_ANALYSIS_REPORT_PACKAGE_2026-08-04_151016_633_export_report_2026_08_04_151016_633_b7b522724099.zip::AI_ANALYSIS.json",
        "source_files": [
          "C:/Users/Admin/iCloudDrive/Downloads/Pearson_Road_Inspection_AI_ANALYSIS_REPORT_PACKAGE_2026-08-04_151016_633_export_report_2026_08_04_151016_633_b7b522724099.zip::AI_ANALYSIS.json"
        ]
      }
    },
    {
      "type": "Feature",
      "geometry": {
        "type": "Point",
        "coordinates": [
          -87.09187619342255,
          30.490393555441536
        ]
      },
      "properties": {
        "record_type": "photograph",
        "photo_id": "photo-535018da-564e-428f-9a2d-7c7e18941ae5",
        "photo_number": "P72",
        "inspection_date": "2026-08-03",
        "timestamp": "2026-08-03T13:41:02.313Z",
        "recorded_category": "Other",
        "display_class": "OTHER",
        "is_recorded_water_category": false,
        "water_visible_review_status": "NOT_REVIEWED_FROM_IMAGE",
        "gps_accuracy_m": 10.917332897318179,
        "heading_deg": 145.2687530517578,
        "section_id": null,
        "associated_record_ids": [],
        "note": "",
        "evidence_classification": "Observed",
        "evidence_scope": "OFF_PROPERTY_OR_TEST_REVIEW_REQUIRED",
        "source_family": "AUGUST_3_4_ORIGINAL_FIELD",
        "thumbnail_archive_tag": "AUG4_AI_PACKAGE",
        "thumbnail_archive_member": "photos/072_analysis.jpg",
        "thumbnail_path": "data/photos/all/photo-535018da-564e-428f-9a2d-7c7e18941ae5.jpg",
        "source_file": "C:/Users/Admin/iCloudDrive/Downloads/Pearson_Road_Inspection_AI_ANALYSIS_REPORT_PACKAGE_2026-08-04_151016_633_export_report_2026_08_04_151016_633_b7b522724099.zip::AI_ANALYSIS.json",
        "source_files": [
          "C:/Users/Admin/iCloudDrive/Downloads/Pearson_Road_Inspection_AI_ANALYSIS_REPORT_PACKAGE_2026-08-04_151016_633_export_report_2026_08_04_151016_633_b7b522724099.zip::AI_ANALYSIS.json"
        ]
      }
    },
    {
      "type": "Feature",
      "geometry": {
        "type": "Point",
        "coordinates": [
          -87.0919436878477,
          30.4903401555982
        ]
      },
      "properties": {
        "record_type": "photograph",
        "photo_id": "photo-95851d39-a279-46a7-ba78-ee6514137565",
        "photo_number": "P73",
        "inspection_date": "2026-08-03",
        "timestamp": "2026-08-03T13:42:05.095Z",
        "recorded_category": "Other",
        "display_class": "OTHER",
        "is_recorded_water_category": false,
        "water_visible_review_status": "NOT_REVIEWED_FROM_IMAGE",
        "gps_accuracy_m": 11.921169123074176,
        "heading_deg": 42.16848373413086,
        "section_id": null,
        "associated_record_ids": [],
        "note": "",
        "evidence_classification": "Observed",
        "evidence_scope": "OFF_PROPERTY_OR_TEST_REVIEW_REQUIRED",
        "source_family": "AUGUST_3_4_ORIGINAL_FIELD",
        "thumbnail_archive_tag": "AUG4_AI_PACKAGE",
        "thumbnail_archive_member": "photos/073_analysis.jpg",
        "thumbnail_path": "data/photos/all/photo-95851d39-a279-46a7-ba78-ee6514137565.jpg",
        "source_file": "C:/Users/Admin/iCloudDrive/Downloads/Pearson_Road_Inspection_AI_ANALYSIS_REPORT_PACKAGE_2026-08-04_151016_633_export_report_2026_08_04_151016_633_b7b522724099.zip::AI_ANALYSIS.json",
        "source_files": [
          "C:/Users/Admin/iCloudDrive/Downloads/Pearson_Road_Inspection_AI_ANALYSIS_REPORT_PACKAGE_2026-08-04_151016_633_export_report_2026_08_04_151016_633_b7b522724099.zip::AI_ANALYSIS.json"
        ]
      }
    },
    {
      "type": "Feature",
      "geometry": {
        "type": "Point",
        "coordinates": [
          -87.0919269319334,
          30.490504843230116
        ]
      },
      "properties": {
        "record_type": "photograph",
        "photo_id": "photo-4edee66d-6081-4718-9647-61b808ad83de",
        "photo_number": "P74",
        "inspection_date": "2026-08-03",
        "timestamp": "2026-08-03T13:42:41.809Z",
        "recorded_category": "Other",
        "display_class": "OTHER",
        "is_recorded_water_category": false,
        "water_visible_review_status": "NOT_REVIEWED_FROM_IMAGE",
        "gps_accuracy_m": 9.721653309744775,
        "heading_deg": 324.2989807128906,
        "section_id": null,
        "associated_record_ids": [],
        "note": "",
        "evidence_classification": "Observed",
        "evidence_scope": "OFF_PROPERTY_OR_TEST_REVIEW_REQUIRED",
        "source_family": "AUGUST_3_4_ORIGINAL_FIELD",
        "thumbnail_archive_tag": "AUG4_AI_PACKAGE",
        "thumbnail_archive_member": "photos/074_analysis.jpg",
        "thumbnail_path": "data/photos/all/photo-4edee66d-6081-4718-9647-61b808ad83de.jpg",
        "source_file": "C:/Users/Admin/iCloudDrive/Downloads/Pearson_Road_Inspection_AI_ANALYSIS_REPORT_PACKAGE_2026-08-04_151016_633_export_report_2026_08_04_151016_633_b7b522724099.zip::AI_ANALYSIS.json",
        "source_files": [
          "C:/Users/Admin/iCloudDrive/Downloads/Pearson_Road_Inspection_AI_ANALYSIS_REPORT_PACKAGE_2026-08-04_151016_633_export_report_2026_08_04_151016_633_b7b522724099.zip::AI_ANALYSIS.json"
        ]
      }
    },
    {
      "type": "Feature",
      "geometry": {
        "type": "Point",
        "coordinates": [
          -87.09194252979275,
          30.49049043033631
        ]
      },
      "properties": {
        "record_type": "photograph",
        "photo_id": "photo-974f88f0-36a3-44b5-8250-56fe004c6aa3",
        "photo_number": "P75",
        "inspection_date": "2026-08-03",
        "timestamp": "2026-08-03T13:42:53.235Z",
        "recorded_category": "Other",
        "display_class": "OTHER",
        "is_recorded_water_category": false,
        "water_visible_review_status": "NOT_REVIEWED_FROM_IMAGE",
        "gps_accuracy_m": 8.376107064555027,
        "heading_deg": 310.3067932128906,
        "section_id": null,
        "associated_record_ids": [],
        "note": "",
        "evidence_classification": "Observed",
        "evidence_scope": "OFF_PROPERTY_OR_TEST_REVIEW_REQUIRED",
        "source_family": "AUGUST_3_4_ORIGINAL_FIELD",
        "thumbnail_archive_tag": "AUG4_AI_PACKAGE",
        "thumbnail_archive_member": "photos/075_analysis.jpg",
        "thumbnail_path": "data/photos/all/photo-974f88f0-36a3-44b5-8250-56fe004c6aa3.jpg",
        "source_file": "C:/Users/Admin/iCloudDrive/Downloads/Pearson_Road_Inspection_AI_ANALYSIS_REPORT_PACKAGE_2026-08-04_151016_633_export_report_2026_08_04_151016_633_b7b522724099.zip::AI_ANALYSIS.json",
        "source_files": [
          "C:/Users/Admin/iCloudDrive/Downloads/Pearson_Road_Inspection_AI_ANALYSIS_REPORT_PACKAGE_2026-08-04_151016_633_export_report_2026_08_04_151016_633_b7b522724099.zip::AI_ANALYSIS.json"
        ]
      }
    },
    {
      "type": "Feature",
      "geometry": {
        "type": "Point",
        "coordinates": [
          -87.09200787312132,
          30.49049525509753
        ]
      },
      "properties": {
        "record_type": "photograph",
        "photo_id": "photo-8d3edb9b-ca4f-414e-87aa-15c552c96af4",
        "photo_number": "P76",
        "inspection_date": "2026-08-03",
        "timestamp": "2026-08-03T13:43:26.711Z",
        "recorded_category": "Other",
        "display_class": "OTHER",
        "is_recorded_water_category": false,
        "water_visible_review_status": "NOT_REVIEWED_FROM_IMAGE",
        "gps_accuracy_m": 6.417208802439755,
        "heading_deg": 111.39568328857422,
        "section_id": null,
        "associated_record_ids": [],
        "note": "",
        "evidence_classification": "Observed",
        "evidence_scope": "OFF_PROPERTY_OR_TEST_REVIEW_REQUIRED",
        "source_family": "AUGUST_3_4_ORIGINAL_FIELD",
        "thumbnail_archive_tag": "AUG4_AI_PACKAGE",
        "thumbnail_archive_member": "photos/076_analysis.jpg",
        "thumbnail_path": "data/photos/all/photo-8d3edb9b-ca4f-414e-87aa-15c552c96af4.jpg",
        "source_file": "C:/Users/Admin/iCloudDrive/Downloads/Pearson_Road_Inspection_AI_ANALYSIS_REPORT_PACKAGE_2026-08-04_151016_633_export_report_2026_08_04_151016_633_b7b522724099.zip::AI_ANALYSIS.json",
        "source_files": [
          "C:/Users/Admin/iCloudDrive/Downloads/Pearson_Road_Inspection_AI_ANALYSIS_REPORT_PACKAGE_2026-08-04_151016_633_export_report_2026_08_04_151016_633_b7b522724099.zip::AI_ANALYSIS.json"
        ]
      }
    },
    {
      "type": "Feature",
      "geometry": {
        "type": "Point",
        "coordinates": [
          -87.09200484086307,
          30.490504137256227
        ]
      },
      "properties": {
        "record_type": "photograph",
        "photo_id": "photo-2428819f-c886-4e3a-8c75-4828d6e7aed1",
        "photo_number": "P77",
        "inspection_date": "2026-08-03",
        "timestamp": "2026-08-03T13:43:35.084Z",
        "recorded_category": "Other",
        "display_class": "OTHER",
        "is_recorded_water_category": false,
        "water_visible_review_status": "NOT_REVIEWED_FROM_IMAGE",
        "gps_accuracy_m": 7.213471221195331,
        "heading_deg": 110.33738708496094,
        "section_id": null,
        "associated_record_ids": [],
        "note": "",
        "evidence_classification": "Observed",
        "evidence_scope": "OFF_PROPERTY_OR_TEST_REVIEW_REQUIRED",
        "source_family": "AUGUST_3_4_ORIGINAL_FIELD",
        "thumbnail_archive_tag": "AUG4_AI_PACKAGE",
        "thumbnail_archive_member": "photos/077_analysis.jpg",
        "thumbnail_path": "data/photos/all/photo-2428819f-c886-4e3a-8c75-4828d6e7aed1.jpg",
        "source_file": "C:/Users/Admin/iCloudDrive/Downloads/Pearson_Road_Inspection_AI_ANALYSIS_REPORT_PACKAGE_2026-08-04_151016_633_export_report_2026_08_04_151016_633_b7b522724099.zip::AI_ANALYSIS.json",
        "source_files": [
          "C:/Users/Admin/iCloudDrive/Downloads/Pearson_Road_Inspection_AI_ANALYSIS_REPORT_PACKAGE_2026-08-04_151016_633_export_report_2026_08_04_151016_633_b7b522724099.zip::AI_ANALYSIS.json"
        ]
      }
    },
    {
      "type": "Feature",
      "geometry": {
        "type": "Point",
        "coordinates": [
          -87.09199810884554,
          30.490515451536872
        ]
      },
      "properties": {
        "record_type": "photograph",
        "photo_id": "photo-c92cb9c6-98b8-422e-bc9b-9b307c50a804",
        "photo_number": "P78",
        "inspection_date": "2026-08-03",
        "timestamp": "2026-08-03T13:43:43.898Z",
        "recorded_category": "Other",
        "display_class": "OTHER",
        "is_recorded_water_category": false,
        "water_visible_review_status": "NOT_REVIEWED_FROM_IMAGE",
        "gps_accuracy_m": 9.9990735620555,
        "heading_deg": 115.6043930053711,
        "section_id": null,
        "associated_record_ids": [],
        "note": "",
        "evidence_classification": "Observed",
        "evidence_scope": "OFF_PROPERTY_OR_TEST_REVIEW_REQUIRED",
        "source_family": "AUGUST_3_4_ORIGINAL_FIELD",
        "thumbnail_archive_tag": "AUG4_AI_PACKAGE",
        "thumbnail_archive_member": "photos/078_analysis.jpg",
        "thumbnail_path": "data/photos/all/photo-c92cb9c6-98b8-422e-bc9b-9b307c50a804.jpg",
        "source_file": "C:/Users/Admin/iCloudDrive/Downloads/Pearson_Road_Inspection_AI_ANALYSIS_REPORT_PACKAGE_2026-08-04_151016_633_export_report_2026_08_04_151016_633_b7b522724099.zip::AI_ANALYSIS.json",
        "source_files": [
          "C:/Users/Admin/iCloudDrive/Downloads/Pearson_Road_Inspection_AI_ANALYSIS_REPORT_PACKAGE_2026-08-04_151016_633_export_report_2026_08_04_151016_633_b7b522724099.zip::AI_ANALYSIS.json"
        ]
      }
    },
    {
      "type": "Feature",
      "geometry": {
        "type": "Point",
        "coordinates": [
          -87.09204691083279,
          30.490500743423556
        ]
      },
      "properties": {
        "record_type": "photograph",
        "photo_id": "photo-d288c546-d8a0-4540-9677-36d658a05681",
        "photo_number": "P79",
        "inspection_date": "2026-08-03",
        "timestamp": "2026-08-03T13:44:24.162Z",
        "recorded_category": "Other",
        "display_class": "OTHER",
        "is_recorded_water_category": false,
        "water_visible_review_status": "NOT_REVIEWED_FROM_IMAGE",
        "gps_accuracy_m": 12.703056528383454,
        "heading_deg": 132.53018188476562,
        "section_id": null,
        "associated_record_ids": [],
        "note": "",
        "evidence_classification": "Observed",
        "evidence_scope": "OFF_PROPERTY_OR_TEST_REVIEW_REQUIRED",
        "source_family": "AUGUST_3_4_ORIGINAL_FIELD",
        "thumbnail_archive_tag": "AUG4_AI_PACKAGE",
        "thumbnail_archive_member": "photos/079_analysis.jpg",
        "thumbnail_path": "data/photos/all/photo-d288c546-d8a0-4540-9677-36d658a05681.jpg",
        "source_file": "C:/Users/Admin/iCloudDrive/Downloads/Pearson_Road_Inspection_AI_ANALYSIS_REPORT_PACKAGE_2026-08-04_151016_633_export_report_2026_08_04_151016_633_b7b522724099.zip::AI_ANALYSIS.json",
        "source_files": [
          "C:/Users/Admin/iCloudDrive/Downloads/Pearson_Road_Inspection_AI_ANALYSIS_REPORT_PACKAGE_2026-08-04_151016_633_export_report_2026_08_04_151016_633_b7b522724099.zip::AI_ANALYSIS.json"
        ]
      }
    },
    {
      "type": "Feature",
      "geometry": {
        "type": "Point",
        "coordinates": [
          -87.09208846124066,
          30.490473901908636
        ]
      },
      "properties": {
        "record_type": "photograph",
        "photo_id": "photo-1521c526-67b1-466d-ab7e-1d24f5826231",
        "photo_number": "P80",
        "inspection_date": "2026-08-03",
        "timestamp": "2026-08-03T13:44:38.583Z",
        "recorded_category": "Other",
        "display_class": "OTHER",
        "is_recorded_water_category": false,
        "water_visible_review_status": "NOT_REVIEWED_FROM_IMAGE",
        "gps_accuracy_m": 13.589479986070028,
        "heading_deg": 182.6072998046875,
        "section_id": null,
        "associated_record_ids": [],
        "note": "",
        "evidence_classification": "Observed",
        "evidence_scope": "OFF_PROPERTY_OR_TEST_REVIEW_REQUIRED",
        "source_family": "AUGUST_3_4_ORIGINAL_FIELD",
        "thumbnail_archive_tag": "AUG4_AI_PACKAGE",
        "thumbnail_archive_member": "photos/080_analysis.jpg",
        "thumbnail_path": "data/photos/all/photo-1521c526-67b1-466d-ab7e-1d24f5826231.jpg",
        "source_file": "C:/Users/Admin/iCloudDrive/Downloads/Pearson_Road_Inspection_AI_ANALYSIS_REPORT_PACKAGE_2026-08-04_151016_633_export_report_2026_08_04_151016_633_b7b522724099.zip::AI_ANALYSIS.json",
        "source_files": [
          "C:/Users/Admin/iCloudDrive/Downloads/Pearson_Road_Inspection_AI_ANALYSIS_REPORT_PACKAGE_2026-08-04_151016_633_export_report_2026_08_04_151016_633_b7b522724099.zip::AI_ANALYSIS.json"
        ]
      }
    },
    {
      "type": "Feature",
      "geometry": {
        "type": "Point",
        "coordinates": [
          -87.09207137054956,
          30.49046625413357
        ]
      },
      "properties": {
        "record_type": "photograph",
        "photo_id": "photo-8d4a8a67-2892-4075-bdba-7ab43c491a3a",
        "photo_number": "P81",
        "inspection_date": "2026-08-03",
        "timestamp": "2026-08-03T13:44:49.814Z",
        "recorded_category": "Other",
        "display_class": "OTHER",
        "is_recorded_water_category": false,
        "water_visible_review_status": "NOT_REVIEWED_FROM_IMAGE",
        "gps_accuracy_m": 13.398676421516875,
        "heading_deg": 338.3651123046875,
        "section_id": null,
        "associated_record_ids": [],
        "note": "",
        "evidence_classification": "Observed",
        "evidence_scope": "OFF_PROPERTY_OR_TEST_REVIEW_REQUIRED",
        "source_family": "AUGUST_3_4_ORIGINAL_FIELD",
        "thumbnail_archive_tag": "AUG4_AI_PACKAGE",
        "thumbnail_archive_member": "photos/081_analysis.jpg",
        "thumbnail_path": "data/photos/all/photo-8d4a8a67-2892-4075-bdba-7ab43c491a3a.jpg",
        "source_file": "C:/Users/Admin/iCloudDrive/Downloads/Pearson_Road_Inspection_AI_ANALYSIS_REPORT_PACKAGE_2026-08-04_151016_633_export_report_2026_08_04_151016_633_b7b522724099.zip::AI_ANALYSIS.json",
        "source_files": [
          "C:/Users/Admin/iCloudDrive/Downloads/Pearson_Road_Inspection_AI_ANALYSIS_REPORT_PACKAGE_2026-08-04_151016_633_export_report_2026_08_04_151016_633_b7b522724099.zip::AI_ANALYSIS.json"
        ]
      }
    },
    {
      "type": "Feature",
      "geometry": {
        "type": "Point",
        "coordinates": [
          -87.092066267941,
          30.490460810039185
        ]
      },
      "properties": {
        "record_type": "photograph",
        "photo_id": "photo-5f03bb2f-8a4d-45f3-8bd6-a5933dc2e2fb",
        "photo_number": "P82",
        "inspection_date": "2026-08-03",
        "timestamp": "2026-08-03T13:45:00.636Z",
        "recorded_category": "Other",
        "display_class": "OTHER",
        "is_recorded_water_category": false,
        "water_visible_review_status": "NOT_REVIEWED_FROM_IMAGE",
        "gps_accuracy_m": 14.257729949492115,
        "heading_deg": 183.15850830078125,
        "section_id": null,
        "associated_record_ids": [],
        "note": "",
        "evidence_classification": "Observed",
        "evidence_scope": "OFF_PROPERTY_OR_TEST_REVIEW_REQUIRED",
        "source_family": "AUGUST_3_4_ORIGINAL_FIELD",
        "thumbnail_archive_tag": "AUG4_AI_PACKAGE",
        "thumbnail_archive_member": "photos/082_analysis.jpg",
        "thumbnail_path": "data/photos/all/photo-5f03bb2f-8a4d-45f3-8bd6-a5933dc2e2fb.jpg",
        "source_file": "C:/Users/Admin/iCloudDrive/Downloads/Pearson_Road_Inspection_AI_ANALYSIS_REPORT_PACKAGE_2026-08-04_151016_633_export_report_2026_08_04_151016_633_b7b522724099.zip::AI_ANALYSIS.json",
        "source_files": [
          "C:/Users/Admin/iCloudDrive/Downloads/Pearson_Road_Inspection_AI_ANALYSIS_REPORT_PACKAGE_2026-08-04_151016_633_export_report_2026_08_04_151016_633_b7b522724099.zip::AI_ANALYSIS.json"
        ]
      }
    },
    {
      "type": "Feature",
      "geometry": {
        "type": "Point",
        "coordinates": [
          -87.09206739031922,
          30.49045890334187
        ]
      },
      "properties": {
        "record_type": "photograph",
        "photo_id": "photo-ab25e85e-e78a-4fb4-83bb-6a4378c3c694",
        "photo_number": "P83",
        "inspection_date": "2026-08-03",
        "timestamp": "2026-08-03T13:45:08.901Z",
        "recorded_category": "Other",
        "display_class": "OTHER",
        "is_recorded_water_category": false,
        "water_visible_review_status": "NOT_REVIEWED_FROM_IMAGE",
        "gps_accuracy_m": 13.619317746160853,
        "heading_deg": 263.5057373046875,
        "section_id": null,
        "associated_record_ids": [],
        "note": "",
        "evidence_classification": "Observed",
        "evidence_scope": "OFF_PROPERTY_OR_TEST_REVIEW_REQUIRED",
        "source_family": "AUGUST_3_4_ORIGINAL_FIELD",
        "thumbnail_archive_tag": "AUG4_AI_PACKAGE",
        "thumbnail_archive_member": "photos/083_analysis.jpg",
        "thumbnail_path": "data/photos/all/photo-ab25e85e-e78a-4fb4-83bb-6a4378c3c694.jpg",
        "source_file": "C:/Users/Admin/iCloudDrive/Downloads/Pearson_Road_Inspection_AI_ANALYSIS_REPORT_PACKAGE_2026-08-04_151016_633_export_report_2026_08_04_151016_633_b7b522724099.zip::AI_ANALYSIS.json",
        "source_files": [
          "C:/Users/Admin/iCloudDrive/Downloads/Pearson_Road_Inspection_AI_ANALYSIS_REPORT_PACKAGE_2026-08-04_151016_633_export_report_2026_08_04_151016_633_b7b522724099.zip::AI_ANALYSIS.json"
        ]
      }
    },
    {
      "type": "Feature",
      "geometry": {
        "type": "Point",
        "coordinates": [
          -87.09211341663242,
          30.490419858525588
        ]
      },
      "properties": {
        "record_type": "photograph",
        "photo_id": "photo-35b94d57-aaf4-4ec5-b0f1-07cf6bc93063",
        "photo_number": "P84",
        "inspection_date": "2026-08-03",
        "timestamp": "2026-08-03T13:45:35.357Z",
        "recorded_category": "Other",
        "display_class": "OTHER",
        "is_recorded_water_category": false,
        "water_visible_review_status": "NOT_REVIEWED_FROM_IMAGE",
        "gps_accuracy_m": 13.14039921244032,
        "heading_deg": 261.9234924316406,
        "section_id": null,
        "associated_record_ids": [],
        "note": "",
        "evidence_classification": "Observed",
        "evidence_scope": "OFF_PROPERTY_OR_TEST_REVIEW_REQUIRED",
        "source_family": "AUGUST_3_4_ORIGINAL_FIELD",
        "thumbnail_archive_tag": "AUG4_AI_PACKAGE",
        "thumbnail_archive_member": "photos/084_analysis.jpg",
        "thumbnail_path": "data/photos/all/photo-35b94d57-aaf4-4ec5-b0f1-07cf6bc93063.jpg",
        "source_file": "C:/Users/Admin/iCloudDrive/Downloads/Pearson_Road_Inspection_AI_ANALYSIS_REPORT_PACKAGE_2026-08-04_151016_633_export_report_2026_08_04_151016_633_b7b522724099.zip::AI_ANALYSIS.json",
        "source_files": [
          "C:/Users/Admin/iCloudDrive/Downloads/Pearson_Road_Inspection_AI_ANALYSIS_REPORT_PACKAGE_2026-08-04_151016_633_export_report_2026_08_04_151016_633_b7b522724099.zip::AI_ANALYSIS.json"
        ]
      }
    },
    {
      "type": "Feature",
      "geometry": {
        "type": "Point",
        "coordinates": [
          -87.09211461073252,
          30.49041188294541
        ]
      },
      "properties": {
        "record_type": "photograph",
        "photo_id": "photo-e91c2c3c-ebb5-414e-a2c0-ccb0c06d52f2",
        "photo_number": "P85",
        "inspection_date": "2026-08-03",
        "timestamp": "2026-08-03T13:45:42.049Z",
        "recorded_category": "Other",
        "display_class": "OTHER",
        "is_recorded_water_category": false,
        "water_visible_review_status": "NOT_REVIEWED_FROM_IMAGE",
        "gps_accuracy_m": 13.392969382850197,
        "heading_deg": 295.04644775390625,
        "section_id": null,
        "associated_record_ids": [],
        "note": "",
        "evidence_classification": "Observed",
        "evidence_scope": "OFF_PROPERTY_OR_TEST_REVIEW_REQUIRED",
        "source_family": "AUGUST_3_4_ORIGINAL_FIELD",
        "thumbnail_archive_tag": "AUG4_AI_PACKAGE",
        "thumbnail_archive_member": "photos/085_analysis.jpg",
        "thumbnail_path": "data/photos/all/photo-e91c2c3c-ebb5-414e-a2c0-ccb0c06d52f2.jpg",
        "source_file": "C:/Users/Admin/iCloudDrive/Downloads/Pearson_Road_Inspection_AI_ANALYSIS_REPORT_PACKAGE_2026-08-04_151016_633_export_report_2026_08_04_151016_633_b7b522724099.zip::AI_ANALYSIS.json",
        "source_files": [
          "C:/Users/Admin/iCloudDrive/Downloads/Pearson_Road_Inspection_AI_ANALYSIS_REPORT_PACKAGE_2026-08-04_151016_633_export_report_2026_08_04_151016_633_b7b522724099.zip::AI_ANALYSIS.json"
        ]
      }
    },
    {
      "type": "Feature",
      "geometry": {
        "type": "Point",
        "coordinates": [
          -87.09214179218247,
          30.4903700514449
        ]
      },
      "properties": {
        "record_type": "photograph",
        "photo_id": "photo-b4f34a80-a8ae-4420-afa5-6b580c815cff",
        "photo_number": "P86",
        "inspection_date": "2026-08-03",
        "timestamp": "2026-08-03T13:46:17.682Z",
        "recorded_category": "Other",
        "display_class": "OTHER",
        "is_recorded_water_category": false,
        "water_visible_review_status": "NOT_REVIEWED_FROM_IMAGE",
        "gps_accuracy_m": 11.262296042117638,
        "heading_deg": 292.72332763671875,
        "section_id": null,
        "associated_record_ids": [],
        "note": "",
        "evidence_classification": "Observed",
        "evidence_scope": "OFF_PROPERTY_OR_TEST_REVIEW_REQUIRED",
        "source_family": "AUGUST_3_4_ORIGINAL_FIELD",
        "thumbnail_archive_tag": "AUG4_AI_PACKAGE",
        "thumbnail_archive_member": "photos/086_analysis.jpg",
        "thumbnail_path": "data/photos/all/photo-b4f34a80-a8ae-4420-afa5-6b580c815cff.jpg",
        "source_file": "C:/Users/Admin/iCloudDrive/Downloads/Pearson_Road_Inspection_AI_ANALYSIS_REPORT_PACKAGE_2026-08-04_151016_633_export_report_2026_08_04_151016_633_b7b522724099.zip::AI_ANALYSIS.json",
        "source_files": [
          "C:/Users/Admin/iCloudDrive/Downloads/Pearson_Road_Inspection_AI_ANALYSIS_REPORT_PACKAGE_2026-08-04_151016_633_export_report_2026_08_04_151016_633_b7b522724099.zip::AI_ANALYSIS.json"
        ]
      }
    },
    {
      "type": "Feature",
      "geometry": {
        "type": "Point",
        "coordinates": [
          -87.09213438449554,
          30.490377013172218
        ]
      },
      "properties": {
        "record_type": "photograph",
        "photo_id": "photo-19248735-cb2a-466a-a011-a2388dd2cb48",
        "photo_number": "P87",
        "inspection_date": "2026-08-03",
        "timestamp": "2026-08-03T13:46:25.466Z",
        "recorded_category": "Other",
        "display_class": "OTHER",
        "is_recorded_water_category": false,
        "water_visible_review_status": "NOT_REVIEWED_FROM_IMAGE",
        "gps_accuracy_m": 12.227912597238806,
        "heading_deg": 105.47200012207031,
        "section_id": null,
        "associated_record_ids": [],
        "note": "",
        "evidence_classification": "Observed",
        "evidence_scope": "OFF_PROPERTY_OR_TEST_REVIEW_REQUIRED",
        "source_family": "AUGUST_3_4_ORIGINAL_FIELD",
        "thumbnail_archive_tag": "AUG4_AI_PACKAGE",
        "thumbnail_archive_member": "photos/087_analysis.jpg",
        "thumbnail_path": "data/photos/all/photo-19248735-cb2a-466a-a011-a2388dd2cb48.jpg",
        "source_file": "C:/Users/Admin/iCloudDrive/Downloads/Pearson_Road_Inspection_AI_ANALYSIS_REPORT_PACKAGE_2026-08-04_151016_633_export_report_2026_08_04_151016_633_b7b522724099.zip::AI_ANALYSIS.json",
        "source_files": [
          "C:/Users/Admin/iCloudDrive/Downloads/Pearson_Road_Inspection_AI_ANALYSIS_REPORT_PACKAGE_2026-08-04_151016_633_export_report_2026_08_04_151016_633_b7b522724099.zip::AI_ANALYSIS.json"
        ]
      }
    },
    {
      "type": "Feature",
      "geometry": {
        "type": "Point",
        "coordinates": [
          -87.0921572160884,
          30.49033551109131
        ]
      },
      "properties": {
        "record_type": "photograph",
        "photo_id": "photo-feb20e8c-d915-4381-a199-eb7d539065c7",
        "photo_number": "P88",
        "inspection_date": "2026-08-03",
        "timestamp": "2026-08-03T13:46:52.952Z",
        "recorded_category": "Other",
        "display_class": "OTHER",
        "is_recorded_water_category": false,
        "water_visible_review_status": "NOT_REVIEWED_FROM_IMAGE",
        "gps_accuracy_m": 11.921323609155651,
        "heading_deg": 295.9783935546875,
        "section_id": null,
        "associated_record_ids": [],
        "note": "",
        "evidence_classification": "Observed",
        "evidence_scope": "OFF_PROPERTY_OR_TEST_REVIEW_REQUIRED",
        "source_family": "AUGUST_3_4_ORIGINAL_FIELD",
        "thumbnail_archive_tag": "AUG4_AI_PACKAGE",
        "thumbnail_archive_member": "photos/088_analysis.jpg",
        "thumbnail_path": "data/photos/all/photo-feb20e8c-d915-4381-a199-eb7d539065c7.jpg",
        "source_file": "C:/Users/Admin/iCloudDrive/Downloads/Pearson_Road_Inspection_AI_ANALYSIS_REPORT_PACKAGE_2026-08-04_151016_633_export_report_2026_08_04_151016_633_b7b522724099.zip::AI_ANALYSIS.json",
        "source_files": [
          "C:/Users/Admin/iCloudDrive/Downloads/Pearson_Road_Inspection_AI_ANALYSIS_REPORT_PACKAGE_2026-08-04_151016_633_export_report_2026_08_04_151016_633_b7b522724099.zip::AI_ANALYSIS.json"
        ]
      }
    },
    {
      "type": "Feature",
      "geometry": {
        "type": "Point",
        "coordinates": [
          -87.09216104415925,
          30.49033055618164
        ]
      },
      "properties": {
        "record_type": "photograph",
        "photo_id": "photo-03ba229a-d64b-477e-8779-f9003d58412c",
        "photo_number": "P89",
        "inspection_date": "2026-08-03",
        "timestamp": "2026-08-03T13:47:05.812Z",
        "recorded_category": "Other",
        "display_class": "OTHER",
        "is_recorded_water_category": false,
        "water_visible_review_status": "NOT_REVIEWED_FROM_IMAGE",
        "gps_accuracy_m": 13.35717894692443,
        "heading_deg": 190.3304901123047,
        "section_id": null,
        "associated_record_ids": [],
        "note": "",
        "evidence_classification": "Observed",
        "evidence_scope": "OFF_PROPERTY_OR_TEST_REVIEW_REQUIRED",
        "source_family": "AUGUST_3_4_ORIGINAL_FIELD",
        "thumbnail_archive_tag": "AUG4_AI_PACKAGE",
        "thumbnail_archive_member": "photos/089_analysis.jpg",
        "thumbnail_path": "data/photos/all/photo-03ba229a-d64b-477e-8779-f9003d58412c.jpg",
        "source_file": "C:/Users/Admin/iCloudDrive/Downloads/Pearson_Road_Inspection_AI_ANALYSIS_REPORT_PACKAGE_2026-08-04_151016_633_export_report_2026_08_04_151016_633_b7b522724099.zip::AI_ANALYSIS.json",
        "source_files": [
          "C:/Users/Admin/iCloudDrive/Downloads/Pearson_Road_Inspection_AI_ANALYSIS_REPORT_PACKAGE_2026-08-04_151016_633_export_report_2026_08_04_151016_633_b7b522724099.zip::AI_ANALYSIS.json"
        ]
      }
    },
    {
      "type": "Feature",
      "geometry": {
        "type": "Point",
        "coordinates": [
          -87.0921612657771,
          30.490332021766758
        ]
      },
      "properties": {
        "record_type": "photograph",
        "photo_id": "photo-a02729b1-e9b5-4fc6-aec3-34e482241ff2",
        "photo_number": "P90",
        "inspection_date": "2026-08-03",
        "timestamp": "2026-08-03T13:47:12.721Z",
        "recorded_category": "Other",
        "display_class": "OTHER",
        "is_recorded_water_category": false,
        "water_visible_review_status": "NOT_REVIEWED_FROM_IMAGE",
        "gps_accuracy_m": 14.080390928950838,
        "heading_deg": 214.70555114746094,
        "section_id": null,
        "associated_record_ids": [],
        "note": "",
        "evidence_classification": "Observed",
        "evidence_scope": "OFF_PROPERTY_OR_TEST_REVIEW_REQUIRED",
        "source_family": "AUGUST_3_4_ORIGINAL_FIELD",
        "thumbnail_archive_tag": "AUG4_AI_PACKAGE",
        "thumbnail_archive_member": "photos/090_analysis.jpg",
        "thumbnail_path": "data/photos/all/photo-a02729b1-e9b5-4fc6-aec3-34e482241ff2.jpg",
        "source_file": "C:/Users/Admin/iCloudDrive/Downloads/Pearson_Road_Inspection_AI_ANALYSIS_REPORT_PACKAGE_2026-08-04_151016_633_export_report_2026_08_04_151016_633_b7b522724099.zip::AI_ANALYSIS.json",
        "source_files": [
          "C:/Users/Admin/iCloudDrive/Downloads/Pearson_Road_Inspection_AI_ANALYSIS_REPORT_PACKAGE_2026-08-04_151016_633_export_report_2026_08_04_151016_633_b7b522724099.zip::AI_ANALYSIS.json"
        ]
      }
    },
    {
      "type": "Feature",
      "geometry": {
        "type": "Point",
        "coordinates": [
          -87.0921783690181,
          30.490493797285126
        ]
      },
      "properties": {
        "record_type": "photograph",
        "photo_id": "photo-c1068061-20e5-4002-9bfc-a63cc59feeac",
        "photo_number": "P91",
        "inspection_date": "2026-08-03",
        "timestamp": "2026-08-03T13:48:02.934Z",
        "recorded_category": "Other",
        "display_class": "OTHER",
        "is_recorded_water_category": false,
        "water_visible_review_status": "NOT_REVIEWED_FROM_IMAGE",
        "gps_accuracy_m": 12.819331573458538,
        "heading_deg": 335.00067138671875,
        "section_id": null,
        "associated_record_ids": [],
        "note": "",
        "evidence_classification": "Observed",
        "evidence_scope": "OFF_PROPERTY_OR_TEST_REVIEW_REQUIRED",
        "source_family": "AUGUST_3_4_ORIGINAL_FIELD",
        "thumbnail_archive_tag": "AUG4_AI_PACKAGE",
        "thumbnail_archive_member": "photos/091_analysis.jpg",
        "thumbnail_path": "data/photos/all/photo-c1068061-20e5-4002-9bfc-a63cc59feeac.jpg",
        "source_file": "C:/Users/Admin/iCloudDrive/Downloads/Pearson_Road_Inspection_AI_ANALYSIS_REPORT_PACKAGE_2026-08-04_151016_633_export_report_2026_08_04_151016_633_b7b522724099.zip::AI_ANALYSIS.json",
        "source_files": [
          "C:/Users/Admin/iCloudDrive/Downloads/Pearson_Road_Inspection_AI_ANALYSIS_REPORT_PACKAGE_2026-08-04_151016_633_export_report_2026_08_04_151016_633_b7b522724099.zip::AI_ANALYSIS.json"
        ]
      }
    },
    {
      "type": "Feature",
      "geometry": {
        "type": "Point",
        "coordinates": [
          -87.09216898563938,
          30.4905197905454
        ]
      },
      "properties": {
        "record_type": "photograph",
        "photo_id": "photo-8c8672eb-10d5-4cc7-9d3e-7a733638926b",
        "photo_number": "P92",
        "inspection_date": "2026-08-03",
        "timestamp": "2026-08-03T13:48:17.743Z",
        "recorded_category": "Other",
        "display_class": "OTHER",
        "is_recorded_water_category": false,
        "water_visible_review_status": "NOT_REVIEWED_FROM_IMAGE",
        "gps_accuracy_m": 12.75496843456139,
        "heading_deg": 251.67938232421875,
        "section_id": null,
        "associated_record_ids": [],
        "note": "",
        "evidence_classification": "Observed",
        "evidence_scope": "OFF_PROPERTY_OR_TEST_REVIEW_REQUIRED",
        "source_family": "AUGUST_3_4_ORIGINAL_FIELD",
        "thumbnail_archive_tag": "AUG4_AI_PACKAGE",
        "thumbnail_archive_member": "photos/092_analysis.jpg",
        "thumbnail_path": "data/photos/all/photo-8c8672eb-10d5-4cc7-9d3e-7a733638926b.jpg",
        "source_file": "C:/Users/Admin/iCloudDrive/Downloads/Pearson_Road_Inspection_AI_ANALYSIS_REPORT_PACKAGE_2026-08-04_151016_633_export_report_2026_08_04_151016_633_b7b522724099.zip::AI_ANALYSIS.json",
        "source_files": [
          "C:/Users/Admin/iCloudDrive/Downloads/Pearson_Road_Inspection_AI_ANALYSIS_REPORT_PACKAGE_2026-08-04_151016_633_export_report_2026_08_04_151016_633_b7b522724099.zip::AI_ANALYSIS.json"
        ]
      }
    },
    {
      "type": "Feature",
      "geometry": {
        "type": "Point",
        "coordinates": [
          -87.09216890168918,
          30.490507122805834
        ]
      },
      "properties": {
        "record_type": "photograph",
        "photo_id": "photo-b216eddb-a818-4218-824a-6bc337b43554",
        "photo_number": "P93",
        "inspection_date": "2026-08-03",
        "timestamp": "2026-08-03T13:48:31.906Z",
        "recorded_category": "Other",
        "display_class": "OTHER",
        "is_recorded_water_category": false,
        "water_visible_review_status": "NOT_REVIEWED_FROM_IMAGE",
        "gps_accuracy_m": 16.266380696281857,
        "heading_deg": 319.5802001953125,
        "section_id": null,
        "associated_record_ids": [],
        "note": "",
        "evidence_classification": "Observed",
        "evidence_scope": "OFF_PROPERTY_OR_TEST_REVIEW_REQUIRED",
        "source_family": "AUGUST_3_4_ORIGINAL_FIELD",
        "thumbnail_archive_tag": "AUG4_AI_PACKAGE",
        "thumbnail_archive_member": "photos/093_analysis.jpg",
        "thumbnail_path": "data/photos/all/photo-b216eddb-a818-4218-824a-6bc337b43554.jpg",
        "source_file": "C:/Users/Admin/iCloudDrive/Downloads/Pearson_Road_Inspection_AI_ANALYSIS_REPORT_PACKAGE_2026-08-04_151016_633_export_report_2026_08_04_151016_633_b7b522724099.zip::AI_ANALYSIS.json",
        "source_files": [
          "C:/Users/Admin/iCloudDrive/Downloads/Pearson_Road_Inspection_AI_ANALYSIS_REPORT_PACKAGE_2026-08-04_151016_633_export_report_2026_08_04_151016_633_b7b522724099.zip::AI_ANALYSIS.json"
        ]
      }
    },
    {
      "type": "Feature",
      "geometry": {
        "type": "Point",
        "coordinates": [
          -87.09216304728533,
          30.490512490151364
        ]
      },
      "properties": {
        "record_type": "photograph",
        "photo_id": "photo-0c5c7d14-33c3-4971-8a80-4daa82a9da03",
        "photo_number": "P94",
        "inspection_date": "2026-08-03",
        "timestamp": "2026-08-03T13:48:41.841Z",
        "recorded_category": "Other",
        "display_class": "OTHER",
        "is_recorded_water_category": false,
        "water_visible_review_status": "NOT_REVIEWED_FROM_IMAGE",
        "gps_accuracy_m": 16.64968365247268,
        "heading_deg": 285.18487548828125,
        "section_id": null,
        "associated_record_ids": [],
        "note": "",
        "evidence_classification": "Observed",
        "evidence_scope": "OFF_PROPERTY_OR_TEST_REVIEW_REQUIRED",
        "source_family": "AUGUST_3_4_ORIGINAL_FIELD",
        "thumbnail_archive_tag": "AUG4_AI_PACKAGE",
        "thumbnail_archive_member": "photos/094_analysis.jpg",
        "thumbnail_path": "data/photos/all/photo-0c5c7d14-33c3-4971-8a80-4daa82a9da03.jpg",
        "source_file": "C:/Users/Admin/iCloudDrive/Downloads/Pearson_Road_Inspection_AI_ANALYSIS_REPORT_PACKAGE_2026-08-04_151016_633_export_report_2026_08_04_151016_633_b7b522724099.zip::AI_ANALYSIS.json",
        "source_files": [
          "C:/Users/Admin/iCloudDrive/Downloads/Pearson_Road_Inspection_AI_ANALYSIS_REPORT_PACKAGE_2026-08-04_151016_633_export_report_2026_08_04_151016_633_b7b522724099.zip::AI_ANALYSIS.json"
        ]
      }
    },
    {
      "type": "Feature",
      "geometry": {
        "type": "Point",
        "coordinates": [
          -87.09217342232773,
          30.490463482449023
        ]
      },
      "properties": {
        "record_type": "photograph",
        "photo_id": "photo-ccd31002-3216-43f3-a526-44461e0efac8",
        "photo_number": "P95",
        "inspection_date": "2026-08-03",
        "timestamp": "2026-08-03T13:49:30.754Z",
        "recorded_category": "Other",
        "display_class": "OTHER",
        "is_recorded_water_category": false,
        "water_visible_review_status": "NOT_REVIEWED_FROM_IMAGE",
        "gps_accuracy_m": 18.480324601009873,
        "heading_deg": 151.3191375732422,
        "section_id": null,
        "associated_record_ids": [],
        "note": "",
        "evidence_classification": "Observed",
        "evidence_scope": "OFF_PROPERTY_OR_TEST_REVIEW_REQUIRED",
        "source_family": "AUGUST_3_4_ORIGINAL_FIELD",
        "thumbnail_archive_tag": "AUG4_AI_PACKAGE",
        "thumbnail_archive_member": "photos/095_analysis.jpg",
        "thumbnail_path": "data/photos/all/photo-ccd31002-3216-43f3-a526-44461e0efac8.jpg",
        "source_file": "C:/Users/Admin/iCloudDrive/Downloads/Pearson_Road_Inspection_AI_ANALYSIS_REPORT_PACKAGE_2026-08-04_151016_633_export_report_2026_08_04_151016_633_b7b522724099.zip::AI_ANALYSIS.json",
        "source_files": [
          "C:/Users/Admin/iCloudDrive/Downloads/Pearson_Road_Inspection_AI_ANALYSIS_REPORT_PACKAGE_2026-08-04_151016_633_export_report_2026_08_04_151016_633_b7b522724099.zip::AI_ANALYSIS.json"
        ]
      }
    },
    {
      "type": "Feature",
      "geometry": {
        "type": "Point",
        "coordinates": [
          -87.0921784505457,
          30.490491422405817
        ]
      },
      "properties": {
        "record_type": "photograph",
        "photo_id": "photo-13c82a63-0ec7-4320-a1a6-4684176f5147",
        "photo_number": "P96",
        "inspection_date": "2026-08-03",
        "timestamp": "2026-08-03T13:49:41.409Z",
        "recorded_category": "Other",
        "display_class": "OTHER",
        "is_recorded_water_category": false,
        "water_visible_review_status": "NOT_REVIEWED_FROM_IMAGE",
        "gps_accuracy_m": 15.675969948860969,
        "heading_deg": 336.1153259277344,
        "section_id": null,
        "associated_record_ids": [],
        "note": "",
        "evidence_classification": "Observed",
        "evidence_scope": "OFF_PROPERTY_OR_TEST_REVIEW_REQUIRED",
        "source_family": "AUGUST_3_4_ORIGINAL_FIELD",
        "thumbnail_archive_tag": "AUG4_AI_PACKAGE",
        "thumbnail_archive_member": "photos/096_analysis.jpg",
        "thumbnail_path": "data/photos/all/photo-13c82a63-0ec7-4320-a1a6-4684176f5147.jpg",
        "source_file": "C:/Users/Admin/iCloudDrive/Downloads/Pearson_Road_Inspection_AI_ANALYSIS_REPORT_PACKAGE_2026-08-04_151016_633_export_report_2026_08_04_151016_633_b7b522724099.zip::AI_ANALYSIS.json",
        "source_files": [
          "C:/Users/Admin/iCloudDrive/Downloads/Pearson_Road_Inspection_AI_ANALYSIS_REPORT_PACKAGE_2026-08-04_151016_633_export_report_2026_08_04_151016_633_b7b522724099.zip::AI_ANALYSIS.json"
        ]
      }
    },
    {
      "type": "Feature",
      "geometry": {
        "type": "Point",
        "coordinates": [
          -87.09217645654822,
          30.490499936652196
        ]
      },
      "properties": {
        "record_type": "photograph",
        "photo_id": "photo-6ed41c8a-78f5-4aee-8916-09d39230b403",
        "photo_number": "P97",
        "inspection_date": "2026-08-03",
        "timestamp": "2026-08-03T13:49:48.799Z",
        "recorded_category": "Other",
        "display_class": "OTHER",
        "is_recorded_water_category": false,
        "water_visible_review_status": "NOT_REVIEWED_FROM_IMAGE",
        "gps_accuracy_m": 15.933487350562057,
        "heading_deg": 338.4012145996094,
        "section_id": null,
        "associated_record_ids": [],
        "note": "",
        "evidence_classification": "Observed",
        "evidence_scope": "OFF_PROPERTY_OR_TEST_REVIEW_REQUIRED",
        "source_family": "AUGUST_3_4_ORIGINAL_FIELD",
        "thumbnail_archive_tag": "AUG4_AI_PACKAGE",
        "thumbnail_archive_member": "photos/097_analysis.jpg",
        "thumbnail_path": "data/photos/all/photo-6ed41c8a-78f5-4aee-8916-09d39230b403.jpg",
        "source_file": "C:/Users/Admin/iCloudDrive/Downloads/Pearson_Road_Inspection_AI_ANALYSIS_REPORT_PACKAGE_2026-08-04_151016_633_export_report_2026_08_04_151016_633_b7b522724099.zip::AI_ANALYSIS.json",
        "source_files": [
          "C:/Users/Admin/iCloudDrive/Downloads/Pearson_Road_Inspection_AI_ANALYSIS_REPORT_PACKAGE_2026-08-04_151016_633_export_report_2026_08_04_151016_633_b7b522724099.zip::AI_ANALYSIS.json"
        ]
      }
    },
    {
      "type": "Feature",
      "geometry": {
        "type": "Point",
        "coordinates": [
          -87.09215373564281,
          30.4905071166093
        ]
      },
      "properties": {
        "record_type": "photograph",
        "photo_id": "photo-30518dd9-c0d2-4d56-8bf5-ce6d3f19454a",
        "photo_number": "P98",
        "inspection_date": "2026-08-03",
        "timestamp": "2026-08-03T13:49:55.736Z",
        "recorded_category": "Other",
        "display_class": "OTHER",
        "is_recorded_water_category": false,
        "water_visible_review_status": "NOT_REVIEWED_FROM_IMAGE",
        "gps_accuracy_m": 16.155593025302085,
        "heading_deg": 77.83203887939453,
        "section_id": null,
        "associated_record_ids": [],
        "note": "",
        "evidence_classification": "Observed",
        "evidence_scope": "OFF_PROPERTY_OR_TEST_REVIEW_REQUIRED",
        "source_family": "AUGUST_3_4_ORIGINAL_FIELD",
        "thumbnail_archive_tag": "AUG4_AI_PACKAGE",
        "thumbnail_archive_member": "photos/098_analysis.jpg",
        "thumbnail_path": "data/photos/all/photo-30518dd9-c0d2-4d56-8bf5-ce6d3f19454a.jpg",
        "source_file": "C:/Users/Admin/iCloudDrive/Downloads/Pearson_Road_Inspection_AI_ANALYSIS_REPORT_PACKAGE_2026-08-04_151016_633_export_report_2026_08_04_151016_633_b7b522724099.zip::AI_ANALYSIS.json",
        "source_files": [
          "C:/Users/Admin/iCloudDrive/Downloads/Pearson_Road_Inspection_AI_ANALYSIS_REPORT_PACKAGE_2026-08-04_151016_633_export_report_2026_08_04_151016_633_b7b522724099.zip::AI_ANALYSIS.json"
        ]
      }
    },
    {
      "type": "Feature",
      "geometry": {
        "type": "Point",
        "coordinates": [
          -87.09226176244283,
          30.490556637368105
        ]
      },
      "properties": {
        "record_type": "photograph",
        "photo_id": "photo-c247524f-ea6d-4308-b640-ce88132ab457",
        "photo_number": "P99",
        "inspection_date": "2026-08-03",
        "timestamp": "2026-08-03T13:50:33.844Z",
        "recorded_category": "Other",
        "display_class": "OTHER",
        "is_recorded_water_category": false,
        "water_visible_review_status": "NOT_REVIEWED_FROM_IMAGE",
        "gps_accuracy_m": 13.599253952527842,
        "heading_deg": 307.172607421875,
        "section_id": null,
        "associated_record_ids": [],
        "note": "",
        "evidence_classification": "Observed",
        "evidence_scope": "OFF_PROPERTY_OR_TEST_REVIEW_REQUIRED",
        "source_family": "AUGUST_3_4_ORIGINAL_FIELD",
        "thumbnail_archive_tag": "AUG4_AI_PACKAGE",
        "thumbnail_archive_member": "photos/099_analysis.jpg",
        "thumbnail_path": "data/photos/all/photo-c247524f-ea6d-4308-b640-ce88132ab457.jpg",
        "source_file": "C:/Users/Admin/iCloudDrive/Downloads/Pearson_Road_Inspection_AI_ANALYSIS_REPORT_PACKAGE_2026-08-04_151016_633_export_report_2026_08_04_151016_633_b7b522724099.zip::AI_ANALYSIS.json",
        "source_files": [
          "C:/Users/Admin/iCloudDrive/Downloads/Pearson_Road_Inspection_AI_ANALYSIS_REPORT_PACKAGE_2026-08-04_151016_633_export_report_2026_08_04_151016_633_b7b522724099.zip::AI_ANALYSIS.json"
        ]
      }
    },
    {
      "type": "Feature",
      "geometry": {
        "type": "Point",
        "coordinates": [
          -87.09224637610133,
          30.490519655128487
        ]
      },
      "properties": {
        "record_type": "photograph",
        "photo_id": "photo-c0cb8267-7a8f-499f-8255-af1af6109978",
        "photo_number": "P100",
        "inspection_date": "2026-08-03",
        "timestamp": "2026-08-03T13:50:52.746Z",
        "recorded_category": "Other",
        "display_class": "OTHER",
        "is_recorded_water_category": false,
        "water_visible_review_status": "NOT_REVIEWED_FROM_IMAGE",
        "gps_accuracy_m": 13.481084760550683,
        "heading_deg": 347.2003479003906,
        "section_id": null,
        "associated_record_ids": [],
        "note": "",
        "evidence_classification": "Observed",
        "evidence_scope": "OFF_PROPERTY_OR_TEST_REVIEW_REQUIRED",
        "source_family": "AUGUST_3_4_ORIGINAL_FIELD",
        "thumbnail_archive_tag": "AUG4_AI_PACKAGE",
        "thumbnail_archive_member": "photos/100_analysis.jpg",
        "thumbnail_path": "data/photos/all/photo-c0cb8267-7a8f-499f-8255-af1af6109978.jpg",
        "source_file": "C:/Users/Admin/iCloudDrive/Downloads/Pearson_Road_Inspection_AI_ANALYSIS_REPORT_PACKAGE_2026-08-04_151016_633_export_report_2026_08_04_151016_633_b7b522724099.zip::AI_ANALYSIS.json",
        "source_files": [
          "C:/Users/Admin/iCloudDrive/Downloads/Pearson_Road_Inspection_AI_ANALYSIS_REPORT_PACKAGE_2026-08-04_151016_633_export_report_2026_08_04_151016_633_b7b522724099.zip::AI_ANALYSIS.json"
        ]
      }
    },
    {
      "type": "Feature",
      "geometry": {
        "type": "Point",
        "coordinates": [
          -87.09227057076218,
          30.49048266213402
        ]
      },
      "properties": {
        "record_type": "photograph",
        "photo_id": "photo-5115e9cf-8aad-4bfc-8d2b-5a768423de10",
        "photo_number": "P101",
        "inspection_date": "2026-08-03",
        "timestamp": "2026-08-03T13:51:14.830Z",
        "recorded_category": "Other",
        "display_class": "OTHER",
        "is_recorded_water_category": false,
        "water_visible_review_status": "NOT_REVIEWED_FROM_IMAGE",
        "gps_accuracy_m": 13.437915303291595,
        "heading_deg": 232.43580627441406,
        "section_id": null,
        "associated_record_ids": [],
        "note": "",
        "evidence_classification": "Observed",
        "evidence_scope": "OFF_PROPERTY_OR_TEST_REVIEW_REQUIRED",
        "source_family": "AUGUST_3_4_ORIGINAL_FIELD",
        "thumbnail_archive_tag": "AUG4_AI_PACKAGE",
        "thumbnail_archive_member": "photos/101_analysis.jpg",
        "thumbnail_path": "data/photos/all/photo-5115e9cf-8aad-4bfc-8d2b-5a768423de10.jpg",
        "source_file": "C:/Users/Admin/iCloudDrive/Downloads/Pearson_Road_Inspection_AI_ANALYSIS_REPORT_PACKAGE_2026-08-04_151016_633_export_report_2026_08_04_151016_633_b7b522724099.zip::AI_ANALYSIS.json",
        "source_files": [
          "C:/Users/Admin/iCloudDrive/Downloads/Pearson_Road_Inspection_AI_ANALYSIS_REPORT_PACKAGE_2026-08-04_151016_633_export_report_2026_08_04_151016_633_b7b522724099.zip::AI_ANALYSIS.json"
        ]
      }
    },
    {
      "type": "Feature",
      "geometry": {
        "type": "Point",
        "coordinates": [
          -87.09226596148015,
          30.490471272599805
        ]
      },
      "properties": {
        "record_type": "photograph",
        "photo_id": "photo-44713c26-f087-4d26-a429-9df3fc2b089f",
        "photo_number": "P102",
        "inspection_date": "2026-08-03",
        "timestamp": "2026-08-03T13:51:22.379Z",
        "recorded_category": "Other",
        "display_class": "OTHER",
        "is_recorded_water_category": false,
        "water_visible_review_status": "NOT_REVIEWED_FROM_IMAGE",
        "gps_accuracy_m": 13.42973542635249,
        "heading_deg": 241.132568359375,
        "section_id": null,
        "associated_record_ids": [],
        "note": "",
        "evidence_classification": "Observed",
        "evidence_scope": "OFF_PROPERTY_OR_TEST_REVIEW_REQUIRED",
        "source_family": "AUGUST_3_4_ORIGINAL_FIELD",
        "thumbnail_archive_tag": "AUG4_AI_PACKAGE",
        "thumbnail_archive_member": "photos/102_analysis.jpg",
        "thumbnail_path": "data/photos/all/photo-44713c26-f087-4d26-a429-9df3fc2b089f.jpg",
        "source_file": "C:/Users/Admin/iCloudDrive/Downloads/Pearson_Road_Inspection_AI_ANALYSIS_REPORT_PACKAGE_2026-08-04_151016_633_export_report_2026_08_04_151016_633_b7b522724099.zip::AI_ANALYSIS.json",
        "source_files": [
          "C:/Users/Admin/iCloudDrive/Downloads/Pearson_Road_Inspection_AI_ANALYSIS_REPORT_PACKAGE_2026-08-04_151016_633_export_report_2026_08_04_151016_633_b7b522724099.zip::AI_ANALYSIS.json"
        ]
      }
    },
    {
      "type": "Feature",
      "geometry": {
        "type": "Point",
        "coordinates": [
          -87.09228409044972,
          30.490505694332807
        ]
      },
      "properties": {
        "record_type": "photograph",
        "photo_id": "photo-77b45276-5b66-4cad-a829-dbf5854d5d7a",
        "photo_number": "P103",
        "inspection_date": "2026-08-03",
        "timestamp": "2026-08-03T13:51:40.931Z",
        "recorded_category": "Other",
        "display_class": "OTHER",
        "is_recorded_water_category": false,
        "water_visible_review_status": "NOT_REVIEWED_FROM_IMAGE",
        "gps_accuracy_m": 14.87845151886133,
        "heading_deg": 7.096112251281738,
        "section_id": null,
        "associated_record_ids": [],
        "note": "",
        "evidence_classification": "Observed",
        "evidence_scope": "OFF_PROPERTY_OR_TEST_REVIEW_REQUIRED",
        "source_family": "AUGUST_3_4_ORIGINAL_FIELD",
        "thumbnail_archive_tag": "AUG4_AI_PACKAGE",
        "thumbnail_archive_member": "photos/103_analysis.jpg",
        "thumbnail_path": "data/photos/all/photo-77b45276-5b66-4cad-a829-dbf5854d5d7a.jpg",
        "source_file": "C:/Users/Admin/iCloudDrive/Downloads/Pearson_Road_Inspection_AI_ANALYSIS_REPORT_PACKAGE_2026-08-04_151016_633_export_report_2026_08_04_151016_633_b7b522724099.zip::AI_ANALYSIS.json",
        "source_files": [
          "C:/Users/Admin/iCloudDrive/Downloads/Pearson_Road_Inspection_AI_ANALYSIS_REPORT_PACKAGE_2026-08-04_151016_633_export_report_2026_08_04_151016_633_b7b522724099.zip::AI_ANALYSIS.json"
        ]
      }
    },
    {
      "type": "Feature",
      "geometry": {
        "type": "Point",
        "coordinates": [
          -87.09228705865989,
          30.490505440765673
        ]
      },
      "properties": {
        "record_type": "photograph",
        "photo_id": "photo-b4c949ad-ae4b-4918-9f60-0a2b471e8f42",
        "photo_number": "P104",
        "inspection_date": "2026-08-03",
        "timestamp": "2026-08-03T13:51:47.900Z",
        "recorded_category": "Other",
        "display_class": "OTHER",
        "is_recorded_water_category": false,
        "water_visible_review_status": "NOT_REVIEWED_FROM_IMAGE",
        "gps_accuracy_m": 14.479040091582966,
        "heading_deg": 302.23388671875,
        "section_id": null,
        "associated_record_ids": [],
        "note": "",
        "evidence_classification": "Observed",
        "evidence_scope": "OFF_PROPERTY_OR_TEST_REVIEW_REQUIRED",
        "source_family": "AUGUST_3_4_ORIGINAL_FIELD",
        "thumbnail_archive_tag": "AUG4_AI_PACKAGE",
        "thumbnail_archive_member": "photos/104_analysis.jpg",
        "thumbnail_path": "data/photos/all/photo-b4c949ad-ae4b-4918-9f60-0a2b471e8f42.jpg",
        "source_file": "C:/Users/Admin/iCloudDrive/Downloads/Pearson_Road_Inspection_AI_ANALYSIS_REPORT_PACKAGE_2026-08-04_151016_633_export_report_2026_08_04_151016_633_b7b522724099.zip::AI_ANALYSIS.json",
        "source_files": [
          "C:/Users/Admin/iCloudDrive/Downloads/Pearson_Road_Inspection_AI_ANALYSIS_REPORT_PACKAGE_2026-08-04_151016_633_export_report_2026_08_04_151016_633_b7b522724099.zip::AI_ANALYSIS.json"
        ]
      }
    },
    {
      "type": "Feature",
      "geometry": {
        "type": "Point",
        "coordinates": [
          -87.09233091672002,
          30.49049327135428
        ]
      },
      "properties": {
        "record_type": "photograph",
        "photo_id": "photo-f0a99897-096d-49e2-a090-81998f41b438",
        "photo_number": "P105",
        "inspection_date": "2026-08-03",
        "timestamp": "2026-08-03T13:52:07.931Z",
        "recorded_category": "Other",
        "display_class": "OTHER",
        "is_recorded_water_category": false,
        "water_visible_review_status": "NOT_REVIEWED_FROM_IMAGE",
        "gps_accuracy_m": 15.395594635087075,
        "heading_deg": 307.80169677734375,
        "section_id": null,
        "associated_record_ids": [],
        "note": "",
        "evidence_classification": "Observed",
        "evidence_scope": "OFF_PROPERTY_OR_TEST_REVIEW_REQUIRED",
        "source_family": "AUGUST_3_4_ORIGINAL_FIELD",
        "thumbnail_archive_tag": "AUG4_AI_PACKAGE",
        "thumbnail_archive_member": "photos/105_analysis.jpg",
        "thumbnail_path": "data/photos/all/photo-f0a99897-096d-49e2-a090-81998f41b438.jpg",
        "source_file": "C:/Users/Admin/iCloudDrive/Downloads/Pearson_Road_Inspection_AI_ANALYSIS_REPORT_PACKAGE_2026-08-04_151016_633_export_report_2026_08_04_151016_633_b7b522724099.zip::AI_ANALYSIS.json",
        "source_files": [
          "C:/Users/Admin/iCloudDrive/Downloads/Pearson_Road_Inspection_AI_ANALYSIS_REPORT_PACKAGE_2026-08-04_151016_633_export_report_2026_08_04_151016_633_b7b522724099.zip::AI_ANALYSIS.json"
        ]
      }
    },
    {
      "type": "Feature",
      "geometry": {
        "type": "Point",
        "coordinates": [
          -87.0923396567886,
          30.490604195559072
        ]
      },
      "properties": {
        "record_type": "photograph",
        "photo_id": "photo-0f308bfa-9812-4aab-a6e9-d7d19233dd52",
        "photo_number": "P106",
        "inspection_date": "2026-08-03",
        "timestamp": "2026-08-03T13:53:04.597Z",
        "recorded_category": "Other",
        "display_class": "OTHER",
        "is_recorded_water_category": false,
        "water_visible_review_status": "NOT_REVIEWED_FROM_IMAGE",
        "gps_accuracy_m": 13.171887580929878,
        "heading_deg": 61.15303421020508,
        "section_id": null,
        "associated_record_ids": [],
        "note": "",
        "evidence_classification": "Observed",
        "evidence_scope": "OFF_PROPERTY_OR_TEST_REVIEW_REQUIRED",
        "source_family": "AUGUST_3_4_ORIGINAL_FIELD",
        "thumbnail_archive_tag": "AUG4_AI_PACKAGE",
        "thumbnail_archive_member": "photos/106_analysis.jpg",
        "thumbnail_path": "data/photos/all/photo-0f308bfa-9812-4aab-a6e9-d7d19233dd52.jpg",
        "source_file": "C:/Users/Admin/iCloudDrive/Downloads/Pearson_Road_Inspection_AI_ANALYSIS_REPORT_PACKAGE_2026-08-04_151016_633_export_report_2026_08_04_151016_633_b7b522724099.zip::AI_ANALYSIS.json",
        "source_files": [
          "C:/Users/Admin/iCloudDrive/Downloads/Pearson_Road_Inspection_AI_ANALYSIS_REPORT_PACKAGE_2026-08-04_151016_633_export_report_2026_08_04_151016_633_b7b522724099.zip::AI_ANALYSIS.json"
        ]
      }
    },
    {
      "type": "Feature",
      "geometry": {
        "type": "Point",
        "coordinates": [
          -87.09231733331218,
          30.49060572306899
        ]
      },
      "properties": {
        "record_type": "photograph",
        "photo_id": "photo-0706f007-6711-4e91-a540-347292002265",
        "photo_number": "P107",
        "inspection_date": "2026-08-03",
        "timestamp": "2026-08-03T13:53:15.840Z",
        "recorded_category": "Other",
        "display_class": "OTHER",
        "is_recorded_water_category": false,
        "water_visible_review_status": "NOT_REVIEWED_FROM_IMAGE",
        "gps_accuracy_m": 13.300126260361788,
        "heading_deg": 0.29117551445961,
        "section_id": null,
        "associated_record_ids": [],
        "note": "",
        "evidence_classification": "Observed",
        "evidence_scope": "OFF_PROPERTY_OR_TEST_REVIEW_REQUIRED",
        "source_family": "AUGUST_3_4_ORIGINAL_FIELD",
        "thumbnail_archive_tag": "AUG4_AI_PACKAGE",
        "thumbnail_archive_member": "photos/107_analysis.jpg",
        "thumbnail_path": "data/photos/all/photo-0706f007-6711-4e91-a540-347292002265.jpg",
        "source_file": "C:/Users/Admin/iCloudDrive/Downloads/Pearson_Road_Inspection_AI_ANALYSIS_REPORT_PACKAGE_2026-08-04_151016_633_export_report_2026_08_04_151016_633_b7b522724099.zip::AI_ANALYSIS.json",
        "source_files": [
          "C:/Users/Admin/iCloudDrive/Downloads/Pearson_Road_Inspection_AI_ANALYSIS_REPORT_PACKAGE_2026-08-04_151016_633_export_report_2026_08_04_151016_633_b7b522724099.zip::AI_ANALYSIS.json"
        ]
      }
    },
    {
      "type": "Feature",
      "geometry": {
        "type": "Point",
        "coordinates": [
          -87.09234177354047,
          30.49063594632328
        ]
      },
      "properties": {
        "record_type": "photograph",
        "photo_id": "photo-3fca7f16-fa7f-44ed-afd8-0c9bdf144f58",
        "photo_number": "P108",
        "inspection_date": "2026-08-03",
        "timestamp": "2026-08-03T13:53:29.975Z",
        "recorded_category": "Other",
        "display_class": "OTHER",
        "is_recorded_water_category": false,
        "water_visible_review_status": "NOT_REVIEWED_FROM_IMAGE",
        "gps_accuracy_m": 14.4317149093873,
        "heading_deg": 27.881790161132812,
        "section_id": null,
        "associated_record_ids": [],
        "note": "",
        "evidence_classification": "Observed",
        "evidence_scope": "OFF_PROPERTY_OR_TEST_REVIEW_REQUIRED",
        "source_family": "AUGUST_3_4_ORIGINAL_FIELD",
        "thumbnail_archive_tag": "AUG4_AI_PACKAGE",
        "thumbnail_archive_member": "photos/108_analysis.jpg",
        "thumbnail_path": "data/photos/all/photo-3fca7f16-fa7f-44ed-afd8-0c9bdf144f58.jpg",
        "source_file": "C:/Users/Admin/iCloudDrive/Downloads/Pearson_Road_Inspection_AI_ANALYSIS_REPORT_PACKAGE_2026-08-04_151016_633_export_report_2026_08_04_151016_633_b7b522724099.zip::AI_ANALYSIS.json",
        "source_files": [
          "C:/Users/Admin/iCloudDrive/Downloads/Pearson_Road_Inspection_AI_ANALYSIS_REPORT_PACKAGE_2026-08-04_151016_633_export_report_2026_08_04_151016_633_b7b522724099.zip::AI_ANALYSIS.json"
        ]
      }
    },
    {
      "type": "Feature",
      "geometry": {
        "type": "Point",
        "coordinates": [
          -87.09233205052878,
          30.49065791179056
        ]
      },
      "properties": {
        "record_type": "photograph",
        "photo_id": "photo-e2c6b0a8-5978-43c0-80b4-512683897378",
        "photo_number": "P109",
        "inspection_date": "2026-08-03",
        "timestamp": "2026-08-03T13:53:53.755Z",
        "recorded_category": "Other",
        "display_class": "OTHER",
        "is_recorded_water_category": false,
        "water_visible_review_status": "NOT_REVIEWED_FROM_IMAGE",
        "gps_accuracy_m": 17.300223597333687,
        "heading_deg": 8.45072078704834,
        "section_id": null,
        "associated_record_ids": [],
        "note": "",
        "evidence_classification": "Observed",
        "evidence_scope": "OFF_PROPERTY_OR_TEST_REVIEW_REQUIRED",
        "source_family": "AUGUST_3_4_ORIGINAL_FIELD",
        "thumbnail_archive_tag": "AUG4_AI_PACKAGE",
        "thumbnail_archive_member": "photos/109_analysis.jpg",
        "thumbnail_path": "data/photos/all/photo-e2c6b0a8-5978-43c0-80b4-512683897378.jpg",
        "source_file": "C:/Users/Admin/iCloudDrive/Downloads/Pearson_Road_Inspection_AI_ANALYSIS_REPORT_PACKAGE_2026-08-04_151016_633_export_report_2026_08_04_151016_633_b7b522724099.zip::AI_ANALYSIS.json",
        "source_files": [
          "C:/Users/Admin/iCloudDrive/Downloads/Pearson_Road_Inspection_AI_ANALYSIS_REPORT_PACKAGE_2026-08-04_151016_633_export_report_2026_08_04_151016_633_b7b522724099.zip::AI_ANALYSIS.json"
        ]
      }
    },
    {
      "type": "Feature",
      "geometry": {
        "type": "Point",
        "coordinates": [
          -87.09241587348689,
          30.490582723291947
        ]
      },
      "properties": {
        "record_type": "photograph",
        "photo_id": "photo-f48ccd42-760d-4057-bebc-99abd1d1c5f5",
        "photo_number": "P110",
        "inspection_date": "2026-08-03",
        "timestamp": "2026-08-03T13:54:43.663Z",
        "recorded_category": "Other",
        "display_class": "OTHER",
        "is_recorded_water_category": false,
        "water_visible_review_status": "NOT_REVIEWED_FROM_IMAGE",
        "gps_accuracy_m": 14.805578686261274,
        "heading_deg": 314.0889892578125,
        "section_id": null,
        "associated_record_ids": [],
        "note": "",
        "evidence_classification": "Observed",
        "evidence_scope": "OFF_PROPERTY_OR_TEST_REVIEW_REQUIRED",
        "source_family": "AUGUST_3_4_ORIGINAL_FIELD",
        "thumbnail_archive_tag": "AUG4_AI_PACKAGE",
        "thumbnail_archive_member": "photos/110_analysis.jpg",
        "thumbnail_path": "data/photos/all/photo-f48ccd42-760d-4057-bebc-99abd1d1c5f5.jpg",
        "source_file": "C:/Users/Admin/iCloudDrive/Downloads/Pearson_Road_Inspection_AI_ANALYSIS_REPORT_PACKAGE_2026-08-04_151016_633_export_report_2026_08_04_151016_633_b7b522724099.zip::AI_ANALYSIS.json",
        "source_files": [
          "C:/Users/Admin/iCloudDrive/Downloads/Pearson_Road_Inspection_AI_ANALYSIS_REPORT_PACKAGE_2026-08-04_151016_633_export_report_2026_08_04_151016_633_b7b522724099.zip::AI_ANALYSIS.json"
        ]
      }
    },
    {
      "type": "Feature",
      "geometry": {
        "type": "Point",
        "coordinates": [
          -87.09242693156234,
          30.490571337438492
        ]
      },
      "properties": {
        "record_type": "photograph",
        "photo_id": "photo-f9601e23-834d-48c4-a562-9eb1769657f1",
        "photo_number": "P111",
        "inspection_date": "2026-08-03",
        "timestamp": "2026-08-03T13:54:54.639Z",
        "recorded_category": "Other",
        "display_class": "OTHER",
        "is_recorded_water_category": false,
        "water_visible_review_status": "NOT_REVIEWED_FROM_IMAGE",
        "gps_accuracy_m": 17.2252353463223,
        "heading_deg": 325.23370361328125,
        "section_id": null,
        "associated_record_ids": [],
        "note": "",
        "evidence_classification": "Observed",
        "evidence_scope": "OFF_PROPERTY_OR_TEST_REVIEW_REQUIRED",
        "source_family": "AUGUST_3_4_ORIGINAL_FIELD",
        "thumbnail_archive_tag": "AUG4_AI_PACKAGE",
        "thumbnail_archive_member": "photos/111_analysis.jpg",
        "thumbnail_path": "data/photos/all/photo-f9601e23-834d-48c4-a562-9eb1769657f1.jpg",
        "source_file": "C:/Users/Admin/iCloudDrive/Downloads/Pearson_Road_Inspection_AI_ANALYSIS_REPORT_PACKAGE_2026-08-04_151016_633_export_report_2026_08_04_151016_633_b7b522724099.zip::AI_ANALYSIS.json",
        "source_files": [
          "C:/Users/Admin/iCloudDrive/Downloads/Pearson_Road_Inspection_AI_ANALYSIS_REPORT_PACKAGE_2026-08-04_151016_633_export_report_2026_08_04_151016_633_b7b522724099.zip::AI_ANALYSIS.json"
        ]
      }
    },
    {
      "type": "Feature",
      "geometry": {
        "type": "Point",
        "coordinates": [
          -87.09243353290081,
          30.49058463360962
        ]
      },
      "properties": {
        "record_type": "photograph",
        "photo_id": "photo-7d6330a8-61bc-493a-a24f-fbb83166e007",
        "photo_number": "P112",
        "inspection_date": "2026-08-03",
        "timestamp": "2026-08-03T13:55:11.247Z",
        "recorded_category": "Other",
        "display_class": "OTHER",
        "is_recorded_water_category": false,
        "water_visible_review_status": "NOT_REVIEWED_FROM_IMAGE",
        "gps_accuracy_m": 16.821124131875298,
        "heading_deg": 3.1945154666900635,
        "section_id": null,
        "associated_record_ids": [],
        "note": "",
        "evidence_classification": "Observed",
        "evidence_scope": "OFF_PROPERTY_OR_TEST_REVIEW_REQUIRED",
        "source_family": "AUGUST_3_4_ORIGINAL_FIELD",
        "thumbnail_archive_tag": "AUG4_AI_PACKAGE",
        "thumbnail_archive_member": "photos/112_analysis.jpg",
        "thumbnail_path": "data/photos/all/photo-7d6330a8-61bc-493a-a24f-fbb83166e007.jpg",
        "source_file": "C:/Users/Admin/iCloudDrive/Downloads/Pearson_Road_Inspection_AI_ANALYSIS_REPORT_PACKAGE_2026-08-04_151016_633_export_report_2026_08_04_151016_633_b7b522724099.zip::AI_ANALYSIS.json",
        "source_files": [
          "C:/Users/Admin/iCloudDrive/Downloads/Pearson_Road_Inspection_AI_ANALYSIS_REPORT_PACKAGE_2026-08-04_151016_633_export_report_2026_08_04_151016_633_b7b522724099.zip::AI_ANALYSIS.json"
        ]
      }
    },
    {
      "type": "Feature",
      "geometry": {
        "type": "Point",
        "coordinates": [
          -87.09239015601864,
          30.49060775668693
        ]
      },
      "properties": {
        "record_type": "photograph",
        "photo_id": "photo-263283cd-25b2-4c92-ae3a-bbb7986ecc24",
        "photo_number": "P113",
        "inspection_date": "2026-08-03",
        "timestamp": "2026-08-03T13:55:24.935Z",
        "recorded_category": "Other",
        "display_class": "OTHER",
        "is_recorded_water_category": false,
        "water_visible_review_status": "NOT_REVIEWED_FROM_IMAGE",
        "gps_accuracy_m": 17.167875989108882,
        "heading_deg": 26.780839920043945,
        "section_id": null,
        "associated_record_ids": [],
        "note": "",
        "evidence_classification": "Observed",
        "evidence_scope": "OFF_PROPERTY_OR_TEST_REVIEW_REQUIRED",
        "source_family": "AUGUST_3_4_ORIGINAL_FIELD",
        "thumbnail_archive_tag": "AUG4_AI_PACKAGE",
        "thumbnail_archive_member": "photos/113_analysis.jpg",
        "thumbnail_path": "data/photos/all/photo-263283cd-25b2-4c92-ae3a-bbb7986ecc24.jpg",
        "source_file": "C:/Users/Admin/iCloudDrive/Downloads/Pearson_Road_Inspection_AI_ANALYSIS_REPORT_PACKAGE_2026-08-04_151016_633_export_report_2026_08_04_151016_633_b7b522724099.zip::AI_ANALYSIS.json",
        "source_files": [
          "C:/Users/Admin/iCloudDrive/Downloads/Pearson_Road_Inspection_AI_ANALYSIS_REPORT_PACKAGE_2026-08-04_151016_633_export_report_2026_08_04_151016_633_b7b522724099.zip::AI_ANALYSIS.json"
        ]
      }
    },
    {
      "type": "Feature",
      "geometry": {
        "type": "Point",
        "coordinates": [
          -87.09228273552162,
          30.490606819297422
        ]
      },
      "properties": {
        "record_type": "photograph",
        "photo_id": "photo-e6daaa8f-8ed6-4fb8-b49f-ded4d028ed49",
        "photo_number": "P114",
        "inspection_date": "2026-08-03",
        "timestamp": "2026-08-03T13:56:32.287Z",
        "recorded_category": "Other",
        "display_class": "OTHER",
        "is_recorded_water_category": false,
        "water_visible_review_status": "NOT_REVIEWED_FROM_IMAGE",
        "gps_accuracy_m": 7.687584575321731,
        "heading_deg": 8.989975929260254,
        "section_id": null,
        "associated_record_ids": [],
        "note": "",
        "evidence_classification": "Observed",
        "evidence_scope": "OFF_PROPERTY_OR_TEST_REVIEW_REQUIRED",
        "source_family": "AUGUST_3_4_ORIGINAL_FIELD",
        "thumbnail_archive_tag": "AUG4_AI_PACKAGE",
        "thumbnail_archive_member": "photos/114_analysis.jpg",
        "thumbnail_path": "data/photos/all/photo-e6daaa8f-8ed6-4fb8-b49f-ded4d028ed49.jpg",
        "source_file": "C:/Users/Admin/iCloudDrive/Downloads/Pearson_Road_Inspection_AI_ANALYSIS_REPORT_PACKAGE_2026-08-04_151016_633_export_report_2026_08_04_151016_633_b7b522724099.zip::AI_ANALYSIS.json",
        "source_files": [
          "C:/Users/Admin/iCloudDrive/Downloads/Pearson_Road_Inspection_AI_ANALYSIS_REPORT_PACKAGE_2026-08-04_151016_633_export_report_2026_08_04_151016_633_b7b522724099.zip::AI_ANALYSIS.json"
        ]
      }
    },
    {
      "type": "Feature",
      "geometry": {
        "type": "Point",
        "coordinates": [
          -87.09229838419142,
          30.490618087965167
        ]
      },
      "properties": {
        "record_type": "photograph",
        "photo_id": "photo-ac0655a6-7ee1-4a62-b149-fd11d907370e",
        "photo_number": "P115",
        "inspection_date": "2026-08-03",
        "timestamp": "2026-08-03T13:56:53.158Z",
        "recorded_category": "Other",
        "display_class": "OTHER",
        "is_recorded_water_category": false,
        "water_visible_review_status": "NOT_REVIEWED_FROM_IMAGE",
        "gps_accuracy_m": 10.12292299934656,
        "heading_deg": 42.58395767211914,
        "section_id": null,
        "associated_record_ids": [],
        "note": "",
        "evidence_classification": "Observed",
        "evidence_scope": "OFF_PROPERTY_OR_TEST_REVIEW_REQUIRED",
        "source_family": "AUGUST_3_4_ORIGINAL_FIELD",
        "thumbnail_archive_tag": "AUG4_AI_PACKAGE",
        "thumbnail_archive_member": "photos/115_analysis.jpg",
        "thumbnail_path": "data/photos/all/photo-ac0655a6-7ee1-4a62-b149-fd11d907370e.jpg",
        "source_file": "C:/Users/Admin/iCloudDrive/Downloads/Pearson_Road_Inspection_AI_ANALYSIS_REPORT_PACKAGE_2026-08-04_151016_633_export_report_2026_08_04_151016_633_b7b522724099.zip::AI_ANALYSIS.json",
        "source_files": [
          "C:/Users/Admin/iCloudDrive/Downloads/Pearson_Road_Inspection_AI_ANALYSIS_REPORT_PACKAGE_2026-08-04_151016_633_export_report_2026_08_04_151016_633_b7b522724099.zip::AI_ANALYSIS.json"
        ]
      }
    },
    {
      "type": "Feature",
      "geometry": {
        "type": "Point",
        "coordinates": [
          -87.09225557998417,
          30.49065334962525
        ]
      },
      "properties": {
        "record_type": "photograph",
        "photo_id": "photo-05c78626-27ad-449d-87bd-c1c22c57a88d",
        "photo_number": "P116",
        "inspection_date": "2026-08-03",
        "timestamp": "2026-08-03T13:57:26.532Z",
        "recorded_category": "Other",
        "display_class": "OTHER",
        "is_recorded_water_category": false,
        "water_visible_review_status": "NOT_REVIEWED_FROM_IMAGE",
        "gps_accuracy_m": 13.931217330989156,
        "heading_deg": 257.7548828125,
        "section_id": null,
        "associated_record_ids": [],
        "note": "",
        "evidence_classification": "Observed",
        "evidence_scope": "OFF_PROPERTY_OR_TEST_REVIEW_REQUIRED",
        "source_family": "AUGUST_3_4_ORIGINAL_FIELD",
        "thumbnail_archive_tag": "AUG4_AI_PACKAGE",
        "thumbnail_archive_member": "photos/116_analysis.jpg",
        "thumbnail_path": "data/photos/all/photo-05c78626-27ad-449d-87bd-c1c22c57a88d.jpg",
        "source_file": "C:/Users/Admin/iCloudDrive/Downloads/Pearson_Road_Inspection_AI_ANALYSIS_REPORT_PACKAGE_2026-08-04_151016_633_export_report_2026_08_04_151016_633_b7b522724099.zip::AI_ANALYSIS.json",
        "source_files": [
          "C:/Users/Admin/iCloudDrive/Downloads/Pearson_Road_Inspection_AI_ANALYSIS_REPORT_PACKAGE_2026-08-04_151016_633_export_report_2026_08_04_151016_633_b7b522724099.zip::AI_ANALYSIS.json"
        ]
      }
    },
    {
      "type": "Feature",
      "geometry": {
        "type": "Point",
        "coordinates": [
          -87.09226612183895,
          30.490653718464788
        ]
      },
      "properties": {
        "record_type": "photograph",
        "photo_id": "photo-a613f8f2-40cd-4209-845c-986e02b9a1b2",
        "photo_number": "P117",
        "inspection_date": "2026-08-03",
        "timestamp": "2026-08-03T13:57:35.946Z",
        "recorded_category": "Other",
        "display_class": "OTHER",
        "is_recorded_water_category": false,
        "water_visible_review_status": "NOT_REVIEWED_FROM_IMAGE",
        "gps_accuracy_m": 12.679660898615612,
        "heading_deg": 302.8900146484375,
        "section_id": null,
        "associated_record_ids": [],
        "note": "",
        "evidence_classification": "Observed",
        "evidence_scope": "OFF_PROPERTY_OR_TEST_REVIEW_REQUIRED",
        "source_family": "AUGUST_3_4_ORIGINAL_FIELD",
        "thumbnail_archive_tag": "AUG4_AI_PACKAGE",
        "thumbnail_archive_member": "photos/117_analysis.jpg",
        "thumbnail_path": "data/photos/all/photo-a613f8f2-40cd-4209-845c-986e02b9a1b2.jpg",
        "source_file": "C:/Users/Admin/iCloudDrive/Downloads/Pearson_Road_Inspection_AI_ANALYSIS_REPORT_PACKAGE_2026-08-04_151016_633_export_report_2026_08_04_151016_633_b7b522724099.zip::AI_ANALYSIS.json",
        "source_files": [
          "C:/Users/Admin/iCloudDrive/Downloads/Pearson_Road_Inspection_AI_ANALYSIS_REPORT_PACKAGE_2026-08-04_151016_633_export_report_2026_08_04_151016_633_b7b522724099.zip::AI_ANALYSIS.json"
        ]
      }
    },
    {
      "type": "Feature",
      "geometry": {
        "type": "Point",
        "coordinates": [
          -87.09224386223514,
          30.49062767221773
        ]
      },
      "properties": {
        "record_type": "photograph",
        "photo_id": "photo-8928b401-bb50-4836-9ac8-cbebacd107cd",
        "photo_number": "P118",
        "inspection_date": "2026-08-03",
        "timestamp": "2026-08-03T13:57:52.664Z",
        "recorded_category": "Other",
        "display_class": "OTHER",
        "is_recorded_water_category": false,
        "water_visible_review_status": "NOT_REVIEWED_FROM_IMAGE",
        "gps_accuracy_m": 15.968861600551376,
        "heading_deg": 217.959228515625,
        "section_id": null,
        "associated_record_ids": [],
        "note": "",
        "evidence_classification": "Observed",
        "evidence_scope": "OFF_PROPERTY_OR_TEST_REVIEW_REQUIRED",
        "source_family": "AUGUST_3_4_ORIGINAL_FIELD",
        "thumbnail_archive_tag": "AUG4_AI_PACKAGE",
        "thumbnail_archive_member": "photos/118_analysis.jpg",
        "thumbnail_path": "data/photos/all/photo-8928b401-bb50-4836-9ac8-cbebacd107cd.jpg",
        "source_file": "C:/Users/Admin/iCloudDrive/Downloads/Pearson_Road_Inspection_AI_ANALYSIS_REPORT_PACKAGE_2026-08-04_151016_633_export_report_2026_08_04_151016_633_b7b522724099.zip::AI_ANALYSIS.json",
        "source_files": [
          "C:/Users/Admin/iCloudDrive/Downloads/Pearson_Road_Inspection_AI_ANALYSIS_REPORT_PACKAGE_2026-08-04_151016_633_export_report_2026_08_04_151016_633_b7b522724099.zip::AI_ANALYSIS.json"
        ]
      }
    },
    {
      "type": "Feature",
      "geometry": {
        "type": "Point",
        "coordinates": [
          -87.09226907956199,
          30.490687697340963
        ]
      },
      "properties": {
        "record_type": "photograph",
        "photo_id": "photo-ebf4d25c-a609-4910-84cf-145f7900631c",
        "photo_number": "P119",
        "inspection_date": "2026-08-03",
        "timestamp": "2026-08-03T13:58:13.185Z",
        "recorded_category": "Other",
        "display_class": "OTHER",
        "is_recorded_water_category": false,
        "water_visible_review_status": "NOT_REVIEWED_FROM_IMAGE",
        "gps_accuracy_m": 16.703558445912552,
        "heading_deg": 2.569812297821045,
        "section_id": null,
        "associated_record_ids": [],
        "note": "",
        "evidence_classification": "Observed",
        "evidence_scope": "OFF_PROPERTY_OR_TEST_REVIEW_REQUIRED",
        "source_family": "AUGUST_3_4_ORIGINAL_FIELD",
        "thumbnail_archive_tag": "AUG4_AI_PACKAGE",
        "thumbnail_archive_member": "photos/119_analysis.jpg",
        "thumbnail_path": "data/photos/all/photo-ebf4d25c-a609-4910-84cf-145f7900631c.jpg",
        "source_file": "C:/Users/Admin/iCloudDrive/Downloads/Pearson_Road_Inspection_AI_ANALYSIS_REPORT_PACKAGE_2026-08-04_151016_633_export_report_2026_08_04_151016_633_b7b522724099.zip::AI_ANALYSIS.json",
        "source_files": [
          "C:/Users/Admin/iCloudDrive/Downloads/Pearson_Road_Inspection_AI_ANALYSIS_REPORT_PACKAGE_2026-08-04_151016_633_export_report_2026_08_04_151016_633_b7b522724099.zip::AI_ANALYSIS.json"
        ]
      }
    },
    {
      "type": "Feature",
      "geometry": {
        "type": "Point",
        "coordinates": [
          -87.09228450465034,
          30.490679757839924
        ]
      },
      "properties": {
        "record_type": "photograph",
        "photo_id": "photo-ef16e6c2-7843-4a74-bf0b-f3b517d177e1",
        "photo_number": "P120",
        "inspection_date": "2026-08-03",
        "timestamp": "2026-08-03T13:58:20.985Z",
        "recorded_category": "Other",
        "display_class": "OTHER",
        "is_recorded_water_category": false,
        "water_visible_review_status": "NOT_REVIEWED_FROM_IMAGE",
        "gps_accuracy_m": 17.646878804862254,
        "heading_deg": 9.241711616516113,
        "section_id": null,
        "associated_record_ids": [],
        "note": "",
        "evidence_classification": "Observed",
        "evidence_scope": "OFF_PROPERTY_OR_TEST_REVIEW_REQUIRED",
        "source_family": "AUGUST_3_4_ORIGINAL_FIELD",
        "thumbnail_archive_tag": "AUG4_AI_PACKAGE",
        "thumbnail_archive_member": "photos/120_analysis.jpg",
        "thumbnail_path": "data/photos/all/photo-ef16e6c2-7843-4a74-bf0b-f3b517d177e1.jpg",
        "source_file": "C:/Users/Admin/iCloudDrive/Downloads/Pearson_Road_Inspection_AI_ANALYSIS_REPORT_PACKAGE_2026-08-04_151016_633_export_report_2026_08_04_151016_633_b7b522724099.zip::AI_ANALYSIS.json",
        "source_files": [
          "C:/Users/Admin/iCloudDrive/Downloads/Pearson_Road_Inspection_AI_ANALYSIS_REPORT_PACKAGE_2026-08-04_151016_633_export_report_2026_08_04_151016_633_b7b522724099.zip::AI_ANALYSIS.json"
        ]
      }
    },
    {
      "type": "Feature",
      "geometry": {
        "type": "Point",
        "coordinates": [
          -87.0922612174948,
          30.490702999180936
        ]
      },
      "properties": {
        "record_type": "photograph",
        "photo_id": "photo-c3b401a9-4882-482c-b56b-6ea29ecc6075",
        "photo_number": "P121",
        "inspection_date": "2026-08-03",
        "timestamp": "2026-08-03T13:58:48.228Z",
        "recorded_category": "Other",
        "display_class": "OTHER",
        "is_recorded_water_category": false,
        "water_visible_review_status": "NOT_REVIEWED_FROM_IMAGE",
        "gps_accuracy_m": 14.001053459012955,
        "heading_deg": 55.17369079589844,
        "section_id": null,
        "associated_record_ids": [],
        "note": "",
        "evidence_classification": "Observed",
        "evidence_scope": "OFF_PROPERTY_OR_TEST_REVIEW_REQUIRED",
        "source_family": "AUGUST_3_4_ORIGINAL_FIELD",
        "thumbnail_archive_tag": "AUG4_AI_PACKAGE",
        "thumbnail_archive_member": "photos/121_analysis.jpg",
        "thumbnail_path": "data/photos/all/photo-c3b401a9-4882-482c-b56b-6ea29ecc6075.jpg",
        "source_file": "C:/Users/Admin/iCloudDrive/Downloads/Pearson_Road_Inspection_AI_ANALYSIS_REPORT_PACKAGE_2026-08-04_151016_633_export_report_2026_08_04_151016_633_b7b522724099.zip::AI_ANALYSIS.json",
        "source_files": [
          "C:/Users/Admin/iCloudDrive/Downloads/Pearson_Road_Inspection_AI_ANALYSIS_REPORT_PACKAGE_2026-08-04_151016_633_export_report_2026_08_04_151016_633_b7b522724099.zip::AI_ANALYSIS.json"
        ]
      }
    },
    {
      "type": "Feature",
      "geometry": {
        "type": "Point",
        "coordinates": [
          -87.0921228597543,
          30.490777505729604
        ]
      },
      "properties": {
        "record_type": "photograph",
        "photo_id": "photo-1b4fa369-7e40-4a98-a458-86195ce43589",
        "photo_number": "P122",
        "inspection_date": "2026-08-03",
        "timestamp": "2026-08-03T14:00:48.354Z",
        "recorded_category": "Other",
        "display_class": "OTHER",
        "is_recorded_water_category": false,
        "water_visible_review_status": "NOT_REVIEWED_FROM_IMAGE",
        "gps_accuracy_m": 15.112556957798965,
        "heading_deg": 311.61334228515625,
        "section_id": null,
        "associated_record_ids": [],
        "note": "",
        "evidence_classification": "Observed",
        "evidence_scope": "OFF_PROPERTY_OR_TEST_REVIEW_REQUIRED",
        "source_family": "AUGUST_3_4_ORIGINAL_FIELD",
        "thumbnail_archive_tag": "AUG4_AI_PACKAGE",
        "thumbnail_archive_member": "photos/122_analysis.jpg",
        "thumbnail_path": "data/photos/all/photo-1b4fa369-7e40-4a98-a458-86195ce43589.jpg",
        "source_file": "C:/Users/Admin/iCloudDrive/Downloads/Pearson_Road_Inspection_AI_ANALYSIS_REPORT_PACKAGE_2026-08-04_151016_633_export_report_2026_08_04_151016_633_b7b522724099.zip::AI_ANALYSIS.json",
        "source_files": [
          "C:/Users/Admin/iCloudDrive/Downloads/Pearson_Road_Inspection_AI_ANALYSIS_REPORT_PACKAGE_2026-08-04_151016_633_export_report_2026_08_04_151016_633_b7b522724099.zip::AI_ANALYSIS.json"
        ]
      }
    },
    {
      "type": "Feature",
      "geometry": {
        "type": "Point",
        "coordinates": [
          -87.0921323959369,
          30.49078111055716
        ]
      },
      "properties": {
        "record_type": "photograph",
        "photo_id": "photo-63f7a4a2-41aa-4356-924d-450b0e6f7d24",
        "photo_number": "P123",
        "inspection_date": "2026-08-03",
        "timestamp": "2026-08-03T14:00:55.176Z",
        "recorded_category": "Other",
        "display_class": "OTHER",
        "is_recorded_water_category": false,
        "water_visible_review_status": "NOT_REVIEWED_FROM_IMAGE",
        "gps_accuracy_m": 14.272566093610283,
        "heading_deg": 292.520751953125,
        "section_id": null,
        "associated_record_ids": [],
        "note": "",
        "evidence_classification": "Observed",
        "evidence_scope": "OFF_PROPERTY_OR_TEST_REVIEW_REQUIRED",
        "source_family": "AUGUST_3_4_ORIGINAL_FIELD",
        "thumbnail_archive_tag": "AUG4_AI_PACKAGE",
        "thumbnail_archive_member": "photos/123_analysis.jpg",
        "thumbnail_path": "data/photos/all/photo-63f7a4a2-41aa-4356-924d-450b0e6f7d24.jpg",
        "source_file": "C:/Users/Admin/iCloudDrive/Downloads/Pearson_Road_Inspection_AI_ANALYSIS_REPORT_PACKAGE_2026-08-04_151016_633_export_report_2026_08_04_151016_633_b7b522724099.zip::AI_ANALYSIS.json",
        "source_files": [
          "C:/Users/Admin/iCloudDrive/Downloads/Pearson_Road_Inspection_AI_ANALYSIS_REPORT_PACKAGE_2026-08-04_151016_633_export_report_2026_08_04_151016_633_b7b522724099.zip::AI_ANALYSIS.json"
        ]
      }
    },
    {
      "type": "Feature",
      "geometry": {
        "type": "Point",
        "coordinates": [
          -87.09214469999179,
          30.49076672441802
        ]
      },
      "properties": {
        "record_type": "photograph",
        "photo_id": "photo-f9e318a6-71dd-4f63-a52c-e6486d539b34",
        "photo_number": "P124",
        "inspection_date": "2026-08-03",
        "timestamp": "2026-08-03T14:01:05.039Z",
        "recorded_category": "Other",
        "display_class": "OTHER",
        "is_recorded_water_category": false,
        "water_visible_review_status": "NOT_REVIEWED_FROM_IMAGE",
        "gps_accuracy_m": 17.312633463692684,
        "heading_deg": 347.42681884765625,
        "section_id": null,
        "associated_record_ids": [],
        "note": "",
        "evidence_classification": "Observed",
        "evidence_scope": "OFF_PROPERTY_OR_TEST_REVIEW_REQUIRED",
        "source_family": "AUGUST_3_4_ORIGINAL_FIELD",
        "thumbnail_archive_tag": "AUG4_AI_PACKAGE",
        "thumbnail_archive_member": "photos/124_analysis.jpg",
        "thumbnail_path": "data/photos/all/photo-f9e318a6-71dd-4f63-a52c-e6486d539b34.jpg",
        "source_file": "C:/Users/Admin/iCloudDrive/Downloads/Pearson_Road_Inspection_AI_ANALYSIS_REPORT_PACKAGE_2026-08-04_151016_633_export_report_2026_08_04_151016_633_b7b522724099.zip::AI_ANALYSIS.json",
        "source_files": [
          "C:/Users/Admin/iCloudDrive/Downloads/Pearson_Road_Inspection_AI_ANALYSIS_REPORT_PACKAGE_2026-08-04_151016_633_export_report_2026_08_04_151016_633_b7b522724099.zip::AI_ANALYSIS.json"
        ]
      }
    },
    {
      "type": "Feature",
      "geometry": {
        "type": "Point",
        "coordinates": [
          -87.09212698001654,
          30.490760286251703
        ]
      },
      "properties": {
        "record_type": "photograph",
        "photo_id": "photo-c34cd7f6-78bb-4168-bee9-898a300e2a5a",
        "photo_number": "P125",
        "inspection_date": "2026-08-03",
        "timestamp": "2026-08-03T14:01:33.183Z",
        "recorded_category": "Other",
        "display_class": "OTHER",
        "is_recorded_water_category": false,
        "water_visible_review_status": "NOT_REVIEWED_FROM_IMAGE",
        "gps_accuracy_m": 17.738413251687426,
        "heading_deg": 330.614990234375,
        "section_id": null,
        "associated_record_ids": [],
        "note": "",
        "evidence_classification": "Observed",
        "evidence_scope": "OFF_PROPERTY_OR_TEST_REVIEW_REQUIRED",
        "source_family": "AUGUST_3_4_ORIGINAL_FIELD",
        "thumbnail_archive_tag": "AUG4_AI_PACKAGE",
        "thumbnail_archive_member": "photos/125_analysis.jpg",
        "thumbnail_path": "data/photos/all/photo-c34cd7f6-78bb-4168-bee9-898a300e2a5a.jpg",
        "source_file": "C:/Users/Admin/iCloudDrive/Downloads/Pearson_Road_Inspection_AI_ANALYSIS_REPORT_PACKAGE_2026-08-04_151016_633_export_report_2026_08_04_151016_633_b7b522724099.zip::AI_ANALYSIS.json",
        "source_files": [
          "C:/Users/Admin/iCloudDrive/Downloads/Pearson_Road_Inspection_AI_ANALYSIS_REPORT_PACKAGE_2026-08-04_151016_633_export_report_2026_08_04_151016_633_b7b522724099.zip::AI_ANALYSIS.json"
        ]
      }
    },
    {
      "type": "Feature",
      "geometry": {
        "type": "Point",
        "coordinates": [
          -87.0921053965809,
          30.490776487172443
        ]
      },
      "properties": {
        "record_type": "photograph",
        "photo_id": "photo-7af62ffb-fae7-45e5-bbc7-0102f714786c",
        "photo_number": "P126",
        "inspection_date": "2026-08-03",
        "timestamp": "2026-08-03T14:02:20.815Z",
        "recorded_category": "Other",
        "display_class": "OTHER",
        "is_recorded_water_category": false,
        "water_visible_review_status": "NOT_REVIEWED_FROM_IMAGE",
        "gps_accuracy_m": 16.097132058653866,
        "heading_deg": 196.6498260498047,
        "section_id": null,
        "associated_record_ids": [],
        "note": "",
        "evidence_classification": "Observed",
        "evidence_scope": "OFF_PROPERTY_OR_TEST_REVIEW_REQUIRED",
        "source_family": "AUGUST_3_4_ORIGINAL_FIELD",
        "thumbnail_archive_tag": "AUG4_AI_PACKAGE",
        "thumbnail_archive_member": "photos/126_analysis.jpg",
        "thumbnail_path": "data/photos/all/photo-7af62ffb-fae7-45e5-bbc7-0102f714786c.jpg",
        "source_file": "C:/Users/Admin/iCloudDrive/Downloads/Pearson_Road_Inspection_AI_ANALYSIS_REPORT_PACKAGE_2026-08-04_151016_633_export_report_2026_08_04_151016_633_b7b522724099.zip::AI_ANALYSIS.json",
        "source_files": [
          "C:/Users/Admin/iCloudDrive/Downloads/Pearson_Road_Inspection_AI_ANALYSIS_REPORT_PACKAGE_2026-08-04_151016_633_export_report_2026_08_04_151016_633_b7b522724099.zip::AI_ANALYSIS.json"
        ]
      }
    },
    {
      "type": "Feature",
      "geometry": {
        "type": "Point",
        "coordinates": [
          -87.09213465958922,
          30.49087413231347
        ]
      },
      "properties": {
        "record_type": "photograph",
        "photo_id": "photo-c9ecb317-3370-44a2-8356-af1e214d863b",
        "photo_number": "P127",
        "inspection_date": "2026-08-03",
        "timestamp": "2026-08-03T14:02:48.707Z",
        "recorded_category": "Other",
        "display_class": "OTHER",
        "is_recorded_water_category": false,
        "water_visible_review_status": "NOT_REVIEWED_FROM_IMAGE",
        "gps_accuracy_m": 16.78197027910961,
        "heading_deg": 280.67840576171875,
        "section_id": null,
        "associated_record_ids": [],
        "note": "",
        "evidence_classification": "Observed",
        "evidence_scope": "OFF_PROPERTY_OR_TEST_REVIEW_REQUIRED",
        "source_family": "AUGUST_3_4_ORIGINAL_FIELD",
        "thumbnail_archive_tag": "AUG4_AI_PACKAGE",
        "thumbnail_archive_member": "photos/127_analysis.jpg",
        "thumbnail_path": "data/photos/all/photo-c9ecb317-3370-44a2-8356-af1e214d863b.jpg",
        "source_file": "C:/Users/Admin/iCloudDrive/Downloads/Pearson_Road_Inspection_AI_ANALYSIS_REPORT_PACKAGE_2026-08-04_151016_633_export_report_2026_08_04_151016_633_b7b522724099.zip::AI_ANALYSIS.json",
        "source_files": [
          "C:/Users/Admin/iCloudDrive/Downloads/Pearson_Road_Inspection_AI_ANALYSIS_REPORT_PACKAGE_2026-08-04_151016_633_export_report_2026_08_04_151016_633_b7b522724099.zip::AI_ANALYSIS.json"
        ]
      }
    },
    {
      "type": "Feature",
      "geometry": {
        "type": "Point",
        "coordinates": [
          -87.09215150513806,
          30.49085700560724
        ]
      },
      "properties": {
        "record_type": "photograph",
        "photo_id": "photo-99d011b8-f965-4d09-a346-098c267f00ce",
        "photo_number": "P128",
        "inspection_date": "2026-08-03",
        "timestamp": "2026-08-03T14:03:04.606Z",
        "recorded_category": "Other",
        "display_class": "OTHER",
        "is_recorded_water_category": false,
        "water_visible_review_status": "NOT_REVIEWED_FROM_IMAGE",
        "gps_accuracy_m": 15.30768629340077,
        "heading_deg": 42.62759780883789,
        "section_id": null,
        "associated_record_ids": [],
        "note": "",
        "evidence_classification": "Observed",
        "evidence_scope": "OFF_PROPERTY_OR_TEST_REVIEW_REQUIRED",
        "source_family": "AUGUST_3_4_ORIGINAL_FIELD",
        "thumbnail_archive_tag": "AUG4_AI_PACKAGE",
        "thumbnail_archive_member": "photos/128_analysis.jpg",
        "thumbnail_path": "data/photos/all/photo-99d011b8-f965-4d09-a346-098c267f00ce.jpg",
        "source_file": "C:/Users/Admin/iCloudDrive/Downloads/Pearson_Road_Inspection_AI_ANALYSIS_REPORT_PACKAGE_2026-08-04_151016_633_export_report_2026_08_04_151016_633_b7b522724099.zip::AI_ANALYSIS.json",
        "source_files": [
          "C:/Users/Admin/iCloudDrive/Downloads/Pearson_Road_Inspection_AI_ANALYSIS_REPORT_PACKAGE_2026-08-04_151016_633_export_report_2026_08_04_151016_633_b7b522724099.zip::AI_ANALYSIS.json"
        ]
      }
    },
    {
      "type": "Feature",
      "geometry": {
        "type": "Point",
        "coordinates": [
          -87.09207907706406,
          30.49091169620942
        ]
      },
      "properties": {
        "record_type": "photograph",
        "photo_id": "photo-c123f48e-4892-4f42-8e34-47ccb48ab93f",
        "photo_number": "P129",
        "inspection_date": "2026-08-03",
        "timestamp": "2026-08-03T14:03:24.581Z",
        "recorded_category": "Other",
        "display_class": "OTHER",
        "is_recorded_water_category": false,
        "water_visible_review_status": "NOT_REVIEWED_FROM_IMAGE",
        "gps_accuracy_m": 14.935300314133661,
        "heading_deg": 337.267578125,
        "section_id": null,
        "associated_record_ids": [],
        "note": "",
        "evidence_classification": "Observed",
        "evidence_scope": "OFF_PROPERTY_OR_TEST_REVIEW_REQUIRED",
        "source_family": "AUGUST_3_4_ORIGINAL_FIELD",
        "thumbnail_archive_tag": "AUG4_AI_PACKAGE",
        "thumbnail_archive_member": "photos/129_analysis.jpg",
        "thumbnail_path": "data/photos/all/photo-c123f48e-4892-4f42-8e34-47ccb48ab93f.jpg",
        "source_file": "C:/Users/Admin/iCloudDrive/Downloads/Pearson_Road_Inspection_AI_ANALYSIS_REPORT_PACKAGE_2026-08-04_151016_633_export_report_2026_08_04_151016_633_b7b522724099.zip::AI_ANALYSIS.json",
        "source_files": [
          "C:/Users/Admin/iCloudDrive/Downloads/Pearson_Road_Inspection_AI_ANALYSIS_REPORT_PACKAGE_2026-08-04_151016_633_export_report_2026_08_04_151016_633_b7b522724099.zip::AI_ANALYSIS.json"
        ]
      }
    },
    {
      "type": "Feature",
      "geometry": {
        "type": "Point",
        "coordinates": [
          -87.09207700015097,
          30.490902734910136
        ]
      },
      "properties": {
        "record_type": "photograph",
        "photo_id": "photo-dbd1d1cf-aea0-4c23-a8ca-b7bdc52f08b0",
        "photo_number": "P130",
        "inspection_date": "2026-08-03",
        "timestamp": "2026-08-03T14:03:43.004Z",
        "recorded_category": "Other",
        "display_class": "OTHER",
        "is_recorded_water_category": false,
        "water_visible_review_status": "NOT_REVIEWED_FROM_IMAGE",
        "gps_accuracy_m": 14.033707840348276,
        "heading_deg": 109.03650665283203,
        "section_id": null,
        "associated_record_ids": [],
        "note": "",
        "evidence_classification": "Observed",
        "evidence_scope": "OFF_PROPERTY_OR_TEST_REVIEW_REQUIRED",
        "source_family": "AUGUST_3_4_ORIGINAL_FIELD",
        "thumbnail_archive_tag": "AUG4_AI_PACKAGE",
        "thumbnail_archive_member": "photos/130_analysis.jpg",
        "thumbnail_path": "data/photos/all/photo-dbd1d1cf-aea0-4c23-a8ca-b7bdc52f08b0.jpg",
        "source_file": "C:/Users/Admin/iCloudDrive/Downloads/Pearson_Road_Inspection_AI_ANALYSIS_REPORT_PACKAGE_2026-08-04_151016_633_export_report_2026_08_04_151016_633_b7b522724099.zip::AI_ANALYSIS.json",
        "source_files": [
          "C:/Users/Admin/iCloudDrive/Downloads/Pearson_Road_Inspection_AI_ANALYSIS_REPORT_PACKAGE_2026-08-04_151016_633_export_report_2026_08_04_151016_633_b7b522724099.zip::AI_ANALYSIS.json"
        ]
      }
    },
    {
      "type": "Feature",
      "geometry": {
        "type": "Point",
        "coordinates": [
          -87.09211680063393,
          30.4909409999826
        ]
      },
      "properties": {
        "record_type": "photograph",
        "photo_id": "photo-de1672f6-3bb0-48c8-9212-61078a38891a",
        "photo_number": "P131",
        "inspection_date": "2026-08-03",
        "timestamp": "2026-08-03T14:04:08.372Z",
        "recorded_category": "Other",
        "display_class": "OTHER",
        "is_recorded_water_category": false,
        "water_visible_review_status": "NOT_REVIEWED_FROM_IMAGE",
        "gps_accuracy_m": 14.418684386879567,
        "heading_deg": 264.94061279296875,
        "section_id": null,
        "associated_record_ids": [],
        "note": "",
        "evidence_classification": "Observed",
        "evidence_scope": "OFF_PROPERTY_OR_TEST_REVIEW_REQUIRED",
        "source_family": "AUGUST_3_4_ORIGINAL_FIELD",
        "thumbnail_archive_tag": "AUG4_AI_PACKAGE",
        "thumbnail_archive_member": "photos/131_analysis.jpg",
        "thumbnail_path": "data/photos/all/photo-de1672f6-3bb0-48c8-9212-61078a38891a.jpg",
        "source_file": "C:/Users/Admin/iCloudDrive/Downloads/Pearson_Road_Inspection_AI_ANALYSIS_REPORT_PACKAGE_2026-08-04_151016_633_export_report_2026_08_04_151016_633_b7b522724099.zip::AI_ANALYSIS.json",
        "source_files": [
          "C:/Users/Admin/iCloudDrive/Downloads/Pearson_Road_Inspection_AI_ANALYSIS_REPORT_PACKAGE_2026-08-04_151016_633_export_report_2026_08_04_151016_633_b7b522724099.zip::AI_ANALYSIS.json"
        ]
      }
    },
    {
      "type": "Feature",
      "geometry": {
        "type": "Point",
        "coordinates": [
          -87.09212249013106,
          30.490923767991845
        ]
      },
      "properties": {
        "record_type": "photograph",
        "photo_id": "photo-d6755a64-c507-47cb-b7a7-517bb1042889",
        "photo_number": "P132",
        "inspection_date": "2026-08-03",
        "timestamp": "2026-08-03T14:04:15.417Z",
        "recorded_category": "Other",
        "display_class": "OTHER",
        "is_recorded_water_category": false,
        "water_visible_review_status": "NOT_REVIEWED_FROM_IMAGE",
        "gps_accuracy_m": 15.000852722939438,
        "heading_deg": 19.074190139770508,
        "section_id": null,
        "associated_record_ids": [],
        "note": "",
        "evidence_classification": "Observed",
        "evidence_scope": "OFF_PROPERTY_OR_TEST_REVIEW_REQUIRED",
        "source_family": "AUGUST_3_4_ORIGINAL_FIELD",
        "thumbnail_archive_tag": "AUG4_AI_PACKAGE",
        "thumbnail_archive_member": "photos/132_analysis.jpg",
        "thumbnail_path": "data/photos/all/photo-d6755a64-c507-47cb-b7a7-517bb1042889.jpg",
        "source_file": "C:/Users/Admin/iCloudDrive/Downloads/Pearson_Road_Inspection_AI_ANALYSIS_REPORT_PACKAGE_2026-08-04_151016_633_export_report_2026_08_04_151016_633_b7b522724099.zip::AI_ANALYSIS.json",
        "source_files": [
          "C:/Users/Admin/iCloudDrive/Downloads/Pearson_Road_Inspection_AI_ANALYSIS_REPORT_PACKAGE_2026-08-04_151016_633_export_report_2026_08_04_151016_633_b7b522724099.zip::AI_ANALYSIS.json"
        ]
      }
    },
    {
      "type": "Feature",
      "geometry": {
        "type": "Point",
        "coordinates": [
          -87.09212435708478,
          30.49098540710548
        ]
      },
      "properties": {
        "record_type": "photograph",
        "photo_id": "photo-3e626c60-252b-4798-8a64-7fc736ab6e8a",
        "photo_number": "P133",
        "inspection_date": "2026-08-03",
        "timestamp": "2026-08-03T14:05:33.738Z",
        "recorded_category": "Other",
        "display_class": "OTHER",
        "is_recorded_water_category": false,
        "water_visible_review_status": "NOT_REVIEWED_FROM_IMAGE",
        "gps_accuracy_m": 21.304672436076046,
        "heading_deg": 333.7130126953125,
        "section_id": null,
        "associated_record_ids": [
          "event-9f864256-76c7-4741-891c-bf1806b1f5f4",
          "event-9f864256-76c7-4741-891c-bf1806b1f5f4"
        ],
        "note": "",
        "evidence_classification": "Observed",
        "evidence_scope": "OFF_PROPERTY_OR_TEST_REVIEW_REQUIRED",
        "source_family": "AUGUST_3_4_ORIGINAL_FIELD",
        "thumbnail_archive_tag": "AUG4_AI_PACKAGE",
        "thumbnail_archive_member": "photos/133_analysis.jpg",
        "thumbnail_path": "data/photos/all/photo-3e626c60-252b-4798-8a64-7fc736ab6e8a.jpg",
        "source_file": "C:/Users/Admin/iCloudDrive/Downloads/Pearson_Road_Inspection_AI_ANALYSIS_REPORT_PACKAGE_2026-08-04_151016_633_export_report_2026_08_04_151016_633_b7b522724099.zip::AI_ANALYSIS.json",
        "source_files": [
          "C:/Users/Admin/iCloudDrive/Downloads/Pearson_Road_Inspection_AI_ANALYSIS_REPORT_PACKAGE_2026-08-04_151016_633_export_report_2026_08_04_151016_633_b7b522724099.zip::AI_ANALYSIS.json"
        ]
      }
    },
    {
      "type": "Feature",
      "geometry": {
        "type": "Point",
        "coordinates": [
          -87.09202406876084,
          30.49095982824887
        ]
      },
      "properties": {
        "record_type": "photograph",
        "photo_id": "photo-b5998b21-c088-4d84-bdc3-eca76d5770c1",
        "photo_number": "P134",
        "inspection_date": "2026-08-03",
        "timestamp": "2026-08-03T14:07:26.842Z",
        "recorded_category": "Other",
        "display_class": "OTHER",
        "is_recorded_water_category": false,
        "water_visible_review_status": "NOT_REVIEWED_FROM_IMAGE",
        "gps_accuracy_m": 5.170339925714737,
        "heading_deg": 79.23762512207031,
        "section_id": null,
        "associated_record_ids": [
          "event-a4efff08-d8bc-47ba-ab3b-8f403cb0eef5",
          "event-a4efff08-d8bc-47ba-ab3b-8f403cb0eef5"
        ],
        "note": "",
        "evidence_classification": "Observed",
        "evidence_scope": "OFF_PROPERTY_OR_TEST_REVIEW_REQUIRED",
        "source_family": "AUGUST_3_4_ORIGINAL_FIELD",
        "thumbnail_archive_tag": "AUG4_AI_PACKAGE",
        "thumbnail_archive_member": "photos/134_analysis.jpg",
        "thumbnail_path": "data/photos/all/photo-b5998b21-c088-4d84-bdc3-eca76d5770c1.jpg",
        "source_file": "C:/Users/Admin/iCloudDrive/Downloads/Pearson_Road_Inspection_AI_ANALYSIS_REPORT_PACKAGE_2026-08-04_151016_633_export_report_2026_08_04_151016_633_b7b522724099.zip::AI_ANALYSIS.json",
        "source_files": [
          "C:/Users/Admin/iCloudDrive/Downloads/Pearson_Road_Inspection_AI_ANALYSIS_REPORT_PACKAGE_2026-08-04_151016_633_export_report_2026_08_04_151016_633_b7b522724099.zip::AI_ANALYSIS.json"
        ]
      }
    },
    {
      "type": "Feature",
      "geometry": {
        "type": "Point",
        "coordinates": [
          -87.09203025987935,
          30.491041480811777
        ]
      },
      "properties": {
        "record_type": "photograph",
        "photo_id": "photo-55358686-b248-497e-aa87-387bf1154fbb",
        "photo_number": "P135",
        "inspection_date": "2026-08-03",
        "timestamp": "2026-08-03T14:09:03.485Z",
        "recorded_category": "Other",
        "display_class": "OTHER",
        "is_recorded_water_category": false,
        "water_visible_review_status": "NOT_REVIEWED_FROM_IMAGE",
        "gps_accuracy_m": 13.707358439879412,
        "heading_deg": 289.9014892578125,
        "section_id": null,
        "associated_record_ids": [
          "event-897ba15b-d8e1-431a-b672-5f84f44b20ca",
          "event-897ba15b-d8e1-431a-b672-5f84f44b20ca"
        ],
        "note": "",
        "evidence_classification": "Observed",
        "evidence_scope": "OFF_PROPERTY_OR_TEST_REVIEW_REQUIRED",
        "source_family": "AUGUST_3_4_ORIGINAL_FIELD",
        "thumbnail_archive_tag": "AUG4_AI_PACKAGE",
        "thumbnail_archive_member": "photos/135_analysis.jpg",
        "thumbnail_path": "data/photos/all/photo-55358686-b248-497e-aa87-387bf1154fbb.jpg",
        "source_file": "C:/Users/Admin/iCloudDrive/Downloads/Pearson_Road_Inspection_AI_ANALYSIS_REPORT_PACKAGE_2026-08-04_151016_633_export_report_2026_08_04_151016_633_b7b522724099.zip::AI_ANALYSIS.json",
        "source_files": [
          "C:/Users/Admin/iCloudDrive/Downloads/Pearson_Road_Inspection_AI_ANALYSIS_REPORT_PACKAGE_2026-08-04_151016_633_export_report_2026_08_04_151016_633_b7b522724099.zip::AI_ANALYSIS.json"
        ]
      }
    },
    {
      "type": "Feature",
      "geometry": {
        "type": "Point",
        "coordinates": [
          -87.09190955603131,
          30.490972826118274
        ]
      },
      "properties": {
        "record_type": "photograph",
        "photo_id": "photo-9c3305c3-2d40-441b-8990-ca7cc914ffd4",
        "photo_number": "P136",
        "inspection_date": "2026-08-03",
        "timestamp": "2026-08-03T14:09:29.399Z",
        "recorded_category": "Other",
        "display_class": "OTHER",
        "is_recorded_water_category": false,
        "water_visible_review_status": "NOT_REVIEWED_FROM_IMAGE",
        "gps_accuracy_m": 11.596131586181023,
        "heading_deg": 106.92930603027344,
        "section_id": null,
        "associated_record_ids": [
          "event-ca6acde4-7cad-4495-bf21-fabaf51f4c90",
          "event-ca6acde4-7cad-4495-bf21-fabaf51f4c90"
        ],
        "note": "",
        "evidence_classification": "Observed",
        "evidence_scope": "OFF_PROPERTY_OR_TEST_REVIEW_REQUIRED",
        "source_family": "AUGUST_3_4_ORIGINAL_FIELD",
        "thumbnail_archive_tag": "AUG4_AI_PACKAGE",
        "thumbnail_archive_member": "photos/136_analysis.jpg",
        "thumbnail_path": "data/photos/all/photo-9c3305c3-2d40-441b-8990-ca7cc914ffd4.jpg",
        "source_file": "C:/Users/Admin/iCloudDrive/Downloads/Pearson_Road_Inspection_AI_ANALYSIS_REPORT_PACKAGE_2026-08-04_151016_633_export_report_2026_08_04_151016_633_b7b522724099.zip::AI_ANALYSIS.json",
        "source_files": [
          "C:/Users/Admin/iCloudDrive/Downloads/Pearson_Road_Inspection_AI_ANALYSIS_REPORT_PACKAGE_2026-08-04_151016_633_export_report_2026_08_04_151016_633_b7b522724099.zip::AI_ANALYSIS.json"
        ]
      }
    },
    {
      "type": "Feature",
      "geometry": {
        "type": "Point",
        "coordinates": [
          -87.09190807485714,
          30.49098691706382
        ]
      },
      "properties": {
        "record_type": "photograph",
        "photo_id": "photo-7dbf6d11-9b9f-40ad-ac65-42ea81dd4b92",
        "photo_number": "P137",
        "inspection_date": "2026-08-03",
        "timestamp": "2026-08-03T14:09:36.079Z",
        "recorded_category": "Other",
        "display_class": "OTHER",
        "is_recorded_water_category": false,
        "water_visible_review_status": "NOT_REVIEWED_FROM_IMAGE",
        "gps_accuracy_m": 10.534486031725672,
        "heading_deg": 289.16705322265625,
        "section_id": null,
        "associated_record_ids": [
          "event-fe60d9ca-4c51-4604-a078-62323fd2d859",
          "event-fe60d9ca-4c51-4604-a078-62323fd2d859"
        ],
        "note": "",
        "evidence_classification": "Observed",
        "evidence_scope": "OFF_PROPERTY_OR_TEST_REVIEW_REQUIRED",
        "source_family": "AUGUST_3_4_ORIGINAL_FIELD",
        "thumbnail_archive_tag": "AUG4_AI_PACKAGE",
        "thumbnail_archive_member": "photos/137_analysis.jpg",
        "thumbnail_path": "data/photos/all/photo-7dbf6d11-9b9f-40ad-ac65-42ea81dd4b92.jpg",
        "source_file": "C:/Users/Admin/iCloudDrive/Downloads/Pearson_Road_Inspection_AI_ANALYSIS_REPORT_PACKAGE_2026-08-04_151016_633_export_report_2026_08_04_151016_633_b7b522724099.zip::AI_ANALYSIS.json",
        "source_files": [
          "C:/Users/Admin/iCloudDrive/Downloads/Pearson_Road_Inspection_AI_ANALYSIS_REPORT_PACKAGE_2026-08-04_151016_633_export_report_2026_08_04_151016_633_b7b522724099.zip::AI_ANALYSIS.json"
        ]
      }
    },
    {
      "type": "Feature",
      "geometry": {
        "type": "Point",
        "coordinates": [
          -87.0918382736672,
          30.491033039668412
        ]
      },
      "properties": {
        "record_type": "photograph",
        "photo_id": "photo-aee25e54-2318-4d4f-9029-b6309dab1e1a",
        "photo_number": "P138",
        "inspection_date": "2026-08-03",
        "timestamp": "2026-08-03T14:09:58.943Z",
        "recorded_category": "Other",
        "display_class": "OTHER",
        "is_recorded_water_category": false,
        "water_visible_review_status": "NOT_REVIEWED_FROM_IMAGE",
        "gps_accuracy_m": 11.225811791706386,
        "heading_deg": 336.17926025390625,
        "section_id": null,
        "associated_record_ids": [
          "event-34f9fd94-a54d-4ea0-82fc-93142c4ab7cb",
          "event-34f9fd94-a54d-4ea0-82fc-93142c4ab7cb"
        ],
        "note": "",
        "evidence_classification": "Observed",
        "evidence_scope": "OFF_PROPERTY_OR_TEST_REVIEW_REQUIRED",
        "source_family": "AUGUST_3_4_ORIGINAL_FIELD",
        "thumbnail_archive_tag": "AUG4_AI_PACKAGE",
        "thumbnail_archive_member": "photos/138_analysis.jpg",
        "thumbnail_path": "data/photos/all/photo-aee25e54-2318-4d4f-9029-b6309dab1e1a.jpg",
        "source_file": "C:/Users/Admin/iCloudDrive/Downloads/Pearson_Road_Inspection_AI_ANALYSIS_REPORT_PACKAGE_2026-08-04_151016_633_export_report_2026_08_04_151016_633_b7b522724099.zip::AI_ANALYSIS.json",
        "source_files": [
          "C:/Users/Admin/iCloudDrive/Downloads/Pearson_Road_Inspection_AI_ANALYSIS_REPORT_PACKAGE_2026-08-04_151016_633_export_report_2026_08_04_151016_633_b7b522724099.zip::AI_ANALYSIS.json"
        ]
      }
    },
    {
      "type": "Feature",
      "geometry": {
        "type": "Point",
        "coordinates": [
          -87.09182829985619,
          30.491016050908495
        ]
      },
      "properties": {
        "record_type": "photograph",
        "photo_id": "photo-71883a90-cf44-4f39-a0c1-d6ab041aba8e",
        "photo_number": "P139",
        "inspection_date": "2026-08-03",
        "timestamp": "2026-08-03T14:10:04.828Z",
        "recorded_category": "Other",
        "display_class": "OTHER",
        "is_recorded_water_category": false,
        "water_visible_review_status": "NOT_REVIEWED_FROM_IMAGE",
        "gps_accuracy_m": 5.633874311102302,
        "heading_deg": 348.0684509277344,
        "section_id": null,
        "associated_record_ids": [
          "event-37185b99-0231-44b7-a329-d6a2c4f9acc5",
          "event-37185b99-0231-44b7-a329-d6a2c4f9acc5"
        ],
        "note": "",
        "evidence_classification": "Observed",
        "evidence_scope": "OFF_PROPERTY_OR_TEST_REVIEW_REQUIRED",
        "source_family": "AUGUST_3_4_ORIGINAL_FIELD",
        "thumbnail_archive_tag": "AUG4_AI_PACKAGE",
        "thumbnail_archive_member": "photos/139_analysis.jpg",
        "thumbnail_path": "data/photos/all/photo-71883a90-cf44-4f39-a0c1-d6ab041aba8e.jpg",
        "source_file": "C:/Users/Admin/iCloudDrive/Downloads/Pearson_Road_Inspection_AI_ANALYSIS_REPORT_PACKAGE_2026-08-04_151016_633_export_report_2026_08_04_151016_633_b7b522724099.zip::AI_ANALYSIS.json",
        "source_files": [
          "C:/Users/Admin/iCloudDrive/Downloads/Pearson_Road_Inspection_AI_ANALYSIS_REPORT_PACKAGE_2026-08-04_151016_633_export_report_2026_08_04_151016_633_b7b522724099.zip::AI_ANALYSIS.json"
        ]
      }
    },
    {
      "type": "Feature",
      "geometry": {
        "type": "Point",
        "coordinates": [
          -87.09181814095898,
          30.491019411887233
        ]
      },
      "properties": {
        "record_type": "photograph",
        "photo_id": "photo-1f9dfd59-fa44-445d-b8cd-b2b5da417ecc",
        "photo_number": "P140",
        "inspection_date": "2026-08-03",
        "timestamp": "2026-08-03T14:10:16.970Z",
        "recorded_category": "Other",
        "display_class": "OTHER",
        "is_recorded_water_category": false,
        "water_visible_review_status": "NOT_REVIEWED_FROM_IMAGE",
        "gps_accuracy_m": 14.34271230599977,
        "heading_deg": 51.245609283447266,
        "section_id": null,
        "associated_record_ids": [
          "event-bced841c-8344-4783-8165-6fca9d9f38fa",
          "event-bced841c-8344-4783-8165-6fca9d9f38fa"
        ],
        "note": "",
        "evidence_classification": "Observed",
        "evidence_scope": "OFF_PROPERTY_OR_TEST_REVIEW_REQUIRED",
        "source_family": "AUGUST_3_4_ORIGINAL_FIELD",
        "thumbnail_archive_tag": "AUG4_AI_PACKAGE",
        "thumbnail_archive_member": "photos/140_analysis.jpg",
        "thumbnail_path": "data/photos/all/photo-1f9dfd59-fa44-445d-b8cd-b2b5da417ecc.jpg",
        "source_file": "C:/Users/Admin/iCloudDrive/Downloads/Pearson_Road_Inspection_AI_ANALYSIS_REPORT_PACKAGE_2026-08-04_151016_633_export_report_2026_08_04_151016_633_b7b522724099.zip::AI_ANALYSIS.json",
        "source_files": [
          "C:/Users/Admin/iCloudDrive/Downloads/Pearson_Road_Inspection_AI_ANALYSIS_REPORT_PACKAGE_2026-08-04_151016_633_export_report_2026_08_04_151016_633_b7b522724099.zip::AI_ANALYSIS.json"
        ]
      }
    },
    {
      "type": "Feature",
      "geometry": {
        "type": "Point",
        "coordinates": [
          -87.09184821805398,
          30.49107005748363
        ]
      },
      "properties": {
        "record_type": "photograph",
        "photo_id": "photo-05423ef4-cbb4-424f-a6ad-bffd5b77ad08",
        "photo_number": "P141",
        "inspection_date": "2026-08-03",
        "timestamp": "2026-08-03T14:10:41.926Z",
        "recorded_category": "Other",
        "display_class": "OTHER",
        "is_recorded_water_category": false,
        "water_visible_review_status": "NOT_REVIEWED_FROM_IMAGE",
        "gps_accuracy_m": 12.13630270260805,
        "heading_deg": 170.629638671875,
        "section_id": null,
        "associated_record_ids": [
          "event-a09b0fbe-f988-4ae6-8f1f-e78b0e8391a0",
          "event-a09b0fbe-f988-4ae6-8f1f-e78b0e8391a0"
        ],
        "note": "",
        "evidence_classification": "Observed",
        "evidence_scope": "OFF_PROPERTY_OR_TEST_REVIEW_REQUIRED",
        "source_family": "AUGUST_3_4_ORIGINAL_FIELD",
        "thumbnail_archive_tag": "AUG4_AI_PACKAGE",
        "thumbnail_archive_member": "photos/141_analysis.jpg",
        "thumbnail_path": "data/photos/all/photo-05423ef4-cbb4-424f-a6ad-bffd5b77ad08.jpg",
        "source_file": "C:/Users/Admin/iCloudDrive/Downloads/Pearson_Road_Inspection_AI_ANALYSIS_REPORT_PACKAGE_2026-08-04_151016_633_export_report_2026_08_04_151016_633_b7b522724099.zip::AI_ANALYSIS.json",
        "source_files": [
          "C:/Users/Admin/iCloudDrive/Downloads/Pearson_Road_Inspection_AI_ANALYSIS_REPORT_PACKAGE_2026-08-04_151016_633_export_report_2026_08_04_151016_633_b7b522724099.zip::AI_ANALYSIS.json"
        ]
      }
    },
    {
      "type": "Feature",
      "geometry": {
        "type": "Point",
        "coordinates": [
          -87.09185609998275,
          30.49107610109707
        ]
      },
      "properties": {
        "record_type": "photograph",
        "photo_id": "photo-e5051b29-f967-4187-a373-a1e8225e4b63",
        "photo_number": "P142",
        "inspection_date": "2026-08-03",
        "timestamp": "2026-08-03T14:11:23.297Z",
        "recorded_category": "Other",
        "display_class": "OTHER",
        "is_recorded_water_category": false,
        "water_visible_review_status": "NOT_REVIEWED_FROM_IMAGE",
        "gps_accuracy_m": 4.748651530191763,
        "heading_deg": 7.697817802429199,
        "section_id": null,
        "associated_record_ids": [
          "event-2d09fa77-07a1-4809-852f-46092be9a8c3",
          "event-2d09fa77-07a1-4809-852f-46092be9a8c3"
        ],
        "note": "",
        "evidence_classification": "Observed",
        "evidence_scope": "OFF_PROPERTY_OR_TEST_REVIEW_REQUIRED",
        "source_family": "AUGUST_3_4_ORIGINAL_FIELD",
        "thumbnail_archive_tag": "AUG4_AI_PACKAGE",
        "thumbnail_archive_member": "photos/142_analysis.jpg",
        "thumbnail_path": "data/photos/all/photo-e5051b29-f967-4187-a373-a1e8225e4b63.jpg",
        "source_file": "C:/Users/Admin/iCloudDrive/Downloads/Pearson_Road_Inspection_AI_ANALYSIS_REPORT_PACKAGE_2026-08-04_151016_633_export_report_2026_08_04_151016_633_b7b522724099.zip::AI_ANALYSIS.json",
        "source_files": [
          "C:/Users/Admin/iCloudDrive/Downloads/Pearson_Road_Inspection_AI_ANALYSIS_REPORT_PACKAGE_2026-08-04_151016_633_export_report_2026_08_04_151016_633_b7b522724099.zip::AI_ANALYSIS.json"
        ]
      }
    },
    {
      "type": "Feature",
      "geometry": {
        "type": "Point",
        "coordinates": [
          -87.09186096776644,
          30.491175073728197
        ]
      },
      "properties": {
        "record_type": "photograph",
        "photo_id": "photo-f9d4e54f-a8aa-43fb-82a7-72ffa1236119",
        "photo_number": "P143",
        "inspection_date": "2026-08-03",
        "timestamp": "2026-08-03T14:12:18.866Z",
        "recorded_category": "Other",
        "display_class": "OTHER",
        "is_recorded_water_category": false,
        "water_visible_review_status": "NOT_REVIEWED_FROM_IMAGE",
        "gps_accuracy_m": 14.87777295885327,
        "heading_deg": 308.8149719238281,
        "section_id": null,
        "associated_record_ids": [
          "event-01227a32-0611-4cf0-9a16-9398ddbbee56",
          "event-01227a32-0611-4cf0-9a16-9398ddbbee56"
        ],
        "note": "",
        "evidence_classification": "Observed",
        "evidence_scope": "OFF_PROPERTY_OR_TEST_REVIEW_REQUIRED",
        "source_family": "AUGUST_3_4_ORIGINAL_FIELD",
        "thumbnail_archive_tag": "AUG4_AI_PACKAGE",
        "thumbnail_archive_member": "photos/143_analysis.jpg",
        "thumbnail_path": "data/photos/all/photo-f9d4e54f-a8aa-43fb-82a7-72ffa1236119.jpg",
        "source_file": "C:/Users/Admin/iCloudDrive/Downloads/Pearson_Road_Inspection_AI_ANALYSIS_REPORT_PACKAGE_2026-08-04_151016_633_export_report_2026_08_04_151016_633_b7b522724099.zip::AI_ANALYSIS.json",
        "source_files": [
          "C:/Users/Admin/iCloudDrive/Downloads/Pearson_Road_Inspection_AI_ANALYSIS_REPORT_PACKAGE_2026-08-04_151016_633_export_report_2026_08_04_151016_633_b7b522724099.zip::AI_ANALYSIS.json"
        ]
      }
    },
    {
      "type": "Feature",
      "geometry": {
        "type": "Point",
        "coordinates": [
          -87.0918695035735,
          30.491148335477856
        ]
      },
      "properties": {
        "record_type": "photograph",
        "photo_id": "photo-13a58c4d-a5e3-4376-8b52-5aef572ee99b",
        "photo_number": "P144",
        "inspection_date": "2026-08-03",
        "timestamp": "2026-08-03T14:12:34.774Z",
        "recorded_category": "Other",
        "display_class": "OTHER",
        "is_recorded_water_category": false,
        "water_visible_review_status": "NOT_REVIEWED_FROM_IMAGE",
        "gps_accuracy_m": 14.805321355549221,
        "heading_deg": 314.8295593261719,
        "section_id": null,
        "associated_record_ids": [
          "event-6ba013e2-36e0-4af6-954f-d670491929f3",
          "event-6ba013e2-36e0-4af6-954f-d670491929f3"
        ],
        "note": "",
        "evidence_classification": "Observed",
        "evidence_scope": "OFF_PROPERTY_OR_TEST_REVIEW_REQUIRED",
        "source_family": "AUGUST_3_4_ORIGINAL_FIELD",
        "thumbnail_archive_tag": "AUG4_AI_PACKAGE",
        "thumbnail_archive_member": "photos/144_analysis.jpg",
        "thumbnail_path": "data/photos/all/photo-13a58c4d-a5e3-4376-8b52-5aef572ee99b.jpg",
        "source_file": "C:/Users/Admin/iCloudDrive/Downloads/Pearson_Road_Inspection_AI_ANALYSIS_REPORT_PACKAGE_2026-08-04_151016_633_export_report_2026_08_04_151016_633_b7b522724099.zip::AI_ANALYSIS.json",
        "source_files": [
          "C:/Users/Admin/iCloudDrive/Downloads/Pearson_Road_Inspection_AI_ANALYSIS_REPORT_PACKAGE_2026-08-04_151016_633_export_report_2026_08_04_151016_633_b7b522724099.zip::AI_ANALYSIS.json"
        ]
      }
    },
    {
      "type": "Feature",
      "geometry": {
        "type": "Point",
        "coordinates": [
          -87.09179780293859,
          30.491102942591272
        ]
      },
      "properties": {
        "record_type": "photograph",
        "photo_id": "photo-ed9ef24c-7fe1-4263-a78a-3b0388a52921",
        "photo_number": "P145",
        "inspection_date": "2026-08-03",
        "timestamp": "2026-08-03T14:13:45.117Z",
        "recorded_category": "Other",
        "display_class": "OTHER",
        "is_recorded_water_category": false,
        "water_visible_review_status": "NOT_REVIEWED_FROM_IMAGE",
        "gps_accuracy_m": 16.054094205522738,
        "heading_deg": 203.29347229003906,
        "section_id": null,
        "associated_record_ids": [
          "event-20391b9d-24d5-4719-b308-0fae8d29f31e",
          "event-20391b9d-24d5-4719-b308-0fae8d29f31e"
        ],
        "note": "",
        "evidence_classification": "Observed",
        "evidence_scope": "OFF_PROPERTY_OR_TEST_REVIEW_REQUIRED",
        "source_family": "AUGUST_3_4_ORIGINAL_FIELD",
        "thumbnail_archive_tag": "AUG4_AI_PACKAGE",
        "thumbnail_archive_member": "photos/145_analysis.jpg",
        "thumbnail_path": "data/photos/all/photo-ed9ef24c-7fe1-4263-a78a-3b0388a52921.jpg",
        "source_file": "C:/Users/Admin/iCloudDrive/Downloads/Pearson_Road_Inspection_AI_ANALYSIS_REPORT_PACKAGE_2026-08-04_151016_633_export_report_2026_08_04_151016_633_b7b522724099.zip::AI_ANALYSIS.json",
        "source_files": [
          "C:/Users/Admin/iCloudDrive/Downloads/Pearson_Road_Inspection_AI_ANALYSIS_REPORT_PACKAGE_2026-08-04_151016_633_export_report_2026_08_04_151016_633_b7b522724099.zip::AI_ANALYSIS.json"
        ]
      }
    },
    {
      "type": "Feature",
      "geometry": {
        "type": "Point",
        "coordinates": [
          -87.09181266143256,
          30.49110553927491
        ]
      },
      "properties": {
        "record_type": "photograph",
        "photo_id": "photo-04f94eb7-66b2-403d-a5c5-e553c184ebe7",
        "photo_number": "P146",
        "inspection_date": "2026-08-03",
        "timestamp": "2026-08-03T14:13:50.584Z",
        "recorded_category": "Other",
        "display_class": "OTHER",
        "is_recorded_water_category": false,
        "water_visible_review_status": "NOT_REVIEWED_FROM_IMAGE",
        "gps_accuracy_m": 13.735060725245313,
        "heading_deg": 127.62417602539062,
        "section_id": null,
        "associated_record_ids": [
          "event-182e30e7-db36-49d3-af09-fc44b2e58ed7",
          "event-182e30e7-db36-49d3-af09-fc44b2e58ed7"
        ],
        "note": "",
        "evidence_classification": "Observed",
        "evidence_scope": "OFF_PROPERTY_OR_TEST_REVIEW_REQUIRED",
        "source_family": "AUGUST_3_4_ORIGINAL_FIELD",
        "thumbnail_archive_tag": "AUG4_AI_PACKAGE",
        "thumbnail_archive_member": "photos/146_analysis.jpg",
        "thumbnail_path": "data/photos/all/photo-04f94eb7-66b2-403d-a5c5-e553c184ebe7.jpg",
        "source_file": "C:/Users/Admin/iCloudDrive/Downloads/Pearson_Road_Inspection_AI_ANALYSIS_REPORT_PACKAGE_2026-08-04_151016_633_export_report_2026_08_04_151016_633_b7b522724099.zip::AI_ANALYSIS.json",
        "source_files": [
          "C:/Users/Admin/iCloudDrive/Downloads/Pearson_Road_Inspection_AI_ANALYSIS_REPORT_PACKAGE_2026-08-04_151016_633_export_report_2026_08_04_151016_633_b7b522724099.zip::AI_ANALYSIS.json"
        ]
      }
    },
    {
      "type": "Feature",
      "geometry": {
        "type": "Point",
        "coordinates": [
          -87.09179939381609,
          30.49108590924231
        ]
      },
      "properties": {
        "record_type": "photograph",
        "photo_id": "photo-69bea4a5-bc8a-4b14-b3b3-cf8fe983c1e2",
        "photo_number": "P147",
        "inspection_date": "2026-08-03",
        "timestamp": "2026-08-03T14:14:06.266Z",
        "recorded_category": "Other",
        "display_class": "OTHER",
        "is_recorded_water_category": false,
        "water_visible_review_status": "NOT_REVIEWED_FROM_IMAGE",
        "gps_accuracy_m": 13.733042409832539,
        "heading_deg": 321.49072265625,
        "section_id": null,
        "associated_record_ids": [
          "event-a9b070fb-b4eb-4c8e-b748-fa49bd26ab9d",
          "event-a9b070fb-b4eb-4c8e-b748-fa49bd26ab9d"
        ],
        "note": "",
        "evidence_classification": "Observed",
        "evidence_scope": "OFF_PROPERTY_OR_TEST_REVIEW_REQUIRED",
        "source_family": "AUGUST_3_4_ORIGINAL_FIELD",
        "thumbnail_archive_tag": "AUG4_AI_PACKAGE",
        "thumbnail_archive_member": "photos/147_analysis.jpg",
        "thumbnail_path": "data/photos/all/photo-69bea4a5-bc8a-4b14-b3b3-cf8fe983c1e2.jpg",
        "source_file": "C:/Users/Admin/iCloudDrive/Downloads/Pearson_Road_Inspection_AI_ANALYSIS_REPORT_PACKAGE_2026-08-04_151016_633_export_report_2026_08_04_151016_633_b7b522724099.zip::AI_ANALYSIS.json",
        "source_files": [
          "C:/Users/Admin/iCloudDrive/Downloads/Pearson_Road_Inspection_AI_ANALYSIS_REPORT_PACKAGE_2026-08-04_151016_633_export_report_2026_08_04_151016_633_b7b522724099.zip::AI_ANALYSIS.json"
        ]
      }
    },
    {
      "type": "Feature",
      "geometry": {
        "type": "Point",
        "coordinates": [
          -87.09180931190824,
          30.491103442553857
        ]
      },
      "properties": {
        "record_type": "photograph",
        "photo_id": "photo-e2b3629f-c192-4ebb-a56b-88270191bb85",
        "photo_number": "P148",
        "inspection_date": "2026-08-03",
        "timestamp": "2026-08-03T14:14:13.804Z",
        "recorded_category": "Other",
        "display_class": "OTHER",
        "is_recorded_water_category": false,
        "water_visible_review_status": "NOT_REVIEWED_FROM_IMAGE",
        "gps_accuracy_m": 13.5848668558683,
        "heading_deg": 253.7213592529297,
        "section_id": null,
        "associated_record_ids": [
          "event-794385f3-343c-48d3-a4e0-a861791d9877",
          "event-794385f3-343c-48d3-a4e0-a861791d9877"
        ],
        "note": "",
        "evidence_classification": "Observed",
        "evidence_scope": "OFF_PROPERTY_OR_TEST_REVIEW_REQUIRED",
        "source_family": "AUGUST_3_4_ORIGINAL_FIELD",
        "thumbnail_archive_tag": "AUG4_AI_PACKAGE",
        "thumbnail_archive_member": "photos/148_analysis.jpg",
        "thumbnail_path": "data/photos/all/photo-e2b3629f-c192-4ebb-a56b-88270191bb85.jpg",
        "source_file": "C:/Users/Admin/iCloudDrive/Downloads/Pearson_Road_Inspection_AI_ANALYSIS_REPORT_PACKAGE_2026-08-04_151016_633_export_report_2026_08_04_151016_633_b7b522724099.zip::AI_ANALYSIS.json",
        "source_files": [
          "C:/Users/Admin/iCloudDrive/Downloads/Pearson_Road_Inspection_AI_ANALYSIS_REPORT_PACKAGE_2026-08-04_151016_633_export_report_2026_08_04_151016_633_b7b522724099.zip::AI_ANALYSIS.json"
        ]
      }
    },
    {
      "type": "Feature",
      "geometry": {
        "type": "Point",
        "coordinates": [
          -87.09180226653886,
          30.491114085348833
        ]
      },
      "properties": {
        "record_type": "photograph",
        "photo_id": "photo-bbcdf51e-f443-4bfd-8bd3-1b736098bd4d",
        "photo_number": "P149",
        "inspection_date": "2026-08-03",
        "timestamp": "2026-08-03T14:14:30.324Z",
        "recorded_category": "Other",
        "display_class": "OTHER",
        "is_recorded_water_category": false,
        "water_visible_review_status": "NOT_REVIEWED_FROM_IMAGE",
        "gps_accuracy_m": 13.485634148047527,
        "heading_deg": 94.02659606933594,
        "section_id": null,
        "associated_record_ids": [
          "event-aed133c3-2b74-41ff-a9fd-04bd206e194d",
          "event-aed133c3-2b74-41ff-a9fd-04bd206e194d"
        ],
        "note": "",
        "evidence_classification": "Observed",
        "evidence_scope": "OFF_PROPERTY_OR_TEST_REVIEW_REQUIRED",
        "source_family": "AUGUST_3_4_ORIGINAL_FIELD",
        "thumbnail_archive_tag": "AUG4_AI_PACKAGE",
        "thumbnail_archive_member": "photos/149_analysis.jpg",
        "thumbnail_path": "data/photos/all/photo-bbcdf51e-f443-4bfd-8bd3-1b736098bd4d.jpg",
        "source_file": "C:/Users/Admin/iCloudDrive/Downloads/Pearson_Road_Inspection_AI_ANALYSIS_REPORT_PACKAGE_2026-08-04_151016_633_export_report_2026_08_04_151016_633_b7b522724099.zip::AI_ANALYSIS.json",
        "source_files": [
          "C:/Users/Admin/iCloudDrive/Downloads/Pearson_Road_Inspection_AI_ANALYSIS_REPORT_PACKAGE_2026-08-04_151016_633_export_report_2026_08_04_151016_633_b7b522724099.zip::AI_ANALYSIS.json"
        ]
      }
    },
    {
      "type": "Feature",
      "geometry": {
        "type": "Point",
        "coordinates": [
          -87.09172364415119,
          30.491117115712118
        ]
      },
      "properties": {
        "record_type": "photograph",
        "photo_id": "photo-0a3acc8c-05db-4ccd-a094-26fcaf0537e6",
        "photo_number": "P150",
        "inspection_date": "2026-08-03",
        "timestamp": "2026-08-03T14:14:57.340Z",
        "recorded_category": "Other",
        "display_class": "OTHER",
        "is_recorded_water_category": false,
        "water_visible_review_status": "NOT_REVIEWED_FROM_IMAGE",
        "gps_accuracy_m": 10.211181850681168,
        "heading_deg": 42.86967468261719,
        "section_id": null,
        "associated_record_ids": [
          "event-798919ec-4825-4a2d-86f7-5555d8e8073f",
          "event-798919ec-4825-4a2d-86f7-5555d8e8073f"
        ],
        "note": "",
        "evidence_classification": "Observed",
        "evidence_scope": "OFF_PROPERTY_OR_TEST_REVIEW_REQUIRED",
        "source_family": "AUGUST_3_4_ORIGINAL_FIELD",
        "thumbnail_archive_tag": "AUG4_AI_PACKAGE",
        "thumbnail_archive_member": "photos/150_analysis.jpg",
        "thumbnail_path": "data/photos/all/photo-0a3acc8c-05db-4ccd-a094-26fcaf0537e6.jpg",
        "source_file": "C:/Users/Admin/iCloudDrive/Downloads/Pearson_Road_Inspection_AI_ANALYSIS_REPORT_PACKAGE_2026-08-04_151016_633_export_report_2026_08_04_151016_633_b7b522724099.zip::AI_ANALYSIS.json",
        "source_files": [
          "C:/Users/Admin/iCloudDrive/Downloads/Pearson_Road_Inspection_AI_ANALYSIS_REPORT_PACKAGE_2026-08-04_151016_633_export_report_2026_08_04_151016_633_b7b522724099.zip::AI_ANALYSIS.json"
        ]
      }
    },
    {
      "type": "Feature",
      "geometry": {
        "type": "Point",
        "coordinates": [
          -87.0917351273603,
          30.49115291462401
        ]
      },
      "properties": {
        "record_type": "photograph",
        "photo_id": "photo-82559cf5-d223-48e0-962a-8de40e84c595",
        "photo_number": "P151",
        "inspection_date": "2026-08-03",
        "timestamp": "2026-08-03T14:15:03.779Z",
        "recorded_category": "Other",
        "display_class": "OTHER",
        "is_recorded_water_category": false,
        "water_visible_review_status": "NOT_REVIEWED_FROM_IMAGE",
        "gps_accuracy_m": 9.246198322043872,
        "heading_deg": 12.69143295288086,
        "section_id": null,
        "associated_record_ids": [
          "event-24836d66-899e-431b-9a72-93c942ef04f5",
          "event-24836d66-899e-431b-9a72-93c942ef04f5"
        ],
        "note": "",
        "evidence_classification": "Observed",
        "evidence_scope": "OFF_PROPERTY_OR_TEST_REVIEW_REQUIRED",
        "source_family": "AUGUST_3_4_ORIGINAL_FIELD",
        "thumbnail_archive_tag": "AUG4_AI_PACKAGE",
        "thumbnail_archive_member": "photos/151_analysis.jpg",
        "thumbnail_path": "data/photos/all/photo-82559cf5-d223-48e0-962a-8de40e84c595.jpg",
        "source_file": "C:/Users/Admin/iCloudDrive/Downloads/Pearson_Road_Inspection_AI_ANALYSIS_REPORT_PACKAGE_2026-08-04_151016_633_export_report_2026_08_04_151016_633_b7b522724099.zip::AI_ANALYSIS.json",
        "source_files": [
          "C:/Users/Admin/iCloudDrive/Downloads/Pearson_Road_Inspection_AI_ANALYSIS_REPORT_PACKAGE_2026-08-04_151016_633_export_report_2026_08_04_151016_633_b7b522724099.zip::AI_ANALYSIS.json"
        ]
      }
    },
    {
      "type": "Feature",
      "geometry": {
        "type": "Point",
        "coordinates": [
          -87.09170827095019,
          30.49109974463933
        ]
      },
      "properties": {
        "record_type": "photograph",
        "photo_id": "photo-f6b40009-00c7-4e28-8320-2a68ee095a08",
        "photo_number": "P152",
        "inspection_date": "2026-08-03",
        "timestamp": "2026-08-03T14:15:24.548Z",
        "recorded_category": "Other",
        "display_class": "OTHER",
        "is_recorded_water_category": false,
        "water_visible_review_status": "NOT_REVIEWED_FROM_IMAGE",
        "gps_accuracy_m": 9.736861251100308,
        "heading_deg": 204.3472442626953,
        "section_id": null,
        "associated_record_ids": [
          "event-7d3ba59a-d220-4e68-8aec-25881dc121a9",
          "event-7d3ba59a-d220-4e68-8aec-25881dc121a9"
        ],
        "note": "",
        "evidence_classification": "Observed",
        "evidence_scope": "OFF_PROPERTY_OR_TEST_REVIEW_REQUIRED",
        "source_family": "AUGUST_3_4_ORIGINAL_FIELD",
        "thumbnail_archive_tag": "AUG4_AI_PACKAGE",
        "thumbnail_archive_member": "photos/152_analysis.jpg",
        "thumbnail_path": "data/photos/all/photo-f6b40009-00c7-4e28-8320-2a68ee095a08.jpg",
        "source_file": "C:/Users/Admin/iCloudDrive/Downloads/Pearson_Road_Inspection_AI_ANALYSIS_REPORT_PACKAGE_2026-08-04_151016_633_export_report_2026_08_04_151016_633_b7b522724099.zip::AI_ANALYSIS.json",
        "source_files": [
          "C:/Users/Admin/iCloudDrive/Downloads/Pearson_Road_Inspection_AI_ANALYSIS_REPORT_PACKAGE_2026-08-04_151016_633_export_report_2026_08_04_151016_633_b7b522724099.zip::AI_ANALYSIS.json"
        ]
      }
    },
    {
      "type": "Feature",
      "geometry": {
        "type": "Point",
        "coordinates": [
          -87.09170249627377,
          30.491099608395228
        ]
      },
      "properties": {
        "record_type": "photograph",
        "photo_id": "photo-382908f3-b9a8-4b4b-8815-c8e2aeaaceb8",
        "photo_number": "P153",
        "inspection_date": "2026-08-03",
        "timestamp": "2026-08-03T14:15:34.994Z",
        "recorded_category": "Other",
        "display_class": "OTHER",
        "is_recorded_water_category": false,
        "water_visible_review_status": "NOT_REVIEWED_FROM_IMAGE",
        "gps_accuracy_m": 9.883222879341965,
        "heading_deg": 36.14409637451172,
        "section_id": null,
        "associated_record_ids": [
          "event-185cca09-de78-4b52-8a13-c08cd4e53fdd",
          "event-185cca09-de78-4b52-8a13-c08cd4e53fdd"
        ],
        "note": "",
        "evidence_classification": "Observed",
        "evidence_scope": "OFF_PROPERTY_OR_TEST_REVIEW_REQUIRED",
        "source_family": "AUGUST_3_4_ORIGINAL_FIELD",
        "thumbnail_archive_tag": "AUG4_AI_PACKAGE",
        "thumbnail_archive_member": "photos/153_analysis.jpg",
        "thumbnail_path": "data/photos/all/photo-382908f3-b9a8-4b4b-8815-c8e2aeaaceb8.jpg",
        "source_file": "C:/Users/Admin/iCloudDrive/Downloads/Pearson_Road_Inspection_AI_ANALYSIS_REPORT_PACKAGE_2026-08-04_151016_633_export_report_2026_08_04_151016_633_b7b522724099.zip::AI_ANALYSIS.json",
        "source_files": [
          "C:/Users/Admin/iCloudDrive/Downloads/Pearson_Road_Inspection_AI_ANALYSIS_REPORT_PACKAGE_2026-08-04_151016_633_export_report_2026_08_04_151016_633_b7b522724099.zip::AI_ANALYSIS.json"
        ]
      }
    },
    {
      "type": "Feature",
      "geometry": {
        "type": "Point",
        "coordinates": [
          -87.09163738457413,
          30.49113596895075
        ]
      },
      "properties": {
        "record_type": "photograph",
        "photo_id": "photo-f9098cac-b617-4ee9-acc5-e3da7142a245",
        "photo_number": "P154",
        "inspection_date": "2026-08-03",
        "timestamp": "2026-08-03T14:15:58.143Z",
        "recorded_category": "Other",
        "display_class": "OTHER",
        "is_recorded_water_category": false,
        "water_visible_review_status": "NOT_REVIEWED_FROM_IMAGE",
        "gps_accuracy_m": 9.620333804750409,
        "heading_deg": 286.352783203125,
        "section_id": null,
        "associated_record_ids": [
          "event-c0ce9245-e4f3-4f89-a43a-72d8e8bfbc4c",
          "event-c0ce9245-e4f3-4f89-a43a-72d8e8bfbc4c"
        ],
        "note": "",
        "evidence_classification": "Observed",
        "evidence_scope": "OFF_PROPERTY_OR_TEST_REVIEW_REQUIRED",
        "source_family": "AUGUST_3_4_ORIGINAL_FIELD",
        "thumbnail_archive_tag": "AUG4_AI_PACKAGE",
        "thumbnail_archive_member": "photos/154_analysis.jpg",
        "thumbnail_path": "data/photos/all/photo-f9098cac-b617-4ee9-acc5-e3da7142a245.jpg",
        "source_file": "C:/Users/Admin/iCloudDrive/Downloads/Pearson_Road_Inspection_AI_ANALYSIS_REPORT_PACKAGE_2026-08-04_151016_633_export_report_2026_08_04_151016_633_b7b522724099.zip::AI_ANALYSIS.json",
        "source_files": [
          "C:/Users/Admin/iCloudDrive/Downloads/Pearson_Road_Inspection_AI_ANALYSIS_REPORT_PACKAGE_2026-08-04_151016_633_export_report_2026_08_04_151016_633_b7b522724099.zip::AI_ANALYSIS.json"
        ]
      }
    },
    {
      "type": "Feature",
      "geometry": {
        "type": "Point",
        "coordinates": [
          -87.09164509427077,
          30.49113095099348
        ]
      },
      "properties": {
        "record_type": "photograph",
        "photo_id": "photo-66fbe17f-84aa-485c-ba41-94e2188e1253",
        "photo_number": "P155",
        "inspection_date": "2026-08-03",
        "timestamp": "2026-08-03T14:16:05.084Z",
        "recorded_category": "Other",
        "display_class": "OTHER",
        "is_recorded_water_category": false,
        "water_visible_review_status": "NOT_REVIEWED_FROM_IMAGE",
        "gps_accuracy_m": 8.85886016146091,
        "heading_deg": 300.43975830078125,
        "section_id": null,
        "associated_record_ids": [
          "event-137fee1e-79fc-44cb-8dac-ca4fd1155cc8",
          "event-137fee1e-79fc-44cb-8dac-ca4fd1155cc8"
        ],
        "note": "",
        "evidence_classification": "Observed",
        "evidence_scope": "OFF_PROPERTY_OR_TEST_REVIEW_REQUIRED",
        "source_family": "AUGUST_3_4_ORIGINAL_FIELD",
        "thumbnail_archive_tag": "AUG4_AI_PACKAGE",
        "thumbnail_archive_member": "photos/155_analysis.jpg",
        "thumbnail_path": "data/photos/all/photo-66fbe17f-84aa-485c-ba41-94e2188e1253.jpg",
        "source_file": "C:/Users/Admin/iCloudDrive/Downloads/Pearson_Road_Inspection_AI_ANALYSIS_REPORT_PACKAGE_2026-08-04_151016_633_export_report_2026_08_04_151016_633_b7b522724099.zip::AI_ANALYSIS.json",
        "source_files": [
          "C:/Users/Admin/iCloudDrive/Downloads/Pearson_Road_Inspection_AI_ANALYSIS_REPORT_PACKAGE_2026-08-04_151016_633_export_report_2026_08_04_151016_633_b7b522724099.zip::AI_ANALYSIS.json"
        ]
      }
    },
    {
      "type": "Feature",
      "geometry": {
        "type": "Point",
        "coordinates": [
          -87.09162989036847,
          30.491125896698335
        ]
      },
      "properties": {
        "record_type": "photograph",
        "photo_id": "photo-adddfe1f-341d-4d04-b16b-3d7281fe0aad",
        "photo_number": "P156",
        "inspection_date": "2026-08-03",
        "timestamp": "2026-08-03T14:16:13.941Z",
        "recorded_category": "Other",
        "display_class": "OTHER",
        "is_recorded_water_category": false,
        "water_visible_review_status": "NOT_REVIEWED_FROM_IMAGE",
        "gps_accuracy_m": 8.284051759950586,
        "heading_deg": 319.8173522949219,
        "section_id": null,
        "associated_record_ids": [
          "event-77c0ee80-3b50-462e-8a99-040180a2274d",
          "event-77c0ee80-3b50-462e-8a99-040180a2274d"
        ],
        "note": "",
        "evidence_classification": "Observed",
        "evidence_scope": "OFF_PROPERTY_OR_TEST_REVIEW_REQUIRED",
        "source_family": "AUGUST_3_4_ORIGINAL_FIELD",
        "thumbnail_archive_tag": "AUG4_AI_PACKAGE",
        "thumbnail_archive_member": "photos/156_analysis.jpg",
        "thumbnail_path": "data/photos/all/photo-adddfe1f-341d-4d04-b16b-3d7281fe0aad.jpg",
        "source_file": "C:/Users/Admin/iCloudDrive/Downloads/Pearson_Road_Inspection_AI_ANALYSIS_REPORT_PACKAGE_2026-08-04_151016_633_export_report_2026_08_04_151016_633_b7b522724099.zip::AI_ANALYSIS.json",
        "source_files": [
          "C:/Users/Admin/iCloudDrive/Downloads/Pearson_Road_Inspection_AI_ANALYSIS_REPORT_PACKAGE_2026-08-04_151016_633_export_report_2026_08_04_151016_633_b7b522724099.zip::AI_ANALYSIS.json"
        ]
      }
    },
    {
      "type": "Feature",
      "geometry": {
        "type": "Point",
        "coordinates": [
          -87.09161880338137,
          30.491070047574603
        ]
      },
      "properties": {
        "record_type": "photograph",
        "photo_id": "photo-280b757d-e17b-41db-a794-9ec2bb143e4a",
        "photo_number": "P157",
        "inspection_date": "2026-08-03",
        "timestamp": "2026-08-03T14:16:57.919Z",
        "recorded_category": "Other",
        "display_class": "OTHER",
        "is_recorded_water_category": false,
        "water_visible_review_status": "NOT_REVIEWED_FROM_IMAGE",
        "gps_accuracy_m": 10.9691973343959,
        "heading_deg": 156.68177795410156,
        "section_id": null,
        "associated_record_ids": [
          "event-5b51e70d-2e16-4a06-8aca-334dd27eb4d6",
          "event-5b51e70d-2e16-4a06-8aca-334dd27eb4d6"
        ],
        "note": "",
        "evidence_classification": "Observed",
        "evidence_scope": "OFF_PROPERTY_OR_TEST_REVIEW_REQUIRED",
        "source_family": "AUGUST_3_4_ORIGINAL_FIELD",
        "thumbnail_archive_tag": "AUG4_AI_PACKAGE",
        "thumbnail_archive_member": "photos/157_analysis.jpg",
        "thumbnail_path": "data/photos/all/photo-280b757d-e17b-41db-a794-9ec2bb143e4a.jpg",
        "source_file": "C:/Users/Admin/iCloudDrive/Downloads/Pearson_Road_Inspection_AI_ANALYSIS_REPORT_PACKAGE_2026-08-04_151016_633_export_report_2026_08_04_151016_633_b7b522724099.zip::AI_ANALYSIS.json",
        "source_files": [
          "C:/Users/Admin/iCloudDrive/Downloads/Pearson_Road_Inspection_AI_ANALYSIS_REPORT_PACKAGE_2026-08-04_151016_633_export_report_2026_08_04_151016_633_b7b522724099.zip::AI_ANALYSIS.json"
        ]
      }
    },
    {
      "type": "Feature",
      "geometry": {
        "type": "Point",
        "coordinates": [
          -87.09162269997336,
          30.491087269683025
        ]
      },
      "properties": {
        "record_type": "photograph",
        "photo_id": "photo-ac6ada32-2b56-4ce2-89a7-1196baaf37d5",
        "photo_number": "P158",
        "inspection_date": "2026-08-03",
        "timestamp": "2026-08-03T14:17:26.479Z",
        "recorded_category": "Other",
        "display_class": "OTHER",
        "is_recorded_water_category": false,
        "water_visible_review_status": "NOT_REVIEWED_FROM_IMAGE",
        "gps_accuracy_m": 8.35182614410872,
        "heading_deg": 167.81219482421875,
        "section_id": null,
        "associated_record_ids": [
          "event-54541b2a-3057-4055-8a45-14a8e3ada593",
          "event-54541b2a-3057-4055-8a45-14a8e3ada593"
        ],
        "note": "",
        "evidence_classification": "Observed",
        "evidence_scope": "OFF_PROPERTY_OR_TEST_REVIEW_REQUIRED",
        "source_family": "AUGUST_3_4_ORIGINAL_FIELD",
        "thumbnail_archive_tag": "AUG4_AI_PACKAGE",
        "thumbnail_archive_member": "photos/158_analysis.jpg",
        "thumbnail_path": "data/photos/all/photo-ac6ada32-2b56-4ce2-89a7-1196baaf37d5.jpg",
        "source_file": "C:/Users/Admin/iCloudDrive/Downloads/Pearson_Road_Inspection_AI_ANALYSIS_REPORT_PACKAGE_2026-08-04_151016_633_export_report_2026_08_04_151016_633_b7b522724099.zip::AI_ANALYSIS.json",
        "source_files": [
          "C:/Users/Admin/iCloudDrive/Downloads/Pearson_Road_Inspection_AI_ANALYSIS_REPORT_PACKAGE_2026-08-04_151016_633_export_report_2026_08_04_151016_633_b7b522724099.zip::AI_ANALYSIS.json"
        ]
      }
    },
    {
      "type": "Feature",
      "geometry": {
        "type": "Point",
        "coordinates": [
          -87.09158125875477,
          30.49102128497585
        ]
      },
      "properties": {
        "record_type": "photograph",
        "photo_id": "photo-9da16950-34db-4dee-876d-57dd12536436",
        "photo_number": "P159",
        "inspection_date": "2026-08-03",
        "timestamp": "2026-08-03T14:18:15.317Z",
        "recorded_category": "Other",
        "display_class": "OTHER",
        "is_recorded_water_category": false,
        "water_visible_review_status": "NOT_REVIEWED_FROM_IMAGE",
        "gps_accuracy_m": 6.040337522425682,
        "heading_deg": 175.20309448242188,
        "section_id": null,
        "associated_record_ids": [
          "event-de2dca46-4016-4ddf-b159-e0bd49ae3561",
          "event-de2dca46-4016-4ddf-b159-e0bd49ae3561"
        ],
        "note": "",
        "evidence_classification": "Observed",
        "evidence_scope": "OFF_PROPERTY_OR_TEST_REVIEW_REQUIRED",
        "source_family": "AUGUST_3_4_ORIGINAL_FIELD",
        "thumbnail_archive_tag": "AUG4_AI_PACKAGE",
        "thumbnail_archive_member": "photos/159_analysis.jpg",
        "thumbnail_path": "data/photos/all/photo-9da16950-34db-4dee-876d-57dd12536436.jpg",
        "source_file": "C:/Users/Admin/iCloudDrive/Downloads/Pearson_Road_Inspection_AI_ANALYSIS_REPORT_PACKAGE_2026-08-04_151016_633_export_report_2026_08_04_151016_633_b7b522724099.zip::AI_ANALYSIS.json",
        "source_files": [
          "C:/Users/Admin/iCloudDrive/Downloads/Pearson_Road_Inspection_AI_ANALYSIS_REPORT_PACKAGE_2026-08-04_151016_633_export_report_2026_08_04_151016_633_b7b522724099.zip::AI_ANALYSIS.json"
        ]
      }
    },
    {
      "type": "Feature",
      "geometry": {
        "type": "Point",
        "coordinates": [
          -87.09159887162089,
          30.49103961537464
        ]
      },
      "properties": {
        "record_type": "photograph",
        "photo_id": "photo-bc9bae95-e799-40c9-b26b-d0eae45da576",
        "photo_number": "P160",
        "inspection_date": "2026-08-03",
        "timestamp": "2026-08-03T14:18:26.603Z",
        "recorded_category": "Other",
        "display_class": "OTHER",
        "is_recorded_water_category": false,
        "water_visible_review_status": "NOT_REVIEWED_FROM_IMAGE",
        "gps_accuracy_m": 8.111025717965857,
        "heading_deg": 217.84524536132812,
        "section_id": null,
        "associated_record_ids": [
          "event-8425d310-c391-415f-b016-897d8d15dde6",
          "event-8425d310-c391-415f-b016-897d8d15dde6"
        ],
        "note": "",
        "evidence_classification": "Observed",
        "evidence_scope": "OFF_PROPERTY_OR_TEST_REVIEW_REQUIRED",
        "source_family": "AUGUST_3_4_ORIGINAL_FIELD",
        "thumbnail_archive_tag": "AUG4_AI_PACKAGE",
        "thumbnail_archive_member": "photos/160_analysis.jpg",
        "thumbnail_path": "data/photos/all/photo-bc9bae95-e799-40c9-b26b-d0eae45da576.jpg",
        "source_file": "C:/Users/Admin/iCloudDrive/Downloads/Pearson_Road_Inspection_AI_ANALYSIS_REPORT_PACKAGE_2026-08-04_151016_633_export_report_2026_08_04_151016_633_b7b522724099.zip::AI_ANALYSIS.json",
        "source_files": [
          "C:/Users/Admin/iCloudDrive/Downloads/Pearson_Road_Inspection_AI_ANALYSIS_REPORT_PACKAGE_2026-08-04_151016_633_export_report_2026_08_04_151016_633_b7b522724099.zip::AI_ANALYSIS.json"
        ]
      }
    },
    {
      "type": "Feature",
      "geometry": {
        "type": "Point",
        "coordinates": [
          -87.09146420450783,
          30.49098545709842
        ]
      },
      "properties": {
        "record_type": "photograph",
        "photo_id": "photo-e150ece5-1789-448d-a44d-285a4b7167e0",
        "photo_number": "P161",
        "inspection_date": "2026-08-03",
        "timestamp": "2026-08-03T14:19:30.280Z",
        "recorded_category": "Other",
        "display_class": "OTHER",
        "is_recorded_water_category": false,
        "water_visible_review_status": "NOT_REVIEWED_FROM_IMAGE",
        "gps_accuracy_m": 7.892638524468338,
        "heading_deg": 189.57528686523438,
        "section_id": null,
        "associated_record_ids": [
          "event-f8537249-f2b7-4d20-86e0-ac3f63a5a00d",
          "event-f8537249-f2b7-4d20-86e0-ac3f63a5a00d"
        ],
        "note": "",
        "evidence_classification": "Observed",
        "evidence_scope": "OFF_PROPERTY_OR_TEST_REVIEW_REQUIRED",
        "source_family": "AUGUST_3_4_ORIGINAL_FIELD",
        "thumbnail_archive_tag": "AUG4_AI_PACKAGE",
        "thumbnail_archive_member": "photos/161_analysis.jpg",
        "thumbnail_path": "data/photos/all/photo-e150ece5-1789-448d-a44d-285a4b7167e0.jpg",
        "source_file": "C:/Users/Admin/iCloudDrive/Downloads/Pearson_Road_Inspection_AI_ANALYSIS_REPORT_PACKAGE_2026-08-04_151016_633_export_report_2026_08_04_151016_633_b7b522724099.zip::AI_ANALYSIS.json",
        "source_files": [
          "C:/Users/Admin/iCloudDrive/Downloads/Pearson_Road_Inspection_AI_ANALYSIS_REPORT_PACKAGE_2026-08-04_151016_633_export_report_2026_08_04_151016_633_b7b522724099.zip::AI_ANALYSIS.json"
        ]
      }
    },
    {
      "type": "Feature",
      "geometry": {
        "type": "Point",
        "coordinates": [
          -87.09146972411871,
          30.490978879394252
        ]
      },
      "properties": {
        "record_type": "photograph",
        "photo_id": "photo-3454ba9f-0109-40d8-ba91-068dcdcb2312",
        "photo_number": "P162",
        "inspection_date": "2026-08-03",
        "timestamp": "2026-08-03T14:19:40.267Z",
        "recorded_category": "Other",
        "display_class": "OTHER",
        "is_recorded_water_category": false,
        "water_visible_review_status": "NOT_REVIEWED_FROM_IMAGE",
        "gps_accuracy_m": 10.429676479423348,
        "heading_deg": 196.51812744140625,
        "section_id": null,
        "associated_record_ids": [
          "event-3dc04145-cdfc-423a-9fd7-9a062bf4be54",
          "event-3dc04145-cdfc-423a-9fd7-9a062bf4be54"
        ],
        "note": "",
        "evidence_classification": "Observed",
        "evidence_scope": "OFF_PROPERTY_OR_TEST_REVIEW_REQUIRED",
        "source_family": "AUGUST_3_4_ORIGINAL_FIELD",
        "thumbnail_archive_tag": "AUG4_AI_PACKAGE",
        "thumbnail_archive_member": "photos/162_analysis.jpg",
        "thumbnail_path": "data/photos/all/photo-3454ba9f-0109-40d8-ba91-068dcdcb2312.jpg",
        "source_file": "C:/Users/Admin/iCloudDrive/Downloads/Pearson_Road_Inspection_AI_ANALYSIS_REPORT_PACKAGE_2026-08-04_151016_633_export_report_2026_08_04_151016_633_b7b522724099.zip::AI_ANALYSIS.json",
        "source_files": [
          "C:/Users/Admin/iCloudDrive/Downloads/Pearson_Road_Inspection_AI_ANALYSIS_REPORT_PACKAGE_2026-08-04_151016_633_export_report_2026_08_04_151016_633_b7b522724099.zip::AI_ANALYSIS.json"
        ]
      }
    },
    {
      "type": "Feature",
      "geometry": {
        "type": "Point",
        "coordinates": [
          -87.09145891132196,
          30.4909836057663
        ]
      },
      "properties": {
        "record_type": "photograph",
        "photo_id": "photo-79749fa1-a67b-4e5a-a22e-e2593fe1e8ec",
        "photo_number": "P163",
        "inspection_date": "2026-08-03",
        "timestamp": "2026-08-03T14:20:17.465Z",
        "recorded_category": "Other",
        "display_class": "OTHER",
        "is_recorded_water_category": false,
        "water_visible_review_status": "NOT_REVIEWED_FROM_IMAGE",
        "gps_accuracy_m": 11.644525684737932,
        "heading_deg": 118.20439147949219,
        "section_id": null,
        "associated_record_ids": [
          "event-945f673a-92ca-4b00-b807-0159704f6974",
          "event-945f673a-92ca-4b00-b807-0159704f6974"
        ],
        "note": "",
        "evidence_classification": "Observed",
        "evidence_scope": "OFF_PROPERTY_OR_TEST_REVIEW_REQUIRED",
        "source_family": "AUGUST_3_4_ORIGINAL_FIELD",
        "thumbnail_archive_tag": "AUG4_AI_PACKAGE",
        "thumbnail_archive_member": "photos/163_analysis.jpg",
        "thumbnail_path": "data/photos/all/photo-79749fa1-a67b-4e5a-a22e-e2593fe1e8ec.jpg",
        "source_file": "C:/Users/Admin/iCloudDrive/Downloads/Pearson_Road_Inspection_AI_ANALYSIS_REPORT_PACKAGE_2026-08-04_151016_633_export_report_2026_08_04_151016_633_b7b522724099.zip::AI_ANALYSIS.json",
        "source_files": [
          "C:/Users/Admin/iCloudDrive/Downloads/Pearson_Road_Inspection_AI_ANALYSIS_REPORT_PACKAGE_2026-08-04_151016_633_export_report_2026_08_04_151016_633_b7b522724099.zip::AI_ANALYSIS.json"
        ]
      }
    },
    {
      "type": "Feature",
      "geometry": {
        "type": "Point",
        "coordinates": [
          -87.09145131905635,
          30.49099762788682
        ]
      },
      "properties": {
        "record_type": "photograph",
        "photo_id": "photo-6a49d02a-bce6-4cd2-b273-4e448369c396",
        "photo_number": "P164",
        "inspection_date": "2026-08-03",
        "timestamp": "2026-08-03T14:20:23.168Z",
        "recorded_category": "Other",
        "display_class": "OTHER",
        "is_recorded_water_category": false,
        "water_visible_review_status": "NOT_REVIEWED_FROM_IMAGE",
        "gps_accuracy_m": 11.391578943593965,
        "heading_deg": 54.22806930541992,
        "section_id": null,
        "associated_record_ids": [
          "event-ec285d96-b3a9-49e3-a47a-86903688d4c4",
          "event-ec285d96-b3a9-49e3-a47a-86903688d4c4"
        ],
        "note": "",
        "evidence_classification": "Observed",
        "evidence_scope": "OFF_PROPERTY_OR_TEST_REVIEW_REQUIRED",
        "source_family": "AUGUST_3_4_ORIGINAL_FIELD",
        "thumbnail_archive_tag": "AUG4_AI_PACKAGE",
        "thumbnail_archive_member": "photos/164_analysis.jpg",
        "thumbnail_path": "data/photos/all/photo-6a49d02a-bce6-4cd2-b273-4e448369c396.jpg",
        "source_file": "C:/Users/Admin/iCloudDrive/Downloads/Pearson_Road_Inspection_AI_ANALYSIS_REPORT_PACKAGE_2026-08-04_151016_633_export_report_2026_08_04_151016_633_b7b522724099.zip::AI_ANALYSIS.json",
        "source_files": [
          "C:/Users/Admin/iCloudDrive/Downloads/Pearson_Road_Inspection_AI_ANALYSIS_REPORT_PACKAGE_2026-08-04_151016_633_export_report_2026_08_04_151016_633_b7b522724099.zip::AI_ANALYSIS.json"
        ]
      }
    },
    {
      "type": "Feature",
      "geometry": {
        "type": "Point",
        "coordinates": [
          -87.09148279983398,
          30.4910108797311
        ]
      },
      "properties": {
        "record_type": "photograph",
        "photo_id": "photo-cfe3462a-ab2f-4680-b15b-d3b738f4bf90",
        "photo_number": "P165",
        "inspection_date": "2026-08-03",
        "timestamp": "2026-08-03T14:20:37.856Z",
        "recorded_category": "Other",
        "display_class": "OTHER",
        "is_recorded_water_category": false,
        "water_visible_review_status": "NOT_REVIEWED_FROM_IMAGE",
        "gps_accuracy_m": 12.297928481651752,
        "heading_deg": 285.1461486816406,
        "section_id": null,
        "associated_record_ids": [
          "event-eaea435c-816c-4e94-a9e4-b762c763690b",
          "event-eaea435c-816c-4e94-a9e4-b762c763690b"
        ],
        "note": "",
        "evidence_classification": "Observed",
        "evidence_scope": "OFF_PROPERTY_OR_TEST_REVIEW_REQUIRED",
        "source_family": "AUGUST_3_4_ORIGINAL_FIELD",
        "thumbnail_archive_tag": "AUG4_AI_PACKAGE",
        "thumbnail_archive_member": "photos/165_analysis.jpg",
        "thumbnail_path": "data/photos/all/photo-cfe3462a-ab2f-4680-b15b-d3b738f4bf90.jpg",
        "source_file": "C:/Users/Admin/iCloudDrive/Downloads/Pearson_Road_Inspection_AI_ANALYSIS_REPORT_PACKAGE_2026-08-04_151016_633_export_report_2026_08_04_151016_633_b7b522724099.zip::AI_ANALYSIS.json",
        "source_files": [
          "C:/Users/Admin/iCloudDrive/Downloads/Pearson_Road_Inspection_AI_ANALYSIS_REPORT_PACKAGE_2026-08-04_151016_633_export_report_2026_08_04_151016_633_b7b522724099.zip::AI_ANALYSIS.json"
        ]
      }
    },
    {
      "type": "Feature",
      "geometry": {
        "type": "Point",
        "coordinates": [
          -87.09148379769249,
          30.490996920397908
        ]
      },
      "properties": {
        "record_type": "photograph",
        "photo_id": "photo-3f35cbe5-d477-40b4-b6f0-ae32e21c49ba",
        "photo_number": "P166",
        "inspection_date": "2026-08-03",
        "timestamp": "2026-08-03T14:20:47.711Z",
        "recorded_category": "Other",
        "display_class": "OTHER",
        "is_recorded_water_category": false,
        "water_visible_review_status": "NOT_REVIEWED_FROM_IMAGE",
        "gps_accuracy_m": 12.610323158413406,
        "heading_deg": 321.46343994140625,
        "section_id": null,
        "associated_record_ids": [
          "event-491fbdef-bd0a-4b48-a8e3-866528185efd",
          "event-491fbdef-bd0a-4b48-a8e3-866528185efd"
        ],
        "note": "",
        "evidence_classification": "Observed",
        "evidence_scope": "OFF_PROPERTY_OR_TEST_REVIEW_REQUIRED",
        "source_family": "AUGUST_3_4_ORIGINAL_FIELD",
        "thumbnail_archive_tag": "AUG4_AI_PACKAGE",
        "thumbnail_archive_member": "photos/166_analysis.jpg",
        "thumbnail_path": "data/photos/all/photo-3f35cbe5-d477-40b4-b6f0-ae32e21c49ba.jpg",
        "source_file": "C:/Users/Admin/iCloudDrive/Downloads/Pearson_Road_Inspection_AI_ANALYSIS_REPORT_PACKAGE_2026-08-04_151016_633_export_report_2026_08_04_151016_633_b7b522724099.zip::AI_ANALYSIS.json",
        "source_files": [
          "C:/Users/Admin/iCloudDrive/Downloads/Pearson_Road_Inspection_AI_ANALYSIS_REPORT_PACKAGE_2026-08-04_151016_633_export_report_2026_08_04_151016_633_b7b522724099.zip::AI_ANALYSIS.json"
        ]
      }
    },
    {
      "type": "Feature",
      "geometry": {
        "type": "Point",
        "coordinates": [
          -87.0914554605259,
          30.491000183881926
        ]
      },
      "properties": {
        "record_type": "photograph",
        "photo_id": "photo-9b54fe2c-a0b7-4c3b-ad80-ff76ac4560b8",
        "photo_number": "P167",
        "inspection_date": "2026-08-03",
        "timestamp": "2026-08-03T14:21:00.501Z",
        "recorded_category": "Other",
        "display_class": "OTHER",
        "is_recorded_water_category": false,
        "water_visible_review_status": "NOT_REVIEWED_FROM_IMAGE",
        "gps_accuracy_m": 11.266744610414317,
        "heading_deg": 355.6831970214844,
        "section_id": null,
        "associated_record_ids": [
          "event-fc512b62-ff0e-4efd-b652-38a3acc19a2d",
          "event-fc512b62-ff0e-4efd-b652-38a3acc19a2d"
        ],
        "note": "",
        "evidence_classification": "Observed",
        "evidence_scope": "OFF_PROPERTY_OR_TEST_REVIEW_REQUIRED",
        "source_family": "AUGUST_3_4_ORIGINAL_FIELD",
        "thumbnail_archive_tag": "AUG4_AI_PACKAGE",
        "thumbnail_archive_member": "photos/167_analysis.jpg",
        "thumbnail_path": "data/photos/all/photo-9b54fe2c-a0b7-4c3b-ad80-ff76ac4560b8.jpg",
        "source_file": "C:/Users/Admin/iCloudDrive/Downloads/Pearson_Road_Inspection_AI_ANALYSIS_REPORT_PACKAGE_2026-08-04_151016_633_export_report_2026_08_04_151016_633_b7b522724099.zip::AI_ANALYSIS.json",
        "source_files": [
          "C:/Users/Admin/iCloudDrive/Downloads/Pearson_Road_Inspection_AI_ANALYSIS_REPORT_PACKAGE_2026-08-04_151016_633_export_report_2026_08_04_151016_633_b7b522724099.zip::AI_ANALYSIS.json"
        ]
      }
    },
    {
      "type": "Feature",
      "geometry": {
        "type": "Point",
        "coordinates": [
          -87.09140695800644,
          30.491008449552535
        ]
      },
      "properties": {
        "record_type": "photograph",
        "photo_id": "photo-67c41daa-0ccc-4041-9428-d47deeef886b",
        "photo_number": "P168",
        "inspection_date": "2026-08-03",
        "timestamp": "2026-08-03T14:21:23.847Z",
        "recorded_category": "Other",
        "display_class": "OTHER",
        "is_recorded_water_category": false,
        "water_visible_review_status": "NOT_REVIEWED_FROM_IMAGE",
        "gps_accuracy_m": 11.075147083331325,
        "heading_deg": 101.16716766357422,
        "section_id": null,
        "associated_record_ids": [
          "event-f508718d-e38e-4623-b463-1749f61af03b",
          "event-f508718d-e38e-4623-b463-1749f61af03b"
        ],
        "note": "",
        "evidence_classification": "Observed",
        "evidence_scope": "OFF_PROPERTY_OR_TEST_REVIEW_REQUIRED",
        "source_family": "AUGUST_3_4_ORIGINAL_FIELD",
        "thumbnail_archive_tag": "AUG4_AI_PACKAGE",
        "thumbnail_archive_member": "photos/168_analysis.jpg",
        "thumbnail_path": "data/photos/all/photo-67c41daa-0ccc-4041-9428-d47deeef886b.jpg",
        "source_file": "C:/Users/Admin/iCloudDrive/Downloads/Pearson_Road_Inspection_AI_ANALYSIS_REPORT_PACKAGE_2026-08-04_151016_633_export_report_2026_08_04_151016_633_b7b522724099.zip::AI_ANALYSIS.json",
        "source_files": [
          "C:/Users/Admin/iCloudDrive/Downloads/Pearson_Road_Inspection_AI_ANALYSIS_REPORT_PACKAGE_2026-08-04_151016_633_export_report_2026_08_04_151016_633_b7b522724099.zip::AI_ANALYSIS.json"
        ]
      }
    },
    {
      "type": "Feature",
      "geometry": {
        "type": "Point",
        "coordinates": [
          -87.09140625612795,
          30.490997244801502
        ]
      },
      "properties": {
        "record_type": "photograph",
        "photo_id": "photo-55ba112a-42f5-4b66-8cbe-3776481b7d1b",
        "photo_number": "P169",
        "inspection_date": "2026-08-03",
        "timestamp": "2026-08-03T14:21:32.909Z",
        "recorded_category": "Other",
        "display_class": "OTHER",
        "is_recorded_water_category": false,
        "water_visible_review_status": "NOT_REVIEWED_FROM_IMAGE",
        "gps_accuracy_m": 11.70608161836166,
        "heading_deg": 128.2664794921875,
        "section_id": null,
        "associated_record_ids": [
          "event-a900f797-dcf8-4c6b-aa86-efafa3383b00",
          "event-a900f797-dcf8-4c6b-aa86-efafa3383b00"
        ],
        "note": "",
        "evidence_classification": "Observed",
        "evidence_scope": "OFF_PROPERTY_OR_TEST_REVIEW_REQUIRED",
        "source_family": "AUGUST_3_4_ORIGINAL_FIELD",
        "thumbnail_archive_tag": "AUG4_AI_PACKAGE",
        "thumbnail_archive_member": "photos/169_analysis.jpg",
        "thumbnail_path": "data/photos/all/photo-55ba112a-42f5-4b66-8cbe-3776481b7d1b.jpg",
        "source_file": "C:/Users/Admin/iCloudDrive/Downloads/Pearson_Road_Inspection_AI_ANALYSIS_REPORT_PACKAGE_2026-08-04_151016_633_export_report_2026_08_04_151016_633_b7b522724099.zip::AI_ANALYSIS.json",
        "source_files": [
          "C:/Users/Admin/iCloudDrive/Downloads/Pearson_Road_Inspection_AI_ANALYSIS_REPORT_PACKAGE_2026-08-04_151016_633_export_report_2026_08_04_151016_633_b7b522724099.zip::AI_ANALYSIS.json"
        ]
      }
    },
    {
      "type": "Feature",
      "geometry": {
        "type": "Point",
        "coordinates": [
          -87.09141096455629,
          30.491001837257038
        ]
      },
      "properties": {
        "record_type": "photograph",
        "photo_id": "photo-7925b484-ab9a-4cad-b8eb-68f704a6d123",
        "photo_number": "P170",
        "inspection_date": "2026-08-03",
        "timestamp": "2026-08-03T14:21:47.905Z",
        "recorded_category": "Other",
        "display_class": "OTHER",
        "is_recorded_water_category": false,
        "water_visible_review_status": "NOT_REVIEWED_FROM_IMAGE",
        "gps_accuracy_m": 13.325261686579154,
        "heading_deg": 151.40858459472656,
        "section_id": null,
        "associated_record_ids": [
          "event-c3c2fbc4-7978-4fad-9981-fd6c1cdf1711",
          "event-c3c2fbc4-7978-4fad-9981-fd6c1cdf1711"
        ],
        "note": "",
        "evidence_classification": "Observed",
        "evidence_scope": "OFF_PROPERTY_OR_TEST_REVIEW_REQUIRED",
        "source_family": "AUGUST_3_4_ORIGINAL_FIELD",
        "thumbnail_archive_tag": "AUG4_AI_PACKAGE",
        "thumbnail_archive_member": "photos/170_analysis.jpg",
        "thumbnail_path": "data/photos/all/photo-7925b484-ab9a-4cad-b8eb-68f704a6d123.jpg",
        "source_file": "C:/Users/Admin/iCloudDrive/Downloads/Pearson_Road_Inspection_AI_ANALYSIS_REPORT_PACKAGE_2026-08-04_151016_633_export_report_2026_08_04_151016_633_b7b522724099.zip::AI_ANALYSIS.json",
        "source_files": [
          "C:/Users/Admin/iCloudDrive/Downloads/Pearson_Road_Inspection_AI_ANALYSIS_REPORT_PACKAGE_2026-08-04_151016_633_export_report_2026_08_04_151016_633_b7b522724099.zip::AI_ANALYSIS.json"
        ]
      }
    },
    {
      "type": "Feature",
      "geometry": {
        "type": "Point",
        "coordinates": [
          -87.09142405783994,
          30.491007999491725
        ]
      },
      "properties": {
        "record_type": "photograph",
        "photo_id": "photo-700f0078-5c5f-4881-9eba-2dadabdb2db8",
        "photo_number": "P171",
        "inspection_date": "2026-08-03",
        "timestamp": "2026-08-03T14:21:58.452Z",
        "recorded_category": "Other",
        "display_class": "OTHER",
        "is_recorded_water_category": false,
        "water_visible_review_status": "NOT_REVIEWED_FROM_IMAGE",
        "gps_accuracy_m": 12.433459663233377,
        "heading_deg": 173.511962890625,
        "section_id": null,
        "associated_record_ids": [
          "event-089e602d-d97a-479e-ba23-6317a4f4906e",
          "event-089e602d-d97a-479e-ba23-6317a4f4906e"
        ],
        "note": "",
        "evidence_classification": "Observed",
        "evidence_scope": "OFF_PROPERTY_OR_TEST_REVIEW_REQUIRED",
        "source_family": "AUGUST_3_4_ORIGINAL_FIELD",
        "thumbnail_archive_tag": "AUG4_AI_PACKAGE",
        "thumbnail_archive_member": "photos/171_analysis.jpg",
        "thumbnail_path": "data/photos/all/photo-700f0078-5c5f-4881-9eba-2dadabdb2db8.jpg",
        "source_file": "C:/Users/Admin/iCloudDrive/Downloads/Pearson_Road_Inspection_AI_ANALYSIS_REPORT_PACKAGE_2026-08-04_151016_633_export_report_2026_08_04_151016_633_b7b522724099.zip::AI_ANALYSIS.json",
        "source_files": [
          "C:/Users/Admin/iCloudDrive/Downloads/Pearson_Road_Inspection_AI_ANALYSIS_REPORT_PACKAGE_2026-08-04_151016_633_export_report_2026_08_04_151016_633_b7b522724099.zip::AI_ANALYSIS.json"
        ]
      }
    },
    {
      "type": "Feature",
      "geometry": {
        "type": "Point",
        "coordinates": [
          -87.09143045836589,
          30.490996919574073
        ]
      },
      "properties": {
        "record_type": "photograph",
        "photo_id": "photo-b8a235b8-0bd8-408c-9a09-5bfec4b63ec6",
        "photo_number": "P172",
        "inspection_date": "2026-08-03",
        "timestamp": "2026-08-03T14:22:05.915Z",
        "recorded_category": "Other",
        "display_class": "OTHER",
        "is_recorded_water_category": false,
        "water_visible_review_status": "NOT_REVIEWED_FROM_IMAGE",
        "gps_accuracy_m": 11.993657190880159,
        "heading_deg": 109.68999481201172,
        "section_id": null,
        "associated_record_ids": [
          "event-c424795e-c4d4-47f2-bdfa-8e6ace7e342d",
          "event-c424795e-c4d4-47f2-bdfa-8e6ace7e342d"
        ],
        "note": "",
        "evidence_classification": "Observed",
        "evidence_scope": "OFF_PROPERTY_OR_TEST_REVIEW_REQUIRED",
        "source_family": "AUGUST_3_4_ORIGINAL_FIELD",
        "thumbnail_archive_tag": "AUG4_AI_PACKAGE",
        "thumbnail_archive_member": "photos/172_analysis.jpg",
        "thumbnail_path": "data/photos/all/photo-b8a235b8-0bd8-408c-9a09-5bfec4b63ec6.jpg",
        "source_file": "C:/Users/Admin/iCloudDrive/Downloads/Pearson_Road_Inspection_AI_ANALYSIS_REPORT_PACKAGE_2026-08-04_151016_633_export_report_2026_08_04_151016_633_b7b522724099.zip::AI_ANALYSIS.json",
        "source_files": [
          "C:/Users/Admin/iCloudDrive/Downloads/Pearson_Road_Inspection_AI_ANALYSIS_REPORT_PACKAGE_2026-08-04_151016_633_export_report_2026_08_04_151016_633_b7b522724099.zip::AI_ANALYSIS.json"
        ]
      }
    },
    {
      "type": "Feature",
      "geometry": {
        "type": "Point",
        "coordinates": [
          -87.09135789432291,
          30.49103595784911
        ]
      },
      "properties": {
        "record_type": "photograph",
        "photo_id": "photo-2953277d-d5ac-40e1-bd44-96eb5dabcf1b",
        "photo_number": "P173",
        "inspection_date": "2026-08-03",
        "timestamp": "2026-08-03T14:23:47.253Z",
        "recorded_category": "Other",
        "display_class": "OTHER",
        "is_recorded_water_category": false,
        "water_visible_review_status": "NOT_REVIEWED_FROM_IMAGE",
        "gps_accuracy_m": 3.5355339059327373,
        "heading_deg": 134.81639099121094,
        "section_id": null,
        "associated_record_ids": [
          "event-753fb6dc-ac87-4524-8812-c44f2289fd35",
          "event-753fb6dc-ac87-4524-8812-c44f2289fd35"
        ],
        "note": "",
        "evidence_classification": "Observed",
        "evidence_scope": "OFF_PROPERTY_OR_TEST_REVIEW_REQUIRED",
        "source_family": "AUGUST_3_4_ORIGINAL_FIELD",
        "thumbnail_archive_tag": "AUG4_AI_PACKAGE",
        "thumbnail_archive_member": "photos/173_analysis.jpg",
        "thumbnail_path": "data/photos/all/photo-2953277d-d5ac-40e1-bd44-96eb5dabcf1b.jpg",
        "source_file": "C:/Users/Admin/iCloudDrive/Downloads/Pearson_Road_Inspection_AI_ANALYSIS_REPORT_PACKAGE_2026-08-04_151016_633_export_report_2026_08_04_151016_633_b7b522724099.zip::AI_ANALYSIS.json",
        "source_files": [
          "C:/Users/Admin/iCloudDrive/Downloads/Pearson_Road_Inspection_AI_ANALYSIS_REPORT_PACKAGE_2026-08-04_151016_633_export_report_2026_08_04_151016_633_b7b522724099.zip::AI_ANALYSIS.json"
        ]
      }
    },
    {
      "type": "Feature",
      "geometry": {
        "type": "Point",
        "coordinates": [
          -87.09118022576308,
          30.49111669261983
        ]
      },
      "properties": {
        "record_type": "photograph",
        "photo_id": "photo-b22ba0d1-36a1-4f1d-af4d-25acf902e609",
        "photo_number": "P174",
        "inspection_date": "2026-08-03",
        "timestamp": "2026-08-03T14:24:45.387Z",
        "recorded_category": "Other",
        "display_class": "OTHER",
        "is_recorded_water_category": false,
        "water_visible_review_status": "NOT_REVIEWED_FROM_IMAGE",
        "gps_accuracy_m": 8.76705823227045,
        "heading_deg": 138.71109008789062,
        "section_id": null,
        "associated_record_ids": [
          "event-a7775d0c-d96e-4cdb-a5e2-54345a6928f9",
          "event-a7775d0c-d96e-4cdb-a5e2-54345a6928f9"
        ],
        "note": "",
        "evidence_classification": "Observed",
        "evidence_scope": "OFF_PROPERTY_OR_TEST_REVIEW_REQUIRED",
        "source_family": "AUGUST_3_4_ORIGINAL_FIELD",
        "thumbnail_archive_tag": "AUG4_AI_PACKAGE",
        "thumbnail_archive_member": "photos/174_analysis.jpg",
        "thumbnail_path": "data/photos/all/photo-b22ba0d1-36a1-4f1d-af4d-25acf902e609.jpg",
        "source_file": "C:/Users/Admin/iCloudDrive/Downloads/Pearson_Road_Inspection_AI_ANALYSIS_REPORT_PACKAGE_2026-08-04_151016_633_export_report_2026_08_04_151016_633_b7b522724099.zip::AI_ANALYSIS.json",
        "source_files": [
          "C:/Users/Admin/iCloudDrive/Downloads/Pearson_Road_Inspection_AI_ANALYSIS_REPORT_PACKAGE_2026-08-04_151016_633_export_report_2026_08_04_151016_633_b7b522724099.zip::AI_ANALYSIS.json"
        ]
      }
    },
    {
      "type": "Feature",
      "geometry": {
        "type": "Point",
        "coordinates": [
          -87.09111980842555,
          30.491102416746983
        ]
      },
      "properties": {
        "record_type": "photograph",
        "photo_id": "photo-d507caea-6499-4bb3-9648-9b4f052d55e1",
        "photo_number": "P175",
        "inspection_date": "2026-08-03",
        "timestamp": "2026-08-03T14:25:02.143Z",
        "recorded_category": "Other",
        "display_class": "OTHER",
        "is_recorded_water_category": false,
        "water_visible_review_status": "NOT_REVIEWED_FROM_IMAGE",
        "gps_accuracy_m": 9.416361379547075,
        "heading_deg": 93.35039520263672,
        "section_id": null,
        "associated_record_ids": [
          "event-58074889-0810-42de-8858-e5baf1500fa1",
          "event-58074889-0810-42de-8858-e5baf1500fa1"
        ],
        "note": "",
        "evidence_classification": "Observed",
        "evidence_scope": "OFF_PROPERTY_OR_TEST_REVIEW_REQUIRED",
        "source_family": "AUGUST_3_4_ORIGINAL_FIELD",
        "thumbnail_archive_tag": "AUG4_AI_PACKAGE",
        "thumbnail_archive_member": "photos/175_analysis.jpg",
        "thumbnail_path": "data/photos/all/photo-d507caea-6499-4bb3-9648-9b4f052d55e1.jpg",
        "source_file": "C:/Users/Admin/iCloudDrive/Downloads/Pearson_Road_Inspection_AI_ANALYSIS_REPORT_PACKAGE_2026-08-04_151016_633_export_report_2026_08_04_151016_633_b7b522724099.zip::AI_ANALYSIS.json",
        "source_files": [
          "C:/Users/Admin/iCloudDrive/Downloads/Pearson_Road_Inspection_AI_ANALYSIS_REPORT_PACKAGE_2026-08-04_151016_633_export_report_2026_08_04_151016_633_b7b522724099.zip::AI_ANALYSIS.json"
        ]
      }
    },
    {
      "type": "Feature",
      "geometry": {
        "type": "Point",
        "coordinates": [
          -87.09112973443202,
          30.491116990117987
        ]
      },
      "properties": {
        "record_type": "photograph",
        "photo_id": "photo-3cb367fc-f046-405c-9b16-fdec47c2cbcd",
        "photo_number": "P176",
        "inspection_date": "2026-08-03",
        "timestamp": "2026-08-03T14:25:07.179Z",
        "recorded_category": "Other",
        "display_class": "OTHER",
        "is_recorded_water_category": false,
        "water_visible_review_status": "NOT_REVIEWED_FROM_IMAGE",
        "gps_accuracy_m": 8.582842521277556,
        "heading_deg": 87.31623840332031,
        "section_id": null,
        "associated_record_ids": [
          "event-c128e782-b80f-4f62-b264-94f7f9fa19e2",
          "event-c128e782-b80f-4f62-b264-94f7f9fa19e2"
        ],
        "note": "",
        "evidence_classification": "Observed",
        "evidence_scope": "OFF_PROPERTY_OR_TEST_REVIEW_REQUIRED",
        "source_family": "AUGUST_3_4_ORIGINAL_FIELD",
        "thumbnail_archive_tag": "AUG4_AI_PACKAGE",
        "thumbnail_archive_member": "photos/176_analysis.jpg",
        "thumbnail_path": "data/photos/all/photo-3cb367fc-f046-405c-9b16-fdec47c2cbcd.jpg",
        "source_file": "C:/Users/Admin/iCloudDrive/Downloads/Pearson_Road_Inspection_AI_ANALYSIS_REPORT_PACKAGE_2026-08-04_151016_633_export_report_2026_08_04_151016_633_b7b522724099.zip::AI_ANALYSIS.json",
        "source_files": [
          "C:/Users/Admin/iCloudDrive/Downloads/Pearson_Road_Inspection_AI_ANALYSIS_REPORT_PACKAGE_2026-08-04_151016_633_export_report_2026_08_04_151016_633_b7b522724099.zip::AI_ANALYSIS.json"
        ]
      }
    },
    {
      "type": "Feature",
      "geometry": {
        "type": "Point",
        "coordinates": [
          -87.0911503655431,
          30.491133978518864
        ]
      },
      "properties": {
        "record_type": "photograph",
        "photo_id": "photo-ac8a2c26-cd54-4943-8ede-b55b4e59d40f",
        "photo_number": "P177",
        "inspection_date": "2026-08-03",
        "timestamp": "2026-08-03T14:25:20.785Z",
        "recorded_category": "Other",
        "display_class": "OTHER",
        "is_recorded_water_category": false,
        "water_visible_review_status": "NOT_REVIEWED_FROM_IMAGE",
        "gps_accuracy_m": 10.6692801333379,
        "heading_deg": 26.5130558013916,
        "section_id": null,
        "associated_record_ids": [
          "event-07d91255-bf39-4697-a39d-23fd64f0ae21",
          "event-07d91255-bf39-4697-a39d-23fd64f0ae21"
        ],
        "note": "",
        "evidence_classification": "Observed",
        "evidence_scope": "OFF_PROPERTY_OR_TEST_REVIEW_REQUIRED",
        "source_family": "AUGUST_3_4_ORIGINAL_FIELD",
        "thumbnail_archive_tag": "AUG4_AI_PACKAGE",
        "thumbnail_archive_member": "photos/177_analysis.jpg",
        "thumbnail_path": "data/photos/all/photo-ac8a2c26-cd54-4943-8ede-b55b4e59d40f.jpg",
        "source_file": "C:/Users/Admin/iCloudDrive/Downloads/Pearson_Road_Inspection_AI_ANALYSIS_REPORT_PACKAGE_2026-08-04_151016_633_export_report_2026_08_04_151016_633_b7b522724099.zip::AI_ANALYSIS.json",
        "source_files": [
          "C:/Users/Admin/iCloudDrive/Downloads/Pearson_Road_Inspection_AI_ANALYSIS_REPORT_PACKAGE_2026-08-04_151016_633_export_report_2026_08_04_151016_633_b7b522724099.zip::AI_ANALYSIS.json"
        ]
      }
    },
    {
      "type": "Feature",
      "geometry": {
        "type": "Point",
        "coordinates": [
          -87.09112940078643,
          30.491106045031536
        ]
      },
      "properties": {
        "record_type": "photograph",
        "photo_id": "photo-04e37040-1493-481a-8c09-7aeff4521180",
        "photo_number": "P178",
        "inspection_date": "2026-08-03",
        "timestamp": "2026-08-03T14:25:30.060Z",
        "recorded_category": "Other",
        "display_class": "OTHER",
        "is_recorded_water_category": false,
        "water_visible_review_status": "NOT_REVIEWED_FROM_IMAGE",
        "gps_accuracy_m": 11.052570518702904,
        "heading_deg": 126.03166198730469,
        "section_id": null,
        "associated_record_ids": [
          "event-a4ee0e07-6c55-4c2e-af6e-b640aac1ed79",
          "event-a4ee0e07-6c55-4c2e-af6e-b640aac1ed79"
        ],
        "note": "",
        "evidence_classification": "Observed",
        "evidence_scope": "OFF_PROPERTY_OR_TEST_REVIEW_REQUIRED",
        "source_family": "AUGUST_3_4_ORIGINAL_FIELD",
        "thumbnail_archive_tag": "AUG4_AI_PACKAGE",
        "thumbnail_archive_member": "photos/178_analysis.jpg",
        "thumbnail_path": "data/photos/all/photo-04e37040-1493-481a-8c09-7aeff4521180.jpg",
        "source_file": "C:/Users/Admin/iCloudDrive/Downloads/Pearson_Road_Inspection_AI_ANALYSIS_REPORT_PACKAGE_2026-08-04_151016_633_export_report_2026_08_04_151016_633_b7b522724099.zip::AI_ANALYSIS.json",
        "source_files": [
          "C:/Users/Admin/iCloudDrive/Downloads/Pearson_Road_Inspection_AI_ANALYSIS_REPORT_PACKAGE_2026-08-04_151016_633_export_report_2026_08_04_151016_633_b7b522724099.zip::AI_ANALYSIS.json"
        ]
      }
    },
    {
      "type": "Feature",
      "geometry": {
        "type": "Point",
        "coordinates": [
          -87.09108348732128,
          30.491093302178573
        ]
      },
      "properties": {
        "record_type": "photograph",
        "photo_id": "photo-0c0e704d-cd2f-4255-b985-0115bb85abdb",
        "photo_number": "P179",
        "inspection_date": "2026-08-03",
        "timestamp": "2026-08-03T14:25:53.088Z",
        "recorded_category": "Other",
        "display_class": "OTHER",
        "is_recorded_water_category": false,
        "water_visible_review_status": "NOT_REVIEWED_FROM_IMAGE",
        "gps_accuracy_m": 9.541531316246331,
        "heading_deg": 106.77735900878906,
        "section_id": null,
        "associated_record_ids": [
          "event-a6dd4509-1638-47af-9f2d-ed87b437204c",
          "event-a6dd4509-1638-47af-9f2d-ed87b437204c"
        ],
        "note": "",
        "evidence_classification": "Observed",
        "evidence_scope": "OFF_PROPERTY_OR_TEST_REVIEW_REQUIRED",
        "source_family": "AUGUST_3_4_ORIGINAL_FIELD",
        "thumbnail_archive_tag": "AUG4_AI_PACKAGE",
        "thumbnail_archive_member": "photos/179_analysis.jpg",
        "thumbnail_path": "data/photos/all/photo-0c0e704d-cd2f-4255-b985-0115bb85abdb.jpg",
        "source_file": "C:/Users/Admin/iCloudDrive/Downloads/Pearson_Road_Inspection_AI_ANALYSIS_REPORT_PACKAGE_2026-08-04_151016_633_export_report_2026_08_04_151016_633_b7b522724099.zip::AI_ANALYSIS.json",
        "source_files": [
          "C:/Users/Admin/iCloudDrive/Downloads/Pearson_Road_Inspection_AI_ANALYSIS_REPORT_PACKAGE_2026-08-04_151016_633_export_report_2026_08_04_151016_633_b7b522724099.zip::AI_ANALYSIS.json"
        ]
      }
    },
    {
      "type": "Feature",
      "geometry": {
        "type": "Point",
        "coordinates": [
          -87.09107969027818,
          30.491095126794608
        ]
      },
      "properties": {
        "record_type": "photograph",
        "photo_id": "photo-5d615718-8058-4251-8a72-60daa47f0dfd",
        "photo_number": "P180",
        "inspection_date": "2026-08-03",
        "timestamp": "2026-08-03T14:26:01.238Z",
        "recorded_category": "Other",
        "display_class": "OTHER",
        "is_recorded_water_category": false,
        "water_visible_review_status": "NOT_REVIEWED_FROM_IMAGE",
        "gps_accuracy_m": 9.711404746373026,
        "heading_deg": 104.81049346923828,
        "section_id": null,
        "associated_record_ids": [
          "event-2949a95b-1220-42ef-b272-d05770c0efa3",
          "event-2949a95b-1220-42ef-b272-d05770c0efa3"
        ],
        "note": "",
        "evidence_classification": "Observed",
        "evidence_scope": "OFF_PROPERTY_OR_TEST_REVIEW_REQUIRED",
        "source_family": "AUGUST_3_4_ORIGINAL_FIELD",
        "thumbnail_archive_tag": "AUG4_AI_PACKAGE",
        "thumbnail_archive_member": "photos/180_analysis.jpg",
        "thumbnail_path": "data/photos/all/photo-5d615718-8058-4251-8a72-60daa47f0dfd.jpg",
        "source_file": "C:/Users/Admin/iCloudDrive/Downloads/Pearson_Road_Inspection_AI_ANALYSIS_REPORT_PACKAGE_2026-08-04_151016_633_export_report_2026_08_04_151016_633_b7b522724099.zip::AI_ANALYSIS.json",
        "source_files": [
          "C:/Users/Admin/iCloudDrive/Downloads/Pearson_Road_Inspection_AI_ANALYSIS_REPORT_PACKAGE_2026-08-04_151016_633_export_report_2026_08_04_151016_633_b7b522724099.zip::AI_ANALYSIS.json"
        ]
      }
    },
    {
      "type": "Feature",
      "geometry": {
        "type": "Point",
        "coordinates": [
          -87.09115573128678,
          30.491197734188013
        ]
      },
      "properties": {
        "record_type": "photograph",
        "photo_id": "photo-759eb724-151c-4804-9d12-bb0622b2e289",
        "photo_number": "P181",
        "inspection_date": "2026-08-03",
        "timestamp": "2026-08-03T14:27:08.179Z",
        "recorded_category": "Other",
        "display_class": "OTHER",
        "is_recorded_water_category": false,
        "water_visible_review_status": "NOT_REVIEWED_FROM_IMAGE",
        "gps_accuracy_m": 12.346673610635971,
        "heading_deg": 88.79474639892578,
        "section_id": null,
        "associated_record_ids": [
          "event-40850fb0-3c72-4677-8fd6-65cffa9a7091",
          "event-40850fb0-3c72-4677-8fd6-65cffa9a7091"
        ],
        "note": "",
        "evidence_classification": "Observed",
        "evidence_scope": "OFF_PROPERTY_OR_TEST_REVIEW_REQUIRED",
        "source_family": "AUGUST_3_4_ORIGINAL_FIELD",
        "thumbnail_archive_tag": "AUG4_AI_PACKAGE",
        "thumbnail_archive_member": "photos/181_analysis.jpg",
        "thumbnail_path": "data/photos/all/photo-759eb724-151c-4804-9d12-bb0622b2e289.jpg",
        "source_file": "C:/Users/Admin/iCloudDrive/Downloads/Pearson_Road_Inspection_AI_ANALYSIS_REPORT_PACKAGE_2026-08-04_151016_633_export_report_2026_08_04_151016_633_b7b522724099.zip::AI_ANALYSIS.json",
        "source_files": [
          "C:/Users/Admin/iCloudDrive/Downloads/Pearson_Road_Inspection_AI_ANALYSIS_REPORT_PACKAGE_2026-08-04_151016_633_export_report_2026_08_04_151016_633_b7b522724099.zip::AI_ANALYSIS.json"
        ]
      }
    },
    {
      "type": "Feature",
      "geometry": {
        "type": "Point",
        "coordinates": [
          -87.09100838922977,
          30.491185172206105
        ]
      },
      "properties": {
        "record_type": "photograph",
        "photo_id": "photo-d598271d-e23f-46b0-8425-33ec71929ea9",
        "photo_number": "P182",
        "inspection_date": "2026-08-03",
        "timestamp": "2026-08-03T14:27:47.185Z",
        "recorded_category": "Other",
        "display_class": "OTHER",
        "is_recorded_water_category": false,
        "water_visible_review_status": "NOT_REVIEWED_FROM_IMAGE",
        "gps_accuracy_m": 6.737360481571672,
        "heading_deg": 23.393341064453125,
        "section_id": null,
        "associated_record_ids": [
          "event-c57f529c-f2c9-4900-85cd-5328d2c5b45f",
          "event-c57f529c-f2c9-4900-85cd-5328d2c5b45f"
        ],
        "note": "",
        "evidence_classification": "Observed",
        "evidence_scope": "OFF_PROPERTY_OR_TEST_REVIEW_REQUIRED",
        "source_family": "AUGUST_3_4_ORIGINAL_FIELD",
        "thumbnail_archive_tag": "AUG4_AI_PACKAGE",
        "thumbnail_archive_member": "photos/182_analysis.jpg",
        "thumbnail_path": "data/photos/all/photo-d598271d-e23f-46b0-8425-33ec71929ea9.jpg",
        "source_file": "C:/Users/Admin/iCloudDrive/Downloads/Pearson_Road_Inspection_AI_ANALYSIS_REPORT_PACKAGE_2026-08-04_151016_633_export_report_2026_08_04_151016_633_b7b522724099.zip::AI_ANALYSIS.json",
        "source_files": [
          "C:/Users/Admin/iCloudDrive/Downloads/Pearson_Road_Inspection_AI_ANALYSIS_REPORT_PACKAGE_2026-08-04_151016_633_export_report_2026_08_04_151016_633_b7b522724099.zip::AI_ANALYSIS.json"
        ]
      }
    },
    {
      "type": "Feature",
      "geometry": {
        "type": "Point",
        "coordinates": [
          -87.0909971133048,
          30.49118467509091
        ]
      },
      "properties": {
        "record_type": "photograph",
        "photo_id": "photo-c11e29e9-8ff8-418a-9b4b-a715bc2c1d4b",
        "photo_number": "P183",
        "inspection_date": "2026-08-03",
        "timestamp": "2026-08-03T14:27:59.968Z",
        "recorded_category": "Other",
        "display_class": "OTHER",
        "is_recorded_water_category": false,
        "water_visible_review_status": "NOT_REVIEWED_FROM_IMAGE",
        "gps_accuracy_m": 6.049790106672287,
        "heading_deg": 1.007700800895691,
        "section_id": null,
        "associated_record_ids": [
          "event-ad5d1367-5dd3-470e-9257-a4ea24f85de9",
          "event-ad5d1367-5dd3-470e-9257-a4ea24f85de9"
        ],
        "note": "",
        "evidence_classification": "Observed",
        "evidence_scope": "OFF_PROPERTY_OR_TEST_REVIEW_REQUIRED",
        "source_family": "AUGUST_3_4_ORIGINAL_FIELD",
        "thumbnail_archive_tag": "AUG4_AI_PACKAGE",
        "thumbnail_archive_member": "photos/183_analysis.jpg",
        "thumbnail_path": "data/photos/all/photo-c11e29e9-8ff8-418a-9b4b-a715bc2c1d4b.jpg",
        "source_file": "C:/Users/Admin/iCloudDrive/Downloads/Pearson_Road_Inspection_AI_ANALYSIS_REPORT_PACKAGE_2026-08-04_151016_633_export_report_2026_08_04_151016_633_b7b522724099.zip::AI_ANALYSIS.json",
        "source_files": [
          "C:/Users/Admin/iCloudDrive/Downloads/Pearson_Road_Inspection_AI_ANALYSIS_REPORT_PACKAGE_2026-08-04_151016_633_export_report_2026_08_04_151016_633_b7b522724099.zip::AI_ANALYSIS.json"
        ]
      }
    },
    {
      "type": "Feature",
      "geometry": {
        "type": "Point",
        "coordinates": [
          -87.09104512326908,
          30.49118500029617
        ]
      },
      "properties": {
        "record_type": "photograph",
        "photo_id": "photo-d1b39b7e-0abf-4b4c-8d2b-aaaa80649c9f",
        "photo_number": "P184",
        "inspection_date": "2026-08-03",
        "timestamp": "2026-08-03T14:28:10.721Z",
        "recorded_category": "Other",
        "display_class": "OTHER",
        "is_recorded_water_category": false,
        "water_visible_review_status": "NOT_REVIEWED_FROM_IMAGE",
        "gps_accuracy_m": 6.268907304991697,
        "heading_deg": 266.46527099609375,
        "section_id": null,
        "associated_record_ids": [
          "event-185f62c1-7bfe-462f-b554-43b2b716d70b",
          "event-185f62c1-7bfe-462f-b554-43b2b716d70b"
        ],
        "note": "",
        "evidence_classification": "Observed",
        "evidence_scope": "OFF_PROPERTY_OR_TEST_REVIEW_REQUIRED",
        "source_family": "AUGUST_3_4_ORIGINAL_FIELD",
        "thumbnail_archive_tag": "AUG4_AI_PACKAGE",
        "thumbnail_archive_member": "photos/184_analysis.jpg",
        "thumbnail_path": "data/photos/all/photo-d1b39b7e-0abf-4b4c-8d2b-aaaa80649c9f.jpg",
        "source_file": "C:/Users/Admin/iCloudDrive/Downloads/Pearson_Road_Inspection_AI_ANALYSIS_REPORT_PACKAGE_2026-08-04_151016_633_export_report_2026_08_04_151016_633_b7b522724099.zip::AI_ANALYSIS.json",
        "source_files": [
          "C:/Users/Admin/iCloudDrive/Downloads/Pearson_Road_Inspection_AI_ANALYSIS_REPORT_PACKAGE_2026-08-04_151016_633_export_report_2026_08_04_151016_633_b7b522724099.zip::AI_ANALYSIS.json"
        ]
      }
    },
    {
      "type": "Feature",
      "geometry": {
        "type": "Point",
        "coordinates": [
          -87.09103860898831,
          30.491195938949566
        ]
      },
      "properties": {
        "record_type": "photograph",
        "photo_id": "photo-fc7ad7d4-b270-4dfd-b4f1-bb55328324a2",
        "photo_number": "P185",
        "inspection_date": "2026-08-03",
        "timestamp": "2026-08-03T14:28:21.242Z",
        "recorded_category": "Other",
        "display_class": "OTHER",
        "is_recorded_water_category": false,
        "water_visible_review_status": "NOT_REVIEWED_FROM_IMAGE",
        "gps_accuracy_m": 6.336757991092031,
        "heading_deg": 244.90774536132812,
        "section_id": null,
        "associated_record_ids": [
          "event-4d756443-4602-42a0-be65-a49aa3251e2e",
          "event-4d756443-4602-42a0-be65-a49aa3251e2e"
        ],
        "note": "",
        "evidence_classification": "Observed",
        "evidence_scope": "OFF_PROPERTY_OR_TEST_REVIEW_REQUIRED",
        "source_family": "AUGUST_3_4_ORIGINAL_FIELD",
        "thumbnail_archive_tag": "AUG4_AI_PACKAGE",
        "thumbnail_archive_member": "photos/185_analysis.jpg",
        "thumbnail_path": "data/photos/all/photo-fc7ad7d4-b270-4dfd-b4f1-bb55328324a2.jpg",
        "source_file": "C:/Users/Admin/iCloudDrive/Downloads/Pearson_Road_Inspection_AI_ANALYSIS_REPORT_PACKAGE_2026-08-04_151016_633_export_report_2026_08_04_151016_633_b7b522724099.zip::AI_ANALYSIS.json",
        "source_files": [
          "C:/Users/Admin/iCloudDrive/Downloads/Pearson_Road_Inspection_AI_ANALYSIS_REPORT_PACKAGE_2026-08-04_151016_633_export_report_2026_08_04_151016_633_b7b522724099.zip::AI_ANALYSIS.json"
        ]
      }
    },
    {
      "type": "Feature",
      "geometry": {
        "type": "Point",
        "coordinates": [
          -87.09099685229822,
          30.491067334841063
        ]
      },
      "properties": {
        "record_type": "photograph",
        "photo_id": "photo-430f7566-ea28-4084-ba80-77de6c42d0d7",
        "photo_number": "P186",
        "inspection_date": "2026-08-03",
        "timestamp": "2026-08-03T14:28:58.882Z",
        "recorded_category": "Other",
        "display_class": "OTHER",
        "is_recorded_water_category": false,
        "water_visible_review_status": "NOT_REVIEWED_FROM_IMAGE",
        "gps_accuracy_m": 8.350010762469102,
        "heading_deg": 200.23606872558594,
        "section_id": null,
        "associated_record_ids": [
          "event-e45c2a4a-2436-4691-b674-f41726e0bf83",
          "event-e45c2a4a-2436-4691-b674-f41726e0bf83"
        ],
        "note": "",
        "evidence_classification": "Observed",
        "evidence_scope": "OFF_PROPERTY_OR_TEST_REVIEW_REQUIRED",
        "source_family": "AUGUST_3_4_ORIGINAL_FIELD",
        "thumbnail_archive_tag": "AUG4_AI_PACKAGE",
        "thumbnail_archive_member": "photos/186_analysis.jpg",
        "thumbnail_path": "data/photos/all/photo-430f7566-ea28-4084-ba80-77de6c42d0d7.jpg",
        "source_file": "C:/Users/Admin/iCloudDrive/Downloads/Pearson_Road_Inspection_AI_ANALYSIS_REPORT_PACKAGE_2026-08-04_151016_633_export_report_2026_08_04_151016_633_b7b522724099.zip::AI_ANALYSIS.json",
        "source_files": [
          "C:/Users/Admin/iCloudDrive/Downloads/Pearson_Road_Inspection_AI_ANALYSIS_REPORT_PACKAGE_2026-08-04_151016_633_export_report_2026_08_04_151016_633_b7b522724099.zip::AI_ANALYSIS.json"
        ]
      }
    },
    {
      "type": "Feature",
      "geometry": {
        "type": "Point",
        "coordinates": [
          -87.090958180607,
          30.491093304711306
        ]
      },
      "properties": {
        "record_type": "photograph",
        "photo_id": "photo-f4184234-d476-41cc-b35f-f194b3e48e68",
        "photo_number": "P187",
        "inspection_date": "2026-08-03",
        "timestamp": "2026-08-03T14:29:19.630Z",
        "recorded_category": "Other",
        "display_class": "OTHER",
        "is_recorded_water_category": false,
        "water_visible_review_status": "NOT_REVIEWED_FROM_IMAGE",
        "gps_accuracy_m": 10.374508671403731,
        "heading_deg": 5.604755401611328,
        "section_id": null,
        "associated_record_ids": [
          "event-e3a214f0-cd35-4183-aaf1-bb9ac4cffc13",
          "event-e3a214f0-cd35-4183-aaf1-bb9ac4cffc13"
        ],
        "note": "",
        "evidence_classification": "Observed",
        "evidence_scope": "OFF_PROPERTY_OR_TEST_REVIEW_REQUIRED",
        "source_family": "AUGUST_3_4_ORIGINAL_FIELD",
        "thumbnail_archive_tag": "AUG4_AI_PACKAGE",
        "thumbnail_archive_member": "photos/187_analysis.jpg",
        "thumbnail_path": "data/photos/all/photo-f4184234-d476-41cc-b35f-f194b3e48e68.jpg",
        "source_file": "C:/Users/Admin/iCloudDrive/Downloads/Pearson_Road_Inspection_AI_ANALYSIS_REPORT_PACKAGE_2026-08-04_151016_633_export_report_2026_08_04_151016_633_b7b522724099.zip::AI_ANALYSIS.json",
        "source_files": [
          "C:/Users/Admin/iCloudDrive/Downloads/Pearson_Road_Inspection_AI_ANALYSIS_REPORT_PACKAGE_2026-08-04_151016_633_export_report_2026_08_04_151016_633_b7b522724099.zip::AI_ANALYSIS.json"
        ]
      }
    },
    {
      "type": "Feature",
      "geometry": {
        "type": "Point",
        "coordinates": [
          -87.09097481415772,
          30.491113321976613
        ]
      },
      "properties": {
        "record_type": "photograph",
        "photo_id": "photo-49429457-a065-41d8-aa93-9233d328d8e5",
        "photo_number": "P188",
        "inspection_date": "2026-08-03",
        "timestamp": "2026-08-03T14:29:48.564Z",
        "recorded_category": "Other",
        "display_class": "OTHER",
        "is_recorded_water_category": false,
        "water_visible_review_status": "NOT_REVIEWED_FROM_IMAGE",
        "gps_accuracy_m": 10.399741688825282,
        "heading_deg": 281.70416259765625,
        "section_id": null,
        "associated_record_ids": [
          "event-098c5444-fe34-4bc7-87ee-1691a872b28d",
          "event-098c5444-fe34-4bc7-87ee-1691a872b28d"
        ],
        "note": "",
        "evidence_classification": "Observed",
        "evidence_scope": "OFF_PROPERTY_OR_TEST_REVIEW_REQUIRED",
        "source_family": "AUGUST_3_4_ORIGINAL_FIELD",
        "thumbnail_archive_tag": "AUG4_AI_PACKAGE",
        "thumbnail_archive_member": "photos/188_analysis.jpg",
        "thumbnail_path": "data/photos/all/photo-49429457-a065-41d8-aa93-9233d328d8e5.jpg",
        "source_file": "C:/Users/Admin/iCloudDrive/Downloads/Pearson_Road_Inspection_AI_ANALYSIS_REPORT_PACKAGE_2026-08-04_151016_633_export_report_2026_08_04_151016_633_b7b522724099.zip::AI_ANALYSIS.json",
        "source_files": [
          "C:/Users/Admin/iCloudDrive/Downloads/Pearson_Road_Inspection_AI_ANALYSIS_REPORT_PACKAGE_2026-08-04_151016_633_export_report_2026_08_04_151016_633_b7b522724099.zip::AI_ANALYSIS.json"
        ]
      }
    },
    {
      "type": "Feature",
      "geometry": {
        "type": "Point",
        "coordinates": [
          -87.0909737375943,
          30.491107520262272
        ]
      },
      "properties": {
        "record_type": "photograph",
        "photo_id": "photo-300b97e0-bb94-409d-b4e6-07dea8e2e7b1",
        "photo_number": "P189",
        "inspection_date": "2026-08-03",
        "timestamp": "2026-08-03T14:30:00.326Z",
        "recorded_category": "Other",
        "display_class": "OTHER",
        "is_recorded_water_category": false,
        "water_visible_review_status": "NOT_REVIEWED_FROM_IMAGE",
        "gps_accuracy_m": 12.96396192186682,
        "heading_deg": 136.85833740234375,
        "section_id": null,
        "associated_record_ids": [
          "event-5b8e61bb-f088-4e58-9f37-d6e93799125c",
          "event-5b8e61bb-f088-4e58-9f37-d6e93799125c"
        ],
        "note": "",
        "evidence_classification": "Observed",
        "evidence_scope": "OFF_PROPERTY_OR_TEST_REVIEW_REQUIRED",
        "source_family": "AUGUST_3_4_ORIGINAL_FIELD",
        "thumbnail_archive_tag": "AUG4_AI_PACKAGE",
        "thumbnail_archive_member": "photos/189_analysis.jpg",
        "thumbnail_path": "data/photos/all/photo-300b97e0-bb94-409d-b4e6-07dea8e2e7b1.jpg",
        "source_file": "C:/Users/Admin/iCloudDrive/Downloads/Pearson_Road_Inspection_AI_ANALYSIS_REPORT_PACKAGE_2026-08-04_151016_633_export_report_2026_08_04_151016_633_b7b522724099.zip::AI_ANALYSIS.json",
        "source_files": [
          "C:/Users/Admin/iCloudDrive/Downloads/Pearson_Road_Inspection_AI_ANALYSIS_REPORT_PACKAGE_2026-08-04_151016_633_export_report_2026_08_04_151016_633_b7b522724099.zip::AI_ANALYSIS.json"
        ]
      }
    },
    {
      "type": "Feature",
      "geometry": {
        "type": "Point",
        "coordinates": [
          -87.09097714732437,
          30.49110684441308
        ]
      },
      "properties": {
        "record_type": "photograph",
        "photo_id": "photo-24ce41cb-f4c5-4805-a70a-818b4d05d32e",
        "photo_number": "P190",
        "inspection_date": "2026-08-03",
        "timestamp": "2026-08-03T14:30:06.766Z",
        "recorded_category": "Other",
        "display_class": "OTHER",
        "is_recorded_water_category": false,
        "water_visible_review_status": "NOT_REVIEWED_FROM_IMAGE",
        "gps_accuracy_m": 12.0826656520577,
        "heading_deg": 208.6429443359375,
        "section_id": null,
        "associated_record_ids": [
          "event-5d66c9c0-d19d-4294-be5d-6f1c009aeb0c",
          "event-5d66c9c0-d19d-4294-be5d-6f1c009aeb0c"
        ],
        "note": "",
        "evidence_classification": "Observed",
        "evidence_scope": "OFF_PROPERTY_OR_TEST_REVIEW_REQUIRED",
        "source_family": "AUGUST_3_4_ORIGINAL_FIELD",
        "thumbnail_archive_tag": "AUG4_AI_PACKAGE",
        "thumbnail_archive_member": "photos/190_analysis.jpg",
        "thumbnail_path": "data/photos/all/photo-24ce41cb-f4c5-4805-a70a-818b4d05d32e.jpg",
        "source_file": "C:/Users/Admin/iCloudDrive/Downloads/Pearson_Road_Inspection_AI_ANALYSIS_REPORT_PACKAGE_2026-08-04_151016_633_export_report_2026_08_04_151016_633_b7b522724099.zip::AI_ANALYSIS.json",
        "source_files": [
          "C:/Users/Admin/iCloudDrive/Downloads/Pearson_Road_Inspection_AI_ANALYSIS_REPORT_PACKAGE_2026-08-04_151016_633_export_report_2026_08_04_151016_633_b7b522724099.zip::AI_ANALYSIS.json"
        ]
      }
    },
    {
      "type": "Feature",
      "geometry": {
        "type": "Point",
        "coordinates": [
          -87.09108439816866,
          30.49035287411228
        ]
      },
      "properties": {
        "record_type": "photograph",
        "photo_id": "photo-44764336-af79-4c27-af74-a2a8b36b7964",
        "photo_number": "P191",
        "inspection_date": "2026-08-03",
        "timestamp": "2026-08-03T14:45:21.847Z",
        "recorded_category": "Other",
        "display_class": "OTHER",
        "is_recorded_water_category": false,
        "water_visible_review_status": "NOT_REVIEWED_FROM_IMAGE",
        "gps_accuracy_m": 4.733774849903632,
        "heading_deg": 302.3937072753906,
        "section_id": null,
        "associated_record_ids": [
          "event-bfb8b8cc-089f-4a04-81b0-d3a1e0482912",
          "event-bfb8b8cc-089f-4a04-81b0-d3a1e0482912"
        ],
        "note": "",
        "evidence_classification": "Observed",
        "evidence_scope": "OFF_PROPERTY_OR_TEST_REVIEW_REQUIRED",
        "source_family": "AUGUST_3_4_ORIGINAL_FIELD",
        "thumbnail_archive_tag": "AUG4_AI_PACKAGE",
        "thumbnail_archive_member": "photos/191_analysis.jpg",
        "thumbnail_path": "data/photos/all/photo-44764336-af79-4c27-af74-a2a8b36b7964.jpg",
        "source_file": "C:/Users/Admin/iCloudDrive/Downloads/Pearson_Road_Inspection_AI_ANALYSIS_REPORT_PACKAGE_2026-08-04_151016_633_export_report_2026_08_04_151016_633_b7b522724099.zip::AI_ANALYSIS.json",
        "source_files": [
          "C:/Users/Admin/iCloudDrive/Downloads/Pearson_Road_Inspection_AI_ANALYSIS_REPORT_PACKAGE_2026-08-04_151016_633_export_report_2026_08_04_151016_633_b7b522724099.zip::AI_ANALYSIS.json"
        ]
      }
    },
    {
      "type": "Feature",
      "geometry": {
        "type": "Point",
        "coordinates": [
          -87.09118925062741,
          30.490334099289694
        ]
      },
      "properties": {
        "record_type": "photograph",
        "photo_id": "photo-7be4a71c-a9b3-4584-a959-9fe8547919d4",
        "photo_number": "P192",
        "inspection_date": "2026-08-03",
        "timestamp": "2026-08-03T14:46:51.367Z",
        "recorded_category": "Other",
        "display_class": "OTHER",
        "is_recorded_water_category": false,
        "water_visible_review_status": "NOT_REVIEWED_FROM_IMAGE",
        "gps_accuracy_m": 3.5355339058057678,
        "heading_deg": 305.2559509277344,
        "section_id": null,
        "associated_record_ids": [
          "event-61d93452-0a4e-432b-b75c-8f92be9b5308",
          "event-61d93452-0a4e-432b-b75c-8f92be9b5308"
        ],
        "note": "",
        "evidence_classification": "Observed",
        "evidence_scope": "OFF_PROPERTY_OR_TEST_REVIEW_REQUIRED",
        "source_family": "AUGUST_3_4_ORIGINAL_FIELD",
        "thumbnail_archive_tag": "AUG4_AI_PACKAGE",
        "thumbnail_archive_member": "photos/192_analysis.jpg",
        "thumbnail_path": "data/photos/all/photo-7be4a71c-a9b3-4584-a959-9fe8547919d4.jpg",
        "source_file": "C:/Users/Admin/iCloudDrive/Downloads/Pearson_Road_Inspection_AI_ANALYSIS_REPORT_PACKAGE_2026-08-04_151016_633_export_report_2026_08_04_151016_633_b7b522724099.zip::AI_ANALYSIS.json",
        "source_files": [
          "C:/Users/Admin/iCloudDrive/Downloads/Pearson_Road_Inspection_AI_ANALYSIS_REPORT_PACKAGE_2026-08-04_151016_633_export_report_2026_08_04_151016_633_b7b522724099.zip::AI_ANALYSIS.json"
        ]
      }
    },
    {
      "type": "Feature",
      "geometry": {
        "type": "Point",
        "coordinates": [
          -87.09137122154895,
          30.49021222631498
        ]
      },
      "properties": {
        "record_type": "photograph",
        "photo_id": "photo-5711b172-5660-4a8e-a592-895415ae799b",
        "photo_number": "P193",
        "inspection_date": "2026-08-03",
        "timestamp": "2026-08-03T14:48:00.880Z",
        "recorded_category": "Other",
        "display_class": "OTHER",
        "is_recorded_water_category": false,
        "water_visible_review_status": "NOT_REVIEWED_FROM_IMAGE",
        "gps_accuracy_m": 4.748651530191761,
        "heading_deg": 277.45635986328125,
        "section_id": null,
        "associated_record_ids": [
          "event-05da83ec-0640-4cb6-bf4c-3e47a221e5c2",
          "event-05da83ec-0640-4cb6-bf4c-3e47a221e5c2"
        ],
        "note": "",
        "evidence_classification": "Observed",
        "evidence_scope": "OFF_PROPERTY_OR_TEST_REVIEW_REQUIRED",
        "source_family": "AUGUST_3_4_ORIGINAL_FIELD",
        "thumbnail_archive_tag": "AUG4_AI_PACKAGE",
        "thumbnail_archive_member": "photos/193_analysis.jpg",
        "thumbnail_path": "data/photos/all/photo-5711b172-5660-4a8e-a592-895415ae799b.jpg",
        "source_file": "C:/Users/Admin/iCloudDrive/Downloads/Pearson_Road_Inspection_AI_ANALYSIS_REPORT_PACKAGE_2026-08-04_151016_633_export_report_2026_08_04_151016_633_b7b522724099.zip::AI_ANALYSIS.json",
        "source_files": [
          "C:/Users/Admin/iCloudDrive/Downloads/Pearson_Road_Inspection_AI_ANALYSIS_REPORT_PACKAGE_2026-08-04_151016_633_export_report_2026_08_04_151016_633_b7b522724099.zip::AI_ANALYSIS.json"
        ]
      }
    },
    {
      "type": "Feature",
      "geometry": {
        "type": "Point",
        "coordinates": [
          -87.09142871667227,
          30.49018205515849
        ]
      },
      "properties": {
        "record_type": "photograph",
        "photo_id": "photo-a7f85c39-f776-4ddd-b5a0-70b301dab995",
        "photo_number": "P194",
        "inspection_date": "2026-08-03",
        "timestamp": "2026-08-03T14:49:43.539Z",
        "recorded_category": "Other",
        "display_class": "OTHER",
        "is_recorded_water_category": false,
        "water_visible_review_status": "NOT_REVIEWED_FROM_IMAGE",
        "gps_accuracy_m": 4.733774857183189,
        "heading_deg": 324.0196228027344,
        "section_id": null,
        "associated_record_ids": [
          "event-1f210ae1-5863-4c68-a7a7-77dca31bc257",
          "event-1f210ae1-5863-4c68-a7a7-77dca31bc257"
        ],
        "note": "",
        "evidence_classification": "Observed",
        "evidence_scope": "OFF_PROPERTY_OR_TEST_REVIEW_REQUIRED",
        "source_family": "AUGUST_3_4_ORIGINAL_FIELD",
        "thumbnail_archive_tag": "AUG4_AI_PACKAGE",
        "thumbnail_archive_member": "photos/194_analysis.jpg",
        "thumbnail_path": "data/photos/all/photo-a7f85c39-f776-4ddd-b5a0-70b301dab995.jpg",
        "source_file": "C:/Users/Admin/iCloudDrive/Downloads/Pearson_Road_Inspection_AI_ANALYSIS_REPORT_PACKAGE_2026-08-04_151016_633_export_report_2026_08_04_151016_633_b7b522724099.zip::AI_ANALYSIS.json",
        "source_files": [
          "C:/Users/Admin/iCloudDrive/Downloads/Pearson_Road_Inspection_AI_ANALYSIS_REPORT_PACKAGE_2026-08-04_151016_633_export_report_2026_08_04_151016_633_b7b522724099.zip::AI_ANALYSIS.json"
        ]
      }
    },
    {
      "type": "Feature",
      "geometry": {
        "type": "Point",
        "coordinates": [
          -87.091579628585,
          30.490100392482184
        ]
      },
      "properties": {
        "record_type": "photograph",
        "photo_id": "photo-37130663-7d77-4163-aed5-0d192d9951e7",
        "photo_number": "P195",
        "inspection_date": "2026-08-03",
        "timestamp": "2026-08-03T14:50:20.250Z",
        "recorded_category": "Other",
        "display_class": "OTHER",
        "is_recorded_water_category": false,
        "water_visible_review_status": "NOT_REVIEWED_FROM_IMAGE",
        "gps_accuracy_m": 7.3786869902031365,
        "heading_deg": 277.6331787109375,
        "section_id": null,
        "associated_record_ids": [
          "event-fa6d4468-fc9c-48a7-93c3-026f36c5d918",
          "event-fa6d4468-fc9c-48a7-93c3-026f36c5d918"
        ],
        "note": "",
        "evidence_classification": "Observed",
        "evidence_scope": "OFF_PROPERTY_OR_TEST_REVIEW_REQUIRED",
        "source_family": "AUGUST_3_4_ORIGINAL_FIELD",
        "thumbnail_archive_tag": "AUG4_AI_PACKAGE",
        "thumbnail_archive_member": "photos/195_analysis.jpg",
        "thumbnail_path": "data/photos/all/photo-37130663-7d77-4163-aed5-0d192d9951e7.jpg",
        "source_file": "C:/Users/Admin/iCloudDrive/Downloads/Pearson_Road_Inspection_AI_ANALYSIS_REPORT_PACKAGE_2026-08-04_151016_633_export_report_2026_08_04_151016_633_b7b522724099.zip::AI_ANALYSIS.json",
        "source_files": [
          "C:/Users/Admin/iCloudDrive/Downloads/Pearson_Road_Inspection_AI_ANALYSIS_REPORT_PACKAGE_2026-08-04_151016_633_export_report_2026_08_04_151016_633_b7b522724099.zip::AI_ANALYSIS.json"
        ]
      }
    },
    {
      "type": "Feature",
      "geometry": {
        "type": "Point",
        "coordinates": [
          -87.09158262034029,
          30.490085440894767
        ]
      },
      "properties": {
        "record_type": "photograph",
        "photo_id": "photo-bebbd67f-6474-4bc8-b12e-a249cd9ae8e4",
        "photo_number": "P196",
        "inspection_date": "2026-08-03",
        "timestamp": "2026-08-03T14:51:29.643Z",
        "recorded_category": "Other",
        "display_class": "OTHER",
        "is_recorded_water_category": false,
        "water_visible_review_status": "NOT_REVIEWED_FROM_IMAGE",
        "gps_accuracy_m": 3.7803129178642054,
        "heading_deg": 115.48487091064453,
        "section_id": null,
        "associated_record_ids": [
          "event-2010d9b4-b3f4-4837-978e-6274e5bce778",
          "event-2010d9b4-b3f4-4837-978e-6274e5bce778"
        ],
        "note": "",
        "evidence_classification": "Observed",
        "evidence_scope": "OFF_PROPERTY_OR_TEST_REVIEW_REQUIRED",
        "source_family": "AUGUST_3_4_ORIGINAL_FIELD",
        "thumbnail_archive_tag": "AUG4_AI_PACKAGE",
        "thumbnail_archive_member": "photos/196_analysis.jpg",
        "thumbnail_path": "data/photos/all/photo-bebbd67f-6474-4bc8-b12e-a249cd9ae8e4.jpg",
        "source_file": "C:/Users/Admin/iCloudDrive/Downloads/Pearson_Road_Inspection_AI_ANALYSIS_REPORT_PACKAGE_2026-08-04_151016_633_export_report_2026_08_04_151016_633_b7b522724099.zip::AI_ANALYSIS.json",
        "source_files": [
          "C:/Users/Admin/iCloudDrive/Downloads/Pearson_Road_Inspection_AI_ANALYSIS_REPORT_PACKAGE_2026-08-04_151016_633_export_report_2026_08_04_151016_633_b7b522724099.zip::AI_ANALYSIS.json"
        ]
      }
    },
    {
      "type": "Feature",
      "geometry": {
        "type": "Point",
        "coordinates": [
          -87.0906459072809,
          30.49130941260545
        ]
      },
      "properties": {
        "record_type": "photograph",
        "photo_id": "photo-7cda6cd5-2f1e-4e33-aba6-7e21cfbb5ca5",
        "photo_number": "P197",
        "inspection_date": "2026-08-04",
        "timestamp": "2026-08-04T14:11:25.395Z",
        "recorded_category": "Other",
        "display_class": "OTHER",
        "is_recorded_water_category": false,
        "water_visible_review_status": "NOT_REVIEWED_FROM_IMAGE",
        "gps_accuracy_m": 11.596182116244286,
        "heading_deg": 101.81018829345703,
        "section_id": null,
        "associated_record_ids": [
          "event-1740a7aa-15cf-442f-a0bc-07b1c5c63de2",
          "event-1740a7aa-15cf-442f-a0bc-07b1c5c63de2"
        ],
        "note": "",
        "evidence_classification": "Observed",
        "evidence_scope": "OFF_PROPERTY_OR_TEST_REVIEW_REQUIRED",
        "source_family": "AUGUST_3_4_ORIGINAL_FIELD",
        "thumbnail_archive_tag": "AUG4_AI_PACKAGE",
        "thumbnail_archive_member": "photos/197_analysis.jpg",
        "thumbnail_path": "data/photos/all/photo-7cda6cd5-2f1e-4e33-aba6-7e21cfbb5ca5.jpg",
        "source_file": "C:/Users/Admin/iCloudDrive/Downloads/Pearson_Road_Inspection_AI_ANALYSIS_REPORT_PACKAGE_2026-08-04_151016_633_export_report_2026_08_04_151016_633_b7b522724099.zip::AI_ANALYSIS.json",
        "source_files": [
          "C:/Users/Admin/iCloudDrive/Downloads/Pearson_Road_Inspection_AI_ANALYSIS_REPORT_PACKAGE_2026-08-04_151016_633_export_report_2026_08_04_151016_633_b7b522724099.zip::AI_ANALYSIS.json"
        ]
      }
    },
    {
      "type": "Feature",
      "geometry": {
        "type": "Point",
        "coordinates": [
          -87.09065124169148,
          30.491313182467508
        ]
      },
      "properties": {
        "record_type": "photograph",
        "photo_id": "photo-ad866adb-2da1-43d7-85d2-dbab86150900",
        "photo_number": "P198",
        "inspection_date": "2026-08-04",
        "timestamp": "2026-08-04T14:15:34.927Z",
        "recorded_category": "Other",
        "display_class": "OTHER",
        "is_recorded_water_category": false,
        "water_visible_review_status": "NOT_REVIEWED_FROM_IMAGE",
        "gps_accuracy_m": 11.905538432388335,
        "heading_deg": 112.04750061035156,
        "section_id": null,
        "associated_record_ids": [
          "event-d638560a-995b-4dc2-8987-345d27e7a8d9",
          "event-d638560a-995b-4dc2-8987-345d27e7a8d9"
        ],
        "note": "",
        "evidence_classification": "Observed",
        "evidence_scope": "OFF_PROPERTY_OR_TEST_REVIEW_REQUIRED",
        "source_family": "AUGUST_3_4_ORIGINAL_FIELD",
        "thumbnail_archive_tag": "AUG4_AI_PACKAGE",
        "thumbnail_archive_member": "photos/198_analysis.jpg",
        "thumbnail_path": "data/photos/all/photo-ad866adb-2da1-43d7-85d2-dbab86150900.jpg",
        "source_file": "C:/Users/Admin/iCloudDrive/Downloads/Pearson_Road_Inspection_AI_ANALYSIS_REPORT_PACKAGE_2026-08-04_151016_633_export_report_2026_08_04_151016_633_b7b522724099.zip::AI_ANALYSIS.json",
        "source_files": [
          "C:/Users/Admin/iCloudDrive/Downloads/Pearson_Road_Inspection_AI_ANALYSIS_REPORT_PACKAGE_2026-08-04_151016_633_export_report_2026_08_04_151016_633_b7b522724099.zip::AI_ANALYSIS.json"
        ]
      }
    },
    {
      "type": "Feature",
      "geometry": {
        "type": "Point",
        "coordinates": [
          -87.09057795643737,
          30.491296608309266
        ]
      },
      "properties": {
        "record_type": "photograph",
        "photo_id": "photo-fe3895dd-06b0-45cd-bde5-26ecd20fa019",
        "photo_number": "P199",
        "inspection_date": "2026-08-04",
        "timestamp": "2026-08-04T14:17:32.115Z",
        "recorded_category": "Other",
        "display_class": "OTHER",
        "is_recorded_water_category": false,
        "water_visible_review_status": "NOT_REVIEWED_FROM_IMAGE",
        "gps_accuracy_m": 10.114221210579128,
        "heading_deg": 129.00083923339844,
        "section_id": null,
        "associated_record_ids": [
          "event-eafc51d5-cd4d-4d63-b8a2-8bab16ba1098",
          "event-eafc51d5-cd4d-4d63-b8a2-8bab16ba1098"
        ],
        "note": "",
        "evidence_classification": "Observed",
        "evidence_scope": "SUBJECT_PARCEL",
        "source_family": "AUGUST_3_4_ORIGINAL_FIELD",
        "thumbnail_archive_tag": "AUG4_AI_PACKAGE",
        "thumbnail_archive_member": "photos/199_analysis.jpg",
        "thumbnail_path": "data/photos/all/photo-fe3895dd-06b0-45cd-bde5-26ecd20fa019.jpg",
        "source_file": "C:/Users/Admin/iCloudDrive/Downloads/Pearson_Road_Inspection_AI_ANALYSIS_REPORT_PACKAGE_2026-08-04_151016_633_export_report_2026_08_04_151016_633_b7b522724099.zip::AI_ANALYSIS.json",
        "source_files": [
          "C:/Users/Admin/iCloudDrive/Downloads/Pearson_Road_Inspection_AI_ANALYSIS_REPORT_PACKAGE_2026-08-04_151016_633_export_report_2026_08_04_151016_633_b7b522724099.zip::AI_ANALYSIS.json"
        ]
      }
    },
    {
      "type": "Feature",
      "geometry": {
        "type": "Point",
        "coordinates": [
          -87.09059902143723,
          30.491337136100814
        ]
      },
      "properties": {
        "record_type": "photograph",
        "photo_id": "photo-261b58f9-e726-4310-932d-5a4c316badd6",
        "photo_number": "P200",
        "inspection_date": "2026-08-04",
        "timestamp": "2026-08-04T14:19:19.339Z",
        "recorded_category": "Other",
        "display_class": "OTHER",
        "is_recorded_water_category": false,
        "water_visible_review_status": "NOT_REVIEWED_FROM_IMAGE",
        "gps_accuracy_m": 10.515714740390168,
        "heading_deg": 96.77458953857422,
        "section_id": null,
        "associated_record_ids": [
          "event-6f03df4d-897f-4865-8b00-5a6c3a0ea806",
          "event-6f03df4d-897f-4865-8b00-5a6c3a0ea806"
        ],
        "note": "",
        "evidence_classification": "Observed",
        "evidence_scope": "OFF_PROPERTY_OR_TEST_REVIEW_REQUIRED",
        "source_family": "AUGUST_3_4_ORIGINAL_FIELD",
        "thumbnail_archive_tag": "AUG4_AI_PACKAGE",
        "thumbnail_archive_member": "photos/200_analysis.jpg",
        "thumbnail_path": "data/photos/all/photo-261b58f9-e726-4310-932d-5a4c316badd6.jpg",
        "source_file": "C:/Users/Admin/iCloudDrive/Downloads/Pearson_Road_Inspection_AI_ANALYSIS_REPORT_PACKAGE_2026-08-04_151016_633_export_report_2026_08_04_151016_633_b7b522724099.zip::AI_ANALYSIS.json",
        "source_files": [
          "C:/Users/Admin/iCloudDrive/Downloads/Pearson_Road_Inspection_AI_ANALYSIS_REPORT_PACKAGE_2026-08-04_151016_633_export_report_2026_08_04_151016_633_b7b522724099.zip::AI_ANALYSIS.json"
        ]
      }
    },
    {
      "type": "Feature",
      "geometry": {
        "type": "Point",
        "coordinates": [
          -87.09090603308856,
          30.49043179603468
        ]
      },
      "properties": {
        "record_type": "photograph",
        "photo_id": "photo-98bdc340-fa2b-4f49-8331-6b1b275189d7",
        "photo_number": "P201",
        "inspection_date": "2026-08-04",
        "timestamp": "2026-08-04T14:22:59.743Z",
        "recorded_category": "Other",
        "display_class": "OTHER",
        "is_recorded_water_category": false,
        "water_visible_review_status": "NOT_REVIEWED_FROM_IMAGE",
        "gps_accuracy_m": 8.426726790682432,
        "heading_deg": 167.71389770507812,
        "section_id": null,
        "associated_record_ids": [
          "event-e77ebec3-7cdb-4b63-8a27-e6bbc2614937",
          "event-e77ebec3-7cdb-4b63-8a27-e6bbc2614937"
        ],
        "note": "",
        "evidence_classification": "Observed",
        "evidence_scope": "OFF_PROPERTY_OR_TEST_REVIEW_REQUIRED",
        "source_family": "AUGUST_3_4_ORIGINAL_FIELD",
        "thumbnail_archive_tag": "AUG4_AI_PACKAGE",
        "thumbnail_archive_member": "photos/201_analysis.jpg",
        "thumbnail_path": "data/photos/all/photo-98bdc340-fa2b-4f49-8331-6b1b275189d7.jpg",
        "source_file": "C:/Users/Admin/iCloudDrive/Downloads/Pearson_Road_Inspection_AI_ANALYSIS_REPORT_PACKAGE_2026-08-04_151016_633_export_report_2026_08_04_151016_633_b7b522724099.zip::AI_ANALYSIS.json",
        "source_files": [
          "C:/Users/Admin/iCloudDrive/Downloads/Pearson_Road_Inspection_AI_ANALYSIS_REPORT_PACKAGE_2026-08-04_151016_633_export_report_2026_08_04_151016_633_b7b522724099.zip::AI_ANALYSIS.json"
        ]
      }
    },
    {
      "type": "Feature",
      "geometry": {
        "type": "Point",
        "coordinates": [
          -87.09100929097002,
          30.49009508921815
        ]
      },
      "properties": {
        "record_type": "photograph",
        "photo_id": "photo-6d7d8e2c-50f0-4dfc-8464-9d9dfc911131",
        "photo_number": "P202",
        "inspection_date": "2026-08-04",
        "timestamp": "2026-08-04T14:36:10.076Z",
        "recorded_category": "Other",
        "display_class": "OTHER",
        "is_recorded_water_category": false,
        "water_visible_review_status": "NOT_REVIEWED_FROM_IMAGE",
        "gps_accuracy_m": 4.748651530191761,
        "heading_deg": 172.25035095214844,
        "section_id": null,
        "associated_record_ids": [
          "event-3eb01341-de06-45b3-aba7-60ee3900f5b9",
          "event-3eb01341-de06-45b3-aba7-60ee3900f5b9"
        ],
        "note": "",
        "evidence_classification": "Observed",
        "evidence_scope": "SUBJECT_PARCEL",
        "source_family": "AUGUST_3_4_ORIGINAL_FIELD",
        "thumbnail_archive_tag": "AUG4_AI_PACKAGE",
        "thumbnail_archive_member": "photos/202_analysis.jpg",
        "thumbnail_path": "data/photos/all/photo-6d7d8e2c-50f0-4dfc-8464-9d9dfc911131.jpg",
        "source_file": "C:/Users/Admin/iCloudDrive/Downloads/Pearson_Road_Inspection_AI_ANALYSIS_REPORT_PACKAGE_2026-08-04_151016_633_export_report_2026_08_04_151016_633_b7b522724099.zip::AI_ANALYSIS.json",
        "source_files": [
          "C:/Users/Admin/iCloudDrive/Downloads/Pearson_Road_Inspection_AI_ANALYSIS_REPORT_PACKAGE_2026-08-04_151016_633_export_report_2026_08_04_151016_633_b7b522724099.zip::AI_ANALYSIS.json"
        ]
      }
    },
    {
      "type": "Feature",
      "geometry": {
        "type": "Point",
        "coordinates": [
          -87.09105678789247,
          30.49007889929615
        ]
      },
      "properties": {
        "record_type": "photograph",
        "photo_id": "photo-a1cacb63-2a3b-4fdb-a500-7d27364de92c",
        "photo_number": "P203",
        "inspection_date": "2026-08-04",
        "timestamp": "2026-08-04T14:40:58.646Z",
        "recorded_category": "Other",
        "display_class": "OTHER",
        "is_recorded_water_category": false,
        "water_visible_review_status": "NOT_REVIEWED_FROM_IMAGE",
        "gps_accuracy_m": 12.176384675820318,
        "heading_deg": 64.3050537109375,
        "section_id": null,
        "associated_record_ids": [
          "event-72d68d88-1a2f-4c84-8f48-ebe7099bdc01",
          "event-72d68d88-1a2f-4c84-8f48-ebe7099bdc01"
        ],
        "note": "",
        "evidence_classification": "Observed",
        "evidence_scope": "SUBJECT_PARCEL",
        "source_family": "AUGUST_3_4_ORIGINAL_FIELD",
        "thumbnail_archive_tag": "AUG4_AI_PACKAGE",
        "thumbnail_archive_member": "photos/203_analysis.jpg",
        "thumbnail_path": "data/photos/all/photo-a1cacb63-2a3b-4fdb-a500-7d27364de92c.jpg",
        "source_file": "C:/Users/Admin/iCloudDrive/Downloads/Pearson_Road_Inspection_AI_ANALYSIS_REPORT_PACKAGE_2026-08-04_151016_633_export_report_2026_08_04_151016_633_b7b522724099.zip::AI_ANALYSIS.json",
        "source_files": [
          "C:/Users/Admin/iCloudDrive/Downloads/Pearson_Road_Inspection_AI_ANALYSIS_REPORT_PACKAGE_2026-08-04_151016_633_export_report_2026_08_04_151016_633_b7b522724099.zip::AI_ANALYSIS.json"
        ]
      }
    },
    {
      "type": "Feature",
      "geometry": {
        "type": "Point",
        "coordinates": [
          -87.09081826739673,
          30.48930283173038
        ]
      },
      "properties": {
        "record_type": "photograph",
        "photo_id": "photo-7152620c-6562-41a9-ac9b-52e8c17ddcca",
        "photo_number": "P204",
        "inspection_date": "2026-08-04",
        "timestamp": "2026-08-04T15:01:40.531Z",
        "recorded_category": "Other",
        "display_class": "OTHER",
        "is_recorded_water_category": false,
        "water_visible_review_status": "NOT_REVIEWED_FROM_IMAGE",
        "gps_accuracy_m": 4.748651530191761,
        "heading_deg": 149.12255859375,
        "section_id": null,
        "associated_record_ids": [
          "event-d774ab1c-8ba3-424f-93b2-db53372f58c9",
          "event-d774ab1c-8ba3-424f-93b2-db53372f58c9"
        ],
        "note": "",
        "evidence_classification": "Observed",
        "evidence_scope": "SUBJECT_PARCEL",
        "source_family": "AUGUST_3_4_ORIGINAL_FIELD",
        "thumbnail_archive_tag": "AUG4_AI_PACKAGE",
        "thumbnail_archive_member": "photos/204_analysis.jpg",
        "thumbnail_path": "data/photos/all/photo-7152620c-6562-41a9-ac9b-52e8c17ddcca.jpg",
        "source_file": "C:/Users/Admin/iCloudDrive/Downloads/Pearson_Road_Inspection_AI_ANALYSIS_REPORT_PACKAGE_2026-08-04_151016_633_export_report_2026_08_04_151016_633_b7b522724099.zip::AI_ANALYSIS.json",
        "source_files": [
          "C:/Users/Admin/iCloudDrive/Downloads/Pearson_Road_Inspection_AI_ANALYSIS_REPORT_PACKAGE_2026-08-04_151016_633_export_report_2026_08_04_151016_633_b7b522724099.zip::AI_ANALYSIS.json"
        ]
      }
    },
    {
      "type": "Feature",
      "geometry": {
        "type": "Point",
        "coordinates": [
          -87.0908346514886,
          30.489303206409353
        ]
      },
      "properties": {
        "record_type": "photograph",
        "photo_id": "photo-a288984d-2fc8-4d74-b869-25c916bd722b",
        "photo_number": "P205",
        "inspection_date": "2026-08-04",
        "timestamp": "2026-08-04T15:03:12.287Z",
        "recorded_category": "Other",
        "display_class": "OTHER",
        "is_recorded_water_category": false,
        "water_visible_review_status": "NOT_REVIEWED_FROM_IMAGE",
        "gps_accuracy_m": 12.113051501814745,
        "heading_deg": 161.57664489746094,
        "section_id": null,
        "associated_record_ids": [
          "event-a69b7a27-1b35-470d-a9fb-1a376c5f186a",
          "event-a69b7a27-1b35-470d-a9fb-1a376c5f186a"
        ],
        "note": "",
        "evidence_classification": "Observed",
        "evidence_scope": "SUBJECT_PARCEL",
        "source_family": "AUGUST_3_4_ORIGINAL_FIELD",
        "thumbnail_archive_tag": "AUG4_AI_PACKAGE",
        "thumbnail_archive_member": "photos/205_analysis.jpg",
        "thumbnail_path": "data/photos/all/photo-a288984d-2fc8-4d74-b869-25c916bd722b.jpg",
        "source_file": "C:/Users/Admin/iCloudDrive/Downloads/Pearson_Road_Inspection_AI_ANALYSIS_REPORT_PACKAGE_2026-08-04_151016_633_export_report_2026_08_04_151016_633_b7b522724099.zip::AI_ANALYSIS.json",
        "source_files": [
          "C:/Users/Admin/iCloudDrive/Downloads/Pearson_Road_Inspection_AI_ANALYSIS_REPORT_PACKAGE_2026-08-04_151016_633_export_report_2026_08_04_151016_633_b7b522724099.zip::AI_ANALYSIS.json"
        ]
      }
    },
    {
      "type": "Feature",
      "geometry": {
        "type": "Point",
        "coordinates": [
          -87.0893350231159,
          30.47354889252185
        ]
      },
      "properties": {
        "record_type": "photograph",
        "photo_id": "photo-6c8e9032-a374-4131-8f33-b88790d97fbc",
        "photo_number": "P1",
        "inspection_date": "2026-08-04",
        "timestamp": "2026-08-04T22:49:23.386Z",
        "recorded_category": "ROAD / ENTRANCE",
        "display_class": "ROAD_ENTRANCE",
        "is_recorded_water_category": false,
        "water_visible_review_status": "NOT_REVIEWED_FROM_IMAGE",
        "gps_accuracy_m": 3.6183484120451057,
        "heading_deg": 275.76239013671875,
        "section_id": null,
        "associated_record_ids": [
          "event-c915ff2a-4ce5-442b-8fad-7beb85765b34",
          "event-6d6dbcfc-5b26-4527-96d0-8a96b0589c08",
          "event-6d6dbcfc-5b26-4527-96d0-8a96b0589c08",
          "ROAD-001"
        ],
        "note": "",
        "evidence_classification": "Observed",
        "evidence_scope": "OFF_PROPERTY_OR_TEST_REVIEW_REQUIRED",
        "source_family": "AUGUST_7_CUMULATIVE_FIELD",
        "thumbnail_archive_tag": "AUG7_REVIEW_PHOTOS",
        "thumbnail_archive_member": "photos/001_analysis.jpg",
        "thumbnail_path": "data/photos/all/photo-6c8e9032-a374-4131-8f33-b88790d97fbc.jpg",
        "source_file": "C:\\Users\\Admin\\Documents\\Codex\\Property Intelligence Packages\\CHATGPT_REVIEW_2026-08-07\\01_INSPECTION_FULL.json",
        "source_files": [
          "C:\\Users\\Admin\\Documents\\Codex\\Property Intelligence Packages\\CHATGPT_REVIEW_2026-08-07\\01_INSPECTION_FULL.json"
        ]
      }
    },
    {
      "type": "Feature",
      "geometry": {
        "type": "Point",
        "coordinates": [
          -87.08938957200114,
          30.47363797671211
        ]
      },
      "properties": {
        "record_type": "photograph",
        "photo_id": "photo-ef2291d5-6366-4236-b6f1-9cc9d46f468a",
        "photo_number": "P2",
        "inspection_date": "2026-08-04",
        "timestamp": "2026-08-04T22:50:54.389Z",
        "recorded_category": "BRUSH",
        "display_class": "BRUSH",
        "is_recorded_water_category": false,
        "water_visible_review_status": "NOT_REVIEWED_FROM_IMAGE",
        "gps_accuracy_m": 4.748651530191761,
        "heading_deg": 13.788982391357422,
        "section_id": null,
        "associated_record_ids": [
          "event-17fc4549-329f-4794-84a8-e46ed401f59d",
          "event-be7e545b-ac96-46c4-9e3c-faaa759d44ad",
          "event-be7e545b-ac96-46c4-9e3c-faaa759d44ad",
          "BRUSH-001"
        ],
        "note": "",
        "evidence_classification": "Observed",
        "evidence_scope": "OFF_PROPERTY_OR_TEST_REVIEW_REQUIRED",
        "source_family": "AUGUST_7_CUMULATIVE_FIELD",
        "thumbnail_archive_tag": "AUG7_REVIEW_PHOTOS",
        "thumbnail_archive_member": "photos/002_analysis.jpg",
        "thumbnail_path": "data/photos/all/photo-ef2291d5-6366-4236-b6f1-9cc9d46f468a.jpg",
        "source_file": "C:\\Users\\Admin\\Documents\\Codex\\Property Intelligence Packages\\CHATGPT_REVIEW_2026-08-07\\01_INSPECTION_FULL.json",
        "source_files": [
          "C:\\Users\\Admin\\Documents\\Codex\\Property Intelligence Packages\\CHATGPT_REVIEW_2026-08-07\\01_INSPECTION_FULL.json"
        ]
      }
    },
    {
      "type": "Feature",
      "geometry": {
        "type": "Point",
        "coordinates": [
          -87.08945989616875,
          30.473717311425574
        ]
      },
      "properties": {
        "record_type": "photograph",
        "photo_id": "photo-60848057-30ff-4cb3-b9b7-920ce483e8fb",
        "photo_number": "P3",
        "inspection_date": "2026-08-04",
        "timestamp": "2026-08-04T22:51:32.841Z",
        "recorded_category": "OPEN AREA",
        "display_class": "OPEN_AREA",
        "is_recorded_water_category": false,
        "water_visible_review_status": "NOT_REVIEWED_FROM_IMAGE",
        "gps_accuracy_m": 3.5355339059327373,
        "heading_deg": 58.24296188354492,
        "section_id": null,
        "associated_record_ids": [
          "event-65f4fe51-56ab-434d-be59-cc07afae5421",
          "event-8f44aad3-ee6f-4582-a33b-f60dd7ae459d",
          "event-8f44aad3-ee6f-4582-a33b-f60dd7ae459d",
          "OPEN-001"
        ],
        "note": "",
        "evidence_classification": "Observed",
        "evidence_scope": "OFF_PROPERTY_OR_TEST_REVIEW_REQUIRED",
        "source_family": "AUGUST_7_CUMULATIVE_FIELD",
        "thumbnail_archive_tag": "AUG7_REVIEW_PHOTOS",
        "thumbnail_archive_member": "photos/003_analysis.jpg",
        "thumbnail_path": "data/photos/all/photo-60848057-30ff-4cb3-b9b7-920ce483e8fb.jpg",
        "source_file": "C:\\Users\\Admin\\Documents\\Codex\\Property Intelligence Packages\\CHATGPT_REVIEW_2026-08-07\\01_INSPECTION_FULL.json",
        "source_files": [
          "C:\\Users\\Admin\\Documents\\Codex\\Property Intelligence Packages\\CHATGPT_REVIEW_2026-08-07\\01_INSPECTION_FULL.json"
        ]
      }
    },
    {
      "type": "Feature",
      "geometry": {
        "type": "Point",
        "coordinates": [
          -87.08945506323703,
          30.47367620073345
        ]
      },
      "properties": {
        "record_type": "photograph",
        "photo_id": "photo-24fae67e-4a4d-4701-b25c-26788b613d21",
        "photo_number": "P4",
        "inspection_date": "2026-08-04",
        "timestamp": "2026-08-04T22:52:26.061Z",
        "recorded_category": "TREE",
        "display_class": "TREE",
        "is_recorded_water_category": false,
        "water_visible_review_status": "NOT_REVIEWED_FROM_IMAGE",
        "gps_accuracy_m": 16.736609909332362,
        "heading_deg": 279.0038146972656,
        "section_id": null,
        "associated_record_ids": [
          "event-be7353f7-972d-4cb4-b3d3-20259c45deb7",
          "event-e539dafd-4413-4956-8d51-bf6c44406c55",
          "event-e539dafd-4413-4956-8d51-bf6c44406c55",
          "TREE-001"
        ],
        "note": "",
        "evidence_classification": "Observed",
        "evidence_scope": "OFF_PROPERTY_OR_TEST_REVIEW_REQUIRED",
        "source_family": "AUGUST_7_CUMULATIVE_FIELD",
        "thumbnail_archive_tag": "AUG7_REVIEW_PHOTOS",
        "thumbnail_archive_member": "photos/004_analysis.jpg",
        "thumbnail_path": "data/photos/all/photo-24fae67e-4a4d-4701-b25c-26788b613d21.jpg",
        "source_file": "C:\\Users\\Admin\\Documents\\Codex\\Property Intelligence Packages\\CHATGPT_REVIEW_2026-08-07\\01_INSPECTION_FULL.json",
        "source_files": [
          "C:\\Users\\Admin\\Documents\\Codex\\Property Intelligence Packages\\CHATGPT_REVIEW_2026-08-07\\01_INSPECTION_FULL.json"
        ]
      }
    },
    {
      "type": "Feature",
      "geometry": {
        "type": "Point",
        "coordinates": [
          -87.08952063863153,
          30.473697172401
        ]
      },
      "properties": {
        "record_type": "photograph",
        "photo_id": "photo-45a1a23b-92fa-4dd9-9bf2-6ea50c4bd5bb",
        "photo_number": "P5",
        "inspection_date": "2026-08-04",
        "timestamp": "2026-08-04T22:52:40.891Z",
        "recorded_category": "TREE",
        "display_class": "TREE",
        "is_recorded_water_category": false,
        "water_visible_review_status": "NOT_REVIEWED_FROM_IMAGE",
        "gps_accuracy_m": 11.851705259152059,
        "heading_deg": 339.75994873046875,
        "section_id": null,
        "associated_record_ids": [
          "event-1ce8680c-808c-48f2-8435-e31ae945ba41",
          "event-e539dafd-4413-4956-8d51-bf6c44406c55",
          "event-e539dafd-4413-4956-8d51-bf6c44406c55",
          "TREE-001"
        ],
        "note": "",
        "evidence_classification": "Observed",
        "evidence_scope": "OFF_PROPERTY_OR_TEST_REVIEW_REQUIRED",
        "source_family": "AUGUST_7_CUMULATIVE_FIELD",
        "thumbnail_archive_tag": "AUG7_REVIEW_PHOTOS",
        "thumbnail_archive_member": "photos/005_analysis.jpg",
        "thumbnail_path": "data/photos/all/photo-45a1a23b-92fa-4dd9-9bf2-6ea50c4bd5bb.jpg",
        "source_file": "C:\\Users\\Admin\\Documents\\Codex\\Property Intelligence Packages\\CHATGPT_REVIEW_2026-08-07\\01_INSPECTION_FULL.json",
        "source_files": [
          "C:\\Users\\Admin\\Documents\\Codex\\Property Intelligence Packages\\CHATGPT_REVIEW_2026-08-07\\01_INSPECTION_FULL.json"
        ]
      }
    },
    {
      "type": "Feature",
      "geometry": {
        "type": "Point",
        "coordinates": [
          -87.08948400655831,
          30.47370667373399
        ]
      },
      "properties": {
        "record_type": "photograph",
        "photo_id": "photo-d68bc96c-a4f6-48ef-a465-1d494e9db5b7",
        "photo_number": "P6",
        "inspection_date": "2026-08-04",
        "timestamp": "2026-08-04T22:52:58.166Z",
        "recorded_category": "TREE",
        "display_class": "TREE",
        "is_recorded_water_category": false,
        "water_visible_review_status": "NOT_REVIEWED_FROM_IMAGE",
        "gps_accuracy_m": 10.130771953823771,
        "heading_deg": 124.26593780517578,
        "section_id": null,
        "associated_record_ids": [
          "event-b799a66b-a798-4f9d-b0d7-7d5f1cc9c8e9",
          "event-e539dafd-4413-4956-8d51-bf6c44406c55",
          "event-e539dafd-4413-4956-8d51-bf6c44406c55",
          "TREE-001"
        ],
        "note": "",
        "evidence_classification": "Observed",
        "evidence_scope": "OFF_PROPERTY_OR_TEST_REVIEW_REQUIRED",
        "source_family": "AUGUST_7_CUMULATIVE_FIELD",
        "thumbnail_archive_tag": "AUG7_REVIEW_PHOTOS",
        "thumbnail_archive_member": "photos/006_analysis.jpg",
        "thumbnail_path": "data/photos/all/photo-d68bc96c-a4f6-48ef-a465-1d494e9db5b7.jpg",
        "source_file": "C:\\Users\\Admin\\Documents\\Codex\\Property Intelligence Packages\\CHATGPT_REVIEW_2026-08-07\\01_INSPECTION_FULL.json",
        "source_files": [
          "C:\\Users\\Admin\\Documents\\Codex\\Property Intelligence Packages\\CHATGPT_REVIEW_2026-08-07\\01_INSPECTION_FULL.json"
        ]
      }
    },
    {
      "type": "Feature",
      "geometry": {
        "type": "Point",
        "coordinates": [
          -87.08948344710008,
          30.473695859977926
        ]
      },
      "properties": {
        "record_type": "photograph",
        "photo_id": "photo-dae5268f-6c91-4ce5-9383-559376cf8f5b",
        "photo_number": "P7",
        "inspection_date": "2026-08-04",
        "timestamp": "2026-08-04T22:53:09.900Z",
        "recorded_category": "TREE",
        "display_class": "TREE",
        "is_recorded_water_category": false,
        "water_visible_review_status": "NOT_REVIEWED_FROM_IMAGE",
        "gps_accuracy_m": 9.439903609200801,
        "heading_deg": 127.42717742919922,
        "section_id": null,
        "associated_record_ids": [
          "event-d949a62d-60c6-4f95-9d3e-897e53346ab0",
          "event-e539dafd-4413-4956-8d51-bf6c44406c55",
          "event-e539dafd-4413-4956-8d51-bf6c44406c55",
          "TREE-001"
        ],
        "note": "",
        "evidence_classification": "Observed",
        "evidence_scope": "OFF_PROPERTY_OR_TEST_REVIEW_REQUIRED",
        "source_family": "AUGUST_7_CUMULATIVE_FIELD",
        "thumbnail_archive_tag": "AUG7_REVIEW_PHOTOS",
        "thumbnail_archive_member": "photos/007_analysis.jpg",
        "thumbnail_path": "data/photos/all/photo-dae5268f-6c91-4ce5-9383-559376cf8f5b.jpg",
        "source_file": "C:\\Users\\Admin\\Documents\\Codex\\Property Intelligence Packages\\CHATGPT_REVIEW_2026-08-07\\01_INSPECTION_FULL.json",
        "source_files": [
          "C:\\Users\\Admin\\Documents\\Codex\\Property Intelligence Packages\\CHATGPT_REVIEW_2026-08-07\\01_INSPECTION_FULL.json"
        ]
      }
    },
    {
      "type": "Feature",
      "geometry": {
        "type": "Point",
        "coordinates": [
          -87.08942134441406,
          30.473624966149142
        ]
      },
      "properties": {
        "record_type": "photograph",
        "photo_id": "photo-1441a9c6-92ef-431d-9bfa-f340c07137b0",
        "photo_number": "P8",
        "inspection_date": "2026-08-04",
        "timestamp": "2026-08-04T22:54:53.907Z",
        "recorded_category": "TREE",
        "display_class": "TREE",
        "is_recorded_water_category": false,
        "water_visible_review_status": "NOT_REVIEWED_FROM_IMAGE",
        "gps_accuracy_m": 4.174416421360115,
        "heading_deg": 83.54890441894531,
        "section_id": null,
        "associated_record_ids": [
          "event-5361bd30-f8e9-476e-86e0-6d44223ee792",
          "event-997ed88c-d306-400e-b27e-2c2c1a7a240a",
          "event-997ed88c-d306-400e-b27e-2c2c1a7a240a",
          "TREE-002"
        ],
        "note": "",
        "evidence_classification": "Observed",
        "evidence_scope": "OFF_PROPERTY_OR_TEST_REVIEW_REQUIRED",
        "source_family": "AUGUST_7_CUMULATIVE_FIELD",
        "thumbnail_archive_tag": "AUG7_REVIEW_PHOTOS",
        "thumbnail_archive_member": "photos/008_analysis.jpg",
        "thumbnail_path": "data/photos/all/photo-1441a9c6-92ef-431d-9bfa-f340c07137b0.jpg",
        "source_file": "C:\\Users\\Admin\\Documents\\Codex\\Property Intelligence Packages\\CHATGPT_REVIEW_2026-08-07\\01_INSPECTION_FULL.json",
        "source_files": [
          "C:\\Users\\Admin\\Documents\\Codex\\Property Intelligence Packages\\CHATGPT_REVIEW_2026-08-07\\01_INSPECTION_FULL.json"
        ]
      }
    },
    {
      "type": "Feature",
      "geometry": {
        "type": "Point",
        "coordinates": [
          -87.08939296608507,
          30.473597350974114
        ]
      },
      "properties": {
        "record_type": "photograph",
        "photo_id": "photo-b9c8840f-1346-4714-a8ea-21c1deefd979",
        "photo_number": "P9",
        "inspection_date": "2026-08-04",
        "timestamp": "2026-08-04T22:55:14.324Z",
        "recorded_category": "TREE",
        "display_class": "TREE",
        "is_recorded_water_category": false,
        "water_visible_review_status": "NOT_REVIEWED_FROM_IMAGE",
        "gps_accuracy_m": 6.550693144808128,
        "heading_deg": 346.18548583984375,
        "section_id": null,
        "associated_record_ids": [
          "event-34945062-5b3c-47a5-9f84-0bce44833509",
          "event-997ed88c-d306-400e-b27e-2c2c1a7a240a",
          "event-997ed88c-d306-400e-b27e-2c2c1a7a240a",
          "TREE-002"
        ],
        "note": "",
        "evidence_classification": "Observed",
        "evidence_scope": "OFF_PROPERTY_OR_TEST_REVIEW_REQUIRED",
        "source_family": "AUGUST_7_CUMULATIVE_FIELD",
        "thumbnail_archive_tag": "AUG7_REVIEW_PHOTOS",
        "thumbnail_archive_member": "photos/009_analysis.jpg",
        "thumbnail_path": "data/photos/all/photo-b9c8840f-1346-4714-a8ea-21c1deefd979.jpg",
        "source_file": "C:\\Users\\Admin\\Documents\\Codex\\Property Intelligence Packages\\CHATGPT_REVIEW_2026-08-07\\01_INSPECTION_FULL.json",
        "source_files": [
          "C:\\Users\\Admin\\Documents\\Codex\\Property Intelligence Packages\\CHATGPT_REVIEW_2026-08-07\\01_INSPECTION_FULL.json"
        ]
      }
    },
    {
      "type": "Feature",
      "geometry": {
        "type": "Point",
        "coordinates": [
          -87.08939988277807,
          30.473608479764334
        ]
      },
      "properties": {
        "record_type": "photograph",
        "photo_id": "photo-1ad704c9-0c00-488e-b304-28dfc4924c48",
        "photo_number": "P10",
        "inspection_date": "2026-08-04",
        "timestamp": "2026-08-04T22:55:26.955Z",
        "recorded_category": "TREE",
        "display_class": "TREE",
        "is_recorded_water_category": false,
        "water_visible_review_status": "NOT_REVIEWED_FROM_IMAGE",
        "gps_accuracy_m": 6.518575725237242,
        "heading_deg": 120.88349151611328,
        "section_id": null,
        "associated_record_ids": [
          "event-9257546c-b297-4ccc-a004-42decc870f8a",
          "event-997ed88c-d306-400e-b27e-2c2c1a7a240a",
          "event-997ed88c-d306-400e-b27e-2c2c1a7a240a",
          "TREE-002"
        ],
        "note": "",
        "evidence_classification": "Observed",
        "evidence_scope": "OFF_PROPERTY_OR_TEST_REVIEW_REQUIRED",
        "source_family": "AUGUST_7_CUMULATIVE_FIELD",
        "thumbnail_archive_tag": "AUG7_REVIEW_PHOTOS",
        "thumbnail_archive_member": "photos/010_analysis.jpg",
        "thumbnail_path": "data/photos/all/photo-1ad704c9-0c00-488e-b304-28dfc4924c48.jpg",
        "source_file": "C:\\Users\\Admin\\Documents\\Codex\\Property Intelligence Packages\\CHATGPT_REVIEW_2026-08-07\\01_INSPECTION_FULL.json",
        "source_files": [
          "C:\\Users\\Admin\\Documents\\Codex\\Property Intelligence Packages\\CHATGPT_REVIEW_2026-08-07\\01_INSPECTION_FULL.json"
        ]
      }
    },
    {
      "type": "Feature",
      "geometry": {
        "type": "Point",
        "coordinates": [
          -87.08943785097027,
          30.473566693482308
        ]
      },
      "properties": {
        "record_type": "photograph",
        "photo_id": "photo-7873e800-dff2-4cef-a6a5-90f96fccea15",
        "photo_number": "P11",
        "inspection_date": "2026-08-04",
        "timestamp": "2026-08-04T22:55:47.381Z",
        "recorded_category": "TREE",
        "display_class": "TREE",
        "is_recorded_water_category": false,
        "water_visible_review_status": "NOT_REVIEWED_FROM_IMAGE",
        "gps_accuracy_m": 7.574090035147948,
        "heading_deg": 245.19732666015625,
        "section_id": null,
        "associated_record_ids": [
          "event-24ec6835-9e47-4407-9770-e7b612b0849b",
          "event-997ed88c-d306-400e-b27e-2c2c1a7a240a",
          "event-997ed88c-d306-400e-b27e-2c2c1a7a240a",
          "TREE-002"
        ],
        "note": "",
        "evidence_classification": "Observed",
        "evidence_scope": "OFF_PROPERTY_OR_TEST_REVIEW_REQUIRED",
        "source_family": "AUGUST_7_CUMULATIVE_FIELD",
        "thumbnail_archive_tag": "AUG7_REVIEW_PHOTOS",
        "thumbnail_archive_member": "photos/011_analysis.jpg",
        "thumbnail_path": "data/photos/all/photo-7873e800-dff2-4cef-a6a5-90f96fccea15.jpg",
        "source_file": "C:\\Users\\Admin\\Documents\\Codex\\Property Intelligence Packages\\CHATGPT_REVIEW_2026-08-07\\01_INSPECTION_FULL.json",
        "source_files": [
          "C:\\Users\\Admin\\Documents\\Codex\\Property Intelligence Packages\\CHATGPT_REVIEW_2026-08-07\\01_INSPECTION_FULL.json"
        ]
      }
    },
    {
      "type": "Feature",
      "geometry": {
        "type": "Point",
        "coordinates": [
          -87.08945332219216,
          30.473555914951138
        ]
      },
      "properties": {
        "record_type": "photograph",
        "photo_id": "photo-b6b1012e-c2fe-469f-b75a-d1e8209050ff",
        "photo_number": "P12",
        "inspection_date": "2026-08-04",
        "timestamp": "2026-08-04T22:56:11.568Z",
        "recorded_category": "TREE",
        "display_class": "TREE",
        "is_recorded_water_category": false,
        "water_visible_review_status": "NOT_REVIEWED_FROM_IMAGE",
        "gps_accuracy_m": 8.529776394191002,
        "heading_deg": 230.1227264404297,
        "section_id": null,
        "associated_record_ids": [
          "event-bbb28155-4f17-4e67-a391-ccf682e5a050",
          "event-11051b12-9ff4-40e5-ba1f-d059fe353f56",
          "event-11051b12-9ff4-40e5-ba1f-d059fe353f56",
          "TREE-003"
        ],
        "note": "",
        "evidence_classification": "Observed",
        "evidence_scope": "OFF_PROPERTY_OR_TEST_REVIEW_REQUIRED",
        "source_family": "AUGUST_7_CUMULATIVE_FIELD",
        "thumbnail_archive_tag": "AUG7_REVIEW_PHOTOS",
        "thumbnail_archive_member": "photos/012_analysis.jpg",
        "thumbnail_path": "data/photos/all/photo-b6b1012e-c2fe-469f-b75a-d1e8209050ff.jpg",
        "source_file": "C:\\Users\\Admin\\Documents\\Codex\\Property Intelligence Packages\\CHATGPT_REVIEW_2026-08-07\\01_INSPECTION_FULL.json",
        "source_files": [
          "C:\\Users\\Admin\\Documents\\Codex\\Property Intelligence Packages\\CHATGPT_REVIEW_2026-08-07\\01_INSPECTION_FULL.json"
        ]
      }
    },
    {
      "type": "Feature",
      "geometry": {
        "type": "Point",
        "coordinates": [
          -87.0895257088257,
          30.473509594378836
        ]
      },
      "properties": {
        "record_type": "photograph",
        "photo_id": "photo-37561c39-19fa-4626-a95a-051e1ee00831",
        "photo_number": "P13",
        "inspection_date": "2026-08-04",
        "timestamp": "2026-08-04T22:56:38.630Z",
        "recorded_category": "TREE",
        "display_class": "TREE",
        "is_recorded_water_category": false,
        "water_visible_review_status": "NOT_REVIEWED_FROM_IMAGE",
        "gps_accuracy_m": 8.017420925163512,
        "heading_deg": 198.55950927734375,
        "section_id": null,
        "associated_record_ids": [
          "event-bb1c714f-6549-463e-9a9e-7704fab5f7e0",
          "event-11051b12-9ff4-40e5-ba1f-d059fe353f56",
          "event-11051b12-9ff4-40e5-ba1f-d059fe353f56",
          "TREE-003"
        ],
        "note": "",
        "evidence_classification": "Observed",
        "evidence_scope": "OFF_PROPERTY_OR_TEST_REVIEW_REQUIRED",
        "source_family": "AUGUST_7_CUMULATIVE_FIELD",
        "thumbnail_archive_tag": "AUG7_REVIEW_PHOTOS",
        "thumbnail_archive_member": "photos/013_analysis.jpg",
        "thumbnail_path": "data/photos/all/photo-37561c39-19fa-4626-a95a-051e1ee00831.jpg",
        "source_file": "C:\\Users\\Admin\\Documents\\Codex\\Property Intelligence Packages\\CHATGPT_REVIEW_2026-08-07\\01_INSPECTION_FULL.json",
        "source_files": [
          "C:\\Users\\Admin\\Documents\\Codex\\Property Intelligence Packages\\CHATGPT_REVIEW_2026-08-07\\01_INSPECTION_FULL.json"
        ]
      }
    },
    {
      "type": "Feature",
      "geometry": {
        "type": "Point",
        "coordinates": [
          -87.0895217182664,
          30.47351133460971
        ]
      },
      "properties": {
        "record_type": "photograph",
        "photo_id": "photo-b84301fb-7ee0-4a15-9545-598268f13592",
        "photo_number": "P14",
        "inspection_date": "2026-08-04",
        "timestamp": "2026-08-04T22:56:49.882Z",
        "recorded_category": "TREE",
        "display_class": "TREE",
        "is_recorded_water_category": false,
        "water_visible_review_status": "NOT_REVIEWED_FROM_IMAGE",
        "gps_accuracy_m": 8.269077908841062,
        "heading_deg": 216.27613830566406,
        "section_id": null,
        "associated_record_ids": [
          "event-c5e21733-02ab-42b4-bc8d-e0fc95ad317f",
          "event-11051b12-9ff4-40e5-ba1f-d059fe353f56",
          "event-11051b12-9ff4-40e5-ba1f-d059fe353f56",
          "TREE-003"
        ],
        "note": "",
        "evidence_classification": "Observed",
        "evidence_scope": "OFF_PROPERTY_OR_TEST_REVIEW_REQUIRED",
        "source_family": "AUGUST_7_CUMULATIVE_FIELD",
        "thumbnail_archive_tag": "AUG7_REVIEW_PHOTOS",
        "thumbnail_archive_member": "photos/014_analysis.jpg",
        "thumbnail_path": "data/photos/all/photo-b84301fb-7ee0-4a15-9545-598268f13592.jpg",
        "source_file": "C:\\Users\\Admin\\Documents\\Codex\\Property Intelligence Packages\\CHATGPT_REVIEW_2026-08-07\\01_INSPECTION_FULL.json",
        "source_files": [
          "C:\\Users\\Admin\\Documents\\Codex\\Property Intelligence Packages\\CHATGPT_REVIEW_2026-08-07\\01_INSPECTION_FULL.json"
        ]
      }
    },
    {
      "type": "Feature",
      "geometry": {
        "type": "Point",
        "coordinates": [
          -87.08952304809162,
          30.473508476125396
        ]
      },
      "properties": {
        "record_type": "photograph",
        "photo_id": "photo-25530c7e-f9fd-435f-9756-07ad67cf3350",
        "photo_number": "P15",
        "inspection_date": "2026-08-04",
        "timestamp": "2026-08-04T22:57:10.296Z",
        "recorded_category": "TREE",
        "display_class": "TREE",
        "is_recorded_water_category": false,
        "water_visible_review_status": "NOT_REVIEWED_FROM_IMAGE",
        "gps_accuracy_m": 8.124729902318167,
        "heading_deg": 42.65932083129883,
        "section_id": null,
        "associated_record_ids": [
          "event-516c7633-dae8-460a-8928-a583b70be4d9",
          "event-11051b12-9ff4-40e5-ba1f-d059fe353f56",
          "event-11051b12-9ff4-40e5-ba1f-d059fe353f56",
          "TREE-003"
        ],
        "note": "",
        "evidence_classification": "Observed",
        "evidence_scope": "OFF_PROPERTY_OR_TEST_REVIEW_REQUIRED",
        "source_family": "AUGUST_7_CUMULATIVE_FIELD",
        "thumbnail_archive_tag": "AUG7_REVIEW_PHOTOS",
        "thumbnail_archive_member": "photos/015_analysis.jpg",
        "thumbnail_path": "data/photos/all/photo-25530c7e-f9fd-435f-9756-07ad67cf3350.jpg",
        "source_file": "C:\\Users\\Admin\\Documents\\Codex\\Property Intelligence Packages\\CHATGPT_REVIEW_2026-08-07\\01_INSPECTION_FULL.json",
        "source_files": [
          "C:\\Users\\Admin\\Documents\\Codex\\Property Intelligence Packages\\CHATGPT_REVIEW_2026-08-07\\01_INSPECTION_FULL.json"
        ]
      }
    },
    {
      "type": "Feature",
      "geometry": {
        "type": "Point",
        "coordinates": [
          -87.08952835088093,
          30.473496502821614
        ]
      },
      "properties": {
        "record_type": "photograph",
        "photo_id": "photo-fc88e078-e702-437e-b434-42cdcc3df1a1",
        "photo_number": "P16",
        "inspection_date": "2026-08-04",
        "timestamp": "2026-08-04T22:57:18.313Z",
        "recorded_category": "TREE",
        "display_class": "TREE",
        "is_recorded_water_category": false,
        "water_visible_review_status": "NOT_REVIEWED_FROM_IMAGE",
        "gps_accuracy_m": 8.188151531904976,
        "heading_deg": 209.9404754638672,
        "section_id": null,
        "associated_record_ids": [
          "event-9d44def7-5269-41ae-a9c5-0df9a79f377f",
          "event-11051b12-9ff4-40e5-ba1f-d059fe353f56",
          "event-11051b12-9ff4-40e5-ba1f-d059fe353f56",
          "TREE-003"
        ],
        "note": "",
        "evidence_classification": "Observed",
        "evidence_scope": "OFF_PROPERTY_OR_TEST_REVIEW_REQUIRED",
        "source_family": "AUGUST_7_CUMULATIVE_FIELD",
        "thumbnail_archive_tag": "AUG7_REVIEW_PHOTOS",
        "thumbnail_archive_member": "photos/016_analysis.jpg",
        "thumbnail_path": "data/photos/all/photo-fc88e078-e702-437e-b434-42cdcc3df1a1.jpg",
        "source_file": "C:\\Users\\Admin\\Documents\\Codex\\Property Intelligence Packages\\CHATGPT_REVIEW_2026-08-07\\01_INSPECTION_FULL.json",
        "source_files": [
          "C:\\Users\\Admin\\Documents\\Codex\\Property Intelligence Packages\\CHATGPT_REVIEW_2026-08-07\\01_INSPECTION_FULL.json"
        ]
      }
    },
    {
      "type": "Feature",
      "geometry": {
        "type": "Point",
        "coordinates": [
          -87.08964410075663,
          30.473482910430587
        ]
      },
      "properties": {
        "record_type": "photograph",
        "photo_id": "photo-80077005-43b1-45dd-8775-d323d430d86c",
        "photo_number": "P17",
        "inspection_date": "2026-08-04",
        "timestamp": "2026-08-04T22:57:39.708Z",
        "recorded_category": "TREE",
        "display_class": "TREE",
        "is_recorded_water_category": false,
        "water_visible_review_status": "NOT_REVIEWED_FROM_IMAGE",
        "gps_accuracy_m": 8.983513094356693,
        "heading_deg": 153.04400634765625,
        "section_id": null,
        "associated_record_ids": [
          "event-df2c42fa-cd6c-47a8-a4f9-2e150fc7c81b",
          "event-bf81158c-9dd9-4446-a689-b510ab37dec6",
          "event-bf81158c-9dd9-4446-a689-b510ab37dec6",
          "TREE-004"
        ],
        "note": "",
        "evidence_classification": "Observed",
        "evidence_scope": "OFF_PROPERTY_OR_TEST_REVIEW_REQUIRED",
        "source_family": "AUGUST_7_CUMULATIVE_FIELD",
        "thumbnail_archive_tag": "AUG7_REVIEW_PHOTOS",
        "thumbnail_archive_member": "photos/017_analysis.jpg",
        "thumbnail_path": "data/photos/all/photo-80077005-43b1-45dd-8775-d323d430d86c.jpg",
        "source_file": "C:\\Users\\Admin\\Documents\\Codex\\Property Intelligence Packages\\CHATGPT_REVIEW_2026-08-07\\01_INSPECTION_FULL.json",
        "source_files": [
          "C:\\Users\\Admin\\Documents\\Codex\\Property Intelligence Packages\\CHATGPT_REVIEW_2026-08-07\\01_INSPECTION_FULL.json"
        ]
      }
    },
    {
      "type": "Feature",
      "geometry": {
        "type": "Point",
        "coordinates": [
          -87.08962148914061,
          30.473469783760727
        ]
      },
      "properties": {
        "record_type": "photograph",
        "photo_id": "photo-d94f15e5-616b-48f9-91c8-c05a5098e975",
        "photo_number": "P18",
        "inspection_date": "2026-08-04",
        "timestamp": "2026-08-04T22:57:48.686Z",
        "recorded_category": "TREE",
        "display_class": "TREE",
        "is_recorded_water_category": false,
        "water_visible_review_status": "NOT_REVIEWED_FROM_IMAGE",
        "gps_accuracy_m": 7.728776621220879,
        "heading_deg": 172.7987518310547,
        "section_id": null,
        "associated_record_ids": [
          "event-0e614c94-7765-4e3f-a9fc-cf520773b2e9",
          "event-bf81158c-9dd9-4446-a689-b510ab37dec6",
          "event-bf81158c-9dd9-4446-a689-b510ab37dec6",
          "TREE-004"
        ],
        "note": "",
        "evidence_classification": "Observed",
        "evidence_scope": "OFF_PROPERTY_OR_TEST_REVIEW_REQUIRED",
        "source_family": "AUGUST_7_CUMULATIVE_FIELD",
        "thumbnail_archive_tag": "AUG7_REVIEW_PHOTOS",
        "thumbnail_archive_member": "photos/018_analysis.jpg",
        "thumbnail_path": "data/photos/all/photo-d94f15e5-616b-48f9-91c8-c05a5098e975.jpg",
        "source_file": "C:\\Users\\Admin\\Documents\\Codex\\Property Intelligence Packages\\CHATGPT_REVIEW_2026-08-07\\01_INSPECTION_FULL.json",
        "source_files": [
          "C:\\Users\\Admin\\Documents\\Codex\\Property Intelligence Packages\\CHATGPT_REVIEW_2026-08-07\\01_INSPECTION_FULL.json"
        ]
      }
    },
    {
      "type": "Feature",
      "geometry": {
        "type": "Point",
        "coordinates": [
          -87.08962142082274,
          30.473472216024007
        ]
      },
      "properties": {
        "record_type": "photograph",
        "photo_id": "photo-005a0e36-75fd-4297-8953-a2a246aceac5",
        "photo_number": "P19",
        "inspection_date": "2026-08-04",
        "timestamp": "2026-08-04T22:57:56.084Z",
        "recorded_category": "TREE",
        "display_class": "TREE",
        "is_recorded_water_category": false,
        "water_visible_review_status": "NOT_REVIEWED_FROM_IMAGE",
        "gps_accuracy_m": 8.337412552364007,
        "heading_deg": 171.05209350585938,
        "section_id": null,
        "associated_record_ids": [
          "event-6781e90f-f2e9-4e78-9090-90b43883de74",
          "event-bf81158c-9dd9-4446-a689-b510ab37dec6",
          "event-bf81158c-9dd9-4446-a689-b510ab37dec6",
          "TREE-004"
        ],
        "note": "",
        "evidence_classification": "Observed",
        "evidence_scope": "OFF_PROPERTY_OR_TEST_REVIEW_REQUIRED",
        "source_family": "AUGUST_7_CUMULATIVE_FIELD",
        "thumbnail_archive_tag": "AUG7_REVIEW_PHOTOS",
        "thumbnail_archive_member": "photos/019_analysis.jpg",
        "thumbnail_path": "data/photos/all/photo-005a0e36-75fd-4297-8953-a2a246aceac5.jpg",
        "source_file": "C:\\Users\\Admin\\Documents\\Codex\\Property Intelligence Packages\\CHATGPT_REVIEW_2026-08-07\\01_INSPECTION_FULL.json",
        "source_files": [
          "C:\\Users\\Admin\\Documents\\Codex\\Property Intelligence Packages\\CHATGPT_REVIEW_2026-08-07\\01_INSPECTION_FULL.json"
        ]
      }
    },
    {
      "type": "Feature",
      "geometry": {
        "type": "Point",
        "coordinates": [
          -87.0896598436517,
          30.47339007590187
        ]
      },
      "properties": {
        "record_type": "photograph",
        "photo_id": "photo-94a3f3bb-837c-47c4-8bf3-ba6c1215f0ef",
        "photo_number": "P20",
        "inspection_date": "2026-08-04",
        "timestamp": "2026-08-04T22:59:01.003Z",
        "recorded_category": "TREE",
        "display_class": "TREE",
        "is_recorded_water_category": false,
        "water_visible_review_status": "NOT_REVIEWED_FROM_IMAGE",
        "gps_accuracy_m": 18.690894065439675,
        "heading_deg": 231.72412109375,
        "section_id": null,
        "associated_record_ids": [
          "event-49470084-a3d2-4660-80a6-617318c8a122",
          "event-bf81158c-9dd9-4446-a689-b510ab37dec6",
          "event-bf81158c-9dd9-4446-a689-b510ab37dec6",
          "TREE-004"
        ],
        "note": "",
        "evidence_classification": "Observed",
        "evidence_scope": "OFF_PROPERTY_OR_TEST_REVIEW_REQUIRED",
        "source_family": "AUGUST_7_CUMULATIVE_FIELD",
        "thumbnail_archive_tag": "AUG7_REVIEW_PHOTOS",
        "thumbnail_archive_member": "photos/020_analysis.jpg",
        "thumbnail_path": "data/photos/all/photo-94a3f3bb-837c-47c4-8bf3-ba6c1215f0ef.jpg",
        "source_file": "C:\\Users\\Admin\\Documents\\Codex\\Property Intelligence Packages\\CHATGPT_REVIEW_2026-08-07\\01_INSPECTION_FULL.json",
        "source_files": [
          "C:\\Users\\Admin\\Documents\\Codex\\Property Intelligence Packages\\CHATGPT_REVIEW_2026-08-07\\01_INSPECTION_FULL.json"
        ]
      }
    },
    {
      "type": "Feature",
      "geometry": {
        "type": "Point",
        "coordinates": [
          -87.0897378954996,
          30.473337984469
        ]
      },
      "properties": {
        "record_type": "photograph",
        "photo_id": "photo-798c8ca3-31d6-466d-a711-071ac997c43e",
        "photo_number": "P21",
        "inspection_date": "2026-08-04",
        "timestamp": "2026-08-04T23:00:19.418Z",
        "recorded_category": "ROAD / ENTRANCE",
        "display_class": "ROAD_ENTRANCE",
        "is_recorded_water_category": false,
        "water_visible_review_status": "NOT_REVIEWED_FROM_IMAGE",
        "gps_accuracy_m": 9.785881224712965,
        "heading_deg": 196.4830780029297,
        "section_id": null,
        "associated_record_ids": [
          "event-18f74870-6194-4a86-af8e-68fbc7030f05",
          "event-a903d62d-8d9f-4291-a279-dbcb0baf08e6",
          "event-a903d62d-8d9f-4291-a279-dbcb0baf08e6",
          "ROAD-002"
        ],
        "note": "",
        "evidence_classification": "Observed",
        "evidence_scope": "OFF_PROPERTY_OR_TEST_REVIEW_REQUIRED",
        "source_family": "AUGUST_7_CUMULATIVE_FIELD",
        "thumbnail_archive_tag": "AUG7_REVIEW_PHOTOS",
        "thumbnail_archive_member": "photos/021_analysis.jpg",
        "thumbnail_path": "data/photos/all/photo-798c8ca3-31d6-466d-a711-071ac997c43e.jpg",
        "source_file": "C:\\Users\\Admin\\Documents\\Codex\\Property Intelligence Packages\\CHATGPT_REVIEW_2026-08-07\\01_INSPECTION_FULL.json",
        "source_files": [
          "C:\\Users\\Admin\\Documents\\Codex\\Property Intelligence Packages\\CHATGPT_REVIEW_2026-08-07\\01_INSPECTION_FULL.json"
        ]
      }
    },
    {
      "type": "Feature",
      "geometry": {
        "type": "Point",
        "coordinates": [
          -87.0897931143644,
          30.47330881632353
        ]
      },
      "properties": {
        "record_type": "photograph",
        "photo_id": "photo-41d58658-b974-4cee-88a8-18f9f18ae9b6",
        "photo_number": "P22",
        "inspection_date": "2026-08-04",
        "timestamp": "2026-08-04T23:00:53.187Z",
        "recorded_category": "BRUSH",
        "display_class": "BRUSH",
        "is_recorded_water_category": false,
        "water_visible_review_status": "NOT_REVIEWED_FROM_IMAGE",
        "gps_accuracy_m": 9.538098482344356,
        "heading_deg": 262.80743408203125,
        "section_id": null,
        "associated_record_ids": [
          "event-e560e5ac-59c2-4e64-8924-cf7ce4bfca4e",
          "event-419c658b-2716-400c-8fd3-833087da5059",
          "event-419c658b-2716-400c-8fd3-833087da5059",
          "BRUSH-002"
        ],
        "note": "",
        "evidence_classification": "Observed",
        "evidence_scope": "OFF_PROPERTY_OR_TEST_REVIEW_REQUIRED",
        "source_family": "AUGUST_7_CUMULATIVE_FIELD",
        "thumbnail_archive_tag": "AUG7_REVIEW_PHOTOS",
        "thumbnail_archive_member": "photos/022_analysis.jpg",
        "thumbnail_path": "data/photos/all/photo-41d58658-b974-4cee-88a8-18f9f18ae9b6.jpg",
        "source_file": "C:\\Users\\Admin\\Documents\\Codex\\Property Intelligence Packages\\CHATGPT_REVIEW_2026-08-07\\01_INSPECTION_FULL.json",
        "source_files": [
          "C:\\Users\\Admin\\Documents\\Codex\\Property Intelligence Packages\\CHATGPT_REVIEW_2026-08-07\\01_INSPECTION_FULL.json"
        ]
      }
    },
    {
      "type": "Feature",
      "geometry": {
        "type": "Point",
        "coordinates": [
          -87.08978570987485,
          30.4733061221114
        ]
      },
      "properties": {
        "record_type": "photograph",
        "photo_id": "photo-25e8ad85-582e-4f22-ba50-994909fb55b8",
        "photo_number": "P23",
        "inspection_date": "2026-08-04",
        "timestamp": "2026-08-04T23:01:02.265Z",
        "recorded_category": "BRUSH",
        "display_class": "BRUSH",
        "is_recorded_water_category": false,
        "water_visible_review_status": "NOT_REVIEWED_FROM_IMAGE",
        "gps_accuracy_m": 9.007253536114275,
        "heading_deg": 250.7952423095703,
        "section_id": null,
        "associated_record_ids": [
          "event-a82fa8f7-2c0a-4569-acbe-497c906d2d2f",
          "event-419c658b-2716-400c-8fd3-833087da5059",
          "event-419c658b-2716-400c-8fd3-833087da5059",
          "BRUSH-002"
        ],
        "note": "",
        "evidence_classification": "Observed",
        "evidence_scope": "OFF_PROPERTY_OR_TEST_REVIEW_REQUIRED",
        "source_family": "AUGUST_7_CUMULATIVE_FIELD",
        "thumbnail_archive_tag": "AUG7_REVIEW_PHOTOS",
        "thumbnail_archive_member": "photos/023_analysis.jpg",
        "thumbnail_path": "data/photos/all/photo-25e8ad85-582e-4f22-ba50-994909fb55b8.jpg",
        "source_file": "C:\\Users\\Admin\\Documents\\Codex\\Property Intelligence Packages\\CHATGPT_REVIEW_2026-08-07\\01_INSPECTION_FULL.json",
        "source_files": [
          "C:\\Users\\Admin\\Documents\\Codex\\Property Intelligence Packages\\CHATGPT_REVIEW_2026-08-07\\01_INSPECTION_FULL.json"
        ]
      }
    },
    {
      "type": "Feature",
      "geometry": {
        "type": "Point",
        "coordinates": [
          -87.08980062118037,
          30.473298133646207
        ]
      },
      "properties": {
        "record_type": "photograph",
        "photo_id": "photo-aff82b7c-b4d6-409a-842e-89f1ad690b32",
        "photo_number": "P24",
        "inspection_date": "2026-08-04",
        "timestamp": "2026-08-04T23:01:12.928Z",
        "recorded_category": "BRUSH",
        "display_class": "BRUSH",
        "is_recorded_water_category": false,
        "water_visible_review_status": "NOT_REVIEWED_FROM_IMAGE",
        "gps_accuracy_m": 10.212943380371808,
        "heading_deg": 277.09051513671875,
        "section_id": null,
        "associated_record_ids": [
          "event-5bbfe65e-14cc-4072-9063-024106aaa057",
          "event-419c658b-2716-400c-8fd3-833087da5059",
          "event-419c658b-2716-400c-8fd3-833087da5059",
          "BRUSH-002"
        ],
        "note": "",
        "evidence_classification": "Observed",
        "evidence_scope": "OFF_PROPERTY_OR_TEST_REVIEW_REQUIRED",
        "source_family": "AUGUST_7_CUMULATIVE_FIELD",
        "thumbnail_archive_tag": "AUG7_REVIEW_PHOTOS",
        "thumbnail_archive_member": "photos/024_analysis.jpg",
        "thumbnail_path": "data/photos/all/photo-aff82b7c-b4d6-409a-842e-89f1ad690b32.jpg",
        "source_file": "C:\\Users\\Admin\\Documents\\Codex\\Property Intelligence Packages\\CHATGPT_REVIEW_2026-08-07\\01_INSPECTION_FULL.json",
        "source_files": [
          "C:\\Users\\Admin\\Documents\\Codex\\Property Intelligence Packages\\CHATGPT_REVIEW_2026-08-07\\01_INSPECTION_FULL.json"
        ]
      }
    },
    {
      "type": "Feature",
      "geometry": {
        "type": "Point",
        "coordinates": [
          -87.08979701164593,
          30.473297304691386
        ]
      },
      "properties": {
        "record_type": "photograph",
        "photo_id": "photo-c34386e1-1e57-4415-b124-0b54a621bc48",
        "photo_number": "P25",
        "inspection_date": "2026-08-04",
        "timestamp": "2026-08-04T23:01:30.818Z",
        "recorded_category": "BRUSH",
        "display_class": "BRUSH",
        "is_recorded_water_category": false,
        "water_visible_review_status": "NOT_REVIEWED_FROM_IMAGE",
        "gps_accuracy_m": 11.600532798504831,
        "heading_deg": 267.0155944824219,
        "section_id": null,
        "associated_record_ids": [
          "event-9d852eee-ef19-4739-bbe8-c90a8ef64948",
          "event-419c658b-2716-400c-8fd3-833087da5059",
          "event-419c658b-2716-400c-8fd3-833087da5059",
          "BRUSH-002"
        ],
        "note": "",
        "evidence_classification": "Observed",
        "evidence_scope": "OFF_PROPERTY_OR_TEST_REVIEW_REQUIRED",
        "source_family": "AUGUST_7_CUMULATIVE_FIELD",
        "thumbnail_archive_tag": "AUG7_REVIEW_PHOTOS",
        "thumbnail_archive_member": "photos/025_analysis.jpg",
        "thumbnail_path": "data/photos/all/photo-c34386e1-1e57-4415-b124-0b54a621bc48.jpg",
        "source_file": "C:\\Users\\Admin\\Documents\\Codex\\Property Intelligence Packages\\CHATGPT_REVIEW_2026-08-07\\01_INSPECTION_FULL.json",
        "source_files": [
          "C:\\Users\\Admin\\Documents\\Codex\\Property Intelligence Packages\\CHATGPT_REVIEW_2026-08-07\\01_INSPECTION_FULL.json"
        ]
      }
    },
    {
      "type": "Feature",
      "geometry": {
        "type": "Point",
        "coordinates": [
          -87.08977773903509,
          30.473277708856227
        ]
      },
      "properties": {
        "record_type": "photograph",
        "photo_id": "photo-83167dd7-0d1d-4c02-812b-631eea4af9e5",
        "photo_number": "P26",
        "inspection_date": "2026-08-04",
        "timestamp": "2026-08-04T23:01:43.851Z",
        "recorded_category": "BRUSH",
        "display_class": "BRUSH",
        "is_recorded_water_category": false,
        "water_visible_review_status": "NOT_REVIEWED_FROM_IMAGE",
        "gps_accuracy_m": 10.556900527097927,
        "heading_deg": 264.0135498046875,
        "section_id": null,
        "associated_record_ids": [
          "event-95bfb555-96ff-4eed-b96d-3d3b58a17c6a",
          "event-419c658b-2716-400c-8fd3-833087da5059",
          "event-419c658b-2716-400c-8fd3-833087da5059",
          "BRUSH-002"
        ],
        "note": "",
        "evidence_classification": "Observed",
        "evidence_scope": "OFF_PROPERTY_OR_TEST_REVIEW_REQUIRED",
        "source_family": "AUGUST_7_CUMULATIVE_FIELD",
        "thumbnail_archive_tag": "AUG7_REVIEW_PHOTOS",
        "thumbnail_archive_member": "photos/026_analysis.jpg",
        "thumbnail_path": "data/photos/all/photo-83167dd7-0d1d-4c02-812b-631eea4af9e5.jpg",
        "source_file": "C:\\Users\\Admin\\Documents\\Codex\\Property Intelligence Packages\\CHATGPT_REVIEW_2026-08-07\\01_INSPECTION_FULL.json",
        "source_files": [
          "C:\\Users\\Admin\\Documents\\Codex\\Property Intelligence Packages\\CHATGPT_REVIEW_2026-08-07\\01_INSPECTION_FULL.json"
        ]
      }
    },
    {
      "type": "Feature",
      "geometry": {
        "type": "Point",
        "coordinates": [
          -87.08978963375122,
          30.47327061386129
        ]
      },
      "properties": {
        "record_type": "photograph",
        "photo_id": "photo-2a3be360-a862-49c6-8f50-eee4652ff1d9",
        "photo_number": "P27",
        "inspection_date": "2026-08-04",
        "timestamp": "2026-08-04T23:01:56.206Z",
        "recorded_category": "BRUSH",
        "display_class": "BRUSH",
        "is_recorded_water_category": false,
        "water_visible_review_status": "NOT_REVIEWED_FROM_IMAGE",
        "gps_accuracy_m": 11.423278652071225,
        "heading_deg": 244.72828674316406,
        "section_id": null,
        "associated_record_ids": [
          "event-01f99f38-72f0-4339-950d-e65c2761e4e8",
          "event-419c658b-2716-400c-8fd3-833087da5059",
          "event-419c658b-2716-400c-8fd3-833087da5059",
          "BRUSH-002"
        ],
        "note": "",
        "evidence_classification": "Observed",
        "evidence_scope": "OFF_PROPERTY_OR_TEST_REVIEW_REQUIRED",
        "source_family": "AUGUST_7_CUMULATIVE_FIELD",
        "thumbnail_archive_tag": "AUG7_REVIEW_PHOTOS",
        "thumbnail_archive_member": "photos/027_analysis.jpg",
        "thumbnail_path": "data/photos/all/photo-2a3be360-a862-49c6-8f50-eee4652ff1d9.jpg",
        "source_file": "C:\\Users\\Admin\\Documents\\Codex\\Property Intelligence Packages\\CHATGPT_REVIEW_2026-08-07\\01_INSPECTION_FULL.json",
        "source_files": [
          "C:\\Users\\Admin\\Documents\\Codex\\Property Intelligence Packages\\CHATGPT_REVIEW_2026-08-07\\01_INSPECTION_FULL.json"
        ]
      }
    },
    {
      "type": "Feature",
      "geometry": {
        "type": "Point",
        "coordinates": [
          -87.08979448733237,
          30.47326354457797
        ]
      },
      "properties": {
        "record_type": "photograph",
        "photo_id": "photo-6dcb18e8-b571-492c-a315-a4943f174768",
        "photo_number": "P28",
        "inspection_date": "2026-08-04",
        "timestamp": "2026-08-04T23:02:02.973Z",
        "recorded_category": "BRUSH",
        "display_class": "BRUSH",
        "is_recorded_water_category": false,
        "water_visible_review_status": "NOT_REVIEWED_FROM_IMAGE",
        "gps_accuracy_m": 11.810496993204119,
        "heading_deg": 264.0686340332031,
        "section_id": null,
        "associated_record_ids": [
          "event-975e0868-2590-42df-8ca5-3cdcf40c0469",
          "event-419c658b-2716-400c-8fd3-833087da5059",
          "event-419c658b-2716-400c-8fd3-833087da5059",
          "BRUSH-002"
        ],
        "note": "",
        "evidence_classification": "Observed",
        "evidence_scope": "OFF_PROPERTY_OR_TEST_REVIEW_REQUIRED",
        "source_family": "AUGUST_7_CUMULATIVE_FIELD",
        "thumbnail_archive_tag": "AUG7_REVIEW_PHOTOS",
        "thumbnail_archive_member": "photos/028_analysis.jpg",
        "thumbnail_path": "data/photos/all/photo-6dcb18e8-b571-492c-a315-a4943f174768.jpg",
        "source_file": "C:\\Users\\Admin\\Documents\\Codex\\Property Intelligence Packages\\CHATGPT_REVIEW_2026-08-07\\01_INSPECTION_FULL.json",
        "source_files": [
          "C:\\Users\\Admin\\Documents\\Codex\\Property Intelligence Packages\\CHATGPT_REVIEW_2026-08-07\\01_INSPECTION_FULL.json"
        ]
      }
    },
    {
      "type": "Feature",
      "geometry": {
        "type": "Point",
        "coordinates": [
          -87.08978416040445,
          30.473257475322768
        ]
      },
      "properties": {
        "record_type": "photograph",
        "photo_id": "photo-c8d89451-c9cc-47dd-8d77-2b0d9770f7f7",
        "photo_number": "P29",
        "inspection_date": "2026-08-04",
        "timestamp": "2026-08-04T23:02:11.837Z",
        "recorded_category": "BRUSH",
        "display_class": "BRUSH",
        "is_recorded_water_category": false,
        "water_visible_review_status": "NOT_REVIEWED_FROM_IMAGE",
        "gps_accuracy_m": 13.352975936277911,
        "heading_deg": 280.0885009765625,
        "section_id": null,
        "associated_record_ids": [
          "event-1878d4df-bdff-4764-8943-7e21501e4557",
          "event-419c658b-2716-400c-8fd3-833087da5059",
          "event-419c658b-2716-400c-8fd3-833087da5059",
          "BRUSH-002"
        ],
        "note": "",
        "evidence_classification": "Observed",
        "evidence_scope": "OFF_PROPERTY_OR_TEST_REVIEW_REQUIRED",
        "source_family": "AUGUST_7_CUMULATIVE_FIELD",
        "thumbnail_archive_tag": "AUG7_REVIEW_PHOTOS",
        "thumbnail_archive_member": "photos/029_analysis.jpg",
        "thumbnail_path": "data/photos/all/photo-c8d89451-c9cc-47dd-8d77-2b0d9770f7f7.jpg",
        "source_file": "C:\\Users\\Admin\\Documents\\Codex\\Property Intelligence Packages\\CHATGPT_REVIEW_2026-08-07\\01_INSPECTION_FULL.json",
        "source_files": [
          "C:\\Users\\Admin\\Documents\\Codex\\Property Intelligence Packages\\CHATGPT_REVIEW_2026-08-07\\01_INSPECTION_FULL.json"
        ]
      }
    },
    {
      "type": "Feature",
      "geometry": {
        "type": "Point",
        "coordinates": [
          -87.08979435786917,
          30.473275674641783
        ]
      },
      "properties": {
        "record_type": "photograph",
        "photo_id": "photo-9db62e87-5526-4ce2-8f65-8e9aa26e6980",
        "photo_number": "P30",
        "inspection_date": "2026-08-04",
        "timestamp": "2026-08-04T23:02:29.694Z",
        "recorded_category": "TREE",
        "display_class": "TREE",
        "is_recorded_water_category": false,
        "water_visible_review_status": "NOT_REVIEWED_FROM_IMAGE",
        "gps_accuracy_m": 11.685300976302436,
        "heading_deg": 263.45513916015625,
        "section_id": null,
        "associated_record_ids": [
          "event-8b2b2a0e-d791-43c9-93ce-07965c7fa943",
          "event-9a7a9cbd-ab20-4e70-a2f2-1e76277f408c",
          "event-9a7a9cbd-ab20-4e70-a2f2-1e76277f408c",
          "TREE-005"
        ],
        "note": "",
        "evidence_classification": "Observed",
        "evidence_scope": "OFF_PROPERTY_OR_TEST_REVIEW_REQUIRED",
        "source_family": "AUGUST_7_CUMULATIVE_FIELD",
        "thumbnail_archive_tag": "AUG7_REVIEW_PHOTOS",
        "thumbnail_archive_member": "photos/030_analysis.jpg",
        "thumbnail_path": "data/photos/all/photo-9db62e87-5526-4ce2-8f65-8e9aa26e6980.jpg",
        "source_file": "C:\\Users\\Admin\\Documents\\Codex\\Property Intelligence Packages\\CHATGPT_REVIEW_2026-08-07\\01_INSPECTION_FULL.json",
        "source_files": [
          "C:\\Users\\Admin\\Documents\\Codex\\Property Intelligence Packages\\CHATGPT_REVIEW_2026-08-07\\01_INSPECTION_FULL.json"
        ]
      }
    },
    {
      "type": "Feature",
      "geometry": {
        "type": "Point",
        "coordinates": [
          -87.08978808404945,
          30.47327471681526
        ]
      },
      "properties": {
        "record_type": "photograph",
        "photo_id": "photo-fde49add-9dce-4ed4-8167-70d4870d83b8",
        "photo_number": "P31",
        "inspection_date": "2026-08-04",
        "timestamp": "2026-08-04T23:02:38.210Z",
        "recorded_category": "TREE",
        "display_class": "TREE",
        "is_recorded_water_category": false,
        "water_visible_review_status": "NOT_REVIEWED_FROM_IMAGE",
        "gps_accuracy_m": 10.454695794182943,
        "heading_deg": 291.53192138671875,
        "section_id": null,
        "associated_record_ids": [
          "event-1e66a639-3a6e-4224-b9b0-8b050284f8b1",
          "event-9a7a9cbd-ab20-4e70-a2f2-1e76277f408c",
          "event-9a7a9cbd-ab20-4e70-a2f2-1e76277f408c",
          "TREE-005"
        ],
        "note": "",
        "evidence_classification": "Observed",
        "evidence_scope": "OFF_PROPERTY_OR_TEST_REVIEW_REQUIRED",
        "source_family": "AUGUST_7_CUMULATIVE_FIELD",
        "thumbnail_archive_tag": "AUG7_REVIEW_PHOTOS",
        "thumbnail_archive_member": "photos/031_analysis.jpg",
        "thumbnail_path": "data/photos/all/photo-fde49add-9dce-4ed4-8167-70d4870d83b8.jpg",
        "source_file": "C:\\Users\\Admin\\Documents\\Codex\\Property Intelligence Packages\\CHATGPT_REVIEW_2026-08-07\\01_INSPECTION_FULL.json",
        "source_files": [
          "C:\\Users\\Admin\\Documents\\Codex\\Property Intelligence Packages\\CHATGPT_REVIEW_2026-08-07\\01_INSPECTION_FULL.json"
        ]
      }
    },
    {
      "type": "Feature",
      "geometry": {
        "type": "Point",
        "coordinates": [
          -87.08979899462412,
          30.473276077584483
        ]
      },
      "properties": {
        "record_type": "photograph",
        "photo_id": "photo-e7a16adb-0163-48d9-a817-25817d376f89",
        "photo_number": "P32",
        "inspection_date": "2026-08-04",
        "timestamp": "2026-08-04T23:02:47.461Z",
        "recorded_category": "TREE",
        "display_class": "TREE",
        "is_recorded_water_category": false,
        "water_visible_review_status": "NOT_REVIEWED_FROM_IMAGE",
        "gps_accuracy_m": 11.381876791796472,
        "heading_deg": 283.74005126953125,
        "section_id": null,
        "associated_record_ids": [
          "event-b6cae5d8-9ef6-4498-b78e-f7a4371cdfa9",
          "event-9a7a9cbd-ab20-4e70-a2f2-1e76277f408c",
          "event-9a7a9cbd-ab20-4e70-a2f2-1e76277f408c",
          "TREE-005"
        ],
        "note": "",
        "evidence_classification": "Observed",
        "evidence_scope": "OFF_PROPERTY_OR_TEST_REVIEW_REQUIRED",
        "source_family": "AUGUST_7_CUMULATIVE_FIELD",
        "thumbnail_archive_tag": "AUG7_REVIEW_PHOTOS",
        "thumbnail_archive_member": "photos/032_analysis.jpg",
        "thumbnail_path": "data/photos/all/photo-e7a16adb-0163-48d9-a817-25817d376f89.jpg",
        "source_file": "C:\\Users\\Admin\\Documents\\Codex\\Property Intelligence Packages\\CHATGPT_REVIEW_2026-08-07\\01_INSPECTION_FULL.json",
        "source_files": [
          "C:\\Users\\Admin\\Documents\\Codex\\Property Intelligence Packages\\CHATGPT_REVIEW_2026-08-07\\01_INSPECTION_FULL.json"
        ]
      }
    },
    {
      "type": "Feature",
      "geometry": {
        "type": "Point",
        "coordinates": [
          -87.08977351924909,
          30.473261411818278
        ]
      },
      "properties": {
        "record_type": "photograph",
        "photo_id": "photo-86e66b34-0a24-44a8-8429-4bc35c98de6b",
        "photo_number": "P33",
        "inspection_date": "2026-08-04",
        "timestamp": "2026-08-04T23:03:14.818Z",
        "recorded_category": "BRUSH",
        "display_class": "BRUSH",
        "is_recorded_water_category": false,
        "water_visible_review_status": "NOT_REVIEWED_FROM_IMAGE",
        "gps_accuracy_m": 10.245896786725924,
        "heading_deg": 5.597574234008789,
        "section_id": null,
        "associated_record_ids": [
          "event-afc78b25-bc3e-4f20-a2d5-a859db4390eb",
          "event-142ef2f3-2ad2-4eab-a9b4-12cc421e46df",
          "event-142ef2f3-2ad2-4eab-a9b4-12cc421e46df",
          "BRUSH-003"
        ],
        "note": "",
        "evidence_classification": "Observed",
        "evidence_scope": "OFF_PROPERTY_OR_TEST_REVIEW_REQUIRED",
        "source_family": "AUGUST_7_CUMULATIVE_FIELD",
        "thumbnail_archive_tag": "AUG7_REVIEW_PHOTOS",
        "thumbnail_archive_member": "photos/033_analysis.jpg",
        "thumbnail_path": "data/photos/all/photo-86e66b34-0a24-44a8-8429-4bc35c98de6b.jpg",
        "source_file": "C:\\Users\\Admin\\Documents\\Codex\\Property Intelligence Packages\\CHATGPT_REVIEW_2026-08-07\\01_INSPECTION_FULL.json",
        "source_files": [
          "C:\\Users\\Admin\\Documents\\Codex\\Property Intelligence Packages\\CHATGPT_REVIEW_2026-08-07\\01_INSPECTION_FULL.json"
        ]
      }
    },
    {
      "type": "Feature",
      "geometry": {
        "type": "Point",
        "coordinates": [
          -87.08978435928086,
          30.473260338060168
        ]
      },
      "properties": {
        "record_type": "photograph",
        "photo_id": "photo-be596afd-8639-4cc4-b91b-44eff07cff1f",
        "photo_number": "P34",
        "inspection_date": "2026-08-04",
        "timestamp": "2026-08-04T23:03:27.013Z",
        "recorded_category": "BRUSH",
        "display_class": "BRUSH",
        "is_recorded_water_category": false,
        "water_visible_review_status": "NOT_REVIEWED_FROM_IMAGE",
        "gps_accuracy_m": 9.734861808187269,
        "heading_deg": 302.1379699707031,
        "section_id": null,
        "associated_record_ids": [
          "event-a6513f23-452f-4883-9693-84dd1fd82422",
          "event-142ef2f3-2ad2-4eab-a9b4-12cc421e46df",
          "event-142ef2f3-2ad2-4eab-a9b4-12cc421e46df",
          "BRUSH-003"
        ],
        "note": "",
        "evidence_classification": "Observed",
        "evidence_scope": "OFF_PROPERTY_OR_TEST_REVIEW_REQUIRED",
        "source_family": "AUGUST_7_CUMULATIVE_FIELD",
        "thumbnail_archive_tag": "AUG7_REVIEW_PHOTOS",
        "thumbnail_archive_member": "photos/034_analysis.jpg",
        "thumbnail_path": "data/photos/all/photo-be596afd-8639-4cc4-b91b-44eff07cff1f.jpg",
        "source_file": "C:\\Users\\Admin\\Documents\\Codex\\Property Intelligence Packages\\CHATGPT_REVIEW_2026-08-07\\01_INSPECTION_FULL.json",
        "source_files": [
          "C:\\Users\\Admin\\Documents\\Codex\\Property Intelligence Packages\\CHATGPT_REVIEW_2026-08-07\\01_INSPECTION_FULL.json"
        ]
      }
    },
    {
      "type": "Feature",
      "geometry": {
        "type": "Point",
        "coordinates": [
          -87.08977610347173,
          30.473240699175967
        ]
      },
      "properties": {
        "record_type": "photograph",
        "photo_id": "photo-02444c14-776b-4df9-90c0-9a321ae69a6a",
        "photo_number": "P35",
        "inspection_date": "2026-08-04",
        "timestamp": "2026-08-04T23:03:39.949Z",
        "recorded_category": "BRUSH",
        "display_class": "BRUSH",
        "is_recorded_water_category": false,
        "water_visible_review_status": "NOT_REVIEWED_FROM_IMAGE",
        "gps_accuracy_m": 9.928596167460013,
        "heading_deg": 260.591552734375,
        "section_id": null,
        "associated_record_ids": [
          "event-7a7ebef1-3990-4b29-af2b-509df394ab66",
          "event-142ef2f3-2ad2-4eab-a9b4-12cc421e46df",
          "event-142ef2f3-2ad2-4eab-a9b4-12cc421e46df",
          "BRUSH-003"
        ],
        "note": "",
        "evidence_classification": "Observed",
        "evidence_scope": "OFF_PROPERTY_OR_TEST_REVIEW_REQUIRED",
        "source_family": "AUGUST_7_CUMULATIVE_FIELD",
        "thumbnail_archive_tag": "AUG7_REVIEW_PHOTOS",
        "thumbnail_archive_member": "photos/035_analysis.jpg",
        "thumbnail_path": "data/photos/all/photo-02444c14-776b-4df9-90c0-9a321ae69a6a.jpg",
        "source_file": "C:\\Users\\Admin\\Documents\\Codex\\Property Intelligence Packages\\CHATGPT_REVIEW_2026-08-07\\01_INSPECTION_FULL.json",
        "source_files": [
          "C:\\Users\\Admin\\Documents\\Codex\\Property Intelligence Packages\\CHATGPT_REVIEW_2026-08-07\\01_INSPECTION_FULL.json"
        ]
      }
    },
    {
      "type": "Feature",
      "geometry": {
        "type": "Point",
        "coordinates": [
          -87.08978444438179,
          30.473233676778428
        ]
      },
      "properties": {
        "record_type": "photograph",
        "photo_id": "photo-5c700b36-fc98-4367-8618-77be57c732f4",
        "photo_number": "P36",
        "inspection_date": "2026-08-04",
        "timestamp": "2026-08-04T23:03:50.330Z",
        "recorded_category": "BRUSH",
        "display_class": "BRUSH",
        "is_recorded_water_category": false,
        "water_visible_review_status": "NOT_REVIEWED_FROM_IMAGE",
        "gps_accuracy_m": 10.369672337311538,
        "heading_deg": 219.48939514160156,
        "section_id": null,
        "associated_record_ids": [
          "event-6c10dfcb-7973-4bfa-8a6d-918efc61520a",
          "event-142ef2f3-2ad2-4eab-a9b4-12cc421e46df",
          "event-142ef2f3-2ad2-4eab-a9b4-12cc421e46df",
          "BRUSH-003"
        ],
        "note": "",
        "evidence_classification": "Observed",
        "evidence_scope": "OFF_PROPERTY_OR_TEST_REVIEW_REQUIRED",
        "source_family": "AUGUST_7_CUMULATIVE_FIELD",
        "thumbnail_archive_tag": "AUG7_REVIEW_PHOTOS",
        "thumbnail_archive_member": "photos/036_analysis.jpg",
        "thumbnail_path": "data/photos/all/photo-5c700b36-fc98-4367-8618-77be57c732f4.jpg",
        "source_file": "C:\\Users\\Admin\\Documents\\Codex\\Property Intelligence Packages\\CHATGPT_REVIEW_2026-08-07\\01_INSPECTION_FULL.json",
        "source_files": [
          "C:\\Users\\Admin\\Documents\\Codex\\Property Intelligence Packages\\CHATGPT_REVIEW_2026-08-07\\01_INSPECTION_FULL.json"
        ]
      }
    },
    {
      "type": "Feature",
      "geometry": {
        "type": "Point",
        "coordinates": [
          -87.08977721454069,
          30.47320892146673
        ]
      },
      "properties": {
        "record_type": "photograph",
        "photo_id": "photo-fb342d20-43e4-46a4-8a76-9e626b124156",
        "photo_number": "P37",
        "inspection_date": "2026-08-04",
        "timestamp": "2026-08-04T23:04:16.964Z",
        "recorded_category": "TREE",
        "display_class": "TREE",
        "is_recorded_water_category": false,
        "water_visible_review_status": "NOT_REVIEWED_FROM_IMAGE",
        "gps_accuracy_m": 10.166660888730243,
        "heading_deg": 294.6094970703125,
        "section_id": null,
        "associated_record_ids": [
          "event-8b149bb4-b89d-47de-ae66-b2d1b78a5644",
          "event-ef84b0da-28f7-4746-9d69-aea147623c24",
          "event-ef84b0da-28f7-4746-9d69-aea147623c24",
          "TREE-006"
        ],
        "note": "",
        "evidence_classification": "Observed",
        "evidence_scope": "OFF_PROPERTY_OR_TEST_REVIEW_REQUIRED",
        "source_family": "AUGUST_7_CUMULATIVE_FIELD",
        "thumbnail_archive_tag": "AUG7_REVIEW_PHOTOS",
        "thumbnail_archive_member": "photos/037_analysis.jpg",
        "thumbnail_path": "data/photos/all/photo-fb342d20-43e4-46a4-8a76-9e626b124156.jpg",
        "source_file": "C:\\Users\\Admin\\Documents\\Codex\\Property Intelligence Packages\\CHATGPT_REVIEW_2026-08-07\\01_INSPECTION_FULL.json",
        "source_files": [
          "C:\\Users\\Admin\\Documents\\Codex\\Property Intelligence Packages\\CHATGPT_REVIEW_2026-08-07\\01_INSPECTION_FULL.json"
        ]
      }
    },
    {
      "type": "Feature",
      "geometry": {
        "type": "Point",
        "coordinates": [
          -87.08978872607159,
          30.47321553249896
        ]
      },
      "properties": {
        "record_type": "photograph",
        "photo_id": "photo-1dfe6987-ad2b-46ee-8cda-50bfb1dd33b0",
        "photo_number": "P38",
        "inspection_date": "2026-08-04",
        "timestamp": "2026-08-04T23:04:22.778Z",
        "recorded_category": "TREE",
        "display_class": "TREE",
        "is_recorded_water_category": false,
        "water_visible_review_status": "NOT_REVIEWED_FROM_IMAGE",
        "gps_accuracy_m": 9.51858722730949,
        "heading_deg": 295.0160217285156,
        "section_id": null,
        "associated_record_ids": [
          "event-3484241a-34ef-497e-9b38-e56d3cec77c8",
          "event-ef84b0da-28f7-4746-9d69-aea147623c24",
          "event-ef84b0da-28f7-4746-9d69-aea147623c24",
          "TREE-006"
        ],
        "note": "",
        "evidence_classification": "Observed",
        "evidence_scope": "OFF_PROPERTY_OR_TEST_REVIEW_REQUIRED",
        "source_family": "AUGUST_7_CUMULATIVE_FIELD",
        "thumbnail_archive_tag": "AUG7_REVIEW_PHOTOS",
        "thumbnail_archive_member": "photos/038_analysis.jpg",
        "thumbnail_path": "data/photos/all/photo-1dfe6987-ad2b-46ee-8cda-50bfb1dd33b0.jpg",
        "source_file": "C:\\Users\\Admin\\Documents\\Codex\\Property Intelligence Packages\\CHATGPT_REVIEW_2026-08-07\\01_INSPECTION_FULL.json",
        "source_files": [
          "C:\\Users\\Admin\\Documents\\Codex\\Property Intelligence Packages\\CHATGPT_REVIEW_2026-08-07\\01_INSPECTION_FULL.json"
        ]
      }
    },
    {
      "type": "Feature",
      "geometry": {
        "type": "Point",
        "coordinates": [
          -87.08979768957701,
          30.473224241554078
        ]
      },
      "properties": {
        "record_type": "photograph",
        "photo_id": "photo-029bf135-0f12-4bf6-bf76-ada2ff5769be",
        "photo_number": "P39",
        "inspection_date": "2026-08-04",
        "timestamp": "2026-08-04T23:04:32.054Z",
        "recorded_category": "TREE",
        "display_class": "TREE",
        "is_recorded_water_category": false,
        "water_visible_review_status": "NOT_REVIEWED_FROM_IMAGE",
        "gps_accuracy_m": 9.053465976369022,
        "heading_deg": 298.2572937011719,
        "section_id": null,
        "associated_record_ids": [
          "event-017cd753-d540-4cae-a410-6e6a2c3bf588",
          "event-ef84b0da-28f7-4746-9d69-aea147623c24",
          "event-ef84b0da-28f7-4746-9d69-aea147623c24",
          "TREE-006"
        ],
        "note": "",
        "evidence_classification": "Observed",
        "evidence_scope": "OFF_PROPERTY_OR_TEST_REVIEW_REQUIRED",
        "source_family": "AUGUST_7_CUMULATIVE_FIELD",
        "thumbnail_archive_tag": "AUG7_REVIEW_PHOTOS",
        "thumbnail_archive_member": "photos/039_analysis.jpg",
        "thumbnail_path": "data/photos/all/photo-029bf135-0f12-4bf6-bf76-ada2ff5769be.jpg",
        "source_file": "C:\\Users\\Admin\\Documents\\Codex\\Property Intelligence Packages\\CHATGPT_REVIEW_2026-08-07\\01_INSPECTION_FULL.json",
        "source_files": [
          "C:\\Users\\Admin\\Documents\\Codex\\Property Intelligence Packages\\CHATGPT_REVIEW_2026-08-07\\01_INSPECTION_FULL.json"
        ]
      }
    },
    {
      "type": "Feature",
      "geometry": {
        "type": "Point",
        "coordinates": [
          -87.08979133658391,
          30.473217046391333
        ]
      },
      "properties": {
        "record_type": "photograph",
        "photo_id": "photo-f66d0ca0-5dab-4737-be9a-7c5543c35a4b",
        "photo_number": "P40",
        "inspection_date": "2026-08-04",
        "timestamp": "2026-08-04T23:04:42.086Z",
        "recorded_category": "TREE",
        "display_class": "TREE",
        "is_recorded_water_category": false,
        "water_visible_review_status": "NOT_REVIEWED_FROM_IMAGE",
        "gps_accuracy_m": 9.586325772762349,
        "heading_deg": 264.0018615722656,
        "section_id": null,
        "associated_record_ids": [
          "event-d6445836-74f5-4904-8f61-3f26b7f5e4e7",
          "event-ef84b0da-28f7-4746-9d69-aea147623c24",
          "event-ef84b0da-28f7-4746-9d69-aea147623c24",
          "TREE-006"
        ],
        "note": "",
        "evidence_classification": "Observed",
        "evidence_scope": "OFF_PROPERTY_OR_TEST_REVIEW_REQUIRED",
        "source_family": "AUGUST_7_CUMULATIVE_FIELD",
        "thumbnail_archive_tag": "AUG7_REVIEW_PHOTOS",
        "thumbnail_archive_member": "photos/040_analysis.jpg",
        "thumbnail_path": "data/photos/all/photo-f66d0ca0-5dab-4737-be9a-7c5543c35a4b.jpg",
        "source_file": "C:\\Users\\Admin\\Documents\\Codex\\Property Intelligence Packages\\CHATGPT_REVIEW_2026-08-07\\01_INSPECTION_FULL.json",
        "source_files": [
          "C:\\Users\\Admin\\Documents\\Codex\\Property Intelligence Packages\\CHATGPT_REVIEW_2026-08-07\\01_INSPECTION_FULL.json"
        ]
      }
    },
    {
      "type": "Feature",
      "geometry": {
        "type": "Point",
        "coordinates": [
          -87.08980053111196,
          30.473173154920815
        ]
      },
      "properties": {
        "record_type": "photograph",
        "photo_id": "photo-07656319-ca82-4c99-bd0e-e2a6dfe6c4ce",
        "photo_number": "P41",
        "inspection_date": "2026-08-04",
        "timestamp": "2026-08-04T23:05:09.011Z",
        "recorded_category": "BRUSH",
        "display_class": "BRUSH",
        "is_recorded_water_category": false,
        "water_visible_review_status": "NOT_REVIEWED_FROM_IMAGE",
        "gps_accuracy_m": 11.39185342118333,
        "heading_deg": 273.05535888671875,
        "section_id": null,
        "associated_record_ids": [
          "event-c48db388-6394-471c-92ab-389ec227bc1b",
          "event-85cb2583-28a0-497d-9217-ac0552f52c84",
          "event-85cb2583-28a0-497d-9217-ac0552f52c84",
          "BRUSH-004"
        ],
        "note": "",
        "evidence_classification": "Observed",
        "evidence_scope": "OFF_PROPERTY_OR_TEST_REVIEW_REQUIRED",
        "source_family": "AUGUST_7_CUMULATIVE_FIELD",
        "thumbnail_archive_tag": "AUG7_REVIEW_PHOTOS",
        "thumbnail_archive_member": "photos/041_analysis.jpg",
        "thumbnail_path": "data/photos/all/photo-07656319-ca82-4c99-bd0e-e2a6dfe6c4ce.jpg",
        "source_file": "C:\\Users\\Admin\\Documents\\Codex\\Property Intelligence Packages\\CHATGPT_REVIEW_2026-08-07\\01_INSPECTION_FULL.json",
        "source_files": [
          "C:\\Users\\Admin\\Documents\\Codex\\Property Intelligence Packages\\CHATGPT_REVIEW_2026-08-07\\01_INSPECTION_FULL.json"
        ]
      }
    },
    {
      "type": "Feature",
      "geometry": {
        "type": "Point",
        "coordinates": [
          -87.08979331998432,
          30.473175560263165
        ]
      },
      "properties": {
        "record_type": "photograph",
        "photo_id": "photo-c5171d34-9935-456e-8082-8a996c072c8b",
        "photo_number": "P42",
        "inspection_date": "2026-08-04",
        "timestamp": "2026-08-04T23:05:18.833Z",
        "recorded_category": "BRUSH",
        "display_class": "BRUSH",
        "is_recorded_water_category": false,
        "water_visible_review_status": "NOT_REVIEWED_FROM_IMAGE",
        "gps_accuracy_m": 10.483899333656117,
        "heading_deg": 35.42949295043945,
        "section_id": null,
        "associated_record_ids": [
          "event-6e6ae8f8-3b8c-4589-a3b6-112daa0f5e74",
          "event-85cb2583-28a0-497d-9217-ac0552f52c84",
          "event-85cb2583-28a0-497d-9217-ac0552f52c84",
          "BRUSH-004"
        ],
        "note": "",
        "evidence_classification": "Observed",
        "evidence_scope": "OFF_PROPERTY_OR_TEST_REVIEW_REQUIRED",
        "source_family": "AUGUST_7_CUMULATIVE_FIELD",
        "thumbnail_archive_tag": "AUG7_REVIEW_PHOTOS",
        "thumbnail_archive_member": "photos/042_analysis.jpg",
        "thumbnail_path": "data/photos/all/photo-c5171d34-9935-456e-8082-8a996c072c8b.jpg",
        "source_file": "C:\\Users\\Admin\\Documents\\Codex\\Property Intelligence Packages\\CHATGPT_REVIEW_2026-08-07\\01_INSPECTION_FULL.json",
        "source_files": [
          "C:\\Users\\Admin\\Documents\\Codex\\Property Intelligence Packages\\CHATGPT_REVIEW_2026-08-07\\01_INSPECTION_FULL.json"
        ]
      }
    },
    {
      "type": "Feature",
      "geometry": {
        "type": "Point",
        "coordinates": [
          -87.08923423630975,
          30.473469615453222
        ]
      },
      "properties": {
        "record_type": "photograph",
        "photo_id": "photo-492bb5da-cfba-4590-b269-04684379f9aa",
        "photo_number": "P43",
        "inspection_date": "2026-08-05",
        "timestamp": "2026-08-05T12:02:49.481Z",
        "recorded_category": "FRONTAGE END",
        "display_class": "ROAD_ENTRANCE",
        "is_recorded_water_category": false,
        "water_visible_review_status": "NOT_REVIEWED_FROM_IMAGE",
        "gps_accuracy_m": 2.55710755846115,
        "heading_deg": 98.15866088867188,
        "section_id": null,
        "associated_record_ids": [
          "event-115bf839-4b6a-4fb9-b8d7-3a94f87338e0",
          "event-da04b2ec-14e1-49ed-ba90-1136521a39b1",
          "event-da04b2ec-14e1-49ed-ba90-1136521a39b1",
          "FRONTAGE-END-001"
        ],
        "note": "",
        "evidence_classification": "Observed",
        "evidence_scope": "OFF_PROPERTY_OR_TEST_REVIEW_REQUIRED",
        "source_family": "AUGUST_7_CUMULATIVE_FIELD",
        "thumbnail_archive_tag": "AUG7_REVIEW_PHOTOS",
        "thumbnail_archive_member": "photos/043_analysis.jpg",
        "thumbnail_path": "data/photos/all/photo-492bb5da-cfba-4590-b269-04684379f9aa.jpg",
        "source_file": "C:\\Users\\Admin\\Documents\\Codex\\Property Intelligence Packages\\CHATGPT_REVIEW_2026-08-07\\01_INSPECTION_FULL.json",
        "source_files": [
          "C:\\Users\\Admin\\Documents\\Codex\\Property Intelligence Packages\\CHATGPT_REVIEW_2026-08-07\\01_INSPECTION_FULL.json"
        ]
      }
    },
    {
      "type": "Feature",
      "geometry": {
        "type": "Point",
        "coordinates": [
          -87.09281321114044,
          30.488279122511443
        ]
      },
      "properties": {
        "record_type": "photograph",
        "photo_id": "photo-4ecb5ec6-b083-4647-a4da-d26abd92ed96",
        "photo_number": "P47",
        "inspection_date": "2026-08-05",
        "timestamp": "2026-08-05T13:02:19.813Z",
        "recorded_category": "VEHICLE CROSSING OPTION",
        "display_class": "ROAD_ENTRANCE",
        "is_recorded_water_category": false,
        "water_visible_review_status": "NOT_REVIEWED_FROM_IMAGE",
        "gps_accuracy_m": 11.259397757653065,
        "heading_deg": 9.497827529907227,
        "section_id": null,
        "associated_record_ids": [
          "event-2d97f778-3a1d-434f-85d6-13ac93196dfa",
          "event-80d10a7c-ee9b-4b85-940e-295477a1e3bf",
          "event-80d10a7c-ee9b-4b85-940e-295477a1e3bf",
          "VEHICLE-CROSSING-001"
        ],
        "note": "",
        "evidence_classification": "Observed",
        "evidence_scope": "OFF_PROPERTY_OR_TEST_REVIEW_REQUIRED",
        "source_family": "AUGUST_7_CUMULATIVE_FIELD",
        "thumbnail_archive_tag": "AUG7_REVIEW_PHOTOS",
        "thumbnail_archive_member": "photos/044_analysis.jpg",
        "thumbnail_path": "data/photos/all/photo-4ecb5ec6-b083-4647-a4da-d26abd92ed96.jpg",
        "source_file": "C:\\Users\\Admin\\Documents\\Codex\\Property Intelligence Packages\\CHATGPT_REVIEW_2026-08-07\\01_INSPECTION_FULL.json",
        "source_files": [
          "C:\\Users\\Admin\\Documents\\Codex\\Property Intelligence Packages\\CHATGPT_REVIEW_2026-08-07\\01_INSPECTION_FULL.json"
        ]
      }
    },
    {
      "type": "Feature",
      "geometry": {
        "type": "Point",
        "coordinates": [
          -87.09280668822281,
          30.488193102211568
        ]
      },
      "properties": {
        "record_type": "photograph",
        "photo_id": "photo-83461960-de82-4fff-94a3-5abe2060211a",
        "photo_number": "P48",
        "inspection_date": "2026-08-05",
        "timestamp": "2026-08-05T13:03:49.663Z",
        "recorded_category": "WET / SOFT",
        "display_class": "WATER",
        "is_recorded_water_category": false,
        "water_visible_review_status": "NOT_REVIEWED_FROM_IMAGE",
        "gps_accuracy_m": 9.000097026358869,
        "heading_deg": 79.49044799804688,
        "section_id": null,
        "associated_record_ids": [
          "event-e24e2c4c-b937-4c71-9ad1-e860048b4ae9",
          "event-9e6f75cf-6212-4435-8c79-00f47e0c3146",
          "event-9e6f75cf-6212-4435-8c79-00f47e0c3146",
          "FRONTAGE-WET-SOFT-001"
        ],
        "note": "",
        "evidence_classification": "Observed",
        "evidence_scope": "OFF_PROPERTY_OR_TEST_REVIEW_REQUIRED",
        "source_family": "AUGUST_7_CUMULATIVE_FIELD",
        "thumbnail_archive_tag": "AUG7_REVIEW_PHOTOS",
        "thumbnail_archive_member": "photos/045_analysis.jpg",
        "thumbnail_path": "data/photos/all/photo-83461960-de82-4fff-94a3-5abe2060211a.jpg",
        "source_file": "C:\\Users\\Admin\\Documents\\Codex\\Property Intelligence Packages\\CHATGPT_REVIEW_2026-08-07\\01_INSPECTION_FULL.json",
        "source_files": [
          "C:\\Users\\Admin\\Documents\\Codex\\Property Intelligence Packages\\CHATGPT_REVIEW_2026-08-07\\01_INSPECTION_FULL.json"
        ]
      }
    },
    {
      "type": "Feature",
      "geometry": {
        "type": "Point",
        "coordinates": [
          -87.09282111238566,
          30.488755002734884
        ]
      },
      "properties": {
        "record_type": "photograph",
        "photo_id": "photo-140317f5-3425-4848-899d-d4f251ee7ce6",
        "photo_number": "P49",
        "inspection_date": "2026-08-05",
        "timestamp": "2026-08-05T13:06:49.431Z",
        "recorded_category": "VEHICLE CROSSING OPTION",
        "display_class": "ROAD_ENTRANCE",
        "is_recorded_water_category": false,
        "water_visible_review_status": "NOT_REVIEWED_FROM_IMAGE",
        "gps_accuracy_m": 6.244868878059012,
        "heading_deg": 102.53462982177734,
        "section_id": null,
        "associated_record_ids": [
          "event-1ea54640-6364-4fb4-ae2b-b12318ca4a1f",
          "event-f9271f45-20a7-48ee-a49d-144b945d7bba",
          "event-f9271f45-20a7-48ee-a49d-144b945d7bba",
          "VEHICLE-CROSSING-002"
        ],
        "note": "",
        "evidence_classification": "Observed",
        "evidence_scope": "OFF_PROPERTY_OR_TEST_REVIEW_REQUIRED",
        "source_family": "AUGUST_7_CUMULATIVE_FIELD",
        "thumbnail_archive_tag": "AUG7_REVIEW_PHOTOS",
        "thumbnail_archive_member": "photos/046_analysis.jpg",
        "thumbnail_path": "data/photos/all/photo-140317f5-3425-4848-899d-d4f251ee7ce6.jpg",
        "source_file": "C:\\Users\\Admin\\Documents\\Codex\\Property Intelligence Packages\\CHATGPT_REVIEW_2026-08-07\\01_INSPECTION_FULL.json",
        "source_files": [
          "C:\\Users\\Admin\\Documents\\Codex\\Property Intelligence Packages\\CHATGPT_REVIEW_2026-08-07\\01_INSPECTION_FULL.json"
        ]
      }
    },
    {
      "type": "Feature",
      "geometry": {
        "type": "Point",
        "coordinates": [
          -87.09259770576936,
          30.489555529774087
        ]
      },
      "properties": {
        "record_type": "photograph",
        "photo_id": "photo-3ce116b7-b9fc-431c-a68a-b17070b30b73",
        "photo_number": "P50",
        "inspection_date": "2026-08-05",
        "timestamp": "2026-08-05T13:10:30.294Z",
        "recorded_category": "DITCH CHANGE",
        "display_class": "DITCH_SWALE",
        "is_recorded_water_category": false,
        "water_visible_review_status": "NOT_REVIEWED_FROM_IMAGE",
        "gps_accuracy_m": 6.6648516747570365,
        "heading_deg": 175.9073028564453,
        "section_id": null,
        "associated_record_ids": [
          "event-6fa59e4a-41a9-4b79-9778-654dfb66ac37",
          "event-c3393a0f-df0b-4d2c-a6f8-f597a8a66493",
          "event-c3393a0f-df0b-4d2c-a6f8-f597a8a66493",
          "DITCH-CHANGE-001"
        ],
        "note": "",
        "evidence_classification": "Observed",
        "evidence_scope": "OFF_PROPERTY_OR_TEST_REVIEW_REQUIRED",
        "source_family": "AUGUST_7_CUMULATIVE_FIELD",
        "thumbnail_archive_tag": "AUG7_REVIEW_PHOTOS",
        "thumbnail_archive_member": "photos/047_analysis.jpg",
        "thumbnail_path": "data/photos/all/photo-3ce116b7-b9fc-431c-a68a-b17070b30b73.jpg",
        "source_file": "C:\\Users\\Admin\\Documents\\Codex\\Property Intelligence Packages\\CHATGPT_REVIEW_2026-08-07\\01_INSPECTION_FULL.json",
        "source_files": [
          "C:\\Users\\Admin\\Documents\\Codex\\Property Intelligence Packages\\CHATGPT_REVIEW_2026-08-07\\01_INSPECTION_FULL.json"
        ]
      }
    },
    {
      "type": "Feature",
      "geometry": {
        "type": "Point",
        "coordinates": [
          -87.09261199761534,
          30.48955753274756
        ]
      },
      "properties": {
        "record_type": "photograph",
        "photo_id": "photo-7df9424b-594b-42d9-962b-45c1fb3543d5",
        "photo_number": "P51",
        "inspection_date": "2026-08-05",
        "timestamp": "2026-08-05T13:10:43.932Z",
        "recorded_category": "DITCH CHANGE",
        "display_class": "DITCH_SWALE",
        "is_recorded_water_category": false,
        "water_visible_review_status": "NOT_REVIEWED_FROM_IMAGE",
        "gps_accuracy_m": 8.270875787631239,
        "heading_deg": 156.22276306152344,
        "section_id": null,
        "associated_record_ids": [
          "event-3db039c3-1600-435a-b273-495a403fc813",
          "event-c3393a0f-df0b-4d2c-a6f8-f597a8a66493",
          "event-c3393a0f-df0b-4d2c-a6f8-f597a8a66493",
          "DITCH-CHANGE-001"
        ],
        "note": "",
        "evidence_classification": "Observed",
        "evidence_scope": "OFF_PROPERTY_OR_TEST_REVIEW_REQUIRED",
        "source_family": "AUGUST_7_CUMULATIVE_FIELD",
        "thumbnail_archive_tag": "AUG7_REVIEW_PHOTOS",
        "thumbnail_archive_member": "photos/048_analysis.jpg",
        "thumbnail_path": "data/photos/all/photo-7df9424b-594b-42d9-962b-45c1fb3543d5.jpg",
        "source_file": "C:\\Users\\Admin\\Documents\\Codex\\Property Intelligence Packages\\CHATGPT_REVIEW_2026-08-07\\01_INSPECTION_FULL.json",
        "source_files": [
          "C:\\Users\\Admin\\Documents\\Codex\\Property Intelligence Packages\\CHATGPT_REVIEW_2026-08-07\\01_INSPECTION_FULL.json"
        ]
      }
    },
    {
      "type": "Feature",
      "geometry": {
        "type": "Point",
        "coordinates": [
          -87.09095136563424,
          30.490396342009518
        ]
      },
      "properties": {
        "record_type": "photograph",
        "photo_id": "photo-da56ec86-c572-4010-8a4b-212a56b48b3c",
        "photo_number": "P52",
        "inspection_date": "2026-08-05",
        "timestamp": "2026-08-05T13:13:31.090Z",
        "recorded_category": "DITCH CHANGE",
        "display_class": "DITCH_SWALE",
        "is_recorded_water_category": false,
        "water_visible_review_status": "NOT_REVIEWED_FROM_IMAGE",
        "gps_accuracy_m": 4.334592612515117,
        "heading_deg": 173.6611328125,
        "section_id": null,
        "associated_record_ids": [
          "event-1bebe16b-5ac5-4347-b4a3-b755481a9a68",
          "event-04bbf51e-e135-4a9d-bbc5-5722f2671673",
          "event-04bbf51e-e135-4a9d-bbc5-5722f2671673",
          "DITCH-CHANGE-002"
        ],
        "note": "",
        "evidence_classification": "Observed",
        "evidence_scope": "OFF_PROPERTY_OR_TEST_REVIEW_REQUIRED",
        "source_family": "AUGUST_7_CUMULATIVE_FIELD",
        "thumbnail_archive_tag": "AUG7_REVIEW_PHOTOS",
        "thumbnail_archive_member": "photos/049_analysis.jpg",
        "thumbnail_path": "data/photos/all/photo-da56ec86-c572-4010-8a4b-212a56b48b3c.jpg",
        "source_file": "C:\\Users\\Admin\\Documents\\Codex\\Property Intelligence Packages\\CHATGPT_REVIEW_2026-08-07\\01_INSPECTION_FULL.json",
        "source_files": [
          "C:\\Users\\Admin\\Documents\\Codex\\Property Intelligence Packages\\CHATGPT_REVIEW_2026-08-07\\01_INSPECTION_FULL.json"
        ]
      }
    },
    {
      "type": "Feature",
      "geometry": {
        "type": "Point",
        "coordinates": [
          -87.09089871663778,
          30.490440953965077
        ]
      },
      "properties": {
        "record_type": "photograph",
        "photo_id": "photo-a068c5be-313a-4001-8172-34381ebb9f5b",
        "photo_number": "P53",
        "inspection_date": "2026-08-05",
        "timestamp": "2026-08-05T13:15:15.443Z",
        "recorded_category": "DITCH CHANGE",
        "display_class": "DITCH_SWALE",
        "is_recorded_water_category": false,
        "water_visible_review_status": "NOT_REVIEWED_FROM_IMAGE",
        "gps_accuracy_m": 9.673655094557363,
        "heading_deg": 128.72088623046875,
        "section_id": null,
        "associated_record_ids": [
          "event-aaf20c17-b408-47ca-9a8f-44da9e5b1ad2",
          "event-04bbf51e-e135-4a9d-bbc5-5722f2671673",
          "event-04bbf51e-e135-4a9d-bbc5-5722f2671673",
          "DITCH-CHANGE-002"
        ],
        "note": "You’ll notice that to the west of me the water is still running, but east of me in the next picture the water is stagnant",
        "evidence_classification": "Observed",
        "evidence_scope": "OFF_PROPERTY_OR_TEST_REVIEW_REQUIRED",
        "source_family": "AUGUST_7_CUMULATIVE_FIELD",
        "thumbnail_archive_tag": "AUG7_REVIEW_PHOTOS",
        "thumbnail_archive_member": "photos/050_analysis.jpg",
        "thumbnail_path": "data/photos/all/photo-a068c5be-313a-4001-8172-34381ebb9f5b.jpg",
        "source_file": "C:\\Users\\Admin\\Documents\\Codex\\Property Intelligence Packages\\CHATGPT_REVIEW_2026-08-07\\01_INSPECTION_FULL.json",
        "source_files": [
          "C:\\Users\\Admin\\Documents\\Codex\\Property Intelligence Packages\\CHATGPT_REVIEW_2026-08-07\\01_INSPECTION_FULL.json"
        ]
      }
    },
    {
      "type": "Feature",
      "geometry": {
        "type": "Point",
        "coordinates": [
          -87.09061947123593,
          30.491324008338992
        ]
      },
      "properties": {
        "record_type": "photograph",
        "photo_id": "photo-0f1f73c3-a870-44eb-b143-7f13684a7309",
        "photo_number": "P54",
        "inspection_date": "2026-08-05",
        "timestamp": "2026-08-05T13:17:33.154Z",
        "recorded_category": "FRONTAGE PHOTO",
        "display_class": "ROAD_ENTRANCE",
        "is_recorded_water_category": false,
        "water_visible_review_status": "NOT_REVIEWED_FROM_IMAGE",
        "gps_accuracy_m": 5.746752191316404,
        "heading_deg": 97.21632385253906,
        "section_id": null,
        "associated_record_ids": [
          "event-9e9ac39c-664c-41c7-a9e2-6a58ecb65874",
          "event-c2ee15c2-75fa-407e-ab8a-9ab987c7e9d4",
          "event-c2ee15c2-75fa-407e-ab8a-9ab987c7e9d4",
          "FRONTAGE-PHOTO-001"
        ],
        "note": "The height of the berm",
        "evidence_classification": "Observed",
        "evidence_scope": "OFF_PROPERTY_OR_TEST_REVIEW_REQUIRED",
        "source_family": "AUGUST_7_CUMULATIVE_FIELD",
        "thumbnail_archive_tag": "AUG7_REVIEW_PHOTOS",
        "thumbnail_archive_member": "photos/051_analysis.jpg",
        "thumbnail_path": "data/photos/all/photo-0f1f73c3-a870-44eb-b143-7f13684a7309.jpg",
        "source_file": "C:\\Users\\Admin\\Documents\\Codex\\Property Intelligence Packages\\CHATGPT_REVIEW_2026-08-07\\01_INSPECTION_FULL.json",
        "source_files": [
          "C:\\Users\\Admin\\Documents\\Codex\\Property Intelligence Packages\\CHATGPT_REVIEW_2026-08-07\\01_INSPECTION_FULL.json"
        ]
      }
    },
    {
      "type": "Feature",
      "geometry": {
        "type": "Point",
        "coordinates": [
          -87.09058222978678,
          30.49129629729947
        ]
      },
      "properties": {
        "record_type": "photograph",
        "photo_id": "photo-d0157d2e-2787-484a-abfe-f75f7e5ac87a",
        "photo_number": "P55",
        "inspection_date": "2026-08-05",
        "timestamp": "2026-08-05T13:18:12.305Z",
        "recorded_category": "FRONTAGE PHOTO",
        "display_class": "ROAD_ENTRANCE",
        "is_recorded_water_category": false,
        "water_visible_review_status": "NOT_REVIEWED_FROM_IMAGE",
        "gps_accuracy_m": 9.089570177287717,
        "heading_deg": 64.10517120361328,
        "section_id": null,
        "associated_record_ids": [
          "event-f8fc3a79-1e6e-4b9b-9bea-9bc96af45c2b",
          "event-c2ee15c2-75fa-407e-ab8a-9ab987c7e9d4",
          "event-c2ee15c2-75fa-407e-ab8a-9ab987c7e9d4",
          "FRONTAGE-PHOTO-001"
        ],
        "note": "The height of the berm at the survey Mark North boundary",
        "evidence_classification": "Observed",
        "evidence_scope": "SUBJECT_PARCEL",
        "source_family": "AUGUST_7_CUMULATIVE_FIELD",
        "thumbnail_archive_tag": "AUG7_REVIEW_PHOTOS",
        "thumbnail_archive_member": "photos/052_analysis.jpg",
        "thumbnail_path": "data/photos/all/photo-d0157d2e-2787-484a-abfe-f75f7e5ac87a.jpg",
        "source_file": "C:\\Users\\Admin\\Documents\\Codex\\Property Intelligence Packages\\CHATGPT_REVIEW_2026-08-07\\01_INSPECTION_FULL.json",
        "source_files": [
          "C:\\Users\\Admin\\Documents\\Codex\\Property Intelligence Packages\\CHATGPT_REVIEW_2026-08-07\\01_INSPECTION_FULL.json"
        ]
      }
    },
    {
      "type": "Feature",
      "geometry": {
        "type": "Point",
        "coordinates": [
          -87.0907067807302,
          30.491445778582083
        ]
      },
      "properties": {
        "record_type": "photograph",
        "photo_id": "photo-ea344b31-823e-4261-a210-4e164d717d5e",
        "photo_number": "P56",
        "inspection_date": "2026-08-05",
        "timestamp": "2026-08-05T13:20:27.281Z",
        "recorded_category": "VEHICLE CROSSING OPTION",
        "display_class": "ROAD_ENTRANCE",
        "is_recorded_water_category": false,
        "water_visible_review_status": "NOT_REVIEWED_FROM_IMAGE",
        "gps_accuracy_m": 9.41585246032965,
        "heading_deg": 282.3078308105469,
        "section_id": null,
        "associated_record_ids": [
          "event-8bae1543-4fe5-4882-84d6-e1dd03535fa5",
          "event-72dd89e9-322d-4c60-9c00-b8ec7c4dabe2",
          "event-72dd89e9-322d-4c60-9c00-b8ec7c4dabe2",
          "VEHICLE-CROSSING-003"
        ],
        "note": "From the edge of the road to the flag",
        "evidence_classification": "Observed",
        "evidence_scope": "OFF_PROPERTY_OR_TEST_REVIEW_REQUIRED",
        "source_family": "AUGUST_7_CUMULATIVE_FIELD",
        "thumbnail_archive_tag": "AUG7_REVIEW_PHOTOS",
        "thumbnail_archive_member": "photos/053_analysis.jpg",
        "thumbnail_path": "data/photos/all/photo-ea344b31-823e-4261-a210-4e164d717d5e.jpg",
        "source_file": "C:\\Users\\Admin\\Documents\\Codex\\Property Intelligence Packages\\CHATGPT_REVIEW_2026-08-07\\01_INSPECTION_FULL.json",
        "source_files": [
          "C:\\Users\\Admin\\Documents\\Codex\\Property Intelligence Packages\\CHATGPT_REVIEW_2026-08-07\\01_INSPECTION_FULL.json"
        ]
      }
    },
    {
      "type": "Feature",
      "geometry": {
        "type": "Point",
        "coordinates": [
          -87.09067690610674,
          30.49146954197754
        ]
      },
      "properties": {
        "record_type": "photograph",
        "photo_id": "photo-2e02c247-9298-41ce-a1f0-4778d1aa7837",
        "photo_number": "P57",
        "inspection_date": "2026-08-05",
        "timestamp": "2026-08-05T13:20:46.680Z",
        "recorded_category": "VEHICLE CROSSING OPTION",
        "display_class": "ROAD_ENTRANCE",
        "is_recorded_water_category": false,
        "water_visible_review_status": "NOT_REVIEWED_FROM_IMAGE",
        "gps_accuracy_m": 10.56759895113977,
        "heading_deg": 191.0048828125,
        "section_id": null,
        "associated_record_ids": [
          "event-5b864075-e69e-4fe2-b473-1848cabbfdc8",
          "event-72dd89e9-322d-4c60-9c00-b8ec7c4dabe2",
          "event-72dd89e9-322d-4c60-9c00-b8ec7c4dabe2",
          "VEHICLE-CROSSING-003"
        ],
        "note": "From the edge of the road to the flag",
        "evidence_classification": "Observed",
        "evidence_scope": "OFF_PROPERTY_OR_TEST_REVIEW_REQUIRED",
        "source_family": "AUGUST_7_CUMULATIVE_FIELD",
        "thumbnail_archive_tag": "AUG7_REVIEW_PHOTOS",
        "thumbnail_archive_member": "photos/054_analysis.jpg",
        "thumbnail_path": "data/photos/all/photo-2e02c247-9298-41ce-a1f0-4778d1aa7837.jpg",
        "source_file": "C:\\Users\\Admin\\Documents\\Codex\\Property Intelligence Packages\\CHATGPT_REVIEW_2026-08-07\\01_INSPECTION_FULL.json",
        "source_files": [
          "C:\\Users\\Admin\\Documents\\Codex\\Property Intelligence Packages\\CHATGPT_REVIEW_2026-08-07\\01_INSPECTION_FULL.json"
        ]
      }
    },
    {
      "type": "Feature",
      "geometry": {
        "type": "Point",
        "coordinates": [
          -87.09094677936974,
          30.490501436022026
        ]
      },
      "properties": {
        "record_type": "photograph",
        "photo_id": "photo-507548f8-1967-42fc-b90f-d27e9a5a71b3",
        "photo_number": "P58",
        "inspection_date": "2026-08-05",
        "timestamp": "2026-08-05T13:23:40.665Z",
        "recorded_category": "FRONTAGE PHOTO",
        "display_class": "ROAD_ENTRANCE",
        "is_recorded_water_category": false,
        "water_visible_review_status": "NOT_REVIEWED_FROM_IMAGE",
        "gps_accuracy_m": 5.012877362087244,
        "heading_deg": 313.6163024902344,
        "section_id": null,
        "associated_record_ids": [
          "event-7012b2df-80b2-4222-83f1-8253c220beb2",
          "event-a49d955a-b40f-45fa-a1cb-a5d094d61d1c",
          "event-a49d955a-b40f-45fa-a1cb-a5d094d61d1c",
          "FRONTAGE-PHOTO-002"
        ],
        "note": "",
        "evidence_classification": "Observed",
        "evidence_scope": "OFF_PROPERTY_OR_TEST_REVIEW_REQUIRED",
        "source_family": "AUGUST_7_CUMULATIVE_FIELD",
        "thumbnail_archive_tag": "AUG7_REVIEW_PHOTOS",
        "thumbnail_archive_member": "photos/055_analysis.jpg",
        "thumbnail_path": "data/photos/all/photo-507548f8-1967-42fc-b90f-d27e9a5a71b3.jpg",
        "source_file": "C:\\Users\\Admin\\Documents\\Codex\\Property Intelligence Packages\\CHATGPT_REVIEW_2026-08-07\\01_INSPECTION_FULL.json",
        "source_files": [
          "C:\\Users\\Admin\\Documents\\Codex\\Property Intelligence Packages\\CHATGPT_REVIEW_2026-08-07\\01_INSPECTION_FULL.json"
        ]
      }
    },
    {
      "type": "Feature",
      "geometry": {
        "type": "Point",
        "coordinates": [
          -87.09094302301926,
          30.490518703452814
        ]
      },
      "properties": {
        "record_type": "photograph",
        "photo_id": "photo-efec9a30-852b-4812-8cd2-19356509bef9",
        "photo_number": "P59",
        "inspection_date": "2026-08-05",
        "timestamp": "2026-08-05T13:23:49.036Z",
        "recorded_category": "FRONTAGE PHOTO",
        "display_class": "ROAD_ENTRANCE",
        "is_recorded_water_category": false,
        "water_visible_review_status": "NOT_REVIEWED_FROM_IMAGE",
        "gps_accuracy_m": 4.846863615992542,
        "heading_deg": 259.7872009277344,
        "section_id": null,
        "associated_record_ids": [
          "event-5bd1cd4f-0a4b-4139-aa34-bcf8e9a91796",
          "event-a49d955a-b40f-45fa-a1cb-a5d094d61d1c",
          "event-a49d955a-b40f-45fa-a1cb-a5d094d61d1c",
          "FRONTAGE-PHOTO-002"
        ],
        "note": "",
        "evidence_classification": "Observed",
        "evidence_scope": "OFF_PROPERTY_OR_TEST_REVIEW_REQUIRED",
        "source_family": "AUGUST_7_CUMULATIVE_FIELD",
        "thumbnail_archive_tag": "AUG7_REVIEW_PHOTOS",
        "thumbnail_archive_member": "photos/056_analysis.jpg",
        "thumbnail_path": "data/photos/all/photo-efec9a30-852b-4812-8cd2-19356509bef9.jpg",
        "source_file": "C:\\Users\\Admin\\Documents\\Codex\\Property Intelligence Packages\\CHATGPT_REVIEW_2026-08-07\\01_INSPECTION_FULL.json",
        "source_files": [
          "C:\\Users\\Admin\\Documents\\Codex\\Property Intelligence Packages\\CHATGPT_REVIEW_2026-08-07\\01_INSPECTION_FULL.json"
        ]
      }
    },
    {
      "type": "Feature",
      "geometry": {
        "type": "Point",
        "coordinates": [
          -87.09279678352758,
          30.48956491801431
        ]
      },
      "properties": {
        "record_type": "photograph",
        "photo_id": "photo-917fabd4-8e9e-4ec0-8471-734ed31fbd13",
        "photo_number": "P60",
        "inspection_date": "2026-08-05",
        "timestamp": "2026-08-05T13:26:32.236Z",
        "recorded_category": "FRONTAGE PHOTO",
        "display_class": "ROAD_ENTRANCE",
        "is_recorded_water_category": false,
        "water_visible_review_status": "NOT_REVIEWED_FROM_IMAGE",
        "gps_accuracy_m": 4.603329650167505,
        "heading_deg": 6.795988082885742,
        "section_id": null,
        "associated_record_ids": [
          "event-1fd9e2e2-d092-498c-8c87-fa2b6ed1f6db",
          "event-46565b16-3a0b-4ae3-87a2-b105799a670c",
          "event-46565b16-3a0b-4ae3-87a2-b105799a670c",
          "FRONTAGE-PHOTO-003"
        ],
        "note": "",
        "evidence_classification": "Observed",
        "evidence_scope": "OFF_PROPERTY_OR_TEST_REVIEW_REQUIRED",
        "source_family": "AUGUST_7_CUMULATIVE_FIELD",
        "thumbnail_archive_tag": "AUG7_REVIEW_PHOTOS",
        "thumbnail_archive_member": "photos/057_analysis.jpg",
        "thumbnail_path": "data/photos/all/photo-917fabd4-8e9e-4ec0-8471-734ed31fbd13.jpg",
        "source_file": "C:\\Users\\Admin\\Documents\\Codex\\Property Intelligence Packages\\CHATGPT_REVIEW_2026-08-07\\01_INSPECTION_FULL.json",
        "source_files": [
          "C:\\Users\\Admin\\Documents\\Codex\\Property Intelligence Packages\\CHATGPT_REVIEW_2026-08-07\\01_INSPECTION_FULL.json"
        ]
      }
    },
    {
      "type": "Feature",
      "geometry": {
        "type": "Point",
        "coordinates": [
          -87.09279775563122,
          30.489562322495896
        ]
      },
      "properties": {
        "record_type": "photograph",
        "photo_id": "photo-35202deb-e47c-4201-8dd2-428edf9c54f9",
        "photo_number": "P61",
        "inspection_date": "2026-08-05",
        "timestamp": "2026-08-05T13:26:39.757Z",
        "recorded_category": "FRONTAGE PHOTO",
        "display_class": "ROAD_ENTRANCE",
        "is_recorded_water_category": false,
        "water_visible_review_status": "NOT_REVIEWED_FROM_IMAGE",
        "gps_accuracy_m": 4.6827404335075515,
        "heading_deg": 355.2200927734375,
        "section_id": null,
        "associated_record_ids": [
          "event-908e1777-b67c-4db9-812b-0e556c399156",
          "event-46565b16-3a0b-4ae3-87a2-b105799a670c",
          "event-46565b16-3a0b-4ae3-87a2-b105799a670c",
          "FRONTAGE-PHOTO-003"
        ],
        "note": "",
        "evidence_classification": "Observed",
        "evidence_scope": "OFF_PROPERTY_OR_TEST_REVIEW_REQUIRED",
        "source_family": "AUGUST_7_CUMULATIVE_FIELD",
        "thumbnail_archive_tag": "AUG7_REVIEW_PHOTOS",
        "thumbnail_archive_member": "photos/058_analysis.jpg",
        "thumbnail_path": "data/photos/all/photo-35202deb-e47c-4201-8dd2-428edf9c54f9.jpg",
        "source_file": "C:\\Users\\Admin\\Documents\\Codex\\Property Intelligence Packages\\CHATGPT_REVIEW_2026-08-07\\01_INSPECTION_FULL.json",
        "source_files": [
          "C:\\Users\\Admin\\Documents\\Codex\\Property Intelligence Packages\\CHATGPT_REVIEW_2026-08-07\\01_INSPECTION_FULL.json"
        ]
      }
    },
    {
      "type": "Feature",
      "geometry": {
        "type": "Point",
        "coordinates": [
          -87.09284509805333,
          30.48958187821574
        ]
      },
      "properties": {
        "record_type": "photograph",
        "photo_id": "photo-d0e06b25-19d2-44a6-9573-b1e6e9f77983",
        "photo_number": "P62",
        "inspection_date": "2026-08-05",
        "timestamp": "2026-08-05T13:26:51.033Z",
        "recorded_category": "FRONTAGE PHOTO",
        "display_class": "ROAD_ENTRANCE",
        "is_recorded_water_category": false,
        "water_visible_review_status": "NOT_REVIEWED_FROM_IMAGE",
        "gps_accuracy_m": 5.394076587363352,
        "heading_deg": 7.532052040100098,
        "section_id": null,
        "associated_record_ids": [
          "event-6a4b6607-c9dc-4113-b6dc-c9296044634f",
          "event-46565b16-3a0b-4ae3-87a2-b105799a670c",
          "event-46565b16-3a0b-4ae3-87a2-b105799a670c",
          "FRONTAGE-PHOTO-003"
        ],
        "note": "",
        "evidence_classification": "Observed",
        "evidence_scope": "OFF_PROPERTY_OR_TEST_REVIEW_REQUIRED",
        "source_family": "AUGUST_7_CUMULATIVE_FIELD",
        "thumbnail_archive_tag": "AUG7_REVIEW_PHOTOS",
        "thumbnail_archive_member": "photos/059_analysis.jpg",
        "thumbnail_path": "data/photos/all/photo-d0e06b25-19d2-44a6-9573-b1e6e9f77983.jpg",
        "source_file": "C:\\Users\\Admin\\Documents\\Codex\\Property Intelligence Packages\\CHATGPT_REVIEW_2026-08-07\\01_INSPECTION_FULL.json",
        "source_files": [
          "C:\\Users\\Admin\\Documents\\Codex\\Property Intelligence Packages\\CHATGPT_REVIEW_2026-08-07\\01_INSPECTION_FULL.json"
        ]
      }
    },
    {
      "type": "Feature",
      "geometry": {
        "type": "Point",
        "coordinates": [
          -87.09283521689075,
          30.48964157170451
        ]
      },
      "properties": {
        "record_type": "photograph",
        "photo_id": "photo-f49074e7-c355-4cf0-8f49-6e4e909ba55e",
        "photo_number": "P63",
        "inspection_date": "2026-08-05",
        "timestamp": "2026-08-05T13:28:35.155Z",
        "recorded_category": "VEHICLE CROSSING OPTION",
        "display_class": "ROAD_ENTRANCE",
        "is_recorded_water_category": false,
        "water_visible_review_status": "NOT_REVIEWED_FROM_IMAGE",
        "gps_accuracy_m": 8.384152556558767,
        "heading_deg": 25.14728355407715,
        "section_id": null,
        "associated_record_ids": [
          "event-955c0e60-c1d7-4098-8d99-6478cef55316",
          "event-3c99af9f-680e-406a-b395-6ba1b53161a0",
          "event-3c99af9f-680e-406a-b395-6ba1b53161a0",
          "VEHICLE-CROSSING-004"
        ],
        "note": "",
        "evidence_classification": "Observed",
        "evidence_scope": "OFF_PROPERTY_OR_TEST_REVIEW_REQUIRED",
        "source_family": "AUGUST_7_CUMULATIVE_FIELD",
        "thumbnail_archive_tag": "AUG7_REVIEW_PHOTOS",
        "thumbnail_archive_member": "photos/060_analysis.jpg",
        "thumbnail_path": "data/photos/all/photo-f49074e7-c355-4cf0-8f49-6e4e909ba55e.jpg",
        "source_file": "C:\\Users\\Admin\\Documents\\Codex\\Property Intelligence Packages\\CHATGPT_REVIEW_2026-08-07\\01_INSPECTION_FULL.json",
        "source_files": [
          "C:\\Users\\Admin\\Documents\\Codex\\Property Intelligence Packages\\CHATGPT_REVIEW_2026-08-07\\01_INSPECTION_FULL.json"
        ]
      }
    },
    {
      "type": "Feature",
      "geometry": {
        "type": "Point",
        "coordinates": [
          -87.09276123249384,
          30.490386498172885
        ]
      },
      "properties": {
        "record_type": "photograph",
        "photo_id": "photo-e90a1f6a-d7e4-4e2b-bc3b-e4af91585d33",
        "photo_number": "P64",
        "inspection_date": "2026-08-05",
        "timestamp": "2026-08-05T13:30:07.983Z",
        "recorded_category": "FRONTAGE PHOTO",
        "display_class": "ROAD_ENTRANCE",
        "is_recorded_water_category": false,
        "water_visible_review_status": "NOT_REVIEWED_FROM_IMAGE",
        "gps_accuracy_m": 4.439960943747629,
        "heading_deg": 93.69377136230469,
        "section_id": null,
        "associated_record_ids": [
          "event-afdda5ed-2b8b-4374-83e3-ba9059a86bca",
          "event-28cbd205-b0e4-4f93-b095-b3fae182cd86",
          "event-28cbd205-b0e4-4f93-b095-b3fae182cd86",
          "FRONTAGE-PHOTO-004"
        ],
        "note": "",
        "evidence_classification": "Observed",
        "evidence_scope": "OFF_PROPERTY_OR_TEST_REVIEW_REQUIRED",
        "source_family": "AUGUST_7_CUMULATIVE_FIELD",
        "thumbnail_archive_tag": "AUG7_REVIEW_PHOTOS",
        "thumbnail_archive_member": "photos/061_analysis.jpg",
        "thumbnail_path": "data/photos/all/photo-e90a1f6a-d7e4-4e2b-bc3b-e4af91585d33.jpg",
        "source_file": "C:\\Users\\Admin\\Documents\\Codex\\Property Intelligence Packages\\CHATGPT_REVIEW_2026-08-07\\01_INSPECTION_FULL.json",
        "source_files": [
          "C:\\Users\\Admin\\Documents\\Codex\\Property Intelligence Packages\\CHATGPT_REVIEW_2026-08-07\\01_INSPECTION_FULL.json"
        ]
      }
    },
    {
      "type": "Feature",
      "geometry": {
        "type": "Point",
        "coordinates": [
          -87.09282873270617,
          30.490137679695927
        ]
      },
      "properties": {
        "record_type": "photograph",
        "photo_id": "photo-801d20d9-26af-46a5-9804-4f935dd916b5",
        "photo_number": "P65",
        "inspection_date": "2026-08-05",
        "timestamp": "2026-08-05T13:30:57.755Z",
        "recorded_category": "FRONTAGE PHOTO",
        "display_class": "ROAD_ENTRANCE",
        "is_recorded_water_category": false,
        "water_visible_review_status": "NOT_REVIEWED_FROM_IMAGE",
        "gps_accuracy_m": 5.8516865787950225,
        "heading_deg": 233.10243225097656,
        "section_id": null,
        "associated_record_ids": [
          "event-7d5d1c9f-20f4-45d5-aa4c-121f2d6fd430",
          "event-28cbd205-b0e4-4f93-b095-b3fae182cd86",
          "event-28cbd205-b0e4-4f93-b095-b3fae182cd86",
          "FRONTAGE-PHOTO-004"
        ],
        "note": "This is the northernmost boundary of the small parcel on the west side that’s the marker",
        "evidence_classification": "Observed",
        "evidence_scope": "OFF_PROPERTY_OR_TEST_REVIEW_REQUIRED",
        "source_family": "AUGUST_7_CUMULATIVE_FIELD",
        "thumbnail_archive_tag": "AUG7_REVIEW_PHOTOS",
        "thumbnail_archive_member": "photos/062_analysis.jpg",
        "thumbnail_path": "data/photos/all/photo-801d20d9-26af-46a5-9804-4f935dd916b5.jpg",
        "source_file": "C:\\Users\\Admin\\Documents\\Codex\\Property Intelligence Packages\\CHATGPT_REVIEW_2026-08-07\\01_INSPECTION_FULL.json",
        "source_files": [
          "C:\\Users\\Admin\\Documents\\Codex\\Property Intelligence Packages\\CHATGPT_REVIEW_2026-08-07\\01_INSPECTION_FULL.json"
        ]
      }
    },
    {
      "type": "Feature",
      "geometry": {
        "type": "Point",
        "coordinates": [
          -87.09286050063162,
          30.49011822532125
        ]
      },
      "properties": {
        "record_type": "photograph",
        "photo_id": "photo-6ae4444d-a687-49ee-820a-3f022b583b48",
        "photo_number": "P66",
        "inspection_date": "2026-08-05",
        "timestamp": "2026-08-05T13:31:05.939Z",
        "recorded_category": "FRONTAGE PHOTO",
        "display_class": "ROAD_ENTRANCE",
        "is_recorded_water_category": false,
        "water_visible_review_status": "NOT_REVIEWED_FROM_IMAGE",
        "gps_accuracy_m": 5.700983122025721,
        "heading_deg": 107.56129455566406,
        "section_id": null,
        "associated_record_ids": [
          "event-8c036fbd-efdc-4899-b301-8821ab425c58",
          "event-28cbd205-b0e4-4f93-b095-b3fae182cd86",
          "event-28cbd205-b0e4-4f93-b095-b3fae182cd86",
          "FRONTAGE-PHOTO-004"
        ],
        "note": "This is the northernmost boundary of the small parcel on the west side that’s the marker",
        "evidence_classification": "Observed",
        "evidence_scope": "OFF_PROPERTY_OR_TEST_REVIEW_REQUIRED",
        "source_family": "AUGUST_7_CUMULATIVE_FIELD",
        "thumbnail_archive_tag": "AUG7_REVIEW_PHOTOS",
        "thumbnail_archive_member": "photos/063_analysis.jpg",
        "thumbnail_path": "data/photos/all/photo-6ae4444d-a687-49ee-820a-3f022b583b48.jpg",
        "source_file": "C:\\Users\\Admin\\Documents\\Codex\\Property Intelligence Packages\\CHATGPT_REVIEW_2026-08-07\\01_INSPECTION_FULL.json",
        "source_files": [
          "C:\\Users\\Admin\\Documents\\Codex\\Property Intelligence Packages\\CHATGPT_REVIEW_2026-08-07\\01_INSPECTION_FULL.json"
        ]
      }
    },
    {
      "type": "Feature",
      "geometry": {
        "type": "Point",
        "coordinates": [
          -87.09277857338644,
          30.490139986097603
        ]
      },
      "properties": {
        "record_type": "photograph",
        "photo_id": "photo-bcefe0c9-d169-4687-9eac-161781ddc2ea",
        "photo_number": "P5",
        "inspection_date": "2026-08-05",
        "timestamp": "2026-08-05T14:28:28.072Z",
        "recorded_category": "MAP THIS SECTION",
        "display_class": "OTHER",
        "is_recorded_water_category": false,
        "water_visible_review_status": "NOT_REVIEWED_FROM_IMAGE",
        "gps_accuracy_m": 10.785150742137445,
        "heading_deg": 306.98114013671875,
        "section_id": "SECTION-001",
        "associated_record_ids": [
          "event-551db3df-bc1c-4730-a2d0-011182e9a66f",
          "event-fde89615-d9f2-42d5-9b39-9c459c0d9e18",
          "event-fde89615-d9f2-42d5-9b39-9c459c0d9e18",
          "SECTION-001"
        ],
        "note": "",
        "evidence_classification": "Observed",
        "evidence_scope": "OFF_PROPERTY_OR_TEST_REVIEW_REQUIRED",
        "source_family": "AUGUST_5_6_SIMPLE_FIELD",
        "thumbnail_archive_tag": "AUG6_GPT_PACKAGE",
        "thumbnail_archive_member": "photos/001_analysis.jpg",
        "thumbnail_path": "data/photos/all/photo-bcefe0c9-d169-4687-9eac-161781ddc2ea.jpg",
        "source_file": "C:\\Users\\Admin\\Documents\\Codex\\Property Intelligence Packages\\August 6 GPT Handoff\\SEND_THIS_TO_GPT_AUGUST_6.zip::inspection.json",
        "source_files": [
          "C:\\Users\\Admin\\Documents\\Codex\\Property Intelligence Packages\\August 6 GPT Handoff\\SEND_THIS_TO_GPT_AUGUST_6.zip::inspection.json"
        ]
      }
    },
    {
      "type": "Feature",
      "geometry": {
        "type": "Point",
        "coordinates": [
          -87.09278051970891,
          30.490133234180874
        ]
      },
      "properties": {
        "record_type": "photograph",
        "photo_id": "photo-d5c3c74b-3d18-4fb8-a493-f63f6d375d2e",
        "photo_number": "P6",
        "inspection_date": "2026-08-05",
        "timestamp": "2026-08-05T14:28:34.946Z",
        "recorded_category": "MAP THIS SECTION",
        "display_class": "OTHER",
        "is_recorded_water_category": false,
        "water_visible_review_status": "NOT_REVIEWED_FROM_IMAGE",
        "gps_accuracy_m": 11.36207951981599,
        "heading_deg": 312.32073974609375,
        "section_id": "SECTION-001",
        "associated_record_ids": [
          "event-fcb11761-f06d-4d85-96f5-d127024235d9",
          "event-fde89615-d9f2-42d5-9b39-9c459c0d9e18",
          "event-fde89615-d9f2-42d5-9b39-9c459c0d9e18",
          "SECTION-001"
        ],
        "note": "",
        "evidence_classification": "Observed",
        "evidence_scope": "OFF_PROPERTY_OR_TEST_REVIEW_REQUIRED",
        "source_family": "AUGUST_5_6_SIMPLE_FIELD",
        "thumbnail_archive_tag": "AUG6_GPT_PACKAGE",
        "thumbnail_archive_member": "photos/002_analysis.jpg",
        "thumbnail_path": "data/photos/all/photo-d5c3c74b-3d18-4fb8-a493-f63f6d375d2e.jpg",
        "source_file": "C:\\Users\\Admin\\Documents\\Codex\\Property Intelligence Packages\\August 6 GPT Handoff\\SEND_THIS_TO_GPT_AUGUST_6.zip::inspection.json",
        "source_files": [
          "C:\\Users\\Admin\\Documents\\Codex\\Property Intelligence Packages\\August 6 GPT Handoff\\SEND_THIS_TO_GPT_AUGUST_6.zip::inspection.json"
        ]
      }
    },
    {
      "type": "Feature",
      "geometry": {
        "type": "Point",
        "coordinates": [
          -87.09271966087722,
          30.490106962000898
        ]
      },
      "properties": {
        "record_type": "photograph",
        "photo_id": "photo-ca9948a0-54af-4edf-848f-b5ed600cd045",
        "photo_number": "P7",
        "inspection_date": "2026-08-05",
        "timestamp": "2026-08-05T14:30:30.333Z",
        "recorded_category": "MAP THIS SECTION",
        "display_class": "OTHER",
        "is_recorded_water_category": false,
        "water_visible_review_status": "NOT_REVIEWED_FROM_IMAGE",
        "gps_accuracy_m": 9.028583631790111,
        "heading_deg": 41.53221130371094,
        "section_id": "SECTION-001",
        "associated_record_ids": [
          "event-fc0a8098-6f3f-40c2-9794-65629f3f0618",
          "event-fde89615-d9f2-42d5-9b39-9c459c0d9e18",
          "event-fde89615-d9f2-42d5-9b39-9c459c0d9e18",
          "SECTION-001"
        ],
        "note": "",
        "evidence_classification": "Observed",
        "evidence_scope": "OFF_PROPERTY_OR_TEST_REVIEW_REQUIRED",
        "source_family": "AUGUST_5_6_SIMPLE_FIELD",
        "thumbnail_archive_tag": "AUG6_GPT_PACKAGE",
        "thumbnail_archive_member": "photos/003_analysis.jpg",
        "thumbnail_path": "data/photos/all/photo-ca9948a0-54af-4edf-848f-b5ed600cd045.jpg",
        "source_file": "C:\\Users\\Admin\\Documents\\Codex\\Property Intelligence Packages\\August 6 GPT Handoff\\SEND_THIS_TO_GPT_AUGUST_6.zip::inspection.json",
        "source_files": [
          "C:\\Users\\Admin\\Documents\\Codex\\Property Intelligence Packages\\August 6 GPT Handoff\\SEND_THIS_TO_GPT_AUGUST_6.zip::inspection.json"
        ]
      }
    },
    {
      "type": "Feature",
      "geometry": {
        "type": "Point",
        "coordinates": [
          -87.0927011490987,
          30.490093862361594
        ]
      },
      "properties": {
        "record_type": "photograph",
        "photo_id": "photo-511cd93a-c666-487f-a475-42b1d1fa72f4",
        "photo_number": "P8",
        "inspection_date": "2026-08-05",
        "timestamp": "2026-08-05T14:30:42.901Z",
        "recorded_category": "MAP THIS SECTION",
        "display_class": "OTHER",
        "is_recorded_water_category": false,
        "water_visible_review_status": "NOT_REVIEWED_FROM_IMAGE",
        "gps_accuracy_m": 10.110599680375232,
        "heading_deg": 330.10540771484375,
        "section_id": "SECTION-001",
        "associated_record_ids": [
          "event-0b290672-78f3-446d-94a8-0dd30a70c08c",
          "event-fde89615-d9f2-42d5-9b39-9c459c0d9e18",
          "event-fde89615-d9f2-42d5-9b39-9c459c0d9e18",
          "SECTION-001"
        ],
        "note": "",
        "evidence_classification": "Observed",
        "evidence_scope": "OFF_PROPERTY_OR_TEST_REVIEW_REQUIRED",
        "source_family": "AUGUST_5_6_SIMPLE_FIELD",
        "thumbnail_archive_tag": "AUG6_GPT_PACKAGE",
        "thumbnail_archive_member": "photos/004_analysis.jpg",
        "thumbnail_path": "data/photos/all/photo-511cd93a-c666-487f-a475-42b1d1fa72f4.jpg",
        "source_file": "C:\\Users\\Admin\\Documents\\Codex\\Property Intelligence Packages\\August 6 GPT Handoff\\SEND_THIS_TO_GPT_AUGUST_6.zip::inspection.json",
        "source_files": [
          "C:\\Users\\Admin\\Documents\\Codex\\Property Intelligence Packages\\August 6 GPT Handoff\\SEND_THIS_TO_GPT_AUGUST_6.zip::inspection.json"
        ]
      }
    },
    {
      "type": "Feature",
      "geometry": {
        "type": "Point",
        "coordinates": [
          -87.09270967867442,
          30.490071816937093
        ]
      },
      "properties": {
        "record_type": "photograph",
        "photo_id": "photo-2aae7053-ca92-465b-8cc7-6b47bb19c395",
        "photo_number": "P9",
        "inspection_date": "2026-08-05",
        "timestamp": "2026-08-05T14:30:59.186Z",
        "recorded_category": "MAP THIS SECTION",
        "display_class": "OTHER",
        "is_recorded_water_category": false,
        "water_visible_review_status": "NOT_REVIEWED_FROM_IMAGE",
        "gps_accuracy_m": 12.706471441946125,
        "heading_deg": 330.41876220703125,
        "section_id": "SECTION-001",
        "associated_record_ids": [
          "event-03f1eaff-133e-4ce9-b0cb-13cfcf0a9916",
          "event-fde89615-d9f2-42d5-9b39-9c459c0d9e18",
          "event-fde89615-d9f2-42d5-9b39-9c459c0d9e18",
          "SECTION-001"
        ],
        "note": "",
        "evidence_classification": "Observed",
        "evidence_scope": "OFF_PROPERTY_OR_TEST_REVIEW_REQUIRED",
        "source_family": "AUGUST_5_6_SIMPLE_FIELD",
        "thumbnail_archive_tag": "AUG6_GPT_PACKAGE",
        "thumbnail_archive_member": "photos/005_analysis.jpg",
        "thumbnail_path": "data/photos/all/photo-2aae7053-ca92-465b-8cc7-6b47bb19c395.jpg",
        "source_file": "C:\\Users\\Admin\\Documents\\Codex\\Property Intelligence Packages\\August 6 GPT Handoff\\SEND_THIS_TO_GPT_AUGUST_6.zip::inspection.json",
        "source_files": [
          "C:\\Users\\Admin\\Documents\\Codex\\Property Intelligence Packages\\August 6 GPT Handoff\\SEND_THIS_TO_GPT_AUGUST_6.zip::inspection.json"
        ]
      }
    },
    {
      "type": "Feature",
      "geometry": {
        "type": "Point",
        "coordinates": [
          -87.09269264854893,
          30.490106835316745
        ]
      },
      "properties": {
        "record_type": "photograph",
        "photo_id": "photo-efe65cc5-244a-4535-bb01-25fcad05bdf1",
        "photo_number": "P10",
        "inspection_date": "2026-08-05",
        "timestamp": "2026-08-05T14:34:04.844Z",
        "recorded_category": "MAP THIS SECTION",
        "display_class": "OTHER",
        "is_recorded_water_category": false,
        "water_visible_review_status": "NOT_REVIEWED_FROM_IMAGE",
        "gps_accuracy_m": 10.36956960657798,
        "heading_deg": 106.18549346923828,
        "section_id": "SECTION-001",
        "associated_record_ids": [
          "event-068ab9aa-5765-4172-b690-80cbca75f772",
          "event-fde89615-d9f2-42d5-9b39-9c459c0d9e18",
          "event-fde89615-d9f2-42d5-9b39-9c459c0d9e18",
          "SECTION-001"
        ],
        "note": "",
        "evidence_classification": "Observed",
        "evidence_scope": "OFF_PROPERTY_OR_TEST_REVIEW_REQUIRED",
        "source_family": "AUGUST_5_6_SIMPLE_FIELD",
        "thumbnail_archive_tag": "AUG6_GPT_PACKAGE",
        "thumbnail_archive_member": "photos/006_analysis.jpg",
        "thumbnail_path": "data/photos/all/photo-efe65cc5-244a-4535-bb01-25fcad05bdf1.jpg",
        "source_file": "C:\\Users\\Admin\\Documents\\Codex\\Property Intelligence Packages\\August 6 GPT Handoff\\SEND_THIS_TO_GPT_AUGUST_6.zip::inspection.json",
        "source_files": [
          "C:\\Users\\Admin\\Documents\\Codex\\Property Intelligence Packages\\August 6 GPT Handoff\\SEND_THIS_TO_GPT_AUGUST_6.zip::inspection.json"
        ]
      }
    },
    {
      "type": "Feature",
      "geometry": {
        "type": "Point",
        "coordinates": [
          -87.09268233518628,
          30.49005605736913
        ]
      },
      "properties": {
        "record_type": "photograph",
        "photo_id": "photo-85dffe75-6035-4bcf-9633-c4195633e463",
        "photo_number": "P11",
        "inspection_date": "2026-08-05",
        "timestamp": "2026-08-05T14:34:34.716Z",
        "recorded_category": "MAP THIS SECTION",
        "display_class": "OTHER",
        "is_recorded_water_category": false,
        "water_visible_review_status": "NOT_REVIEWED_FROM_IMAGE",
        "gps_accuracy_m": 10.029566015339913,
        "heading_deg": 57.691097259521484,
        "section_id": "SECTION-001",
        "associated_record_ids": [
          "event-e5addbae-b93a-4d8c-80ec-47c7ed578396",
          "event-fde89615-d9f2-42d5-9b39-9c459c0d9e18",
          "event-fde89615-d9f2-42d5-9b39-9c459c0d9e18",
          "SECTION-001"
        ],
        "note": "",
        "evidence_classification": "Observed",
        "evidence_scope": "OFF_PROPERTY_OR_TEST_REVIEW_REQUIRED",
        "source_family": "AUGUST_5_6_SIMPLE_FIELD",
        "thumbnail_archive_tag": "AUG6_GPT_PACKAGE",
        "thumbnail_archive_member": "photos/007_analysis.jpg",
        "thumbnail_path": "data/photos/all/photo-85dffe75-6035-4bcf-9633-c4195633e463.jpg",
        "source_file": "C:\\Users\\Admin\\Documents\\Codex\\Property Intelligence Packages\\August 6 GPT Handoff\\SEND_THIS_TO_GPT_AUGUST_6.zip::inspection.json",
        "source_files": [
          "C:\\Users\\Admin\\Documents\\Codex\\Property Intelligence Packages\\August 6 GPT Handoff\\SEND_THIS_TO_GPT_AUGUST_6.zip::inspection.json"
        ]
      }
    },
    {
      "type": "Feature",
      "geometry": {
        "type": "Point",
        "coordinates": [
          -87.09268671424809,
          30.49009845749791
        ]
      },
      "properties": {
        "record_type": "photograph",
        "photo_id": "photo-01a23fac-38e0-411d-888a-894ae9815088",
        "photo_number": "P12",
        "inspection_date": "2026-08-05",
        "timestamp": "2026-08-05T14:34:53.775Z",
        "recorded_category": "MAP THIS SECTION",
        "display_class": "OTHER",
        "is_recorded_water_category": false,
        "water_visible_review_status": "NOT_REVIEWED_FROM_IMAGE",
        "gps_accuracy_m": 9.584688423930036,
        "heading_deg": 348.2331237792969,
        "section_id": "SECTION-001",
        "associated_record_ids": [
          "event-9d727537-46e5-4d48-a831-75baf576a52a",
          "event-fde89615-d9f2-42d5-9b39-9c459c0d9e18",
          "event-fde89615-d9f2-42d5-9b39-9c459c0d9e18",
          "SECTION-001"
        ],
        "note": "",
        "evidence_classification": "Observed",
        "evidence_scope": "OFF_PROPERTY_OR_TEST_REVIEW_REQUIRED",
        "source_family": "AUGUST_5_6_SIMPLE_FIELD",
        "thumbnail_archive_tag": "AUG6_GPT_PACKAGE",
        "thumbnail_archive_member": "photos/008_analysis.jpg",
        "thumbnail_path": "data/photos/all/photo-01a23fac-38e0-411d-888a-894ae9815088.jpg",
        "source_file": "C:\\Users\\Admin\\Documents\\Codex\\Property Intelligence Packages\\August 6 GPT Handoff\\SEND_THIS_TO_GPT_AUGUST_6.zip::inspection.json",
        "source_files": [
          "C:\\Users\\Admin\\Documents\\Codex\\Property Intelligence Packages\\August 6 GPT Handoff\\SEND_THIS_TO_GPT_AUGUST_6.zip::inspection.json"
        ]
      }
    },
    {
      "type": "Feature",
      "geometry": {
        "type": "Point",
        "coordinates": [
          -87.09266081105707,
          30.490107151537938
        ]
      },
      "properties": {
        "record_type": "photograph",
        "photo_id": "photo-41f2b9ba-ec5c-4363-9e0d-d04efaa1cf7e",
        "photo_number": "P13",
        "inspection_date": "2026-08-05",
        "timestamp": "2026-08-05T14:35:00.616Z",
        "recorded_category": "MAP THIS SECTION",
        "display_class": "OTHER",
        "is_recorded_water_category": false,
        "water_visible_review_status": "NOT_REVIEWED_FROM_IMAGE",
        "gps_accuracy_m": 10.579928322057045,
        "heading_deg": 11.51297378540039,
        "section_id": "SECTION-001",
        "associated_record_ids": [
          "event-837cb75e-cbf1-4f3a-b376-cfcca87f6b46",
          "event-fde89615-d9f2-42d5-9b39-9c459c0d9e18",
          "event-fde89615-d9f2-42d5-9b39-9c459c0d9e18",
          "SECTION-001"
        ],
        "note": "",
        "evidence_classification": "Observed",
        "evidence_scope": "OFF_PROPERTY_OR_TEST_REVIEW_REQUIRED",
        "source_family": "AUGUST_5_6_SIMPLE_FIELD",
        "thumbnail_archive_tag": "AUG6_GPT_PACKAGE",
        "thumbnail_archive_member": "photos/009_analysis.jpg",
        "thumbnail_path": "data/photos/all/photo-41f2b9ba-ec5c-4363-9e0d-d04efaa1cf7e.jpg",
        "source_file": "C:\\Users\\Admin\\Documents\\Codex\\Property Intelligence Packages\\August 6 GPT Handoff\\SEND_THIS_TO_GPT_AUGUST_6.zip::inspection.json",
        "source_files": [
          "C:\\Users\\Admin\\Documents\\Codex\\Property Intelligence Packages\\August 6 GPT Handoff\\SEND_THIS_TO_GPT_AUGUST_6.zip::inspection.json"
        ]
      }
    },
    {
      "type": "Feature",
      "geometry": {
        "type": "Point",
        "coordinates": [
          -87.0925474689955,
          30.490141982280107
        ]
      },
      "properties": {
        "record_type": "photograph",
        "photo_id": "photo-c8d2d24b-fcdb-4181-9a79-dddd719775fc",
        "photo_number": "P14",
        "inspection_date": "2026-08-05",
        "timestamp": "2026-08-05T14:35:45.917Z",
        "recorded_category": "MAP THIS SECTION",
        "display_class": "OTHER",
        "is_recorded_water_category": false,
        "water_visible_review_status": "NOT_REVIEWED_FROM_IMAGE",
        "gps_accuracy_m": 8.836208130425037,
        "heading_deg": 46.12339401245117,
        "section_id": "SECTION-001",
        "associated_record_ids": [
          "event-e1e6856e-c96b-40d7-abb6-bc3caea8a1a6",
          "event-fde89615-d9f2-42d5-9b39-9c459c0d9e18",
          "event-fde89615-d9f2-42d5-9b39-9c459c0d9e18",
          "SECTION-001"
        ],
        "note": "",
        "evidence_classification": "Observed",
        "evidence_scope": "OFF_PROPERTY_OR_TEST_REVIEW_REQUIRED",
        "source_family": "AUGUST_5_6_SIMPLE_FIELD",
        "thumbnail_archive_tag": "AUG6_GPT_PACKAGE",
        "thumbnail_archive_member": "photos/010_analysis.jpg",
        "thumbnail_path": "data/photos/all/photo-c8d2d24b-fcdb-4181-9a79-dddd719775fc.jpg",
        "source_file": "C:\\Users\\Admin\\Documents\\Codex\\Property Intelligence Packages\\August 6 GPT Handoff\\SEND_THIS_TO_GPT_AUGUST_6.zip::inspection.json",
        "source_files": [
          "C:\\Users\\Admin\\Documents\\Codex\\Property Intelligence Packages\\August 6 GPT Handoff\\SEND_THIS_TO_GPT_AUGUST_6.zip::inspection.json"
        ]
      }
    },
    {
      "type": "Feature",
      "geometry": {
        "type": "Point",
        "coordinates": [
          -87.09237295789002,
          30.490304716600576
        ]
      },
      "properties": {
        "record_type": "photograph",
        "photo_id": "photo-30130c0f-ad53-42d4-859d-9142bd9b3adc",
        "photo_number": "P15",
        "inspection_date": "2026-08-05",
        "timestamp": "2026-08-05T14:38:26.988Z",
        "recorded_category": "MAP THIS SECTION",
        "display_class": "OTHER",
        "is_recorded_water_category": false,
        "water_visible_review_status": "NOT_REVIEWED_FROM_IMAGE",
        "gps_accuracy_m": 9.62357769928357,
        "heading_deg": 292.3200378417969,
        "section_id": "SECTION-001",
        "associated_record_ids": [
          "event-a9c0a087-dd53-4bac-b9c9-3101b53b2823",
          "event-fde89615-d9f2-42d5-9b39-9c459c0d9e18",
          "event-fde89615-d9f2-42d5-9b39-9c459c0d9e18",
          "SECTION-001"
        ],
        "note": "",
        "evidence_classification": "Observed",
        "evidence_scope": "OFF_PROPERTY_OR_TEST_REVIEW_REQUIRED",
        "source_family": "AUGUST_5_6_SIMPLE_FIELD",
        "thumbnail_archive_tag": "AUG6_GPT_PACKAGE",
        "thumbnail_archive_member": "photos/011_analysis.jpg",
        "thumbnail_path": "data/photos/all/photo-30130c0f-ad53-42d4-859d-9142bd9b3adc.jpg",
        "source_file": "C:\\Users\\Admin\\Documents\\Codex\\Property Intelligence Packages\\August 6 GPT Handoff\\SEND_THIS_TO_GPT_AUGUST_6.zip::inspection.json",
        "source_files": [
          "C:\\Users\\Admin\\Documents\\Codex\\Property Intelligence Packages\\August 6 GPT Handoff\\SEND_THIS_TO_GPT_AUGUST_6.zip::inspection.json"
        ]
      }
    },
    {
      "type": "Feature",
      "geometry": {
        "type": "Point",
        "coordinates": [
          -87.09239029588176,
          30.490308815938253
        ]
      },
      "properties": {
        "record_type": "photograph",
        "photo_id": "photo-7dcb1f5a-78c6-4c59-9e25-c15d744691de",
        "photo_number": "P16",
        "inspection_date": "2026-08-05",
        "timestamp": "2026-08-05T14:38:32.178Z",
        "recorded_category": "MAP THIS SECTION",
        "display_class": "OTHER",
        "is_recorded_water_category": false,
        "water_visible_review_status": "NOT_REVIEWED_FROM_IMAGE",
        "gps_accuracy_m": 14.995179189509713,
        "heading_deg": 299.7998046875,
        "section_id": "SECTION-001",
        "associated_record_ids": [
          "event-60c6800d-f3ee-4b74-9673-b262359ecac7",
          "event-fde89615-d9f2-42d5-9b39-9c459c0d9e18",
          "event-fde89615-d9f2-42d5-9b39-9c459c0d9e18",
          "SECTION-001"
        ],
        "note": "",
        "evidence_classification": "Observed",
        "evidence_scope": "OFF_PROPERTY_OR_TEST_REVIEW_REQUIRED",
        "source_family": "AUGUST_5_6_SIMPLE_FIELD",
        "thumbnail_archive_tag": "AUG6_GPT_PACKAGE",
        "thumbnail_archive_member": "photos/012_analysis.jpg",
        "thumbnail_path": "data/photos/all/photo-7dcb1f5a-78c6-4c59-9e25-c15d744691de.jpg",
        "source_file": "C:\\Users\\Admin\\Documents\\Codex\\Property Intelligence Packages\\August 6 GPT Handoff\\SEND_THIS_TO_GPT_AUGUST_6.zip::inspection.json",
        "source_files": [
          "C:\\Users\\Admin\\Documents\\Codex\\Property Intelligence Packages\\August 6 GPT Handoff\\SEND_THIS_TO_GPT_AUGUST_6.zip::inspection.json"
        ]
      }
    },
    {
      "type": "Feature",
      "geometry": {
        "type": "Point",
        "coordinates": [
          -87.09242044458911,
          30.490574303107948
        ]
      },
      "properties": {
        "record_type": "photograph",
        "photo_id": "photo-37716774-cdf0-4b50-9895-c43ee5badb62",
        "photo_number": "P17",
        "inspection_date": "2026-08-05",
        "timestamp": "2026-08-05T14:42:16.104Z",
        "recorded_category": "MAP THIS SECTION",
        "display_class": "OTHER",
        "is_recorded_water_category": false,
        "water_visible_review_status": "NOT_REVIEWED_FROM_IMAGE",
        "gps_accuracy_m": 6.9606606669145155,
        "heading_deg": 238.29359436035156,
        "section_id": "SECTION-001",
        "associated_record_ids": [
          "event-13ed97f3-3abe-4f99-99bc-33e15ac9c896",
          "event-fde89615-d9f2-42d5-9b39-9c459c0d9e18",
          "event-fde89615-d9f2-42d5-9b39-9c459c0d9e18",
          "SECTION-001"
        ],
        "note": "",
        "evidence_classification": "Observed",
        "evidence_scope": "OFF_PROPERTY_OR_TEST_REVIEW_REQUIRED",
        "source_family": "AUGUST_5_6_SIMPLE_FIELD",
        "thumbnail_archive_tag": "AUG6_GPT_PACKAGE",
        "thumbnail_archive_member": "photos/013_analysis.jpg",
        "thumbnail_path": "data/photos/all/photo-37716774-cdf0-4b50-9895-c43ee5badb62.jpg",
        "source_file": "C:\\Users\\Admin\\Documents\\Codex\\Property Intelligence Packages\\August 6 GPT Handoff\\SEND_THIS_TO_GPT_AUGUST_6.zip::inspection.json",
        "source_files": [
          "C:\\Users\\Admin\\Documents\\Codex\\Property Intelligence Packages\\August 6 GPT Handoff\\SEND_THIS_TO_GPT_AUGUST_6.zip::inspection.json"
        ]
      }
    },
    {
      "type": "Feature",
      "geometry": {
        "type": "Point",
        "coordinates": [
          -87.09232461355244,
          30.490620861666542
        ]
      },
      "properties": {
        "record_type": "photograph",
        "photo_id": "photo-4fba63e4-380d-4775-ac2a-9b6f5ed1ea1d",
        "photo_number": "P18",
        "inspection_date": "2026-08-05",
        "timestamp": "2026-08-05T14:43:03.076Z",
        "recorded_category": "MAP THIS SECTION",
        "display_class": "OTHER",
        "is_recorded_water_category": false,
        "water_visible_review_status": "NOT_REVIEWED_FROM_IMAGE",
        "gps_accuracy_m": 9.415569637921644,
        "heading_deg": 6.7802581787109375,
        "section_id": "SECTION-001",
        "associated_record_ids": [
          "event-cdb770a7-fd1b-419b-84b1-fd94fac3cf86",
          "event-fde89615-d9f2-42d5-9b39-9c459c0d9e18",
          "event-fde89615-d9f2-42d5-9b39-9c459c0d9e18",
          "SECTION-001"
        ],
        "note": "",
        "evidence_classification": "Observed",
        "evidence_scope": "OFF_PROPERTY_OR_TEST_REVIEW_REQUIRED",
        "source_family": "AUGUST_5_6_SIMPLE_FIELD",
        "thumbnail_archive_tag": "AUG6_GPT_PACKAGE",
        "thumbnail_archive_member": "photos/014_analysis.jpg",
        "thumbnail_path": "data/photos/all/photo-4fba63e4-380d-4775-ac2a-9b6f5ed1ea1d.jpg",
        "source_file": "C:\\Users\\Admin\\Documents\\Codex\\Property Intelligence Packages\\August 6 GPT Handoff\\SEND_THIS_TO_GPT_AUGUST_6.zip::inspection.json",
        "source_files": [
          "C:\\Users\\Admin\\Documents\\Codex\\Property Intelligence Packages\\August 6 GPT Handoff\\SEND_THIS_TO_GPT_AUGUST_6.zip::inspection.json"
        ]
      }
    },
    {
      "type": "Feature",
      "geometry": {
        "type": "Point",
        "coordinates": [
          -87.09234644613514,
          30.490632720468838
        ]
      },
      "properties": {
        "record_type": "photograph",
        "photo_id": "photo-c378f645-9b90-4ca0-81fb-c3d0e3b40450",
        "photo_number": "P19",
        "inspection_date": "2026-08-05",
        "timestamp": "2026-08-05T14:43:08.715Z",
        "recorded_category": "MAP THIS SECTION",
        "display_class": "OTHER",
        "is_recorded_water_category": false,
        "water_visible_review_status": "NOT_REVIEWED_FROM_IMAGE",
        "gps_accuracy_m": 8.690347326680447,
        "heading_deg": 72.09844970703125,
        "section_id": "SECTION-001",
        "associated_record_ids": [
          "event-a5730202-49ee-4553-936d-265fb462de78",
          "event-fde89615-d9f2-42d5-9b39-9c459c0d9e18",
          "event-fde89615-d9f2-42d5-9b39-9c459c0d9e18",
          "SECTION-001"
        ],
        "note": "",
        "evidence_classification": "Observed",
        "evidence_scope": "OFF_PROPERTY_OR_TEST_REVIEW_REQUIRED",
        "source_family": "AUGUST_5_6_SIMPLE_FIELD",
        "thumbnail_archive_tag": "AUG6_GPT_PACKAGE",
        "thumbnail_archive_member": "photos/015_analysis.jpg",
        "thumbnail_path": "data/photos/all/photo-c378f645-9b90-4ca0-81fb-c3d0e3b40450.jpg",
        "source_file": "C:\\Users\\Admin\\Documents\\Codex\\Property Intelligence Packages\\August 6 GPT Handoff\\SEND_THIS_TO_GPT_AUGUST_6.zip::inspection.json",
        "source_files": [
          "C:\\Users\\Admin\\Documents\\Codex\\Property Intelligence Packages\\August 6 GPT Handoff\\SEND_THIS_TO_GPT_AUGUST_6.zip::inspection.json"
        ]
      }
    },
    {
      "type": "Feature",
      "geometry": {
        "type": "Point",
        "coordinates": [
          -87.09227427007177,
          30.490619619088974
        ]
      },
      "properties": {
        "record_type": "photograph",
        "photo_id": "photo-fb28c9fe-53a2-4166-9099-cff20748d1d8",
        "photo_number": "P20",
        "inspection_date": "2026-08-05",
        "timestamp": "2026-08-05T14:43:39.492Z",
        "recorded_category": "MAP THIS SECTION",
        "display_class": "OTHER",
        "is_recorded_water_category": false,
        "water_visible_review_status": "NOT_REVIEWED_FROM_IMAGE",
        "gps_accuracy_m": 10.605187588835893,
        "heading_deg": 17.239669799804688,
        "section_id": "SECTION-001",
        "associated_record_ids": [
          "event-56e40354-1388-4930-a1ce-fe515a2b6271",
          "event-fde89615-d9f2-42d5-9b39-9c459c0d9e18",
          "event-fde89615-d9f2-42d5-9b39-9c459c0d9e18",
          "SECTION-001"
        ],
        "note": "",
        "evidence_classification": "Observed",
        "evidence_scope": "OFF_PROPERTY_OR_TEST_REVIEW_REQUIRED",
        "source_family": "AUGUST_5_6_SIMPLE_FIELD",
        "thumbnail_archive_tag": "AUG6_GPT_PACKAGE",
        "thumbnail_archive_member": "photos/016_analysis.jpg",
        "thumbnail_path": "data/photos/all/photo-fb28c9fe-53a2-4166-9099-cff20748d1d8.jpg",
        "source_file": "C:\\Users\\Admin\\Documents\\Codex\\Property Intelligence Packages\\August 6 GPT Handoff\\SEND_THIS_TO_GPT_AUGUST_6.zip::inspection.json",
        "source_files": [
          "C:\\Users\\Admin\\Documents\\Codex\\Property Intelligence Packages\\August 6 GPT Handoff\\SEND_THIS_TO_GPT_AUGUST_6.zip::inspection.json"
        ]
      }
    },
    {
      "type": "Feature",
      "geometry": {
        "type": "Point",
        "coordinates": [
          -87.0922582801305,
          30.490632912159334
        ]
      },
      "properties": {
        "record_type": "photograph",
        "photo_id": "photo-d0db0dc4-44f6-423e-97aa-b7f517f7d961",
        "photo_number": "P21",
        "inspection_date": "2026-08-05",
        "timestamp": "2026-08-05T14:43:57.909Z",
        "recorded_category": "MAP THIS SECTION",
        "display_class": "OTHER",
        "is_recorded_water_category": false,
        "water_visible_review_status": "NOT_REVIEWED_FROM_IMAGE",
        "gps_accuracy_m": 12.791567586892027,
        "heading_deg": 350.04095458984375,
        "section_id": "SECTION-001",
        "associated_record_ids": [
          "event-e6e070c9-3261-40d8-8728-1160f1f98d20",
          "event-fde89615-d9f2-42d5-9b39-9c459c0d9e18",
          "event-fde89615-d9f2-42d5-9b39-9c459c0d9e18",
          "SECTION-001"
        ],
        "note": "",
        "evidence_classification": "Observed",
        "evidence_scope": "OFF_PROPERTY_OR_TEST_REVIEW_REQUIRED",
        "source_family": "AUGUST_5_6_SIMPLE_FIELD",
        "thumbnail_archive_tag": "AUG6_GPT_PACKAGE",
        "thumbnail_archive_member": "photos/017_analysis.jpg",
        "thumbnail_path": "data/photos/all/photo-d0db0dc4-44f6-423e-97aa-b7f517f7d961.jpg",
        "source_file": "C:\\Users\\Admin\\Documents\\Codex\\Property Intelligence Packages\\August 6 GPT Handoff\\SEND_THIS_TO_GPT_AUGUST_6.zip::inspection.json",
        "source_files": [
          "C:\\Users\\Admin\\Documents\\Codex\\Property Intelligence Packages\\August 6 GPT Handoff\\SEND_THIS_TO_GPT_AUGUST_6.zip::inspection.json"
        ]
      }
    },
    {
      "type": "Feature",
      "geometry": {
        "type": "Point",
        "coordinates": [
          -87.09227465502478,
          30.49061233625771
        ]
      },
      "properties": {
        "record_type": "photograph",
        "photo_id": "photo-2a917b22-c80c-4094-a5d1-20c7d6ae7fe8",
        "photo_number": "P22",
        "inspection_date": "2026-08-05",
        "timestamp": "2026-08-05T14:44:03.300Z",
        "recorded_category": "MAP THIS SECTION",
        "display_class": "OTHER",
        "is_recorded_water_category": false,
        "water_visible_review_status": "NOT_REVIEWED_FROM_IMAGE",
        "gps_accuracy_m": 13.757320727524931,
        "heading_deg": 350.5750427246094,
        "section_id": "SECTION-001",
        "associated_record_ids": [
          "event-61388231-45f7-4d67-9b0a-ea767412be4c",
          "event-fde89615-d9f2-42d5-9b39-9c459c0d9e18",
          "event-fde89615-d9f2-42d5-9b39-9c459c0d9e18",
          "SECTION-001"
        ],
        "note": "",
        "evidence_classification": "Observed",
        "evidence_scope": "OFF_PROPERTY_OR_TEST_REVIEW_REQUIRED",
        "source_family": "AUGUST_5_6_SIMPLE_FIELD",
        "thumbnail_archive_tag": "AUG6_GPT_PACKAGE",
        "thumbnail_archive_member": "photos/018_analysis.jpg",
        "thumbnail_path": "data/photos/all/photo-2a917b22-c80c-4094-a5d1-20c7d6ae7fe8.jpg",
        "source_file": "C:\\Users\\Admin\\Documents\\Codex\\Property Intelligence Packages\\August 6 GPT Handoff\\SEND_THIS_TO_GPT_AUGUST_6.zip::inspection.json",
        "source_files": [
          "C:\\Users\\Admin\\Documents\\Codex\\Property Intelligence Packages\\August 6 GPT Handoff\\SEND_THIS_TO_GPT_AUGUST_6.zip::inspection.json"
        ]
      }
    },
    {
      "type": "Feature",
      "geometry": {
        "type": "Point",
        "coordinates": [
          -87.09219938894569,
          30.490696531273343
        ]
      },
      "properties": {
        "record_type": "photograph",
        "photo_id": "photo-981437f0-9a59-4c75-b0d5-ac4cd605c844",
        "photo_number": "P23",
        "inspection_date": "2026-08-05",
        "timestamp": "2026-08-05T14:44:56.158Z",
        "recorded_category": "MAP THIS SECTION",
        "display_class": "OTHER",
        "is_recorded_water_category": false,
        "water_visible_review_status": "NOT_REVIEWED_FROM_IMAGE",
        "gps_accuracy_m": 7.9627272661975,
        "heading_deg": 342.954833984375,
        "section_id": "SECTION-001",
        "associated_record_ids": [
          "event-bbee01f5-c1d1-47c6-85b3-2c7d4920e886",
          "event-fde89615-d9f2-42d5-9b39-9c459c0d9e18",
          "event-fde89615-d9f2-42d5-9b39-9c459c0d9e18",
          "SECTION-001"
        ],
        "note": "",
        "evidence_classification": "Observed",
        "evidence_scope": "OFF_PROPERTY_OR_TEST_REVIEW_REQUIRED",
        "source_family": "AUGUST_5_6_SIMPLE_FIELD",
        "thumbnail_archive_tag": "AUG6_GPT_PACKAGE",
        "thumbnail_archive_member": "photos/019_analysis.jpg",
        "thumbnail_path": "data/photos/all/photo-981437f0-9a59-4c75-b0d5-ac4cd605c844.jpg",
        "source_file": "C:\\Users\\Admin\\Documents\\Codex\\Property Intelligence Packages\\August 6 GPT Handoff\\SEND_THIS_TO_GPT_AUGUST_6.zip::inspection.json",
        "source_files": [
          "C:\\Users\\Admin\\Documents\\Codex\\Property Intelligence Packages\\August 6 GPT Handoff\\SEND_THIS_TO_GPT_AUGUST_6.zip::inspection.json"
        ]
      }
    },
    {
      "type": "Feature",
      "geometry": {
        "type": "Point",
        "coordinates": [
          -87.0921746451284,
          30.49073367732661
        ]
      },
      "properties": {
        "record_type": "photograph",
        "photo_id": "photo-ecbe8264-7b03-4e0f-ac01-4446aa412dc1",
        "photo_number": "P24",
        "inspection_date": "2026-08-05",
        "timestamp": "2026-08-05T14:45:20.581Z",
        "recorded_category": "MAP THIS SECTION",
        "display_class": "OTHER",
        "is_recorded_water_category": false,
        "water_visible_review_status": "NOT_REVIEWED_FROM_IMAGE",
        "gps_accuracy_m": 11.028026488205562,
        "heading_deg": 277.97021484375,
        "section_id": "SECTION-001",
        "associated_record_ids": [
          "event-14ced5e4-9873-45ae-b4a6-c0294c23ff23",
          "event-fde89615-d9f2-42d5-9b39-9c459c0d9e18",
          "event-fde89615-d9f2-42d5-9b39-9c459c0d9e18",
          "SECTION-001"
        ],
        "note": "",
        "evidence_classification": "Observed",
        "evidence_scope": "OFF_PROPERTY_OR_TEST_REVIEW_REQUIRED",
        "source_family": "AUGUST_5_6_SIMPLE_FIELD",
        "thumbnail_archive_tag": "AUG6_GPT_PACKAGE",
        "thumbnail_archive_member": "photos/020_analysis.jpg",
        "thumbnail_path": "data/photos/all/photo-ecbe8264-7b03-4e0f-ac01-4446aa412dc1.jpg",
        "source_file": "C:\\Users\\Admin\\Documents\\Codex\\Property Intelligence Packages\\August 6 GPT Handoff\\SEND_THIS_TO_GPT_AUGUST_6.zip::inspection.json",
        "source_files": [
          "C:\\Users\\Admin\\Documents\\Codex\\Property Intelligence Packages\\August 6 GPT Handoff\\SEND_THIS_TO_GPT_AUGUST_6.zip::inspection.json"
        ]
      }
    },
    {
      "type": "Feature",
      "geometry": {
        "type": "Point",
        "coordinates": [
          -87.09218015937513,
          30.490748973846124
        ]
      },
      "properties": {
        "record_type": "photograph",
        "photo_id": "photo-f443e358-b92b-474d-aac8-4d3794efc1ab",
        "photo_number": "P25",
        "inspection_date": "2026-08-05",
        "timestamp": "2026-08-05T14:45:25.065Z",
        "recorded_category": "MAP THIS SECTION",
        "display_class": "OTHER",
        "is_recorded_water_category": false,
        "water_visible_review_status": "NOT_REVIEWED_FROM_IMAGE",
        "gps_accuracy_m": 11.55998607576135,
        "heading_deg": 289.8835144042969,
        "section_id": "SECTION-001",
        "associated_record_ids": [
          "event-f8e8d6e8-2e88-4f25-9ddd-7520057fb9af",
          "event-fde89615-d9f2-42d5-9b39-9c459c0d9e18",
          "event-fde89615-d9f2-42d5-9b39-9c459c0d9e18",
          "SECTION-001"
        ],
        "note": "",
        "evidence_classification": "Observed",
        "evidence_scope": "OFF_PROPERTY_OR_TEST_REVIEW_REQUIRED",
        "source_family": "AUGUST_5_6_SIMPLE_FIELD",
        "thumbnail_archive_tag": "AUG6_GPT_PACKAGE",
        "thumbnail_archive_member": "photos/021_analysis.jpg",
        "thumbnail_path": "data/photos/all/photo-f443e358-b92b-474d-aac8-4d3794efc1ab.jpg",
        "source_file": "C:\\Users\\Admin\\Documents\\Codex\\Property Intelligence Packages\\August 6 GPT Handoff\\SEND_THIS_TO_GPT_AUGUST_6.zip::inspection.json",
        "source_files": [
          "C:\\Users\\Admin\\Documents\\Codex\\Property Intelligence Packages\\August 6 GPT Handoff\\SEND_THIS_TO_GPT_AUGUST_6.zip::inspection.json"
        ]
      }
    },
    {
      "type": "Feature",
      "geometry": {
        "type": "Point",
        "coordinates": [
          -87.09217392003305,
          30.4907364017743
        ]
      },
      "properties": {
        "record_type": "photograph",
        "photo_id": "photo-3507475f-eeda-4a79-8307-32db509ef762",
        "photo_number": "P26",
        "inspection_date": "2026-08-05",
        "timestamp": "2026-08-05T14:45:30.183Z",
        "recorded_category": "MAP THIS SECTION",
        "display_class": "OTHER",
        "is_recorded_water_category": false,
        "water_visible_review_status": "NOT_REVIEWED_FROM_IMAGE",
        "gps_accuracy_m": 12.171745368017508,
        "heading_deg": 300.0234375,
        "section_id": "SECTION-001",
        "associated_record_ids": [
          "event-ff7a1f35-5d33-4fa8-8644-c456d04aa8b5",
          "event-fde89615-d9f2-42d5-9b39-9c459c0d9e18",
          "event-fde89615-d9f2-42d5-9b39-9c459c0d9e18",
          "SECTION-001"
        ],
        "note": "",
        "evidence_classification": "Observed",
        "evidence_scope": "OFF_PROPERTY_OR_TEST_REVIEW_REQUIRED",
        "source_family": "AUGUST_5_6_SIMPLE_FIELD",
        "thumbnail_archive_tag": "AUG6_GPT_PACKAGE",
        "thumbnail_archive_member": "photos/022_analysis.jpg",
        "thumbnail_path": "data/photos/all/photo-3507475f-eeda-4a79-8307-32db509ef762.jpg",
        "source_file": "C:\\Users\\Admin\\Documents\\Codex\\Property Intelligence Packages\\August 6 GPT Handoff\\SEND_THIS_TO_GPT_AUGUST_6.zip::inspection.json",
        "source_files": [
          "C:\\Users\\Admin\\Documents\\Codex\\Property Intelligence Packages\\August 6 GPT Handoff\\SEND_THIS_TO_GPT_AUGUST_6.zip::inspection.json"
        ]
      }
    },
    {
      "type": "Feature",
      "geometry": {
        "type": "Point",
        "coordinates": [
          -87.09219635084402,
          30.490732334042253
        ]
      },
      "properties": {
        "record_type": "photograph",
        "photo_id": "photo-7dfea87f-2d56-4c6d-b4d0-08e3b81725f1",
        "photo_number": "P27",
        "inspection_date": "2026-08-05",
        "timestamp": "2026-08-05T14:45:37.078Z",
        "recorded_category": "MAP THIS SECTION",
        "display_class": "OTHER",
        "is_recorded_water_category": false,
        "water_visible_review_status": "NOT_REVIEWED_FROM_IMAGE",
        "gps_accuracy_m": 12.956571627815912,
        "heading_deg": 347.5672912597656,
        "section_id": "SECTION-001",
        "associated_record_ids": [
          "event-ece615cd-5c00-47a1-8bd2-975409d6dc74",
          "event-fde89615-d9f2-42d5-9b39-9c459c0d9e18",
          "event-fde89615-d9f2-42d5-9b39-9c459c0d9e18",
          "SECTION-001"
        ],
        "note": "",
        "evidence_classification": "Observed",
        "evidence_scope": "OFF_PROPERTY_OR_TEST_REVIEW_REQUIRED",
        "source_family": "AUGUST_5_6_SIMPLE_FIELD",
        "thumbnail_archive_tag": "AUG6_GPT_PACKAGE",
        "thumbnail_archive_member": "photos/023_analysis.jpg",
        "thumbnail_path": "data/photos/all/photo-7dfea87f-2d56-4c6d-b4d0-08e3b81725f1.jpg",
        "source_file": "C:\\Users\\Admin\\Documents\\Codex\\Property Intelligence Packages\\August 6 GPT Handoff\\SEND_THIS_TO_GPT_AUGUST_6.zip::inspection.json",
        "source_files": [
          "C:\\Users\\Admin\\Documents\\Codex\\Property Intelligence Packages\\August 6 GPT Handoff\\SEND_THIS_TO_GPT_AUGUST_6.zip::inspection.json"
        ]
      }
    },
    {
      "type": "Feature",
      "geometry": {
        "type": "Point",
        "coordinates": [
          -87.09220023479622,
          30.49073737199608
        ]
      },
      "properties": {
        "record_type": "photograph",
        "photo_id": "photo-b862290a-5f36-4f0d-89e0-c3e77354e419",
        "photo_number": "P28",
        "inspection_date": "2026-08-05",
        "timestamp": "2026-08-05T14:45:42.511Z",
        "recorded_category": "MAP THIS SECTION",
        "display_class": "OTHER",
        "is_recorded_water_category": false,
        "water_visible_review_status": "NOT_REVIEWED_FROM_IMAGE",
        "gps_accuracy_m": 12.646256648973658,
        "heading_deg": 17.987865447998047,
        "section_id": "SECTION-001",
        "associated_record_ids": [
          "event-1c23178f-9fca-4a5f-b174-20b16fdc5af0",
          "event-fde89615-d9f2-42d5-9b39-9c459c0d9e18",
          "event-fde89615-d9f2-42d5-9b39-9c459c0d9e18",
          "SECTION-001"
        ],
        "note": "",
        "evidence_classification": "Observed",
        "evidence_scope": "OFF_PROPERTY_OR_TEST_REVIEW_REQUIRED",
        "source_family": "AUGUST_5_6_SIMPLE_FIELD",
        "thumbnail_archive_tag": "AUG6_GPT_PACKAGE",
        "thumbnail_archive_member": "photos/024_analysis.jpg",
        "thumbnail_path": "data/photos/all/photo-b862290a-5f36-4f0d-89e0-c3e77354e419.jpg",
        "source_file": "C:\\Users\\Admin\\Documents\\Codex\\Property Intelligence Packages\\August 6 GPT Handoff\\SEND_THIS_TO_GPT_AUGUST_6.zip::inspection.json",
        "source_files": [
          "C:\\Users\\Admin\\Documents\\Codex\\Property Intelligence Packages\\August 6 GPT Handoff\\SEND_THIS_TO_GPT_AUGUST_6.zip::inspection.json"
        ]
      }
    },
    {
      "type": "Feature",
      "geometry": {
        "type": "Point",
        "coordinates": [
          -87.09211989314024,
          30.490744435256854
        ]
      },
      "properties": {
        "record_type": "photograph",
        "photo_id": "photo-94633f66-ec97-49c2-987f-e9d8131cfb8a",
        "photo_number": "P29",
        "inspection_date": "2026-08-05",
        "timestamp": "2026-08-05T14:46:36.322Z",
        "recorded_category": "MAP THIS SECTION",
        "display_class": "OTHER",
        "is_recorded_water_category": false,
        "water_visible_review_status": "NOT_REVIEWED_FROM_IMAGE",
        "gps_accuracy_m": 4.748651530191761,
        "heading_deg": 17.010160446166992,
        "section_id": "SECTION-001",
        "associated_record_ids": [
          "event-aab868e2-32dd-4aae-a7be-95cc5ea27f6c",
          "event-fde89615-d9f2-42d5-9b39-9c459c0d9e18",
          "event-fde89615-d9f2-42d5-9b39-9c459c0d9e18",
          "SECTION-001"
        ],
        "note": "",
        "evidence_classification": "Observed",
        "evidence_scope": "OFF_PROPERTY_OR_TEST_REVIEW_REQUIRED",
        "source_family": "AUGUST_5_6_SIMPLE_FIELD",
        "thumbnail_archive_tag": "AUG6_GPT_PACKAGE",
        "thumbnail_archive_member": "photos/025_analysis.jpg",
        "thumbnail_path": "data/photos/all/photo-94633f66-ec97-49c2-987f-e9d8131cfb8a.jpg",
        "source_file": "C:\\Users\\Admin\\Documents\\Codex\\Property Intelligence Packages\\August 6 GPT Handoff\\SEND_THIS_TO_GPT_AUGUST_6.zip::inspection.json",
        "source_files": [
          "C:\\Users\\Admin\\Documents\\Codex\\Property Intelligence Packages\\August 6 GPT Handoff\\SEND_THIS_TO_GPT_AUGUST_6.zip::inspection.json"
        ]
      }
    },
    {
      "type": "Feature",
      "geometry": {
        "type": "Point",
        "coordinates": [
          -87.09226785889899,
          30.49076638409386
        ]
      },
      "properties": {
        "record_type": "photograph",
        "photo_id": "photo-4e3fd1bc-e05e-4b84-afec-47563804c129",
        "photo_number": "P30",
        "inspection_date": "2026-08-05",
        "timestamp": "2026-08-05T14:47:35.814Z",
        "recorded_category": "MAP THIS SECTION",
        "display_class": "OTHER",
        "is_recorded_water_category": false,
        "water_visible_review_status": "NOT_REVIEWED_FROM_IMAGE",
        "gps_accuracy_m": 11.84550982723882,
        "heading_deg": 210.81207275390625,
        "section_id": "SECTION-001",
        "associated_record_ids": [
          "event-cdaadbc5-e10c-46ad-9c5e-c33748e55e47",
          "event-fde89615-d9f2-42d5-9b39-9c459c0d9e18",
          "event-fde89615-d9f2-42d5-9b39-9c459c0d9e18",
          "SECTION-001"
        ],
        "note": "",
        "evidence_classification": "Observed",
        "evidence_scope": "OFF_PROPERTY_OR_TEST_REVIEW_REQUIRED",
        "source_family": "AUGUST_5_6_SIMPLE_FIELD",
        "thumbnail_archive_tag": "AUG6_GPT_PACKAGE",
        "thumbnail_archive_member": "photos/026_analysis.jpg",
        "thumbnail_path": "data/photos/all/photo-4e3fd1bc-e05e-4b84-afec-47563804c129.jpg",
        "source_file": "C:\\Users\\Admin\\Documents\\Codex\\Property Intelligence Packages\\August 6 GPT Handoff\\SEND_THIS_TO_GPT_AUGUST_6.zip::inspection.json",
        "source_files": [
          "C:\\Users\\Admin\\Documents\\Codex\\Property Intelligence Packages\\August 6 GPT Handoff\\SEND_THIS_TO_GPT_AUGUST_6.zip::inspection.json"
        ]
      }
    },
    {
      "type": "Feature",
      "geometry": {
        "type": "Point",
        "coordinates": [
          -87.09225632517433,
          30.49077506510323
        ]
      },
      "properties": {
        "record_type": "photograph",
        "photo_id": "photo-3e604d1c-0440-410d-95ed-5d8b140f8a78",
        "photo_number": "P31",
        "inspection_date": "2026-08-05",
        "timestamp": "2026-08-05T14:47:40.358Z",
        "recorded_category": "MAP THIS SECTION",
        "display_class": "OTHER",
        "is_recorded_water_category": false,
        "water_visible_review_status": "NOT_REVIEWED_FROM_IMAGE",
        "gps_accuracy_m": 11.681642592906018,
        "heading_deg": 260.76617431640625,
        "section_id": "SECTION-001",
        "associated_record_ids": [
          "event-5ae9b73a-56ff-4c27-a9bb-b76548f36a7d",
          "event-fde89615-d9f2-42d5-9b39-9c459c0d9e18",
          "event-fde89615-d9f2-42d5-9b39-9c459c0d9e18",
          "SECTION-001"
        ],
        "note": "",
        "evidence_classification": "Observed",
        "evidence_scope": "OFF_PROPERTY_OR_TEST_REVIEW_REQUIRED",
        "source_family": "AUGUST_5_6_SIMPLE_FIELD",
        "thumbnail_archive_tag": "AUG6_GPT_PACKAGE",
        "thumbnail_archive_member": "photos/027_analysis.jpg",
        "thumbnail_path": "data/photos/all/photo-3e604d1c-0440-410d-95ed-5d8b140f8a78.jpg",
        "source_file": "C:\\Users\\Admin\\Documents\\Codex\\Property Intelligence Packages\\August 6 GPT Handoff\\SEND_THIS_TO_GPT_AUGUST_6.zip::inspection.json",
        "source_files": [
          "C:\\Users\\Admin\\Documents\\Codex\\Property Intelligence Packages\\August 6 GPT Handoff\\SEND_THIS_TO_GPT_AUGUST_6.zip::inspection.json"
        ]
      }
    },
    {
      "type": "Feature",
      "geometry": {
        "type": "Point",
        "coordinates": [
          -87.09224889668211,
          30.4908253339106
        ]
      },
      "properties": {
        "record_type": "photograph",
        "photo_id": "photo-a52621ea-b671-4887-9d3e-94a04ddf903a",
        "photo_number": "P32",
        "inspection_date": "2026-08-05",
        "timestamp": "2026-08-05T14:48:04.149Z",
        "recorded_category": "MAP THIS SECTION",
        "display_class": "OTHER",
        "is_recorded_water_category": false,
        "water_visible_review_status": "NOT_REVIEWED_FROM_IMAGE",
        "gps_accuracy_m": 12.742223102832016,
        "heading_deg": 9.766743659973145,
        "section_id": "SECTION-001",
        "associated_record_ids": [
          "event-eab0ae27-a214-45ec-881c-c6b8167eccc4",
          "event-fde89615-d9f2-42d5-9b39-9c459c0d9e18",
          "event-fde89615-d9f2-42d5-9b39-9c459c0d9e18",
          "SECTION-001"
        ],
        "note": "",
        "evidence_classification": "Observed",
        "evidence_scope": "OFF_PROPERTY_OR_TEST_REVIEW_REQUIRED",
        "source_family": "AUGUST_5_6_SIMPLE_FIELD",
        "thumbnail_archive_tag": "AUG6_GPT_PACKAGE",
        "thumbnail_archive_member": "photos/028_analysis.jpg",
        "thumbnail_path": "data/photos/all/photo-a52621ea-b671-4887-9d3e-94a04ddf903a.jpg",
        "source_file": "C:\\Users\\Admin\\Documents\\Codex\\Property Intelligence Packages\\August 6 GPT Handoff\\SEND_THIS_TO_GPT_AUGUST_6.zip::inspection.json",
        "source_files": [
          "C:\\Users\\Admin\\Documents\\Codex\\Property Intelligence Packages\\August 6 GPT Handoff\\SEND_THIS_TO_GPT_AUGUST_6.zip::inspection.json"
        ]
      }
    },
    {
      "type": "Feature",
      "geometry": {
        "type": "Point",
        "coordinates": [
          -87.09223586559636,
          30.490848112035668
        ]
      },
      "properties": {
        "record_type": "photograph",
        "photo_id": "photo-799ecf7f-c299-4319-9626-263db861b879",
        "photo_number": "P33",
        "inspection_date": "2026-08-05",
        "timestamp": "2026-08-05T14:48:17.965Z",
        "recorded_category": "MAP THIS SECTION",
        "display_class": "OTHER",
        "is_recorded_water_category": false,
        "water_visible_review_status": "NOT_REVIEWED_FROM_IMAGE",
        "gps_accuracy_m": 13.787896310890241,
        "heading_deg": 346.1434631347656,
        "section_id": "SECTION-001",
        "associated_record_ids": [
          "event-03b2f8b5-bd86-4162-8b57-faf5629338a2",
          "event-fde89615-d9f2-42d5-9b39-9c459c0d9e18",
          "event-fde89615-d9f2-42d5-9b39-9c459c0d9e18",
          "SECTION-001"
        ],
        "note": "",
        "evidence_classification": "Observed",
        "evidence_scope": "OFF_PROPERTY_OR_TEST_REVIEW_REQUIRED",
        "source_family": "AUGUST_5_6_SIMPLE_FIELD",
        "thumbnail_archive_tag": "AUG6_GPT_PACKAGE",
        "thumbnail_archive_member": "photos/029_analysis.jpg",
        "thumbnail_path": "data/photos/all/photo-799ecf7f-c299-4319-9626-263db861b879.jpg",
        "source_file": "C:\\Users\\Admin\\Documents\\Codex\\Property Intelligence Packages\\August 6 GPT Handoff\\SEND_THIS_TO_GPT_AUGUST_6.zip::inspection.json",
        "source_files": [
          "C:\\Users\\Admin\\Documents\\Codex\\Property Intelligence Packages\\August 6 GPT Handoff\\SEND_THIS_TO_GPT_AUGUST_6.zip::inspection.json"
        ]
      }
    },
    {
      "type": "Feature",
      "geometry": {
        "type": "Point",
        "coordinates": [
          -87.09223823708828,
          30.490891509590625
        ]
      },
      "properties": {
        "record_type": "photograph",
        "photo_id": "photo-cf6031fb-c32a-4b10-b586-be69575719b4",
        "photo_number": "P34",
        "inspection_date": "2026-08-05",
        "timestamp": "2026-08-05T14:48:30.874Z",
        "recorded_category": "MAP THIS SECTION",
        "display_class": "OTHER",
        "is_recorded_water_category": false,
        "water_visible_review_status": "NOT_REVIEWED_FROM_IMAGE",
        "gps_accuracy_m": 13.316940531501608,
        "heading_deg": 285.1766357421875,
        "section_id": "SECTION-001",
        "associated_record_ids": [
          "event-10c01179-89e5-4eb6-bbd8-6af89f4fc7ed",
          "event-fde89615-d9f2-42d5-9b39-9c459c0d9e18",
          "event-fde89615-d9f2-42d5-9b39-9c459c0d9e18",
          "SECTION-001"
        ],
        "note": "",
        "evidence_classification": "Observed",
        "evidence_scope": "OFF_PROPERTY_OR_TEST_REVIEW_REQUIRED",
        "source_family": "AUGUST_5_6_SIMPLE_FIELD",
        "thumbnail_archive_tag": "AUG6_GPT_PACKAGE",
        "thumbnail_archive_member": "photos/030_analysis.jpg",
        "thumbnail_path": "data/photos/all/photo-cf6031fb-c32a-4b10-b586-be69575719b4.jpg",
        "source_file": "C:\\Users\\Admin\\Documents\\Codex\\Property Intelligence Packages\\August 6 GPT Handoff\\SEND_THIS_TO_GPT_AUGUST_6.zip::inspection.json",
        "source_files": [
          "C:\\Users\\Admin\\Documents\\Codex\\Property Intelligence Packages\\August 6 GPT Handoff\\SEND_THIS_TO_GPT_AUGUST_6.zip::inspection.json"
        ]
      }
    },
    {
      "type": "Feature",
      "geometry": {
        "type": "Point",
        "coordinates": [
          -87.09217803970496,
          30.490928504792116
        ]
      },
      "properties": {
        "record_type": "photograph",
        "photo_id": "photo-0e94305f-dd1f-443e-acf3-d3653aa86864",
        "photo_number": "P35",
        "inspection_date": "2026-08-05",
        "timestamp": "2026-08-05T14:48:53.687Z",
        "recorded_category": "MAP THIS SECTION",
        "display_class": "OTHER",
        "is_recorded_water_category": false,
        "water_visible_review_status": "NOT_REVIEWED_FROM_IMAGE",
        "gps_accuracy_m": 12.494783727378628,
        "heading_deg": 296.978515625,
        "section_id": "SECTION-001",
        "associated_record_ids": [
          "event-6a515282-f9a4-4aed-a6db-307a043b07e1",
          "event-fde89615-d9f2-42d5-9b39-9c459c0d9e18",
          "event-fde89615-d9f2-42d5-9b39-9c459c0d9e18",
          "SECTION-001"
        ],
        "note": "",
        "evidence_classification": "Observed",
        "evidence_scope": "OFF_PROPERTY_OR_TEST_REVIEW_REQUIRED",
        "source_family": "AUGUST_5_6_SIMPLE_FIELD",
        "thumbnail_archive_tag": "AUG6_GPT_PACKAGE",
        "thumbnail_archive_member": "photos/031_analysis.jpg",
        "thumbnail_path": "data/photos/all/photo-0e94305f-dd1f-443e-acf3-d3653aa86864.jpg",
        "source_file": "C:\\Users\\Admin\\Documents\\Codex\\Property Intelligence Packages\\August 6 GPT Handoff\\SEND_THIS_TO_GPT_AUGUST_6.zip::inspection.json",
        "source_files": [
          "C:\\Users\\Admin\\Documents\\Codex\\Property Intelligence Packages\\August 6 GPT Handoff\\SEND_THIS_TO_GPT_AUGUST_6.zip::inspection.json"
        ]
      }
    },
    {
      "type": "Feature",
      "geometry": {
        "type": "Point",
        "coordinates": [
          -87.09221097801003,
          30.490927717664743
        ]
      },
      "properties": {
        "record_type": "photograph",
        "photo_id": "photo-5b4452db-c161-4895-bdad-bb73abf7a925",
        "photo_number": "P36",
        "inspection_date": "2026-08-05",
        "timestamp": "2026-08-05T14:49:00.436Z",
        "recorded_category": "MAP THIS SECTION",
        "display_class": "OTHER",
        "is_recorded_water_category": false,
        "water_visible_review_status": "NOT_REVIEWED_FROM_IMAGE",
        "gps_accuracy_m": 12.221033599586983,
        "heading_deg": 351.443359375,
        "section_id": "SECTION-001",
        "associated_record_ids": [
          "event-c24b1836-fb8f-4194-915f-afe98de43e52",
          "event-fde89615-d9f2-42d5-9b39-9c459c0d9e18",
          "event-fde89615-d9f2-42d5-9b39-9c459c0d9e18",
          "SECTION-001"
        ],
        "note": "",
        "evidence_classification": "Observed",
        "evidence_scope": "OFF_PROPERTY_OR_TEST_REVIEW_REQUIRED",
        "source_family": "AUGUST_5_6_SIMPLE_FIELD",
        "thumbnail_archive_tag": "AUG6_GPT_PACKAGE",
        "thumbnail_archive_member": "photos/032_analysis.jpg",
        "thumbnail_path": "data/photos/all/photo-5b4452db-c161-4895-bdad-bb73abf7a925.jpg",
        "source_file": "C:\\Users\\Admin\\Documents\\Codex\\Property Intelligence Packages\\August 6 GPT Handoff\\SEND_THIS_TO_GPT_AUGUST_6.zip::inspection.json",
        "source_files": [
          "C:\\Users\\Admin\\Documents\\Codex\\Property Intelligence Packages\\August 6 GPT Handoff\\SEND_THIS_TO_GPT_AUGUST_6.zip::inspection.json"
        ]
      }
    },
    {
      "type": "Feature",
      "geometry": {
        "type": "Point",
        "coordinates": [
          -87.09221207052973,
          30.49092788439995
        ]
      },
      "properties": {
        "record_type": "photograph",
        "photo_id": "photo-0125d0bf-d9de-4caf-ab2c-e4ef0e9c1ead",
        "photo_number": "P37",
        "inspection_date": "2026-08-05",
        "timestamp": "2026-08-05T14:49:09.592Z",
        "recorded_category": "MAP THIS SECTION",
        "display_class": "OTHER",
        "is_recorded_water_category": false,
        "water_visible_review_status": "NOT_REVIEWED_FROM_IMAGE",
        "gps_accuracy_m": 12.711186235974674,
        "heading_deg": 341.6396179199219,
        "section_id": "SECTION-001",
        "associated_record_ids": [
          "event-752d676e-6257-4aea-a867-ae17d5fc8fdc",
          "event-fde89615-d9f2-42d5-9b39-9c459c0d9e18",
          "event-fde89615-d9f2-42d5-9b39-9c459c0d9e18",
          "SECTION-001"
        ],
        "note": "",
        "evidence_classification": "Observed",
        "evidence_scope": "OFF_PROPERTY_OR_TEST_REVIEW_REQUIRED",
        "source_family": "AUGUST_5_6_SIMPLE_FIELD",
        "thumbnail_archive_tag": "AUG6_GPT_PACKAGE",
        "thumbnail_archive_member": "photos/033_analysis.jpg",
        "thumbnail_path": "data/photos/all/photo-0125d0bf-d9de-4caf-ab2c-e4ef0e9c1ead.jpg",
        "source_file": "C:\\Users\\Admin\\Documents\\Codex\\Property Intelligence Packages\\August 6 GPT Handoff\\SEND_THIS_TO_GPT_AUGUST_6.zip::inspection.json",
        "source_files": [
          "C:\\Users\\Admin\\Documents\\Codex\\Property Intelligence Packages\\August 6 GPT Handoff\\SEND_THIS_TO_GPT_AUGUST_6.zip::inspection.json"
        ]
      }
    },
    {
      "type": "Feature",
      "geometry": {
        "type": "Point",
        "coordinates": [
          -87.09212213095157,
          30.49095128366571
        ]
      },
      "properties": {
        "record_type": "photograph",
        "photo_id": "photo-2dbf5363-84f5-499e-99cc-36a40c4b43ae",
        "photo_number": "P38",
        "inspection_date": "2026-08-05",
        "timestamp": "2026-08-05T14:50:16.419Z",
        "recorded_category": "MAP THIS SECTION",
        "display_class": "OTHER",
        "is_recorded_water_category": false,
        "water_visible_review_status": "NOT_REVIEWED_FROM_IMAGE",
        "gps_accuracy_m": 12.725520609633703,
        "heading_deg": 289.46868896484375,
        "section_id": "SECTION-001",
        "associated_record_ids": [
          "event-a0fb3b5e-a2ce-4909-9521-87ca954202a2",
          "event-fde89615-d9f2-42d5-9b39-9c459c0d9e18",
          "event-fde89615-d9f2-42d5-9b39-9c459c0d9e18",
          "SECTION-001"
        ],
        "note": "",
        "evidence_classification": "Observed",
        "evidence_scope": "OFF_PROPERTY_OR_TEST_REVIEW_REQUIRED",
        "source_family": "AUGUST_5_6_SIMPLE_FIELD",
        "thumbnail_archive_tag": "AUG6_GPT_PACKAGE",
        "thumbnail_archive_member": "photos/034_analysis.jpg",
        "thumbnail_path": "data/photos/all/photo-2dbf5363-84f5-499e-99cc-36a40c4b43ae.jpg",
        "source_file": "C:\\Users\\Admin\\Documents\\Codex\\Property Intelligence Packages\\August 6 GPT Handoff\\SEND_THIS_TO_GPT_AUGUST_6.zip::inspection.json",
        "source_files": [
          "C:\\Users\\Admin\\Documents\\Codex\\Property Intelligence Packages\\August 6 GPT Handoff\\SEND_THIS_TO_GPT_AUGUST_6.zip::inspection.json"
        ]
      }
    },
    {
      "type": "Feature",
      "geometry": {
        "type": "Point",
        "coordinates": [
          -87.09213291645638,
          30.49097735261386
        ]
      },
      "properties": {
        "record_type": "photograph",
        "photo_id": "photo-3b634504-a10a-475e-9345-d1da972d638c",
        "photo_number": "P39",
        "inspection_date": "2026-08-05",
        "timestamp": "2026-08-05T14:50:22.111Z",
        "recorded_category": "MAP THIS SECTION",
        "display_class": "OTHER",
        "is_recorded_water_category": false,
        "water_visible_review_status": "NOT_REVIEWED_FROM_IMAGE",
        "gps_accuracy_m": 13.272783045249412,
        "heading_deg": 25.010046005249023,
        "section_id": "SECTION-001",
        "associated_record_ids": [
          "event-00b6956e-0740-4ca3-ba3c-97eea57dfab4",
          "event-fde89615-d9f2-42d5-9b39-9c459c0d9e18",
          "event-fde89615-d9f2-42d5-9b39-9c459c0d9e18",
          "SECTION-001"
        ],
        "note": "",
        "evidence_classification": "Observed",
        "evidence_scope": "OFF_PROPERTY_OR_TEST_REVIEW_REQUIRED",
        "source_family": "AUGUST_5_6_SIMPLE_FIELD",
        "thumbnail_archive_tag": "AUG6_GPT_PACKAGE",
        "thumbnail_archive_member": "photos/035_analysis.jpg",
        "thumbnail_path": "data/photos/all/photo-3b634504-a10a-475e-9345-d1da972d638c.jpg",
        "source_file": "C:\\Users\\Admin\\Documents\\Codex\\Property Intelligence Packages\\August 6 GPT Handoff\\SEND_THIS_TO_GPT_AUGUST_6.zip::inspection.json",
        "source_files": [
          "C:\\Users\\Admin\\Documents\\Codex\\Property Intelligence Packages\\August 6 GPT Handoff\\SEND_THIS_TO_GPT_AUGUST_6.zip::inspection.json"
        ]
      }
    },
    {
      "type": "Feature",
      "geometry": {
        "type": "Point",
        "coordinates": [
          -87.09210837338345,
          30.490973286831757
        ]
      },
      "properties": {
        "record_type": "photograph",
        "photo_id": "photo-10ee4676-e22e-4e6d-9b9f-74c11598b901",
        "photo_number": "P40",
        "inspection_date": "2026-08-05",
        "timestamp": "2026-08-05T14:50:39.112Z",
        "recorded_category": "MAP THIS SECTION",
        "display_class": "OTHER",
        "is_recorded_water_category": false,
        "water_visible_review_status": "NOT_REVIEWED_FROM_IMAGE",
        "gps_accuracy_m": 13.627165489046225,
        "heading_deg": 71.0242691040039,
        "section_id": "SECTION-001",
        "associated_record_ids": [
          "event-e6a8a4d5-d891-4701-b7ba-f8957863046c",
          "event-fde89615-d9f2-42d5-9b39-9c459c0d9e18",
          "event-fde89615-d9f2-42d5-9b39-9c459c0d9e18",
          "SECTION-001"
        ],
        "note": "",
        "evidence_classification": "Observed",
        "evidence_scope": "OFF_PROPERTY_OR_TEST_REVIEW_REQUIRED",
        "source_family": "AUGUST_5_6_SIMPLE_FIELD",
        "thumbnail_archive_tag": "AUG6_GPT_PACKAGE",
        "thumbnail_archive_member": "photos/036_analysis.jpg",
        "thumbnail_path": "data/photos/all/photo-10ee4676-e22e-4e6d-9b9f-74c11598b901.jpg",
        "source_file": "C:\\Users\\Admin\\Documents\\Codex\\Property Intelligence Packages\\August 6 GPT Handoff\\SEND_THIS_TO_GPT_AUGUST_6.zip::inspection.json",
        "source_files": [
          "C:\\Users\\Admin\\Documents\\Codex\\Property Intelligence Packages\\August 6 GPT Handoff\\SEND_THIS_TO_GPT_AUGUST_6.zip::inspection.json"
        ]
      }
    },
    {
      "type": "Feature",
      "geometry": {
        "type": "Point",
        "coordinates": [
          -87.09202624288547,
          30.491011782128314
        ]
      },
      "properties": {
        "record_type": "photograph",
        "photo_id": "photo-f2c0a959-60c6-4368-a8c2-a1b37f9d6eb3",
        "photo_number": "P41",
        "inspection_date": "2026-08-05",
        "timestamp": "2026-08-05T14:52:18.242Z",
        "recorded_category": "MAP THIS SECTION",
        "display_class": "OTHER",
        "is_recorded_water_category": false,
        "water_visible_review_status": "NOT_REVIEWED_FROM_IMAGE",
        "gps_accuracy_m": 11.218253790156666,
        "heading_deg": 289.6763000488281,
        "section_id": "SECTION-001",
        "associated_record_ids": [
          "event-d4731a7f-4671-4482-a570-1508ecde9ff2",
          "event-fde89615-d9f2-42d5-9b39-9c459c0d9e18",
          "event-fde89615-d9f2-42d5-9b39-9c459c0d9e18",
          "SECTION-001"
        ],
        "note": "",
        "evidence_classification": "Observed",
        "evidence_scope": "OFF_PROPERTY_OR_TEST_REVIEW_REQUIRED",
        "source_family": "AUGUST_5_6_SIMPLE_FIELD",
        "thumbnail_archive_tag": "AUG6_GPT_PACKAGE",
        "thumbnail_archive_member": "photos/037_analysis.jpg",
        "thumbnail_path": "data/photos/all/photo-f2c0a959-60c6-4368-a8c2-a1b37f9d6eb3.jpg",
        "source_file": "C:\\Users\\Admin\\Documents\\Codex\\Property Intelligence Packages\\August 6 GPT Handoff\\SEND_THIS_TO_GPT_AUGUST_6.zip::inspection.json",
        "source_files": [
          "C:\\Users\\Admin\\Documents\\Codex\\Property Intelligence Packages\\August 6 GPT Handoff\\SEND_THIS_TO_GPT_AUGUST_6.zip::inspection.json"
        ]
      }
    },
    {
      "type": "Feature",
      "geometry": {
        "type": "Point",
        "coordinates": [
          -87.09195778271247,
          30.491079330196172
        ]
      },
      "properties": {
        "record_type": "photograph",
        "photo_id": "photo-2765a4e3-9d25-477a-8b34-8e26414ffb00",
        "photo_number": "P42",
        "inspection_date": "2026-08-05",
        "timestamp": "2026-08-05T14:53:50.038Z",
        "recorded_category": "MAP THIS SECTION",
        "display_class": "OTHER",
        "is_recorded_water_category": false,
        "water_visible_review_status": "NOT_REVIEWED_FROM_IMAGE",
        "gps_accuracy_m": 14.629440686711746,
        "heading_deg": 224.9246063232422,
        "section_id": "SECTION-001",
        "associated_record_ids": [
          "event-41c58a0b-e315-4e94-a6e8-71e2c707fe3f",
          "event-fde89615-d9f2-42d5-9b39-9c459c0d9e18",
          "event-fde89615-d9f2-42d5-9b39-9c459c0d9e18",
          "SECTION-001"
        ],
        "note": "",
        "evidence_classification": "Observed",
        "evidence_scope": "OFF_PROPERTY_OR_TEST_REVIEW_REQUIRED",
        "source_family": "AUGUST_5_6_SIMPLE_FIELD",
        "thumbnail_archive_tag": "AUG6_GPT_PACKAGE",
        "thumbnail_archive_member": "photos/038_analysis.jpg",
        "thumbnail_path": "data/photos/all/photo-2765a4e3-9d25-477a-8b34-8e26414ffb00.jpg",
        "source_file": "C:\\Users\\Admin\\Documents\\Codex\\Property Intelligence Packages\\August 6 GPT Handoff\\SEND_THIS_TO_GPT_AUGUST_6.zip::inspection.json",
        "source_files": [
          "C:\\Users\\Admin\\Documents\\Codex\\Property Intelligence Packages\\August 6 GPT Handoff\\SEND_THIS_TO_GPT_AUGUST_6.zip::inspection.json"
        ]
      }
    },
    {
      "type": "Feature",
      "geometry": {
        "type": "Point",
        "coordinates": [
          -87.09201637087112,
          30.49105323991369
        ]
      },
      "properties": {
        "record_type": "photograph",
        "photo_id": "photo-79bcfa31-5859-4e4b-85b5-f737f6634847",
        "photo_number": "P43",
        "inspection_date": "2026-08-05",
        "timestamp": "2026-08-05T14:54:08.963Z",
        "recorded_category": "MAP THIS SECTION",
        "display_class": "OTHER",
        "is_recorded_water_category": false,
        "water_visible_review_status": "NOT_REVIEWED_FROM_IMAGE",
        "gps_accuracy_m": 16.28224306883863,
        "heading_deg": 263.6192321777344,
        "section_id": "SECTION-001",
        "associated_record_ids": [
          "event-79425ad0-d7e9-4b47-ba6c-261972f9f1eb",
          "event-fde89615-d9f2-42d5-9b39-9c459c0d9e18",
          "event-fde89615-d9f2-42d5-9b39-9c459c0d9e18",
          "SECTION-001"
        ],
        "note": "",
        "evidence_classification": "Observed",
        "evidence_scope": "OFF_PROPERTY_OR_TEST_REVIEW_REQUIRED",
        "source_family": "AUGUST_5_6_SIMPLE_FIELD",
        "thumbnail_archive_tag": "AUG6_GPT_PACKAGE",
        "thumbnail_archive_member": "photos/039_analysis.jpg",
        "thumbnail_path": "data/photos/all/photo-79bcfa31-5859-4e4b-85b5-f737f6634847.jpg",
        "source_file": "C:\\Users\\Admin\\Documents\\Codex\\Property Intelligence Packages\\August 6 GPT Handoff\\SEND_THIS_TO_GPT_AUGUST_6.zip::inspection.json",
        "source_files": [
          "C:\\Users\\Admin\\Documents\\Codex\\Property Intelligence Packages\\August 6 GPT Handoff\\SEND_THIS_TO_GPT_AUGUST_6.zip::inspection.json"
        ]
      }
    },
    {
      "type": "Feature",
      "geometry": {
        "type": "Point",
        "coordinates": [
          -87.0920339017138,
          30.491033437977908
        ]
      },
      "properties": {
        "record_type": "photograph",
        "photo_id": "photo-9a795055-f881-4b61-8bef-877918c47e89",
        "photo_number": "P44",
        "inspection_date": "2026-08-05",
        "timestamp": "2026-08-05T14:54:12.785Z",
        "recorded_category": "Water Measurement",
        "display_class": "WATER",
        "is_recorded_water_category": false,
        "water_visible_review_status": "NOT_REVIEWED_FROM_IMAGE",
        "gps_accuracy_m": 16.27280104671534,
        "heading_deg": 275.95343017578125,
        "section_id": "SECTION-001",
        "associated_record_ids": [
          "event-3b260d7d-784a-427a-ada5-d3151ad61fd5",
          "event-3b260d7d-784a-427a-ada5-d3151ad61fd5",
          "SECTION-001"
        ],
        "note": "",
        "evidence_classification": "Observed",
        "evidence_scope": "OFF_PROPERTY_OR_TEST_REVIEW_REQUIRED",
        "source_family": "AUGUST_5_6_SIMPLE_FIELD",
        "thumbnail_archive_tag": "AUG6_GPT_PACKAGE",
        "thumbnail_archive_member": "photos/040_analysis.jpg",
        "thumbnail_path": "data/photos/all/photo-9a795055-f881-4b61-8bef-877918c47e89.jpg",
        "source_file": "C:\\Users\\Admin\\Documents\\Codex\\Property Intelligence Packages\\August 6 GPT Handoff\\SEND_THIS_TO_GPT_AUGUST_6.zip::inspection.json",
        "source_files": [
          "C:\\Users\\Admin\\Documents\\Codex\\Property Intelligence Packages\\August 6 GPT Handoff\\SEND_THIS_TO_GPT_AUGUST_6.zip::inspection.json"
        ]
      }
    },
    {
      "type": "Feature",
      "geometry": {
        "type": "Point",
        "coordinates": [
          -87.09194101013438,
          30.491164999699247
        ]
      },
      "properties": {
        "record_type": "photograph",
        "photo_id": "photo-a49f48a7-194f-4b58-9bf5-6c4a764576c4",
        "photo_number": "P45",
        "inspection_date": "2026-08-05",
        "timestamp": "2026-08-05T14:54:53.012Z",
        "recorded_category": "MAP THIS SECTION",
        "display_class": "OTHER",
        "is_recorded_water_category": false,
        "water_visible_review_status": "NOT_REVIEWED_FROM_IMAGE",
        "gps_accuracy_m": 12.419533034787905,
        "heading_deg": 51.67552947998047,
        "section_id": "SECTION-001",
        "associated_record_ids": [
          "event-a47b5a2c-4738-4af2-8985-075be9363dab",
          "event-fde89615-d9f2-42d5-9b39-9c459c0d9e18",
          "event-fde89615-d9f2-42d5-9b39-9c459c0d9e18",
          "SECTION-001"
        ],
        "note": "",
        "evidence_classification": "Observed",
        "evidence_scope": "OFF_PROPERTY_OR_TEST_REVIEW_REQUIRED",
        "source_family": "AUGUST_5_6_SIMPLE_FIELD",
        "thumbnail_archive_tag": "AUG6_GPT_PACKAGE",
        "thumbnail_archive_member": "photos/041_analysis.jpg",
        "thumbnail_path": "data/photos/all/photo-a49f48a7-194f-4b58-9bf5-6c4a764576c4.jpg",
        "source_file": "C:\\Users\\Admin\\Documents\\Codex\\Property Intelligence Packages\\August 6 GPT Handoff\\SEND_THIS_TO_GPT_AUGUST_6.zip::inspection.json",
        "source_files": [
          "C:\\Users\\Admin\\Documents\\Codex\\Property Intelligence Packages\\August 6 GPT Handoff\\SEND_THIS_TO_GPT_AUGUST_6.zip::inspection.json"
        ]
      }
    },
    {
      "type": "Feature",
      "geometry": {
        "type": "Point",
        "coordinates": [
          -87.09192060009168,
          30.491140154451028
        ]
      },
      "properties": {
        "record_type": "photograph",
        "photo_id": "photo-ed280ef2-f857-4544-bf7e-9e0869c59fac",
        "photo_number": "P46",
        "inspection_date": "2026-08-05",
        "timestamp": "2026-08-05T14:55:05.785Z",
        "recorded_category": "MAP THIS SECTION",
        "display_class": "OTHER",
        "is_recorded_water_category": false,
        "water_visible_review_status": "NOT_REVIEWED_FROM_IMAGE",
        "gps_accuracy_m": 16.213018878963307,
        "heading_deg": 68.12152862548828,
        "section_id": "SECTION-001",
        "associated_record_ids": [
          "event-21e14a5f-4c3b-4457-a5bb-3fa3487ec390",
          "event-fde89615-d9f2-42d5-9b39-9c459c0d9e18",
          "event-fde89615-d9f2-42d5-9b39-9c459c0d9e18",
          "SECTION-001"
        ],
        "note": "",
        "evidence_classification": "Observed",
        "evidence_scope": "OFF_PROPERTY_OR_TEST_REVIEW_REQUIRED",
        "source_family": "AUGUST_5_6_SIMPLE_FIELD",
        "thumbnail_archive_tag": "AUG6_GPT_PACKAGE",
        "thumbnail_archive_member": "photos/042_analysis.jpg",
        "thumbnail_path": "data/photos/all/photo-ed280ef2-f857-4544-bf7e-9e0869c59fac.jpg",
        "source_file": "C:\\Users\\Admin\\Documents\\Codex\\Property Intelligence Packages\\August 6 GPT Handoff\\SEND_THIS_TO_GPT_AUGUST_6.zip::inspection.json",
        "source_files": [
          "C:\\Users\\Admin\\Documents\\Codex\\Property Intelligence Packages\\August 6 GPT Handoff\\SEND_THIS_TO_GPT_AUGUST_6.zip::inspection.json"
        ]
      }
    },
    {
      "type": "Feature",
      "geometry": {
        "type": "Point",
        "coordinates": [
          -87.09189225435811,
          30.49113176741023
        ]
      },
      "properties": {
        "record_type": "photograph",
        "photo_id": "photo-3ca26215-20e7-415a-9160-a9fbe5e1f8ee",
        "photo_number": "P47",
        "inspection_date": "2026-08-05",
        "timestamp": "2026-08-05T14:56:12.290Z",
        "recorded_category": "MAP THIS SECTION",
        "display_class": "OTHER",
        "is_recorded_water_category": false,
        "water_visible_review_status": "NOT_REVIEWED_FROM_IMAGE",
        "gps_accuracy_m": 18.012938481433036,
        "heading_deg": 313.5962829589844,
        "section_id": "SECTION-001",
        "associated_record_ids": [
          "event-9143def7-ddfb-4d0b-b12d-21273bf962a4",
          "event-fde89615-d9f2-42d5-9b39-9c459c0d9e18",
          "event-fde89615-d9f2-42d5-9b39-9c459c0d9e18",
          "SECTION-001"
        ],
        "note": "",
        "evidence_classification": "Observed",
        "evidence_scope": "OFF_PROPERTY_OR_TEST_REVIEW_REQUIRED",
        "source_family": "AUGUST_5_6_SIMPLE_FIELD",
        "thumbnail_archive_tag": "AUG6_GPT_PACKAGE",
        "thumbnail_archive_member": "photos/043_analysis.jpg",
        "thumbnail_path": "data/photos/all/photo-3ca26215-20e7-415a-9160-a9fbe5e1f8ee.jpg",
        "source_file": "C:\\Users\\Admin\\Documents\\Codex\\Property Intelligence Packages\\August 6 GPT Handoff\\SEND_THIS_TO_GPT_AUGUST_6.zip::inspection.json",
        "source_files": [
          "C:\\Users\\Admin\\Documents\\Codex\\Property Intelligence Packages\\August 6 GPT Handoff\\SEND_THIS_TO_GPT_AUGUST_6.zip::inspection.json"
        ]
      }
    },
    {
      "type": "Feature",
      "geometry": {
        "type": "Point",
        "coordinates": [
          -87.0918629102346,
          30.491122920876418
        ]
      },
      "properties": {
        "record_type": "photograph",
        "photo_id": "photo-6a5876c9-c76d-47b5-b1e8-ea457da8d90d",
        "photo_number": "P48",
        "inspection_date": "2026-08-05",
        "timestamp": "2026-08-05T14:56:21.625Z",
        "recorded_category": "MAP THIS SECTION",
        "display_class": "OTHER",
        "is_recorded_water_category": false,
        "water_visible_review_status": "NOT_REVIEWED_FROM_IMAGE",
        "gps_accuracy_m": 20.604608963394284,
        "heading_deg": 316.2032470703125,
        "section_id": "SECTION-001",
        "associated_record_ids": [
          "event-1fc5d7f6-9aa4-4465-83cc-a40cf905bf85",
          "event-fde89615-d9f2-42d5-9b39-9c459c0d9e18",
          "event-fde89615-d9f2-42d5-9b39-9c459c0d9e18",
          "SECTION-001"
        ],
        "note": "",
        "evidence_classification": "Observed",
        "evidence_scope": "OFF_PROPERTY_OR_TEST_REVIEW_REQUIRED",
        "source_family": "AUGUST_5_6_SIMPLE_FIELD",
        "thumbnail_archive_tag": "AUG6_GPT_PACKAGE",
        "thumbnail_archive_member": "photos/044_analysis.jpg",
        "thumbnail_path": "data/photos/all/photo-6a5876c9-c76d-47b5-b1e8-ea457da8d90d.jpg",
        "source_file": "C:\\Users\\Admin\\Documents\\Codex\\Property Intelligence Packages\\August 6 GPT Handoff\\SEND_THIS_TO_GPT_AUGUST_6.zip::inspection.json",
        "source_files": [
          "C:\\Users\\Admin\\Documents\\Codex\\Property Intelligence Packages\\August 6 GPT Handoff\\SEND_THIS_TO_GPT_AUGUST_6.zip::inspection.json"
        ]
      }
    },
    {
      "type": "Feature",
      "geometry": {
        "type": "Point",
        "coordinates": [
          -87.09159775651905,
          30.490184781802707
        ]
      },
      "properties": {
        "record_type": "photograph",
        "photo_id": "photo-04238682-e3c9-4998-9970-88e0fd03c9b6",
        "photo_number": "P61",
        "inspection_date": "2026-08-05",
        "timestamp": "2026-08-05T15:38:35.745Z",
        "recorded_category": "MAP THIS SECTION",
        "display_class": "OTHER",
        "is_recorded_water_category": false,
        "water_visible_review_status": "NOT_REVIEWED_FROM_IMAGE",
        "gps_accuracy_m": 9.804657925272112,
        "heading_deg": 339.3712463378906,
        "section_id": "SECTION-003",
        "associated_record_ids": [
          "event-aded13ba-8d57-422a-ae50-982cf8fddf3c",
          "event-7995fb04-9e0a-4841-bec4-d4ec81ff93c3",
          "event-7995fb04-9e0a-4841-bec4-d4ec81ff93c3",
          "SECTION-003"
        ],
        "note": "",
        "evidence_classification": "Observed",
        "evidence_scope": "OFF_PROPERTY_OR_TEST_REVIEW_REQUIRED",
        "source_family": "AUGUST_5_6_SIMPLE_FIELD",
        "thumbnail_archive_tag": "AUG6_GPT_PACKAGE",
        "thumbnail_archive_member": "photos/045_analysis.jpg",
        "thumbnail_path": "data/photos/all/photo-04238682-e3c9-4998-9970-88e0fd03c9b6.jpg",
        "source_file": "C:\\Users\\Admin\\Documents\\Codex\\Property Intelligence Packages\\August 6 GPT Handoff\\SEND_THIS_TO_GPT_AUGUST_6.zip::inspection.json",
        "source_files": [
          "C:\\Users\\Admin\\Documents\\Codex\\Property Intelligence Packages\\August 6 GPT Handoff\\SEND_THIS_TO_GPT_AUGUST_6.zip::inspection.json"
        ]
      }
    },
    {
      "type": "Feature",
      "geometry": {
        "type": "Point",
        "coordinates": [
          -87.09157729783267,
          30.490142876524335
        ]
      },
      "properties": {
        "record_type": "photograph",
        "photo_id": "photo-adfd6dc4-422e-4e6c-8e51-a6666c7b24d5",
        "photo_number": "P62",
        "inspection_date": "2026-08-05",
        "timestamp": "2026-08-05T15:38:50.658Z",
        "recorded_category": "MAP THIS SECTION",
        "display_class": "OTHER",
        "is_recorded_water_category": false,
        "water_visible_review_status": "NOT_REVIEWED_FROM_IMAGE",
        "gps_accuracy_m": 9.461961748774945,
        "heading_deg": 44.625308990478516,
        "section_id": "SECTION-003",
        "associated_record_ids": [
          "event-e5bcb06c-d8f6-4fa1-8c4c-9427a64c068e",
          "event-7995fb04-9e0a-4841-bec4-d4ec81ff93c3",
          "event-7995fb04-9e0a-4841-bec4-d4ec81ff93c3",
          "SECTION-003"
        ],
        "note": "",
        "evidence_classification": "Observed",
        "evidence_scope": "OFF_PROPERTY_OR_TEST_REVIEW_REQUIRED",
        "source_family": "AUGUST_5_6_SIMPLE_FIELD",
        "thumbnail_archive_tag": "AUG6_GPT_PACKAGE",
        "thumbnail_archive_member": "photos/046_analysis.jpg",
        "thumbnail_path": "data/photos/all/photo-adfd6dc4-422e-4e6c-8e51-a6666c7b24d5.jpg",
        "source_file": "C:\\Users\\Admin\\Documents\\Codex\\Property Intelligence Packages\\August 6 GPT Handoff\\SEND_THIS_TO_GPT_AUGUST_6.zip::inspection.json",
        "source_files": [
          "C:\\Users\\Admin\\Documents\\Codex\\Property Intelligence Packages\\August 6 GPT Handoff\\SEND_THIS_TO_GPT_AUGUST_6.zip::inspection.json"
        ]
      }
    },
    {
      "type": "Feature",
      "geometry": {
        "type": "Point",
        "coordinates": [
          -87.0915787003856,
          30.49014688613662
        ]
      },
      "properties": {
        "record_type": "photograph",
        "photo_id": "photo-2e2f59e4-02a0-49e1-b278-4253306e418d",
        "photo_number": "P63",
        "inspection_date": "2026-08-05",
        "timestamp": "2026-08-05T15:38:57.064Z",
        "recorded_category": "MAP THIS SECTION",
        "display_class": "OTHER",
        "is_recorded_water_category": false,
        "water_visible_review_status": "NOT_REVIEWED_FROM_IMAGE",
        "gps_accuracy_m": 9.850645061667178,
        "heading_deg": 21.139177322387695,
        "section_id": "SECTION-003",
        "associated_record_ids": [
          "event-f9bea316-f858-4312-ad03-a345c65f8680",
          "event-7995fb04-9e0a-4841-bec4-d4ec81ff93c3",
          "event-7995fb04-9e0a-4841-bec4-d4ec81ff93c3",
          "SECTION-003"
        ],
        "note": "",
        "evidence_classification": "Observed",
        "evidence_scope": "OFF_PROPERTY_OR_TEST_REVIEW_REQUIRED",
        "source_family": "AUGUST_5_6_SIMPLE_FIELD",
        "thumbnail_archive_tag": "AUG6_GPT_PACKAGE",
        "thumbnail_archive_member": "photos/047_analysis.jpg",
        "thumbnail_path": "data/photos/all/photo-2e2f59e4-02a0-49e1-b278-4253306e418d.jpg",
        "source_file": "C:\\Users\\Admin\\Documents\\Codex\\Property Intelligence Packages\\August 6 GPT Handoff\\SEND_THIS_TO_GPT_AUGUST_6.zip::inspection.json",
        "source_files": [
          "C:\\Users\\Admin\\Documents\\Codex\\Property Intelligence Packages\\August 6 GPT Handoff\\SEND_THIS_TO_GPT_AUGUST_6.zip::inspection.json"
        ]
      }
    },
    {
      "type": "Feature",
      "geometry": {
        "type": "Point",
        "coordinates": [
          -87.09082061490902,
          30.49069657598735
        ]
      },
      "properties": {
        "record_type": "photograph",
        "photo_id": "photo-e8e75147-6400-4d54-966c-45fc63138cff",
        "photo_number": "P64",
        "inspection_date": "2026-08-05",
        "timestamp": "2026-08-05T16:00:04.239Z",
        "recorded_category": "MAP THIS SECTION",
        "display_class": "OTHER",
        "is_recorded_water_category": false,
        "water_visible_review_status": "NOT_REVIEWED_FROM_IMAGE",
        "gps_accuracy_m": 3.5355335268423262,
        "heading_deg": 264.76092529296875,
        "section_id": "SECTION-003",
        "associated_record_ids": [
          "event-e3a3013d-e920-4c28-85b1-b0d096dae8bf",
          "event-7995fb04-9e0a-4841-bec4-d4ec81ff93c3",
          "event-7995fb04-9e0a-4841-bec4-d4ec81ff93c3",
          "SECTION-003"
        ],
        "note": "",
        "evidence_classification": "Observed",
        "evidence_scope": "OFF_PROPERTY_OR_TEST_REVIEW_REQUIRED",
        "source_family": "AUGUST_5_6_SIMPLE_FIELD",
        "thumbnail_archive_tag": "AUG6_GPT_PACKAGE",
        "thumbnail_archive_member": "photos/048_analysis.jpg",
        "thumbnail_path": "data/photos/all/photo-e8e75147-6400-4d54-966c-45fc63138cff.jpg",
        "source_file": "C:\\Users\\Admin\\Documents\\Codex\\Property Intelligence Packages\\August 6 GPT Handoff\\SEND_THIS_TO_GPT_AUGUST_6.zip::inspection.json",
        "source_files": [
          "C:\\Users\\Admin\\Documents\\Codex\\Property Intelligence Packages\\August 6 GPT Handoff\\SEND_THIS_TO_GPT_AUGUST_6.zip::inspection.json"
        ]
      }
    },
    {
      "type": "Feature",
      "geometry": {
        "type": "Point",
        "coordinates": [
          -87.09081039166581,
          30.490688325251863
        ]
      },
      "properties": {
        "record_type": "photograph",
        "photo_id": "photo-59750278-00c1-4573-bdef-efb5adda4226",
        "photo_number": "P65",
        "inspection_date": "2026-08-05",
        "timestamp": "2026-08-05T16:00:10.574Z",
        "recorded_category": "MAP THIS SECTION",
        "display_class": "OTHER",
        "is_recorded_water_category": false,
        "water_visible_review_status": "NOT_REVIEWED_FROM_IMAGE",
        "gps_accuracy_m": 4.733774610082706,
        "heading_deg": 257.40985107421875,
        "section_id": "SECTION-003",
        "associated_record_ids": [
          "event-d01a55fd-c37b-4fce-8689-eb4f1d889ec7",
          "event-7995fb04-9e0a-4841-bec4-d4ec81ff93c3",
          "event-7995fb04-9e0a-4841-bec4-d4ec81ff93c3",
          "SECTION-003"
        ],
        "note": "",
        "evidence_classification": "Observed",
        "evidence_scope": "OFF_PROPERTY_OR_TEST_REVIEW_REQUIRED",
        "source_family": "AUGUST_5_6_SIMPLE_FIELD",
        "thumbnail_archive_tag": "AUG6_GPT_PACKAGE",
        "thumbnail_archive_member": "photos/049_analysis.jpg",
        "thumbnail_path": "data/photos/all/photo-59750278-00c1-4573-bdef-efb5adda4226.jpg",
        "source_file": "C:\\Users\\Admin\\Documents\\Codex\\Property Intelligence Packages\\August 6 GPT Handoff\\SEND_THIS_TO_GPT_AUGUST_6.zip::inspection.json",
        "source_files": [
          "C:\\Users\\Admin\\Documents\\Codex\\Property Intelligence Packages\\August 6 GPT Handoff\\SEND_THIS_TO_GPT_AUGUST_6.zip::inspection.json"
        ]
      }
    },
    {
      "type": "Feature",
      "geometry": {
        "type": "Point",
        "coordinates": [
          -87.09091038451258,
          30.490649426384397
        ]
      },
      "properties": {
        "record_type": "photograph",
        "photo_id": "photo-f794a863-effe-4fa4-b4e6-93fcfa140dec",
        "photo_number": "P66",
        "inspection_date": "2026-08-05",
        "timestamp": "2026-08-05T16:01:44.770Z",
        "recorded_category": "PHOTO",
        "display_class": "PHOTO",
        "is_recorded_water_category": false,
        "water_visible_review_status": "NOT_REVIEWED_FROM_IMAGE",
        "gps_accuracy_m": 4.748651530191762,
        "heading_deg": 184.6665496826172,
        "section_id": null,
        "associated_record_ids": [
          "event-6306b0ef-6ac3-4c27-9f2c-56f48bff1c0c",
          "event-6dce7388-8590-4947-9052-cd67127fc2f8",
          "event-6dce7388-8590-4947-9052-cd67127fc2f8",
          "PHOTO-070"
        ],
        "note": "",
        "evidence_classification": "Observed",
        "evidence_scope": "OFF_PROPERTY_OR_TEST_REVIEW_REQUIRED",
        "source_family": "AUGUST_5_6_SIMPLE_FIELD",
        "thumbnail_archive_tag": "AUG6_GPT_PACKAGE",
        "thumbnail_archive_member": "photos/050_analysis.jpg",
        "thumbnail_path": "data/photos/all/photo-f794a863-effe-4fa4-b4e6-93fcfa140dec.jpg",
        "source_file": "C:\\Users\\Admin\\Documents\\Codex\\Property Intelligence Packages\\August 6 GPT Handoff\\SEND_THIS_TO_GPT_AUGUST_6.zip::inspection.json",
        "source_files": [
          "C:\\Users\\Admin\\Documents\\Codex\\Property Intelligence Packages\\August 6 GPT Handoff\\SEND_THIS_TO_GPT_AUGUST_6.zip::inspection.json"
        ]
      }
    },
    {
      "type": "Feature",
      "geometry": {
        "type": "Point",
        "coordinates": [
          -87.08925507625055,
          30.473475514732808
        ]
      },
      "properties": {
        "record_type": "photograph",
        "photo_id": "photo-7c599b3d-bfde-4b3e-b00b-0b98512cec49",
        "photo_number": "P51",
        "inspection_date": "2026-08-06",
        "timestamp": "2026-08-06T00:26:35.115Z",
        "recorded_category": "PHOTO",
        "display_class": "PHOTO",
        "is_recorded_water_category": false,
        "water_visible_review_status": "NOT_REVIEWED_FROM_IMAGE",
        "gps_accuracy_m": 6.443990180593379,
        "heading_deg": 333.8595886230469,
        "section_id": null,
        "associated_record_ids": [
          "event-328e7088-2b60-49d8-8624-165c46ba48aa",
          "event-de373d5e-e885-43d3-8b50-bcc429807ad4",
          "event-de373d5e-e885-43d3-8b50-bcc429807ad4",
          "PHOTO-075"
        ],
        "note": "",
        "evidence_classification": "Observed",
        "evidence_scope": "OFF_PROPERTY_OR_TEST_REVIEW_REQUIRED",
        "source_family": "AUGUST_5_6_SIMPLE_FIELD",
        "thumbnail_archive_tag": "AUG6_GPT_PACKAGE",
        "thumbnail_archive_member": "photos/051_analysis.jpg",
        "thumbnail_path": "data/photos/all/photo-7c599b3d-bfde-4b3e-b00b-0b98512cec49.jpg",
        "source_file": "C:\\Users\\Admin\\Documents\\Codex\\Property Intelligence Packages\\August 6 GPT Handoff\\SEND_THIS_TO_GPT_AUGUST_6.zip::inspection.json",
        "source_files": [
          "C:\\Users\\Admin\\Documents\\Codex\\Property Intelligence Packages\\August 6 GPT Handoff\\SEND_THIS_TO_GPT_AUGUST_6.zip::inspection.json"
        ]
      }
    },
    {
      "type": "Feature",
      "geometry": {
        "type": "Point",
        "coordinates": [
          -87.0920692219877,
          30.489679670486368
        ]
      },
      "properties": {
        "record_type": "photograph",
        "photo_id": "photo-9b78c354-2488-421a-802a-7e3c3927e035",
        "photo_number": "P64",
        "inspection_date": "2026-08-07",
        "timestamp": "2026-08-07T14:13:58.302Z",
        "recorded_category": "WATER",
        "display_class": "WATER",
        "is_recorded_water_category": true,
        "water_visible_review_status": "RECORDED_AS_WATER",
        "gps_accuracy_m": 15.400153201829937,
        "heading_deg": null,
        "section_id": null,
        "associated_record_ids": [
          "event-39411ae1-c699-468a-bed2-2a8b6247b571",
          "event-ae382095-76a3-43c9-8190-93b0d087e042",
          "event-ae382095-76a3-43c9-8190-93b0d087e042",
          "WATER-003"
        ],
        "note": "",
        "evidence_classification": "Observed",
        "evidence_scope": "SUBJECT_PARCEL",
        "source_family": "AUGUST_7_CUMULATIVE_FIELD",
        "thumbnail_archive_tag": "AUG7_REVIEW_PHOTOS",
        "thumbnail_archive_member": "photos/064_analysis.jpg",
        "thumbnail_path": "data/photos/all/photo-9b78c354-2488-421a-802a-7e3c3927e035.jpg",
        "source_file": "C:\\Users\\Admin\\Documents\\Codex\\Property Intelligence Packages\\CHATGPT_REVIEW_2026-08-07\\01_INSPECTION_FULL.json",
        "source_files": [
          "C:\\Users\\Admin\\Documents\\Codex\\Property Intelligence Packages\\CHATGPT_REVIEW_2026-08-07\\01_INSPECTION_FULL.json"
        ]
      }
    },
    {
      "type": "Feature",
      "geometry": {
        "type": "Point",
        "coordinates": [
          -87.09212728178065,
          30.489639061447793
        ]
      },
      "properties": {
        "record_type": "photograph",
        "photo_id": "photo-3806255a-744e-47b3-80bf-48d0bd7e41dc",
        "photo_number": "P65",
        "inspection_date": "2026-08-07",
        "timestamp": "2026-08-07T14:15:02.898Z",
        "recorded_category": "WATER",
        "display_class": "WATER",
        "is_recorded_water_category": true,
        "water_visible_review_status": "RECORDED_AS_WATER",
        "gps_accuracy_m": 13.175702476986068,
        "heading_deg": 51.87675453517118,
        "section_id": null,
        "associated_record_ids": [
          "event-d9a4c420-4f58-4f87-98b0-c0670852430d",
          "event-88a90e5a-f9a7-41a7-828e-e8e0d9e64c03",
          "event-88a90e5a-f9a7-41a7-828e-e8e0d9e64c03",
          "WATER-004"
        ],
        "note": "",
        "evidence_classification": "Observed",
        "evidence_scope": "SUBJECT_PARCEL",
        "source_family": "AUGUST_7_CUMULATIVE_FIELD",
        "thumbnail_archive_tag": "AUG7_REVIEW_PHOTOS",
        "thumbnail_archive_member": "photos/065_analysis.jpg",
        "thumbnail_path": "data/photos/all/photo-3806255a-744e-47b3-80bf-48d0bd7e41dc.jpg",
        "source_file": "C:\\Users\\Admin\\Documents\\Codex\\Property Intelligence Packages\\CHATGPT_REVIEW_2026-08-07\\01_INSPECTION_FULL.json",
        "source_files": [
          "C:\\Users\\Admin\\Documents\\Codex\\Property Intelligence Packages\\CHATGPT_REVIEW_2026-08-07\\01_INSPECTION_FULL.json"
        ]
      }
    },
    {
      "type": "Feature",
      "geometry": {
        "type": "Point",
        "coordinates": [
          -87.0921695688854,
          30.48957445170828
        ]
      },
      "properties": {
        "record_type": "photograph",
        "photo_id": "photo-3788b8fd-8c39-469e-90db-680cf23b7928",
        "photo_number": "P66",
        "inspection_date": "2026-08-07",
        "timestamp": "2026-08-07T14:15:39.213Z",
        "recorded_category": "WATER",
        "display_class": "WATER",
        "is_recorded_water_category": true,
        "water_visible_review_status": "RECORDED_AS_WATER",
        "gps_accuracy_m": 15.221452087446618,
        "heading_deg": 44.16932515018434,
        "section_id": null,
        "associated_record_ids": [
          "event-610efca3-e334-4949-b4b5-ab58e0850b81",
          "event-88a90e5a-f9a7-41a7-828e-e8e0d9e64c03",
          "event-88a90e5a-f9a7-41a7-828e-e8e0d9e64c03",
          "WATER-004"
        ],
        "note": "",
        "evidence_classification": "Observed",
        "evidence_scope": "SUBJECT_PARCEL",
        "source_family": "AUGUST_7_CUMULATIVE_FIELD",
        "thumbnail_archive_tag": "AUG7_REVIEW_PHOTOS",
        "thumbnail_archive_member": "photos/066_analysis.jpg",
        "thumbnail_path": "data/photos/all/photo-3788b8fd-8c39-469e-90db-680cf23b7928.jpg",
        "source_file": "C:\\Users\\Admin\\Documents\\Codex\\Property Intelligence Packages\\CHATGPT_REVIEW_2026-08-07\\01_INSPECTION_FULL.json",
        "source_files": [
          "C:\\Users\\Admin\\Documents\\Codex\\Property Intelligence Packages\\CHATGPT_REVIEW_2026-08-07\\01_INSPECTION_FULL.json"
        ]
      }
    },
    {
      "type": "Feature",
      "geometry": {
        "type": "Point",
        "coordinates": [
          -87.09245295213356,
          30.488898802551002
        ]
      },
      "properties": {
        "record_type": "photograph",
        "photo_id": "photo-067b4916-83f7-4bd7-bae7-05bafda11031",
        "photo_number": "P67",
        "inspection_date": "2026-08-07",
        "timestamp": "2026-08-07T14:33:58.799Z",
        "recorded_category": "TREE",
        "display_class": "TREE",
        "is_recorded_water_category": false,
        "water_visible_review_status": "NOT_REVIEWED_FROM_IMAGE",
        "gps_accuracy_m": 16.554319888657535,
        "heading_deg": 0.5069316441587997,
        "section_id": null,
        "associated_record_ids": [
          "event-505d7be4-00e0-42b2-81a7-b8463c1cd9cd",
          "event-5ef90c44-4aee-4d1f-accb-dc5186e14bf2",
          "event-5ef90c44-4aee-4d1f-accb-dc5186e14bf2",
          "TREE-014"
        ],
        "note": "",
        "evidence_classification": "Observed",
        "evidence_scope": "SUBJECT_PARCEL",
        "source_family": "AUGUST_7_CUMULATIVE_FIELD",
        "thumbnail_archive_tag": "AUG7_REVIEW_PHOTOS",
        "thumbnail_archive_member": "photos/067_analysis.jpg",
        "thumbnail_path": "data/photos/all/photo-067b4916-83f7-4bd7-bae7-05bafda11031.jpg",
        "source_file": "C:\\Users\\Admin\\Documents\\Codex\\Property Intelligence Packages\\CHATGPT_REVIEW_2026-08-07\\01_INSPECTION_FULL.json",
        "source_files": [
          "C:\\Users\\Admin\\Documents\\Codex\\Property Intelligence Packages\\CHATGPT_REVIEW_2026-08-07\\01_INSPECTION_FULL.json"
        ]
      }
    },
    {
      "type": "Feature",
      "geometry": {
        "type": "Point",
        "coordinates": [
          -87.09242347928436,
          30.488907276039733
        ]
      },
      "properties": {
        "record_type": "photograph",
        "photo_id": "photo-e9ce9edf-7df1-4ecb-afba-efa6bc4ee866",
        "photo_number": "P68",
        "inspection_date": "2026-08-07",
        "timestamp": "2026-08-07T14:34:10.202Z",
        "recorded_category": "TREE",
        "display_class": "TREE",
        "is_recorded_water_category": false,
        "water_visible_review_status": "NOT_REVIEWED_FROM_IMAGE",
        "gps_accuracy_m": 17.887256135967952,
        "heading_deg": 59.5308875202346,
        "section_id": null,
        "associated_record_ids": [
          "event-e4393bee-88c8-4235-b261-7b15606de546",
          "event-5ef90c44-4aee-4d1f-accb-dc5186e14bf2",
          "event-5ef90c44-4aee-4d1f-accb-dc5186e14bf2",
          "TREE-014"
        ],
        "note": "",
        "evidence_classification": "Observed",
        "evidence_scope": "SUBJECT_PARCEL",
        "source_family": "AUGUST_7_CUMULATIVE_FIELD",
        "thumbnail_archive_tag": "AUG7_REVIEW_PHOTOS",
        "thumbnail_archive_member": "photos/068_analysis.jpg",
        "thumbnail_path": "data/photos/all/photo-e9ce9edf-7df1-4ecb-afba-efa6bc4ee866.jpg",
        "source_file": "C:\\Users\\Admin\\Documents\\Codex\\Property Intelligence Packages\\CHATGPT_REVIEW_2026-08-07\\01_INSPECTION_FULL.json",
        "source_files": [
          "C:\\Users\\Admin\\Documents\\Codex\\Property Intelligence Packages\\CHATGPT_REVIEW_2026-08-07\\01_INSPECTION_FULL.json"
        ]
      }
    },
    {
      "type": "Feature",
      "geometry": {
        "type": "Point",
        "coordinates": [
          -87.09246391511122,
          30.48889633225953
        ]
      },
      "properties": {
        "record_type": "photograph",
        "photo_id": "photo-f53f07cb-1bb2-4e8f-8a67-7fc72e0340e7",
        "photo_number": "P69",
        "inspection_date": "2026-08-07",
        "timestamp": "2026-08-07T14:34:18.107Z",
        "recorded_category": "TREE",
        "display_class": "TREE",
        "is_recorded_water_category": false,
        "water_visible_review_status": "NOT_REVIEWED_FROM_IMAGE",
        "gps_accuracy_m": 17.64323045325436,
        "heading_deg": 72.90409957264792,
        "section_id": null,
        "associated_record_ids": [
          "event-dcce6cc0-6c0a-459c-9d5a-fce25d60bc84",
          "event-5ef90c44-4aee-4d1f-accb-dc5186e14bf2",
          "event-5ef90c44-4aee-4d1f-accb-dc5186e14bf2",
          "TREE-014"
        ],
        "note": "",
        "evidence_classification": "Observed",
        "evidence_scope": "SUBJECT_PARCEL",
        "source_family": "AUGUST_7_CUMULATIVE_FIELD",
        "thumbnail_archive_tag": "AUG7_REVIEW_PHOTOS",
        "thumbnail_archive_member": "photos/069_analysis.jpg",
        "thumbnail_path": "data/photos/all/photo-f53f07cb-1bb2-4e8f-8a67-7fc72e0340e7.jpg",
        "source_file": "C:\\Users\\Admin\\Documents\\Codex\\Property Intelligence Packages\\CHATGPT_REVIEW_2026-08-07\\01_INSPECTION_FULL.json",
        "source_files": [
          "C:\\Users\\Admin\\Documents\\Codex\\Property Intelligence Packages\\CHATGPT_REVIEW_2026-08-07\\01_INSPECTION_FULL.json"
        ]
      }
    },
    {
      "type": "Feature",
      "geometry": {
        "type": "Point",
        "coordinates": [
          -87.0924453680208,
          30.48898912753069
        ]
      },
      "properties": {
        "record_type": "photograph",
        "photo_id": "photo-ade931ab-463f-4188-af5f-46a587eb8083",
        "photo_number": "P70",
        "inspection_date": "2026-08-07",
        "timestamp": "2026-08-07T14:43:17.630Z",
        "recorded_category": "PHOTO",
        "display_class": "PHOTO",
        "is_recorded_water_category": false,
        "water_visible_review_status": "NOT_REVIEWED_FROM_IMAGE",
        "gps_accuracy_m": 18.804241071304382,
        "heading_deg": 134.98111334082216,
        "section_id": null,
        "associated_record_ids": [
          "event-a8f0b3c1-5b25-44c8-a8e7-99beea9ab535",
          "event-f7bd4002-e9cc-4cc3-a5bd-3877cbd25436",
          "event-f7bd4002-e9cc-4cc3-a5bd-3877cbd25436",
          "PHOTO-106"
        ],
        "note": "",
        "evidence_classification": "Observed",
        "evidence_scope": "SUBJECT_PARCEL",
        "source_family": "AUGUST_7_CUMULATIVE_FIELD",
        "thumbnail_archive_tag": "AUG7_REVIEW_PHOTOS",
        "thumbnail_archive_member": "photos/070_analysis.jpg",
        "thumbnail_path": "data/photos/all/photo-ade931ab-463f-4188-af5f-46a587eb8083.jpg",
        "source_file": "C:\\Users\\Admin\\Documents\\Codex\\Property Intelligence Packages\\CHATGPT_REVIEW_2026-08-07\\01_INSPECTION_FULL.json",
        "source_files": [
          "C:\\Users\\Admin\\Documents\\Codex\\Property Intelligence Packages\\CHATGPT_REVIEW_2026-08-07\\01_INSPECTION_FULL.json"
        ]
      }
    },
    {
      "type": "Feature",
      "geometry": {
        "type": "Point",
        "coordinates": [
          -87.09228191805425,
          30.488774476009134
        ]
      },
      "properties": {
        "record_type": "photograph",
        "photo_id": "photo-04c4b4fe-1c30-4a42-beb7-10adada56b6e",
        "photo_number": "P71",
        "inspection_date": "2026-08-07",
        "timestamp": "2026-08-07T14:47:01.089Z",
        "recorded_category": "WATER",
        "display_class": "WATER",
        "is_recorded_water_category": true,
        "water_visible_review_status": "RECORDED_AS_WATER",
        "gps_accuracy_m": 16.218949984986413,
        "heading_deg": 198.05075497877806,
        "section_id": null,
        "associated_record_ids": [
          "event-4d10a995-23ee-4fdd-9bbb-1248293dabbf",
          "event-b44f810a-af07-4b77-a69a-60ec4b3e7daf",
          "event-b44f810a-af07-4b77-a69a-60ec4b3e7daf",
          "WATER-005"
        ],
        "note": "",
        "evidence_classification": "Observed",
        "evidence_scope": "SUBJECT_PARCEL",
        "source_family": "AUGUST_7_CUMULATIVE_FIELD",
        "thumbnail_archive_tag": "AUG7_REVIEW_PHOTOS",
        "thumbnail_archive_member": "photos/071_analysis.jpg",
        "thumbnail_path": "data/photos/all/photo-04c4b4fe-1c30-4a42-beb7-10adada56b6e.jpg",
        "source_file": "C:\\Users\\Admin\\Documents\\Codex\\Property Intelligence Packages\\CHATGPT_REVIEW_2026-08-07\\01_INSPECTION_FULL.json",
        "source_files": [
          "C:\\Users\\Admin\\Documents\\Codex\\Property Intelligence Packages\\CHATGPT_REVIEW_2026-08-07\\01_INSPECTION_FULL.json"
        ]
      }
    },
    {
      "type": "Feature",
      "geometry": {
        "type": "Point",
        "coordinates": [
          -87.09228263828494,
          30.488768652250325
        ]
      },
      "properties": {
        "record_type": "photograph",
        "photo_id": "photo-cba3616b-0434-4772-88c2-039a120e82b1",
        "photo_number": "P72",
        "inspection_date": "2026-08-07",
        "timestamp": "2026-08-07T14:47:11.527Z",
        "recorded_category": "WATER",
        "display_class": "WATER",
        "is_recorded_water_category": true,
        "water_visible_review_status": "RECORDED_AS_WATER",
        "gps_accuracy_m": 16.030050912685926,
        "heading_deg": 198.0507534696084,
        "section_id": null,
        "associated_record_ids": [
          "event-fe79d7d1-06f3-4dd4-874f-37a1d7e043e4",
          "event-b44f810a-af07-4b77-a69a-60ec4b3e7daf",
          "event-b44f810a-af07-4b77-a69a-60ec4b3e7daf",
          "WATER-005"
        ],
        "note": "",
        "evidence_classification": "Observed",
        "evidence_scope": "SUBJECT_PARCEL",
        "source_family": "AUGUST_7_CUMULATIVE_FIELD",
        "thumbnail_archive_tag": "AUG7_REVIEW_PHOTOS",
        "thumbnail_archive_member": "photos/072_analysis.jpg",
        "thumbnail_path": "data/photos/all/photo-cba3616b-0434-4772-88c2-039a120e82b1.jpg",
        "source_file": "C:\\Users\\Admin\\Documents\\Codex\\Property Intelligence Packages\\CHATGPT_REVIEW_2026-08-07\\01_INSPECTION_FULL.json",
        "source_files": [
          "C:\\Users\\Admin\\Documents\\Codex\\Property Intelligence Packages\\CHATGPT_REVIEW_2026-08-07\\01_INSPECTION_FULL.json"
        ]
      }
    },
    {
      "type": "Feature",
      "geometry": {
        "type": "Point",
        "coordinates": [
          -87.0923010171493,
          30.48871176817641
        ]
      },
      "properties": {
        "record_type": "photograph",
        "photo_id": "photo-2c777f8f-ffc6-4b3e-9c7c-07112ac9f9ff",
        "photo_number": "P73",
        "inspection_date": "2026-08-07",
        "timestamp": "2026-08-07T14:48:23.777Z",
        "recorded_category": "WATER",
        "display_class": "WATER",
        "is_recorded_water_category": true,
        "water_visible_review_status": "RECORDED_AS_WATER",
        "gps_accuracy_m": 16.415948403497516,
        "heading_deg": 162.38946492713225,
        "section_id": null,
        "associated_record_ids": [
          "event-e47c780d-e9e3-43dd-bece-cbe3b3a432cd",
          "event-64b04824-ba70-408e-acd4-4671c493884a",
          "event-64b04824-ba70-408e-acd4-4671c493884a",
          "WATER-006"
        ],
        "note": "",
        "evidence_classification": "Observed",
        "evidence_scope": "SUBJECT_PARCEL",
        "source_family": "AUGUST_7_CUMULATIVE_FIELD",
        "thumbnail_archive_tag": "AUG7_REVIEW_PHOTOS",
        "thumbnail_archive_member": "photos/073_analysis.jpg",
        "thumbnail_path": "data/photos/all/photo-2c777f8f-ffc6-4b3e-9c7c-07112ac9f9ff.jpg",
        "source_file": "C:\\Users\\Admin\\Documents\\Codex\\Property Intelligence Packages\\CHATGPT_REVIEW_2026-08-07\\01_INSPECTION_FULL.json",
        "source_files": [
          "C:\\Users\\Admin\\Documents\\Codex\\Property Intelligence Packages\\CHATGPT_REVIEW_2026-08-07\\01_INSPECTION_FULL.json"
        ]
      }
    },
    {
      "type": "Feature",
      "geometry": {
        "type": "Point",
        "coordinates": [
          -87.09228286048152,
          30.48869592841245
        ]
      },
      "properties": {
        "record_type": "photograph",
        "photo_id": "photo-be406434-72fd-4c09-9fff-2c7035edb7d8",
        "photo_number": "P74",
        "inspection_date": "2026-08-07",
        "timestamp": "2026-08-07T14:49:31.981Z",
        "recorded_category": "WATER",
        "display_class": "WATER",
        "is_recorded_water_category": true,
        "water_visible_review_status": "RECORDED_AS_WATER",
        "gps_accuracy_m": 13.98050587970326,
        "heading_deg": 124.22545418749311,
        "section_id": null,
        "associated_record_ids": [
          "event-d312bb94-6a6c-446d-a681-8ad6a03140f8",
          "event-64b04824-ba70-408e-acd4-4671c493884a",
          "event-64b04824-ba70-408e-acd4-4671c493884a",
          "WATER-006"
        ],
        "note": "",
        "evidence_classification": "Observed",
        "evidence_scope": "SUBJECT_PARCEL",
        "source_family": "AUGUST_7_CUMULATIVE_FIELD",
        "thumbnail_archive_tag": "AUG7_REVIEW_PHOTOS",
        "thumbnail_archive_member": "photos/074_analysis.jpg",
        "thumbnail_path": "data/photos/all/photo-be406434-72fd-4c09-9fff-2c7035edb7d8.jpg",
        "source_file": "C:\\Users\\Admin\\Documents\\Codex\\Property Intelligence Packages\\CHATGPT_REVIEW_2026-08-07\\01_INSPECTION_FULL.json",
        "source_files": [
          "C:\\Users\\Admin\\Documents\\Codex\\Property Intelligence Packages\\CHATGPT_REVIEW_2026-08-07\\01_INSPECTION_FULL.json"
        ]
      }
    },
    {
      "type": "Feature",
      "geometry": {
        "type": "Point",
        "coordinates": [
          -87.09225549045358,
          30.48869601994706
        ]
      },
      "properties": {
        "record_type": "photograph",
        "photo_id": "photo-f345fc1c-628f-4a67-92ce-e8c6333c0df7",
        "photo_number": "P75",
        "inspection_date": "2026-08-07",
        "timestamp": "2026-08-07T14:49:40.791Z",
        "recorded_category": "WATER",
        "display_class": "WATER",
        "is_recorded_water_category": true,
        "water_visible_review_status": "RECORDED_AS_WATER",
        "gps_accuracy_m": 15.614554898622762,
        "heading_deg": 124.22547296992202,
        "section_id": null,
        "associated_record_ids": [
          "event-70ef63f8-565a-4ca3-b148-4a51adc67ce3",
          "event-64b04824-ba70-408e-acd4-4671c493884a",
          "event-64b04824-ba70-408e-acd4-4671c493884a",
          "WATER-006"
        ],
        "note": "",
        "evidence_classification": "Observed",
        "evidence_scope": "SUBJECT_PARCEL",
        "source_family": "AUGUST_7_CUMULATIVE_FIELD",
        "thumbnail_archive_tag": "AUG7_REVIEW_PHOTOS",
        "thumbnail_archive_member": "photos/075_analysis.jpg",
        "thumbnail_path": "data/photos/all/photo-f345fc1c-628f-4a67-92ce-e8c6333c0df7.jpg",
        "source_file": "C:\\Users\\Admin\\Documents\\Codex\\Property Intelligence Packages\\CHATGPT_REVIEW_2026-08-07\\01_INSPECTION_FULL.json",
        "source_files": [
          "C:\\Users\\Admin\\Documents\\Codex\\Property Intelligence Packages\\CHATGPT_REVIEW_2026-08-07\\01_INSPECTION_FULL.json"
        ]
      }
    },
    {
      "type": "Feature",
      "geometry": {
        "type": "Point",
        "coordinates": [
          -87.09228467655143,
          30.48869780162199
        ]
      },
      "properties": {
        "record_type": "photograph",
        "photo_id": "photo-1abf3541-39b5-4d42-b661-da2f68281b42",
        "photo_number": "P76",
        "inspection_date": "2026-08-07",
        "timestamp": "2026-08-07T14:49:46.059Z",
        "recorded_category": "WATER",
        "display_class": "WATER",
        "is_recorded_water_category": true,
        "water_visible_review_status": "RECORDED_AS_WATER",
        "gps_accuracy_m": 17.389135497676158,
        "heading_deg": 124.22545351143023,
        "section_id": null,
        "associated_record_ids": [
          "event-1cfeaef2-2169-4846-aa5c-cc88c8486b53",
          "event-64b04824-ba70-408e-acd4-4671c493884a",
          "event-64b04824-ba70-408e-acd4-4671c493884a",
          "WATER-006"
        ],
        "note": "",
        "evidence_classification": "Observed",
        "evidence_scope": "SUBJECT_PARCEL",
        "source_family": "AUGUST_7_CUMULATIVE_FIELD",
        "thumbnail_archive_tag": "AUG7_REVIEW_PHOTOS",
        "thumbnail_archive_member": "photos/076_analysis.jpg",
        "thumbnail_path": "data/photos/all/photo-1abf3541-39b5-4d42-b661-da2f68281b42.jpg",
        "source_file": "C:\\Users\\Admin\\Documents\\Codex\\Property Intelligence Packages\\CHATGPT_REVIEW_2026-08-07\\01_INSPECTION_FULL.json",
        "source_files": [
          "C:\\Users\\Admin\\Documents\\Codex\\Property Intelligence Packages\\CHATGPT_REVIEW_2026-08-07\\01_INSPECTION_FULL.json"
        ]
      }
    },
    {
      "type": "Feature",
      "geometry": {
        "type": "Point",
        "coordinates": [
          -87.09228113898178,
          30.488673943774298
        ]
      },
      "properties": {
        "record_type": "photograph",
        "photo_id": "photo-2a55f93f-197b-4cb9-adf3-294ce1d22ef4",
        "photo_number": "P77",
        "inspection_date": "2026-08-07",
        "timestamp": "2026-08-07T14:49:58.750Z",
        "recorded_category": "WATER",
        "display_class": "WATER",
        "is_recorded_water_category": true,
        "water_visible_review_status": "RECORDED_AS_WATER",
        "gps_accuracy_m": 17.18121981151778,
        "heading_deg": 151.90199738599983,
        "section_id": null,
        "associated_record_ids": [
          "event-b734952a-238a-4740-b2be-746d88388008",
          "event-64b04824-ba70-408e-acd4-4671c493884a",
          "event-64b04824-ba70-408e-acd4-4671c493884a",
          "WATER-006"
        ],
        "note": "",
        "evidence_classification": "Observed",
        "evidence_scope": "SUBJECT_PARCEL",
        "source_family": "AUGUST_7_CUMULATIVE_FIELD",
        "thumbnail_archive_tag": "AUG7_REVIEW_PHOTOS",
        "thumbnail_archive_member": "photos/077_analysis.jpg",
        "thumbnail_path": "data/photos/all/photo-2a55f93f-197b-4cb9-adf3-294ce1d22ef4.jpg",
        "source_file": "C:\\Users\\Admin\\Documents\\Codex\\Property Intelligence Packages\\CHATGPT_REVIEW_2026-08-07\\01_INSPECTION_FULL.json",
        "source_files": [
          "C:\\Users\\Admin\\Documents\\Codex\\Property Intelligence Packages\\CHATGPT_REVIEW_2026-08-07\\01_INSPECTION_FULL.json"
        ]
      }
    },
    {
      "type": "Feature",
      "geometry": {
        "type": "Point",
        "coordinates": [
          -87.09220816032125,
          30.488711866386122
        ]
      },
      "properties": {
        "record_type": "photograph",
        "photo_id": "photo-5ae0d64c-c210-44a7-a6bc-5a322cef6a0f",
        "photo_number": "P78",
        "inspection_date": "2026-08-07",
        "timestamp": "2026-08-07T14:50:36.417Z",
        "recorded_category": "WATER",
        "display_class": "WATER",
        "is_recorded_water_category": true,
        "water_visible_review_status": "RECORDED_AS_WATER",
        "gps_accuracy_m": 15.749190154507017,
        "heading_deg": 224.75435440228017,
        "section_id": null,
        "associated_record_ids": [
          "event-adba6f84-2e35-414d-871f-f20cb4c7a0b9",
          "event-64b04824-ba70-408e-acd4-4671c493884a",
          "event-64b04824-ba70-408e-acd4-4671c493884a",
          "WATER-006"
        ],
        "note": "",
        "evidence_classification": "Observed",
        "evidence_scope": "SUBJECT_PARCEL",
        "source_family": "AUGUST_7_CUMULATIVE_FIELD",
        "thumbnail_archive_tag": "AUG7_REVIEW_PHOTOS",
        "thumbnail_archive_member": "photos/078_analysis.jpg",
        "thumbnail_path": "data/photos/all/photo-5ae0d64c-c210-44a7-a6bc-5a322cef6a0f.jpg",
        "source_file": "C:\\Users\\Admin\\Documents\\Codex\\Property Intelligence Packages\\CHATGPT_REVIEW_2026-08-07\\01_INSPECTION_FULL.json",
        "source_files": [
          "C:\\Users\\Admin\\Documents\\Codex\\Property Intelligence Packages\\CHATGPT_REVIEW_2026-08-07\\01_INSPECTION_FULL.json"
        ]
      }
    },
    {
      "type": "Feature",
      "geometry": {
        "type": "Point",
        "coordinates": [
          -87.09194431596822,
          30.48938919562397
        ]
      },
      "properties": {
        "record_type": "photograph",
        "photo_id": "photo-5571a117-58cb-4326-b025-be95dfc7df14",
        "photo_number": "P79",
        "inspection_date": "2026-08-07",
        "timestamp": "2026-08-07T15:12:36.305Z",
        "recorded_category": "OTHER",
        "display_class": "OTHER",
        "is_recorded_water_category": false,
        "water_visible_review_status": "NOT_REVIEWED_FROM_IMAGE",
        "gps_accuracy_m": 20.94916950827859,
        "heading_deg": null,
        "section_id": null,
        "associated_record_ids": [
          "event-488bd560-9f72-4b6c-b4d6-879bab32a3ec",
          "event-b02caa2b-55f6-4f1d-b721-7d7caaae0d0f",
          "event-b02caa2b-55f6-4f1d-b721-7d7caaae0d0f",
          "OTHER-001"
        ],
        "note": "There is a clearing to my south east from here about 15 feet south north west corner of the clearing",
        "evidence_classification": "Observed",
        "evidence_scope": "SUBJECT_PARCEL",
        "source_family": "AUGUST_7_CUMULATIVE_FIELD",
        "thumbnail_archive_tag": "AUG7_REVIEW_PHOTOS",
        "thumbnail_archive_member": "photos/079_analysis.jpg",
        "thumbnail_path": "data/photos/all/photo-5571a117-58cb-4326-b025-be95dfc7df14.jpg",
        "source_file": "C:\\Users\\Admin\\Documents\\Codex\\Property Intelligence Packages\\CHATGPT_REVIEW_2026-08-07\\01_INSPECTION_FULL.json",
        "source_files": [
          "C:\\Users\\Admin\\Documents\\Codex\\Property Intelligence Packages\\CHATGPT_REVIEW_2026-08-07\\01_INSPECTION_FULL.json"
        ]
      }
    },
    {
      "type": "Feature",
      "geometry": {
        "type": "Point",
        "coordinates": [
          -87.09183676914077,
          30.489250238198647
        ]
      },
      "properties": {
        "record_type": "photograph",
        "photo_id": "photo-eb9beb9a-c0aa-433c-8557-e7987f3c4928",
        "photo_number": "P80",
        "inspection_date": "2026-08-07",
        "timestamp": "2026-08-07T15:22:46.064Z",
        "recorded_category": "MAP THIS SECTION",
        "display_class": "OTHER",
        "is_recorded_water_category": false,
        "water_visible_review_status": "NOT_REVIEWED_FROM_IMAGE",
        "gps_accuracy_m": 3.8012217320862636,
        "heading_deg": null,
        "section_id": "SECTION-005",
        "associated_record_ids": [
          "event-147315d8-2a5d-4d4f-8206-aee1e3b6f513",
          "event-bd82ab96-9826-4e4c-873a-2fd6efcc5c3d",
          "event-bd82ab96-9826-4e4c-873a-2fd6efcc5c3d",
          "SECTION-005"
        ],
        "note": "",
        "evidence_classification": "Observed",
        "evidence_scope": "SUBJECT_PARCEL",
        "source_family": "AUGUST_7_CUMULATIVE_FIELD",
        "thumbnail_archive_tag": "AUG7_REVIEW_PHOTOS",
        "thumbnail_archive_member": "photos/080_analysis.jpg",
        "thumbnail_path": "data/photos/all/photo-eb9beb9a-c0aa-433c-8557-e7987f3c4928.jpg",
        "source_file": "C:\\Users\\Admin\\Documents\\Codex\\Property Intelligence Packages\\CHATGPT_REVIEW_2026-08-07\\01_INSPECTION_FULL.json",
        "source_files": [
          "C:\\Users\\Admin\\Documents\\Codex\\Property Intelligence Packages\\CHATGPT_REVIEW_2026-08-07\\01_INSPECTION_FULL.json"
        ]
      }
    },
    {
      "type": "Feature",
      "geometry": {
        "type": "Point",
        "coordinates": [
          -87.09168009621504,
          30.489149392230964
        ]
      },
      "properties": {
        "record_type": "photograph",
        "photo_id": "photo-4bfc1746-6d20-4ddb-ba4d-8086913f2309",
        "photo_number": "P81",
        "inspection_date": "2026-08-07",
        "timestamp": "2026-08-07T15:26:26.660Z",
        "recorded_category": "MAP THIS SECTION",
        "display_class": "OTHER",
        "is_recorded_water_category": false,
        "water_visible_review_status": "NOT_REVIEWED_FROM_IMAGE",
        "gps_accuracy_m": 4.677304657456805,
        "heading_deg": null,
        "section_id": "SECTION-005",
        "associated_record_ids": [
          "event-398400a5-c82e-44ec-a973-397ca4f00bc1",
          "event-bd82ab96-9826-4e4c-873a-2fd6efcc5c3d",
          "event-bd82ab96-9826-4e4c-873a-2fd6efcc5c3d",
          "SECTION-005"
        ],
        "note": "",
        "evidence_classification": "Observed",
        "evidence_scope": "SUBJECT_PARCEL",
        "source_family": "AUGUST_7_CUMULATIVE_FIELD",
        "thumbnail_archive_tag": "AUG7_REVIEW_PHOTOS",
        "thumbnail_archive_member": "photos/081_analysis.jpg",
        "thumbnail_path": "data/photos/all/photo-4bfc1746-6d20-4ddb-ba4d-8086913f2309.jpg",
        "source_file": "C:\\Users\\Admin\\Documents\\Codex\\Property Intelligence Packages\\CHATGPT_REVIEW_2026-08-07\\01_INSPECTION_FULL.json",
        "source_files": [
          "C:\\Users\\Admin\\Documents\\Codex\\Property Intelligence Packages\\CHATGPT_REVIEW_2026-08-07\\01_INSPECTION_FULL.json"
        ]
      }
    },
    {
      "type": "Feature",
      "geometry": {
        "type": "Point",
        "coordinates": [
          -87.09169073747583,
          30.48915212776278
        ]
      },
      "properties": {
        "record_type": "photograph",
        "photo_id": "photo-7e4d5e2e-db65-4a0b-90ef-14ffc8522fed",
        "photo_number": "P82",
        "inspection_date": "2026-08-07",
        "timestamp": "2026-08-07T15:26:35.680Z",
        "recorded_category": "MAP THIS SECTION",
        "display_class": "OTHER",
        "is_recorded_water_category": false,
        "water_visible_review_status": "NOT_REVIEWED_FROM_IMAGE",
        "gps_accuracy_m": 4.733774683565274,
        "heading_deg": null,
        "section_id": "SECTION-005",
        "associated_record_ids": [
          "event-eebe7a6b-c996-49f8-ab44-2496f8deefe8",
          "event-bd82ab96-9826-4e4c-873a-2fd6efcc5c3d",
          "event-bd82ab96-9826-4e4c-873a-2fd6efcc5c3d",
          "SECTION-005"
        ],
        "note": "",
        "evidence_classification": "Observed",
        "evidence_scope": "SUBJECT_PARCEL",
        "source_family": "AUGUST_7_CUMULATIVE_FIELD",
        "thumbnail_archive_tag": "AUG7_REVIEW_PHOTOS",
        "thumbnail_archive_member": "photos/082_analysis.jpg",
        "thumbnail_path": "data/photos/all/photo-7e4d5e2e-db65-4a0b-90ef-14ffc8522fed.jpg",
        "source_file": "C:\\Users\\Admin\\Documents\\Codex\\Property Intelligence Packages\\CHATGPT_REVIEW_2026-08-07\\01_INSPECTION_FULL.json",
        "source_files": [
          "C:\\Users\\Admin\\Documents\\Codex\\Property Intelligence Packages\\CHATGPT_REVIEW_2026-08-07\\01_INSPECTION_FULL.json"
        ]
      }
    },
    {
      "type": "Feature",
      "geometry": {
        "type": "Point",
        "coordinates": [
          -87.09168411799435,
          30.489150406821203
        ]
      },
      "properties": {
        "record_type": "photograph",
        "photo_id": "photo-7f79c306-1d90-4711-9069-589acca98155",
        "photo_number": "P83",
        "inspection_date": "2026-08-07",
        "timestamp": "2026-08-07T15:26:43.839Z",
        "recorded_category": "MAP THIS SECTION",
        "display_class": "OTHER",
        "is_recorded_water_category": false,
        "water_visible_review_status": "NOT_REVIEWED_FROM_IMAGE",
        "gps_accuracy_m": 4.748651530191761,
        "heading_deg": null,
        "section_id": "SECTION-005",
        "associated_record_ids": [
          "event-26745602-d192-49e7-a17a-2e9a4d6c2247",
          "event-bd82ab96-9826-4e4c-873a-2fd6efcc5c3d",
          "event-bd82ab96-9826-4e4c-873a-2fd6efcc5c3d",
          "SECTION-005"
        ],
        "note": "",
        "evidence_classification": "Observed",
        "evidence_scope": "SUBJECT_PARCEL",
        "source_family": "AUGUST_7_CUMULATIVE_FIELD",
        "thumbnail_archive_tag": "AUG7_REVIEW_PHOTOS",
        "thumbnail_archive_member": "photos/083_analysis.jpg",
        "thumbnail_path": "data/photos/all/photo-7f79c306-1d90-4711-9069-589acca98155.jpg",
        "source_file": "C:\\Users\\Admin\\Documents\\Codex\\Property Intelligence Packages\\CHATGPT_REVIEW_2026-08-07\\01_INSPECTION_FULL.json",
        "source_files": [
          "C:\\Users\\Admin\\Documents\\Codex\\Property Intelligence Packages\\CHATGPT_REVIEW_2026-08-07\\01_INSPECTION_FULL.json"
        ]
      }
    },
    {
      "type": "Feature",
      "geometry": {
        "type": "Point",
        "coordinates": [
          -87.0915537587798,
          30.489017872594705
        ]
      },
      "properties": {
        "record_type": "photograph",
        "photo_id": "photo-8dafff9f-500d-40a2-9540-afcf59185c7c",
        "photo_number": "P84",
        "inspection_date": "2026-08-07",
        "timestamp": "2026-08-07T15:28:17.655Z",
        "recorded_category": "MAP THIS SECTION",
        "display_class": "OTHER",
        "is_recorded_water_category": false,
        "water_visible_review_status": "NOT_REVIEWED_FROM_IMAGE",
        "gps_accuracy_m": 7.233965102713448,
        "heading_deg": null,
        "section_id": "SECTION-005",
        "associated_record_ids": [
          "event-38fd35f8-782a-46fd-8f08-4ffd003b56be",
          "event-bd82ab96-9826-4e4c-873a-2fd6efcc5c3d",
          "event-bd82ab96-9826-4e4c-873a-2fd6efcc5c3d",
          "SECTION-005"
        ],
        "note": "",
        "evidence_classification": "Observed",
        "evidence_scope": "SUBJECT_PARCEL",
        "source_family": "AUGUST_7_CUMULATIVE_FIELD",
        "thumbnail_archive_tag": "AUG7_REVIEW_PHOTOS",
        "thumbnail_archive_member": "photos/084_analysis.jpg",
        "thumbnail_path": "data/photos/all/photo-8dafff9f-500d-40a2-9540-afcf59185c7c.jpg",
        "source_file": "C:\\Users\\Admin\\Documents\\Codex\\Property Intelligence Packages\\CHATGPT_REVIEW_2026-08-07\\01_INSPECTION_FULL.json",
        "source_files": [
          "C:\\Users\\Admin\\Documents\\Codex\\Property Intelligence Packages\\CHATGPT_REVIEW_2026-08-07\\01_INSPECTION_FULL.json"
        ]
      }
    },
    {
      "type": "Feature",
      "geometry": {
        "type": "Point",
        "coordinates": [
          -87.09155173703792,
          30.489008578152504
        ]
      },
      "properties": {
        "record_type": "photograph",
        "photo_id": "photo-e7e4cac3-2a4e-456a-b539-a41dc619a517",
        "photo_number": "P85",
        "inspection_date": "2026-08-07",
        "timestamp": "2026-08-07T15:28:24.149Z",
        "recorded_category": "MAP THIS SECTION",
        "display_class": "OTHER",
        "is_recorded_water_category": false,
        "water_visible_review_status": "NOT_REVIEWED_FROM_IMAGE",
        "gps_accuracy_m": 6.643266885548672,
        "heading_deg": null,
        "section_id": "SECTION-005",
        "associated_record_ids": [
          "event-3d3b5d19-7fc2-4744-9a89-9ac1aaeada00",
          "event-bd82ab96-9826-4e4c-873a-2fd6efcc5c3d",
          "event-bd82ab96-9826-4e4c-873a-2fd6efcc5c3d",
          "SECTION-005"
        ],
        "note": "",
        "evidence_classification": "Observed",
        "evidence_scope": "SUBJECT_PARCEL",
        "source_family": "AUGUST_7_CUMULATIVE_FIELD",
        "thumbnail_archive_tag": "AUG7_REVIEW_PHOTOS",
        "thumbnail_archive_member": "photos/085_analysis.jpg",
        "thumbnail_path": "data/photos/all/photo-e7e4cac3-2a4e-456a-b539-a41dc619a517.jpg",
        "source_file": "C:\\Users\\Admin\\Documents\\Codex\\Property Intelligence Packages\\CHATGPT_REVIEW_2026-08-07\\01_INSPECTION_FULL.json",
        "source_files": [
          "C:\\Users\\Admin\\Documents\\Codex\\Property Intelligence Packages\\CHATGPT_REVIEW_2026-08-07\\01_INSPECTION_FULL.json"
        ]
      }
    },
    {
      "type": "Feature",
      "geometry": {
        "type": "Point",
        "coordinates": [
          -87.09132900326178,
          30.488857688929347
        ]
      },
      "properties": {
        "record_type": "photograph",
        "photo_id": "photo-2285ed1d-87a5-48a5-8463-1e174cc9fe8a",
        "photo_number": "P86",
        "inspection_date": "2026-08-07",
        "timestamp": "2026-08-07T15:31:29.550Z",
        "recorded_category": "MAP THIS SECTION",
        "display_class": "OTHER",
        "is_recorded_water_category": false,
        "water_visible_review_status": "NOT_REVIEWED_FROM_IMAGE",
        "gps_accuracy_m": 9.884100915895567,
        "heading_deg": 128.18230696220002,
        "section_id": "SECTION-005",
        "associated_record_ids": [
          "event-36cc85d3-f2f0-4356-9186-12749fa3ef70",
          "event-bd82ab96-9826-4e4c-873a-2fd6efcc5c3d",
          "event-bd82ab96-9826-4e4c-873a-2fd6efcc5c3d",
          "SECTION-005"
        ],
        "note": "",
        "evidence_classification": "Observed",
        "evidence_scope": "SUBJECT_PARCEL",
        "source_family": "AUGUST_7_CUMULATIVE_FIELD",
        "thumbnail_archive_tag": "AUG7_REVIEW_PHOTOS",
        "thumbnail_archive_member": "photos/086_analysis.jpg",
        "thumbnail_path": "data/photos/all/photo-2285ed1d-87a5-48a5-8463-1e174cc9fe8a.jpg",
        "source_file": "C:\\Users\\Admin\\Documents\\Codex\\Property Intelligence Packages\\CHATGPT_REVIEW_2026-08-07\\01_INSPECTION_FULL.json",
        "source_files": [
          "C:\\Users\\Admin\\Documents\\Codex\\Property Intelligence Packages\\CHATGPT_REVIEW_2026-08-07\\01_INSPECTION_FULL.json"
        ]
      }
    },
    {
      "type": "Feature",
      "geometry": {
        "type": "Point",
        "coordinates": [
          -87.09132858067892,
          30.48885822962998
        ]
      },
      "properties": {
        "record_type": "photograph",
        "photo_id": "photo-e5a07f21-bb96-4e83-aeb2-03528350796f",
        "photo_number": "P87",
        "inspection_date": "2026-08-07",
        "timestamp": "2026-08-07T15:31:36.002Z",
        "recorded_category": "MAP THIS SECTION",
        "display_class": "OTHER",
        "is_recorded_water_category": false,
        "water_visible_review_status": "NOT_REVIEWED_FROM_IMAGE",
        "gps_accuracy_m": 10.263153479608999,
        "heading_deg": 128.18230693483437,
        "section_id": "SECTION-005",
        "associated_record_ids": [
          "event-6041a591-e55a-46c5-bc1f-ece796504731",
          "event-bd82ab96-9826-4e4c-873a-2fd6efcc5c3d",
          "event-bd82ab96-9826-4e4c-873a-2fd6efcc5c3d",
          "SECTION-005"
        ],
        "note": "",
        "evidence_classification": "Observed",
        "evidence_scope": "SUBJECT_PARCEL",
        "source_family": "AUGUST_7_CUMULATIVE_FIELD",
        "thumbnail_archive_tag": "AUG7_REVIEW_PHOTOS",
        "thumbnail_archive_member": "photos/087_analysis.jpg",
        "thumbnail_path": "data/photos/all/photo-e5a07f21-bb96-4e83-aeb2-03528350796f.jpg",
        "source_file": "C:\\Users\\Admin\\Documents\\Codex\\Property Intelligence Packages\\CHATGPT_REVIEW_2026-08-07\\01_INSPECTION_FULL.json",
        "source_files": [
          "C:\\Users\\Admin\\Documents\\Codex\\Property Intelligence Packages\\CHATGPT_REVIEW_2026-08-07\\01_INSPECTION_FULL.json"
        ]
      }
    },
    {
      "type": "Feature",
      "geometry": {
        "type": "Point",
        "coordinates": [
          -87.09133960372966,
          30.4888465615326
        ]
      },
      "properties": {
        "record_type": "photograph",
        "photo_id": "photo-5ecd805d-b92f-4a04-81de-ca073041be43",
        "photo_number": "P88",
        "inspection_date": "2026-08-07",
        "timestamp": "2026-08-07T15:31:52.360Z",
        "recorded_category": "MAP THIS SECTION",
        "display_class": "OTHER",
        "is_recorded_water_category": false,
        "water_visible_review_status": "NOT_REVIEWED_FROM_IMAGE",
        "gps_accuracy_m": 12.46724768562975,
        "heading_deg": 128.18230693655858,
        "section_id": "SECTION-005",
        "associated_record_ids": [
          "event-175db16f-24b1-40c1-b5ae-2d4e813a438c",
          "event-bd82ab96-9826-4e4c-873a-2fd6efcc5c3d",
          "event-bd82ab96-9826-4e4c-873a-2fd6efcc5c3d",
          "SECTION-005"
        ],
        "note": "",
        "evidence_classification": "Observed",
        "evidence_scope": "SUBJECT_PARCEL",
        "source_family": "AUGUST_7_CUMULATIVE_FIELD",
        "thumbnail_archive_tag": "AUG7_REVIEW_PHOTOS",
        "thumbnail_archive_member": "photos/088_analysis.jpg",
        "thumbnail_path": "data/photos/all/photo-5ecd805d-b92f-4a04-81de-ca073041be43.jpg",
        "source_file": "C:\\Users\\Admin\\Documents\\Codex\\Property Intelligence Packages\\CHATGPT_REVIEW_2026-08-07\\01_INSPECTION_FULL.json",
        "source_files": [
          "C:\\Users\\Admin\\Documents\\Codex\\Property Intelligence Packages\\CHATGPT_REVIEW_2026-08-07\\01_INSPECTION_FULL.json"
        ]
      }
    },
    {
      "type": "Feature",
      "geometry": {
        "type": "Point",
        "coordinates": [
          -87.09134400314849,
          30.488812249869092
        ]
      },
      "properties": {
        "record_type": "photograph",
        "photo_id": "photo-8b3f47f7-f092-4dc2-90b1-a409a52f8b62",
        "photo_number": "P89",
        "inspection_date": "2026-08-07",
        "timestamp": "2026-08-07T15:32:29.449Z",
        "recorded_category": "MAP THIS SECTION",
        "display_class": "OTHER",
        "is_recorded_water_category": false,
        "water_visible_review_status": "NOT_REVIEWED_FROM_IMAGE",
        "gps_accuracy_m": 8.843276949239048,
        "heading_deg": 174.38927435857573,
        "section_id": "SECTION-005",
        "associated_record_ids": [
          "event-0815dd91-609b-4f05-8c20-653c10436d73",
          "event-bd82ab96-9826-4e4c-873a-2fd6efcc5c3d",
          "event-bd82ab96-9826-4e4c-873a-2fd6efcc5c3d",
          "SECTION-005"
        ],
        "note": "",
        "evidence_classification": "Observed",
        "evidence_scope": "SUBJECT_PARCEL",
        "source_family": "AUGUST_7_CUMULATIVE_FIELD",
        "thumbnail_archive_tag": "AUG7_REVIEW_PHOTOS",
        "thumbnail_archive_member": "photos/089_analysis.jpg",
        "thumbnail_path": "data/photos/all/photo-8b3f47f7-f092-4dc2-90b1-a409a52f8b62.jpg",
        "source_file": "C:\\Users\\Admin\\Documents\\Codex\\Property Intelligence Packages\\CHATGPT_REVIEW_2026-08-07\\01_INSPECTION_FULL.json",
        "source_files": [
          "C:\\Users\\Admin\\Documents\\Codex\\Property Intelligence Packages\\CHATGPT_REVIEW_2026-08-07\\01_INSPECTION_FULL.json"
        ]
      }
    },
    {
      "type": "Feature",
      "geometry": {
        "type": "Point",
        "coordinates": [
          -87.09134901351696,
          30.488816360211437
        ]
      },
      "properties": {
        "record_type": "photograph",
        "photo_id": "photo-419c612e-b396-44bd-bbe9-bdc645b2f859",
        "photo_number": "P90",
        "inspection_date": "2026-08-07",
        "timestamp": "2026-08-07T15:32:35.850Z",
        "recorded_category": "MAP THIS SECTION",
        "display_class": "OTHER",
        "is_recorded_water_category": false,
        "water_visible_review_status": "NOT_REVIEWED_FROM_IMAGE",
        "gps_accuracy_m": 8.091727819231886,
        "heading_deg": 174.38927290762285,
        "section_id": "SECTION-005",
        "associated_record_ids": [
          "event-4720c9c9-2160-483f-8a75-9db3020dc736",
          "event-bd82ab96-9826-4e4c-873a-2fd6efcc5c3d",
          "event-bd82ab96-9826-4e4c-873a-2fd6efcc5c3d",
          "SECTION-005"
        ],
        "note": "",
        "evidence_classification": "Observed",
        "evidence_scope": "SUBJECT_PARCEL",
        "source_family": "AUGUST_7_CUMULATIVE_FIELD",
        "thumbnail_archive_tag": "AUG7_REVIEW_PHOTOS",
        "thumbnail_archive_member": "photos/090_analysis.jpg",
        "thumbnail_path": "data/photos/all/photo-419c612e-b396-44bd-bbe9-bdc645b2f859.jpg",
        "source_file": "C:\\Users\\Admin\\Documents\\Codex\\Property Intelligence Packages\\CHATGPT_REVIEW_2026-08-07\\01_INSPECTION_FULL.json",
        "source_files": [
          "C:\\Users\\Admin\\Documents\\Codex\\Property Intelligence Packages\\CHATGPT_REVIEW_2026-08-07\\01_INSPECTION_FULL.json"
        ]
      }
    },
    {
      "type": "Feature",
      "geometry": {
        "type": "Point",
        "coordinates": [
          -87.09127401928146,
          30.488750119886664
        ]
      },
      "properties": {
        "record_type": "photograph",
        "photo_id": "photo-3c9e121e-2a95-4d40-8b87-4c7122b53f23",
        "photo_number": "P91",
        "inspection_date": "2026-08-07",
        "timestamp": "2026-08-07T15:34:03.743Z",
        "recorded_category": "MAP THIS SECTION",
        "display_class": "OTHER",
        "is_recorded_water_category": false,
        "water_visible_review_status": "NOT_REVIEWED_FROM_IMAGE",
        "gps_accuracy_m": 7.487955758879955,
        "heading_deg": 106.71469824919232,
        "section_id": "SECTION-005",
        "associated_record_ids": [
          "event-2a5fd9d5-b5a6-48ba-9fa0-580f4ec1358f",
          "event-bd82ab96-9826-4e4c-873a-2fd6efcc5c3d",
          "event-bd82ab96-9826-4e4c-873a-2fd6efcc5c3d",
          "SECTION-005"
        ],
        "note": "",
        "evidence_classification": "Observed",
        "evidence_scope": "SUBJECT_PARCEL",
        "source_family": "AUGUST_7_CUMULATIVE_FIELD",
        "thumbnail_archive_tag": "AUG7_REVIEW_PHOTOS",
        "thumbnail_archive_member": "photos/091_analysis.jpg",
        "thumbnail_path": "data/photos/all/photo-3c9e121e-2a95-4d40-8b87-4c7122b53f23.jpg",
        "source_file": "C:\\Users\\Admin\\Documents\\Codex\\Property Intelligence Packages\\CHATGPT_REVIEW_2026-08-07\\01_INSPECTION_FULL.json",
        "source_files": [
          "C:\\Users\\Admin\\Documents\\Codex\\Property Intelligence Packages\\CHATGPT_REVIEW_2026-08-07\\01_INSPECTION_FULL.json"
        ]
      }
    },
    {
      "type": "Feature",
      "geometry": {
        "type": "Point",
        "coordinates": [
          -87.0912601138914,
          30.48874113432766
        ]
      },
      "properties": {
        "record_type": "photograph",
        "photo_id": "photo-4da89938-90e1-4e78-81f3-5117cc38a04a",
        "photo_number": "P92",
        "inspection_date": "2026-08-07",
        "timestamp": "2026-08-07T15:34:13.316Z",
        "recorded_category": "MAP THIS SECTION",
        "display_class": "OTHER",
        "is_recorded_water_category": false,
        "water_visible_review_status": "NOT_REVIEWED_FROM_IMAGE",
        "gps_accuracy_m": 9.00409707880962,
        "heading_deg": 126.1728212086623,
        "section_id": "SECTION-005",
        "associated_record_ids": [
          "event-ee77ed5b-e6f2-42ac-a1a6-5c8089e4cccb",
          "event-bd82ab96-9826-4e4c-873a-2fd6efcc5c3d",
          "event-bd82ab96-9826-4e4c-873a-2fd6efcc5c3d",
          "SECTION-005"
        ],
        "note": "",
        "evidence_classification": "Observed",
        "evidence_scope": "SUBJECT_PARCEL",
        "source_family": "AUGUST_7_CUMULATIVE_FIELD",
        "thumbnail_archive_tag": "AUG7_REVIEW_PHOTOS",
        "thumbnail_archive_member": "photos/092_analysis.jpg",
        "thumbnail_path": "data/photos/all/photo-4da89938-90e1-4e78-81f3-5117cc38a04a.jpg",
        "source_file": "C:\\Users\\Admin\\Documents\\Codex\\Property Intelligence Packages\\CHATGPT_REVIEW_2026-08-07\\01_INSPECTION_FULL.json",
        "source_files": [
          "C:\\Users\\Admin\\Documents\\Codex\\Property Intelligence Packages\\CHATGPT_REVIEW_2026-08-07\\01_INSPECTION_FULL.json"
        ]
      }
    },
    {
      "type": "Feature",
      "geometry": {
        "type": "Point",
        "coordinates": [
          -87.09116067795577,
          30.488932183160728
        ]
      },
      "properties": {
        "record_type": "photograph",
        "photo_id": "photo-3baaf83b-5943-438d-9d1b-002034b7d081",
        "photo_number": "P93",
        "inspection_date": "2026-08-07",
        "timestamp": "2026-08-07T15:35:53.248Z",
        "recorded_category": "MAP THIS SECTION",
        "display_class": "OTHER",
        "is_recorded_water_category": false,
        "water_visible_review_status": "NOT_REVIEWED_FROM_IMAGE",
        "gps_accuracy_m": 10.525307530432938,
        "heading_deg": 2.515373373694064,
        "section_id": "SECTION-005",
        "associated_record_ids": [
          "event-b0065bea-219f-4aa1-9fbc-86f710744d3b",
          "event-bd82ab96-9826-4e4c-873a-2fd6efcc5c3d",
          "event-bd82ab96-9826-4e4c-873a-2fd6efcc5c3d",
          "SECTION-005"
        ],
        "note": "",
        "evidence_classification": "Observed",
        "evidence_scope": "SUBJECT_PARCEL",
        "source_family": "AUGUST_7_CUMULATIVE_FIELD",
        "thumbnail_archive_tag": "AUG7_REVIEW_PHOTOS",
        "thumbnail_archive_member": "photos/093_analysis.jpg",
        "thumbnail_path": "data/photos/all/photo-3baaf83b-5943-438d-9d1b-002034b7d081.jpg",
        "source_file": "C:\\Users\\Admin\\Documents\\Codex\\Property Intelligence Packages\\CHATGPT_REVIEW_2026-08-07\\01_INSPECTION_FULL.json",
        "source_files": [
          "C:\\Users\\Admin\\Documents\\Codex\\Property Intelligence Packages\\CHATGPT_REVIEW_2026-08-07\\01_INSPECTION_FULL.json"
        ]
      }
    },
    {
      "type": "Feature",
      "geometry": {
        "type": "Point",
        "coordinates": [
          -87.09114926941957,
          30.488928726001607
        ]
      },
      "properties": {
        "record_type": "photograph",
        "photo_id": "photo-8ebe5497-dd95-4509-9233-32f81114dfa7",
        "photo_number": "P94",
        "inspection_date": "2026-08-07",
        "timestamp": "2026-08-07T15:35:59.737Z",
        "recorded_category": "MAP THIS SECTION",
        "display_class": "OTHER",
        "is_recorded_water_category": false,
        "water_visible_review_status": "NOT_REVIEWED_FROM_IMAGE",
        "gps_accuracy_m": 10.845050592654092,
        "heading_deg": 357.4539308900804,
        "section_id": "SECTION-005",
        "associated_record_ids": [
          "event-5c760456-681c-4581-b371-63f7327cb864",
          "event-bd82ab96-9826-4e4c-873a-2fd6efcc5c3d",
          "event-bd82ab96-9826-4e4c-873a-2fd6efcc5c3d",
          "SECTION-005"
        ],
        "note": "",
        "evidence_classification": "Observed",
        "evidence_scope": "SUBJECT_PARCEL",
        "source_family": "AUGUST_7_CUMULATIVE_FIELD",
        "thumbnail_archive_tag": "AUG7_REVIEW_PHOTOS",
        "thumbnail_archive_member": "photos/094_analysis.jpg",
        "thumbnail_path": "data/photos/all/photo-8ebe5497-dd95-4509-9233-32f81114dfa7.jpg",
        "source_file": "C:\\Users\\Admin\\Documents\\Codex\\Property Intelligence Packages\\CHATGPT_REVIEW_2026-08-07\\01_INSPECTION_FULL.json",
        "source_files": [
          "C:\\Users\\Admin\\Documents\\Codex\\Property Intelligence Packages\\CHATGPT_REVIEW_2026-08-07\\01_INSPECTION_FULL.json"
        ]
      }
    },
    {
      "type": "Feature",
      "geometry": {
        "type": "Point",
        "coordinates": [
          -87.09106814299248,
          30.4890732652665
        ]
      },
      "properties": {
        "record_type": "photograph",
        "photo_id": "photo-ed9439ac-aad0-475c-a3f3-489891bce25f",
        "photo_number": "P95",
        "inspection_date": "2026-08-07",
        "timestamp": "2026-08-07T15:37:58.379Z",
        "recorded_category": "MAP THIS SECTION",
        "display_class": "OTHER",
        "is_recorded_water_category": false,
        "water_visible_review_status": "NOT_REVIEWED_FROM_IMAGE",
        "gps_accuracy_m": 6.830156185468297,
        "heading_deg": 348.4529097291425,
        "section_id": "SECTION-005",
        "associated_record_ids": [
          "event-1c90aed2-0af6-484b-ad2e-a1a3c4c07770",
          "event-bd82ab96-9826-4e4c-873a-2fd6efcc5c3d",
          "event-bd82ab96-9826-4e4c-873a-2fd6efcc5c3d",
          "SECTION-005"
        ],
        "note": "",
        "evidence_classification": "Observed",
        "evidence_scope": "SUBJECT_PARCEL",
        "source_family": "AUGUST_7_CUMULATIVE_FIELD",
        "thumbnail_archive_tag": "AUG7_REVIEW_PHOTOS",
        "thumbnail_archive_member": "photos/095_analysis.jpg",
        "thumbnail_path": "data/photos/all/photo-ed9439ac-aad0-475c-a3f3-489891bce25f.jpg",
        "source_file": "C:\\Users\\Admin\\Documents\\Codex\\Property Intelligence Packages\\CHATGPT_REVIEW_2026-08-07\\01_INSPECTION_FULL.json",
        "source_files": [
          "C:\\Users\\Admin\\Documents\\Codex\\Property Intelligence Packages\\CHATGPT_REVIEW_2026-08-07\\01_INSPECTION_FULL.json"
        ]
      }
    },
    {
      "type": "Feature",
      "geometry": {
        "type": "Point",
        "coordinates": [
          -87.09107151945136,
          30.48907276934088
        ]
      },
      "properties": {
        "record_type": "photograph",
        "photo_id": "photo-9ea7612e-6288-4c66-bf0f-f0cb95e62123",
        "photo_number": "P96",
        "inspection_date": "2026-08-07",
        "timestamp": "2026-08-07T15:38:04.670Z",
        "recorded_category": "MAP THIS SECTION",
        "display_class": "OTHER",
        "is_recorded_water_category": false,
        "water_visible_review_status": "NOT_REVIEWED_FROM_IMAGE",
        "gps_accuracy_m": 6.426669029300357,
        "heading_deg": 348.4529081195885,
        "section_id": "SECTION-005",
        "associated_record_ids": [
          "event-01574c49-6dce-465c-be76-dfb37cd4ab30",
          "event-bd82ab96-9826-4e4c-873a-2fd6efcc5c3d",
          "event-bd82ab96-9826-4e4c-873a-2fd6efcc5c3d",
          "SECTION-005"
        ],
        "note": "",
        "evidence_classification": "Observed",
        "evidence_scope": "SUBJECT_PARCEL",
        "source_family": "AUGUST_7_CUMULATIVE_FIELD",
        "thumbnail_archive_tag": "AUG7_REVIEW_PHOTOS",
        "thumbnail_archive_member": "photos/096_analysis.jpg",
        "thumbnail_path": "data/photos/all/photo-9ea7612e-6288-4c66-bf0f-f0cb95e62123.jpg",
        "source_file": "C:\\Users\\Admin\\Documents\\Codex\\Property Intelligence Packages\\CHATGPT_REVIEW_2026-08-07\\01_INSPECTION_FULL.json",
        "source_files": [
          "C:\\Users\\Admin\\Documents\\Codex\\Property Intelligence Packages\\CHATGPT_REVIEW_2026-08-07\\01_INSPECTION_FULL.json"
        ]
      }
    },
    {
      "type": "Feature",
      "geometry": {
        "type": "Point",
        "coordinates": [
          -87.09106925607432,
          30.489081261984527
        ]
      },
      "properties": {
        "record_type": "photograph",
        "photo_id": "photo-b5c2ba97-401d-4a73-a9c8-a46c2a6cd48f",
        "photo_number": "P97",
        "inspection_date": "2026-08-07",
        "timestamp": "2026-08-07T15:38:10.627Z",
        "recorded_category": "MAP THIS SECTION",
        "display_class": "OTHER",
        "is_recorded_water_category": false,
        "water_visible_review_status": "NOT_REVIEWED_FROM_IMAGE",
        "gps_accuracy_m": 6.349372512515114,
        "heading_deg": 335.1974486309217,
        "section_id": "SECTION-005",
        "associated_record_ids": [
          "event-ed584782-c3da-4738-831f-6341f8a3fba6",
          "event-bd82ab96-9826-4e4c-873a-2fd6efcc5c3d",
          "event-bd82ab96-9826-4e4c-873a-2fd6efcc5c3d",
          "SECTION-005"
        ],
        "note": "",
        "evidence_classification": "Observed",
        "evidence_scope": "SUBJECT_PARCEL",
        "source_family": "AUGUST_7_CUMULATIVE_FIELD",
        "thumbnail_archive_tag": "AUG7_REVIEW_PHOTOS",
        "thumbnail_archive_member": "photos/097_analysis.jpg",
        "thumbnail_path": "data/photos/all/photo-b5c2ba97-401d-4a73-a9c8-a46c2a6cd48f.jpg",
        "source_file": "C:\\Users\\Admin\\Documents\\Codex\\Property Intelligence Packages\\CHATGPT_REVIEW_2026-08-07\\01_INSPECTION_FULL.json",
        "source_files": [
          "C:\\Users\\Admin\\Documents\\Codex\\Property Intelligence Packages\\CHATGPT_REVIEW_2026-08-07\\01_INSPECTION_FULL.json"
        ]
      }
    },
    {
      "type": "Feature",
      "geometry": {
        "type": "Point",
        "coordinates": [
          -87.091055820574,
          30.48908313399236
        ]
      },
      "properties": {
        "record_type": "photograph",
        "photo_id": "photo-0f923a0b-10af-48d8-922a-6a9e9644736e",
        "photo_number": "P98",
        "inspection_date": "2026-08-07",
        "timestamp": "2026-08-07T15:38:18.574Z",
        "recorded_category": "MAP THIS SECTION",
        "display_class": "OTHER",
        "is_recorded_water_category": false,
        "water_visible_review_status": "NOT_REVIEWED_FROM_IMAGE",
        "gps_accuracy_m": 6.7575248669578105,
        "heading_deg": 335.19745321219136,
        "section_id": "SECTION-005",
        "associated_record_ids": [
          "event-813d7965-c60f-4bde-989b-cb577ba55cda",
          "event-bd82ab96-9826-4e4c-873a-2fd6efcc5c3d",
          "event-bd82ab96-9826-4e4c-873a-2fd6efcc5c3d",
          "SECTION-005"
        ],
        "note": "",
        "evidence_classification": "Observed",
        "evidence_scope": "SUBJECT_PARCEL",
        "source_family": "AUGUST_7_CUMULATIVE_FIELD",
        "thumbnail_archive_tag": "AUG7_REVIEW_PHOTOS",
        "thumbnail_archive_member": "photos/098_analysis.jpg",
        "thumbnail_path": "data/photos/all/photo-0f923a0b-10af-48d8-922a-6a9e9644736e.jpg",
        "source_file": "C:\\Users\\Admin\\Documents\\Codex\\Property Intelligence Packages\\CHATGPT_REVIEW_2026-08-07\\01_INSPECTION_FULL.json",
        "source_files": [
          "C:\\Users\\Admin\\Documents\\Codex\\Property Intelligence Packages\\CHATGPT_REVIEW_2026-08-07\\01_INSPECTION_FULL.json"
        ]
      }
    },
    {
      "type": "Feature",
      "geometry": {
        "type": "Point",
        "coordinates": [
          -87.09118681645204,
          30.489149068856484
        ]
      },
      "properties": {
        "record_type": "photograph",
        "photo_id": "photo-263c0c57-9eaf-41dc-a2a4-641629311834",
        "photo_number": "P99",
        "inspection_date": "2026-08-07",
        "timestamp": "2026-08-07T15:41:16.556Z",
        "recorded_category": "MAP THIS SECTION",
        "display_class": "OTHER",
        "is_recorded_water_category": false,
        "water_visible_review_status": "NOT_REVIEWED_FROM_IMAGE",
        "gps_accuracy_m": 8.019078088327813,
        "heading_deg": 200.4928269072169,
        "section_id": "SECTION-005",
        "associated_record_ids": [
          "event-f8d9d4e6-1e84-4a19-90b9-590f6cd5639f",
          "event-bd82ab96-9826-4e4c-873a-2fd6efcc5c3d",
          "event-bd82ab96-9826-4e4c-873a-2fd6efcc5c3d",
          "SECTION-005"
        ],
        "note": "",
        "evidence_classification": "Observed",
        "evidence_scope": "SUBJECT_PARCEL",
        "source_family": "AUGUST_7_CUMULATIVE_FIELD",
        "thumbnail_archive_tag": "AUG7_REVIEW_PHOTOS",
        "thumbnail_archive_member": "photos/099_analysis.jpg",
        "thumbnail_path": "data/photos/all/photo-263c0c57-9eaf-41dc-a2a4-641629311834.jpg",
        "source_file": "C:\\Users\\Admin\\Documents\\Codex\\Property Intelligence Packages\\CHATGPT_REVIEW_2026-08-07\\01_INSPECTION_FULL.json",
        "source_files": [
          "C:\\Users\\Admin\\Documents\\Codex\\Property Intelligence Packages\\CHATGPT_REVIEW_2026-08-07\\01_INSPECTION_FULL.json"
        ]
      }
    },
    {
      "type": "Feature",
      "geometry": {
        "type": "Point",
        "coordinates": [
          -87.09125882089388,
          30.48923627358122
        ]
      },
      "properties": {
        "record_type": "photograph",
        "photo_id": "photo-5938c66a-17ea-4cb3-9c00-2c557196e919",
        "photo_number": "P100",
        "inspection_date": "2026-08-07",
        "timestamp": "2026-08-07T15:44:30.792Z",
        "recorded_category": "MAP THIS SECTION",
        "display_class": "OTHER",
        "is_recorded_water_category": false,
        "water_visible_review_status": "NOT_REVIEWED_FROM_IMAGE",
        "gps_accuracy_m": 3.5353928982525455,
        "heading_deg": 252.421875,
        "section_id": "SECTION-006",
        "associated_record_ids": [
          "event-c94e07d7-abbb-49b1-aa8a-9d5e7053a6cd",
          "event-cc06188d-4a8a-4f3a-9fbe-c3efa77cc1fe",
          "event-cc06188d-4a8a-4f3a-9fbe-c3efa77cc1fe",
          "SECTION-006"
        ],
        "note": "",
        "evidence_classification": "Observed",
        "evidence_scope": "SUBJECT_PARCEL",
        "source_family": "AUGUST_7_CUMULATIVE_FIELD",
        "thumbnail_archive_tag": "AUG7_REVIEW_PHOTOS",
        "thumbnail_archive_member": "photos/100_analysis.jpg",
        "thumbnail_path": "data/photos/all/photo-5938c66a-17ea-4cb3-9c00-2c557196e919.jpg",
        "source_file": "C:\\Users\\Admin\\Documents\\Codex\\Property Intelligence Packages\\CHATGPT_REVIEW_2026-08-07\\01_INSPECTION_FULL.json",
        "source_files": [
          "C:\\Users\\Admin\\Documents\\Codex\\Property Intelligence Packages\\CHATGPT_REVIEW_2026-08-07\\01_INSPECTION_FULL.json"
        ]
      }
    },
    {
      "type": "Feature",
      "geometry": {
        "type": "Point",
        "coordinates": [
          -87.091261964869,
          30.489264376723824
        ]
      },
      "properties": {
        "record_type": "photograph",
        "photo_id": "photo-d98a0703-266c-41e0-b2d9-b49103f6eb15",
        "photo_number": "P101",
        "inspection_date": "2026-08-07",
        "timestamp": "2026-08-07T15:44:48.175Z",
        "recorded_category": "MAP THIS SECTION",
        "display_class": "OTHER",
        "is_recorded_water_category": false,
        "water_visible_review_status": "NOT_REVIEWED_FROM_IMAGE",
        "gps_accuracy_m": 4.748651530191764,
        "heading_deg": 35.15625133890246,
        "section_id": "SECTION-006",
        "associated_record_ids": [
          "event-b074a237-38fd-44c9-97a2-1a716efd4cdb",
          "event-cc06188d-4a8a-4f3a-9fbe-c3efa77cc1fe",
          "event-cc06188d-4a8a-4f3a-9fbe-c3efa77cc1fe",
          "SECTION-006"
        ],
        "note": "",
        "evidence_classification": "Observed",
        "evidence_scope": "SUBJECT_PARCEL",
        "source_family": "AUGUST_7_CUMULATIVE_FIELD",
        "thumbnail_archive_tag": "AUG7_REVIEW_PHOTOS",
        "thumbnail_archive_member": "photos/101_analysis.jpg",
        "thumbnail_path": "data/photos/all/photo-d98a0703-266c-41e0-b2d9-b49103f6eb15.jpg",
        "source_file": "C:\\Users\\Admin\\Documents\\Codex\\Property Intelligence Packages\\CHATGPT_REVIEW_2026-08-07\\01_INSPECTION_FULL.json",
        "source_files": [
          "C:\\Users\\Admin\\Documents\\Codex\\Property Intelligence Packages\\CHATGPT_REVIEW_2026-08-07\\01_INSPECTION_FULL.json"
        ]
      }
    },
    {
      "type": "Feature",
      "geometry": {
        "type": "Point",
        "coordinates": [
          -87.09146521612092,
          30.489335384924587
        ]
      },
      "properties": {
        "record_type": "photograph",
        "photo_id": "photo-e7b02eac-5432-4bec-9f05-ad7377c10c48",
        "photo_number": "P102",
        "inspection_date": "2026-08-07",
        "timestamp": "2026-08-07T15:45:44.779Z",
        "recorded_category": "MAP THIS SECTION",
        "display_class": "OTHER",
        "is_recorded_water_category": false,
        "water_visible_review_status": "NOT_REVIEWED_FROM_IMAGE",
        "gps_accuracy_m": 5.2797109703842855,
        "heading_deg": 280.130525767806,
        "section_id": "SECTION-006",
        "associated_record_ids": [
          "event-63d6daff-b327-4220-9600-6ebc34e64f7a",
          "event-cc06188d-4a8a-4f3a-9fbe-c3efa77cc1fe",
          "event-cc06188d-4a8a-4f3a-9fbe-c3efa77cc1fe",
          "SECTION-006"
        ],
        "note": "",
        "evidence_classification": "Observed",
        "evidence_scope": "SUBJECT_PARCEL",
        "source_family": "AUGUST_7_CUMULATIVE_FIELD",
        "thumbnail_archive_tag": "AUG7_REVIEW_PHOTOS",
        "thumbnail_archive_member": "photos/102_analysis.jpg",
        "thumbnail_path": "data/photos/all/photo-e7b02eac-5432-4bec-9f05-ad7377c10c48.jpg",
        "source_file": "C:\\Users\\Admin\\Documents\\Codex\\Property Intelligence Packages\\CHATGPT_REVIEW_2026-08-07\\01_INSPECTION_FULL.json",
        "source_files": [
          "C:\\Users\\Admin\\Documents\\Codex\\Property Intelligence Packages\\CHATGPT_REVIEW_2026-08-07\\01_INSPECTION_FULL.json"
        ]
      }
    },
    {
      "type": "Feature",
      "geometry": {
        "type": "Point",
        "coordinates": [
          -87.09140978903939,
          30.489328293825814
        ]
      },
      "properties": {
        "record_type": "photograph",
        "photo_id": "photo-15e2382f-d86e-4446-97bd-8cecc8283d5d",
        "photo_number": "P103",
        "inspection_date": "2026-08-07",
        "timestamp": "2026-08-07T15:55:09.961Z",
        "recorded_category": "PHOTO",
        "display_class": "PHOTO",
        "is_recorded_water_category": false,
        "water_visible_review_status": "NOT_REVIEWED_FROM_IMAGE",
        "gps_accuracy_m": 15.272780491950668,
        "heading_deg": 119.86029442648314,
        "section_id": null,
        "associated_record_ids": [
          "event-61c72bc9-06a5-487e-8391-358a1a1e55cb",
          "event-9192c33c-35ed-4462-b196-bc9ff9f767c1",
          "event-9192c33c-35ed-4462-b196-bc9ff9f767c1",
          "PHOTO-144"
        ],
        "note": "",
        "evidence_classification": "Observed",
        "evidence_scope": "SUBJECT_PARCEL",
        "source_family": "AUGUST_7_CUMULATIVE_FIELD",
        "thumbnail_archive_tag": "AUG7_REVIEW_PHOTOS",
        "thumbnail_archive_member": "photos/103_analysis.jpg",
        "thumbnail_path": "data/photos/all/photo-15e2382f-d86e-4446-97bd-8cecc8283d5d.jpg",
        "source_file": "C:\\Users\\Admin\\Documents\\Codex\\Property Intelligence Packages\\CHATGPT_REVIEW_2026-08-07\\01_INSPECTION_FULL.json",
        "source_files": [
          "C:\\Users\\Admin\\Documents\\Codex\\Property Intelligence Packages\\CHATGPT_REVIEW_2026-08-07\\01_INSPECTION_FULL.json"
        ]
      }
    },
    {
      "type": "Feature",
      "geometry": {
        "type": "Point",
        "coordinates": [
          -87.09139521806689,
          30.489328306861914
        ]
      },
      "properties": {
        "record_type": "photograph",
        "photo_id": "photo-9a1a2a2d-c778-4a45-90d3-286ee88232d6",
        "photo_number": "P104",
        "inspection_date": "2026-08-07",
        "timestamp": "2026-08-07T16:01:52.978Z",
        "recorded_category": "MAP THIS SECTION",
        "display_class": "OTHER",
        "is_recorded_water_category": false,
        "water_visible_review_status": "NOT_REVIEWED_FROM_IMAGE",
        "gps_accuracy_m": 15.395014000000002,
        "heading_deg": null,
        "section_id": "SECTION-007",
        "associated_record_ids": [
          "event-043eb67f-8e99-4a6d-af88-ca8d16d2c774",
          "event-a89e1953-4827-4a20-aede-a77d40e6e540",
          "event-a89e1953-4827-4a20-aede-a77d40e6e540",
          "SECTION-007"
        ],
        "note": "",
        "evidence_classification": "Observed",
        "evidence_scope": "SUBJECT_PARCEL",
        "source_family": "AUGUST_7_CUMULATIVE_FIELD",
        "thumbnail_archive_tag": "AUG7_REVIEW_PHOTOS",
        "thumbnail_archive_member": "photos/104_analysis.jpg",
        "thumbnail_path": "data/photos/all/photo-9a1a2a2d-c778-4a45-90d3-286ee88232d6.jpg",
        "source_file": "C:\\Users\\Admin\\Documents\\Codex\\Property Intelligence Packages\\CHATGPT_REVIEW_2026-08-07\\01_INSPECTION_FULL.json",
        "source_files": [
          "C:\\Users\\Admin\\Documents\\Codex\\Property Intelligence Packages\\CHATGPT_REVIEW_2026-08-07\\01_INSPECTION_FULL.json"
        ]
      }
    },
    {
      "type": "Feature",
      "geometry": {
        "type": "Point",
        "coordinates": [
          -87.09139521806689,
          30.489328306861914
        ]
      },
      "properties": {
        "record_type": "photograph",
        "photo_id": "photo-7e1641eb-8060-4028-af1b-230a56128c39",
        "photo_number": "P105",
        "inspection_date": "2026-08-07",
        "timestamp": "2026-08-07T16:01:58.654Z",
        "recorded_category": "MAP THIS SECTION",
        "display_class": "OTHER",
        "is_recorded_water_category": false,
        "water_visible_review_status": "NOT_REVIEWED_FROM_IMAGE",
        "gps_accuracy_m": 15.395014000000002,
        "heading_deg": null,
        "section_id": "SECTION-007",
        "associated_record_ids": [
          "event-969a7c4f-4db1-4dc0-a909-af977b2d588f",
          "event-a89e1953-4827-4a20-aede-a77d40e6e540",
          "event-a89e1953-4827-4a20-aede-a77d40e6e540",
          "SECTION-007"
        ],
        "note": "",
        "evidence_classification": "Observed",
        "evidence_scope": "SUBJECT_PARCEL",
        "source_family": "AUGUST_7_CUMULATIVE_FIELD",
        "thumbnail_archive_tag": "AUG7_REVIEW_PHOTOS",
        "thumbnail_archive_member": "photos/105_analysis.jpg",
        "thumbnail_path": "data/photos/all/photo-7e1641eb-8060-4028-af1b-230a56128c39.jpg",
        "source_file": "C:\\Users\\Admin\\Documents\\Codex\\Property Intelligence Packages\\CHATGPT_REVIEW_2026-08-07\\01_INSPECTION_FULL.json",
        "source_files": [
          "C:\\Users\\Admin\\Documents\\Codex\\Property Intelligence Packages\\CHATGPT_REVIEW_2026-08-07\\01_INSPECTION_FULL.json"
        ]
      }
    },
    {
      "type": "Feature",
      "geometry": {
        "type": "Point",
        "coordinates": [
          -87.09139521806689,
          30.489328306861914
        ]
      },
      "properties": {
        "record_type": "photograph",
        "photo_id": "photo-f902ce0b-357d-4c9c-a8d2-2b93cc70799a",
        "photo_number": "P106",
        "inspection_date": "2026-08-07",
        "timestamp": "2026-08-07T16:02:17.147Z",
        "recorded_category": "MAP THIS SECTION",
        "display_class": "OTHER",
        "is_recorded_water_category": false,
        "water_visible_review_status": "NOT_REVIEWED_FROM_IMAGE",
        "gps_accuracy_m": 15.395014000000002,
        "heading_deg": null,
        "section_id": "SECTION-007",
        "associated_record_ids": [
          "event-3e95b7e1-9600-4fcc-8d32-fd01445e04bf",
          "event-a89e1953-4827-4a20-aede-a77d40e6e540",
          "event-a89e1953-4827-4a20-aede-a77d40e6e540",
          "SECTION-007"
        ],
        "note": "",
        "evidence_classification": "Observed",
        "evidence_scope": "SUBJECT_PARCEL",
        "source_family": "AUGUST_7_CUMULATIVE_FIELD",
        "thumbnail_archive_tag": "AUG7_REVIEW_PHOTOS",
        "thumbnail_archive_member": "photos/106_analysis.jpg",
        "thumbnail_path": "data/photos/all/photo-f902ce0b-357d-4c9c-a8d2-2b93cc70799a.jpg",
        "source_file": "C:\\Users\\Admin\\Documents\\Codex\\Property Intelligence Packages\\CHATGPT_REVIEW_2026-08-07\\01_INSPECTION_FULL.json",
        "source_files": [
          "C:\\Users\\Admin\\Documents\\Codex\\Property Intelligence Packages\\CHATGPT_REVIEW_2026-08-07\\01_INSPECTION_FULL.json"
        ]
      }
    },
    {
      "type": "Feature",
      "geometry": {
        "type": "Point",
        "coordinates": [
          -87.09166039720837,
          30.4894305300252
        ]
      },
      "properties": {
        "record_type": "photograph",
        "photo_id": "photo-38f1ef97-cea3-4736-8edb-1b2c81d34ea6",
        "photo_number": "P107",
        "inspection_date": "2026-08-07",
        "timestamp": "2026-08-07T16:10:09.085Z",
        "recorded_category": "MAP THIS SECTION",
        "display_class": "OTHER",
        "is_recorded_water_category": false,
        "water_visible_review_status": "NOT_REVIEWED_FROM_IMAGE",
        "gps_accuracy_m": 4.748651530191761,
        "heading_deg": null,
        "section_id": "SECTION-007",
        "associated_record_ids": [
          "event-2286ab90-7a48-4ce5-813d-3eded50feaab",
          "event-a89e1953-4827-4a20-aede-a77d40e6e540",
          "event-a89e1953-4827-4a20-aede-a77d40e6e540",
          "SECTION-007"
        ],
        "note": "",
        "evidence_classification": "Observed",
        "evidence_scope": "SUBJECT_PARCEL",
        "source_family": "AUGUST_7_CUMULATIVE_FIELD",
        "thumbnail_archive_tag": "AUG7_REVIEW_PHOTOS",
        "thumbnail_archive_member": "photos/107_analysis.jpg",
        "thumbnail_path": "data/photos/all/photo-38f1ef97-cea3-4736-8edb-1b2c81d34ea6.jpg",
        "source_file": "C:\\Users\\Admin\\Documents\\Codex\\Property Intelligence Packages\\CHATGPT_REVIEW_2026-08-07\\01_INSPECTION_FULL.json",
        "source_files": [
          "C:\\Users\\Admin\\Documents\\Codex\\Property Intelligence Packages\\CHATGPT_REVIEW_2026-08-07\\01_INSPECTION_FULL.json"
        ]
      }
    },
    {
      "type": "Feature",
      "geometry": {
        "type": "Point",
        "coordinates": [
          -87.09194001749817,
          30.489788102014447
        ]
      },
      "properties": {
        "record_type": "photograph",
        "photo_id": "photo-e53998d1-1063-4d9c-bd3e-39cd279e5d1b",
        "photo_number": "P108",
        "inspection_date": "2026-08-07",
        "timestamp": "2026-08-07T16:13:59.498Z",
        "recorded_category": "MAP THIS SECTION",
        "display_class": "OTHER",
        "is_recorded_water_category": false,
        "water_visible_review_status": "NOT_REVIEWED_FROM_IMAGE",
        "gps_accuracy_m": 7.862366461910542,
        "heading_deg": null,
        "section_id": "SECTION-007",
        "associated_record_ids": [
          "event-cecff349-e393-4347-8672-9d2fc651d8cb",
          "event-a89e1953-4827-4a20-aede-a77d40e6e540",
          "event-a89e1953-4827-4a20-aede-a77d40e6e540",
          "SECTION-007"
        ],
        "note": "",
        "evidence_classification": "Observed",
        "evidence_scope": "SUBJECT_PARCEL",
        "source_family": "AUGUST_7_CUMULATIVE_FIELD",
        "thumbnail_archive_tag": "AUG7_REVIEW_PHOTOS",
        "thumbnail_archive_member": "photos/108_analysis.jpg",
        "thumbnail_path": "data/photos/all/photo-e53998d1-1063-4d9c-bd3e-39cd279e5d1b.jpg",
        "source_file": "C:\\Users\\Admin\\Documents\\Codex\\Property Intelligence Packages\\CHATGPT_REVIEW_2026-08-07\\01_INSPECTION_FULL.json",
        "source_files": [
          "C:\\Users\\Admin\\Documents\\Codex\\Property Intelligence Packages\\CHATGPT_REVIEW_2026-08-07\\01_INSPECTION_FULL.json"
        ]
      }
    },
    {
      "type": "Feature",
      "geometry": {
        "type": "Point",
        "coordinates": [
          -87.09192584656375,
          30.48981085617921
        ]
      },
      "properties": {
        "record_type": "photograph",
        "photo_id": "photo-5685b8e9-a8ae-4411-b7cc-fa3793a12149",
        "photo_number": "P109",
        "inspection_date": "2026-08-07",
        "timestamp": "2026-08-07T16:14:12.325Z",
        "recorded_category": "MAP THIS SECTION",
        "display_class": "OTHER",
        "is_recorded_water_category": false,
        "water_visible_review_status": "NOT_REVIEWED_FROM_IMAGE",
        "gps_accuracy_m": 4.7476608669728275,
        "heading_deg": null,
        "section_id": "SECTION-007",
        "associated_record_ids": [
          "event-55eff031-858c-4da0-ae91-19e04354e004",
          "event-a89e1953-4827-4a20-aede-a77d40e6e540",
          "event-a89e1953-4827-4a20-aede-a77d40e6e540",
          "SECTION-007"
        ],
        "note": "",
        "evidence_classification": "Observed",
        "evidence_scope": "SUBJECT_PARCEL",
        "source_family": "AUGUST_7_CUMULATIVE_FIELD",
        "thumbnail_archive_tag": "AUG7_REVIEW_PHOTOS",
        "thumbnail_archive_member": "photos/109_analysis.jpg",
        "thumbnail_path": "data/photos/all/photo-5685b8e9-a8ae-4411-b7cc-fa3793a12149.jpg",
        "source_file": "C:\\Users\\Admin\\Documents\\Codex\\Property Intelligence Packages\\CHATGPT_REVIEW_2026-08-07\\01_INSPECTION_FULL.json",
        "source_files": [
          "C:\\Users\\Admin\\Documents\\Codex\\Property Intelligence Packages\\CHATGPT_REVIEW_2026-08-07\\01_INSPECTION_FULL.json"
        ]
      }
    },
    {
      "type": "Feature",
      "geometry": {
        "type": "Point",
        "coordinates": [
          -87.09182602515453,
          30.489778386241777
        ]
      },
      "properties": {
        "record_type": "photograph",
        "photo_id": "photo-0b0bbcbe-fb51-414a-8c47-f8da0ce78689",
        "photo_number": "P110",
        "inspection_date": "2026-08-07",
        "timestamp": "2026-08-07T16:16:30.934Z",
        "recorded_category": "MAP THIS SECTION",
        "display_class": "OTHER",
        "is_recorded_water_category": false,
        "water_visible_review_status": "NOT_REVIEWED_FROM_IMAGE",
        "gps_accuracy_m": 13.423013296638686,
        "heading_deg": null,
        "section_id": "SECTION-007",
        "associated_record_ids": [
          "event-79fee596-e5c5-4767-9a05-11c1743f86da",
          "event-a89e1953-4827-4a20-aede-a77d40e6e540",
          "event-a89e1953-4827-4a20-aede-a77d40e6e540",
          "SECTION-007"
        ],
        "note": "",
        "evidence_classification": "Observed",
        "evidence_scope": "SUBJECT_PARCEL",
        "source_family": "AUGUST_7_CUMULATIVE_FIELD",
        "thumbnail_archive_tag": "AUG7_REVIEW_PHOTOS",
        "thumbnail_archive_member": "photos/110_analysis.jpg",
        "thumbnail_path": "data/photos/all/photo-0b0bbcbe-fb51-414a-8c47-f8da0ce78689.jpg",
        "source_file": "C:\\Users\\Admin\\Documents\\Codex\\Property Intelligence Packages\\CHATGPT_REVIEW_2026-08-07\\01_INSPECTION_FULL.json",
        "source_files": [
          "C:\\Users\\Admin\\Documents\\Codex\\Property Intelligence Packages\\CHATGPT_REVIEW_2026-08-07\\01_INSPECTION_FULL.json"
        ]
      }
    },
    {
      "type": "Feature",
      "geometry": {
        "type": "Point",
        "coordinates": [
          -87.09183107074968,
          30.48978876868224
        ]
      },
      "properties": {
        "record_type": "photograph",
        "photo_id": "photo-2eaf281d-54e8-491b-a652-417e64373658",
        "photo_number": "P111",
        "inspection_date": "2026-08-07",
        "timestamp": "2026-08-07T16:19:31.295Z",
        "recorded_category": "MAP THIS SECTION",
        "display_class": "OTHER",
        "is_recorded_water_category": false,
        "water_visible_review_status": "NOT_REVIEWED_FROM_IMAGE",
        "gps_accuracy_m": 14.005202108593513,
        "heading_deg": 161.56770714812293,
        "section_id": "SECTION-007",
        "associated_record_ids": [
          "event-397cc3d4-a1d4-453d-a049-d494a6909dfa",
          "event-a89e1953-4827-4a20-aede-a77d40e6e540",
          "event-a89e1953-4827-4a20-aede-a77d40e6e540",
          "SECTION-007"
        ],
        "note": "",
        "evidence_classification": "Observed",
        "evidence_scope": "SUBJECT_PARCEL",
        "source_family": "AUGUST_7_CUMULATIVE_FIELD",
        "thumbnail_archive_tag": "AUG7_REVIEW_PHOTOS",
        "thumbnail_archive_member": "photos/111_analysis.jpg",
        "thumbnail_path": "data/photos/all/photo-2eaf281d-54e8-491b-a652-417e64373658.jpg",
        "source_file": "C:\\Users\\Admin\\Documents\\Codex\\Property Intelligence Packages\\CHATGPT_REVIEW_2026-08-07\\01_INSPECTION_FULL.json",
        "source_files": [
          "C:\\Users\\Admin\\Documents\\Codex\\Property Intelligence Packages\\CHATGPT_REVIEW_2026-08-07\\01_INSPECTION_FULL.json"
        ]
      }
    },
    {
      "type": "Feature",
      "geometry": {
        "type": "Point",
        "coordinates": [
          -87.09160701280669,
          30.489792715028358
        ]
      },
      "properties": {
        "record_type": "photograph",
        "photo_id": "photo-6d7da03d-78ca-4369-8e3f-372665f78e7f",
        "photo_number": "P112",
        "inspection_date": "2026-08-07",
        "timestamp": "2026-08-07T16:20:38.700Z",
        "recorded_category": "MAP THIS SECTION",
        "display_class": "OTHER",
        "is_recorded_water_category": false,
        "water_visible_review_status": "NOT_REVIEWED_FROM_IMAGE",
        "gps_accuracy_m": 15.23724855683303,
        "heading_deg": null,
        "section_id": "SECTION-007",
        "associated_record_ids": [
          "event-2653dc06-043f-493c-a27a-4798240d3026",
          "event-a89e1953-4827-4a20-aede-a77d40e6e540",
          "event-a89e1953-4827-4a20-aede-a77d40e6e540",
          "SECTION-007"
        ],
        "note": "",
        "evidence_classification": "Observed",
        "evidence_scope": "SUBJECT_PARCEL",
        "source_family": "AUGUST_7_CUMULATIVE_FIELD",
        "thumbnail_archive_tag": "AUG7_REVIEW_PHOTOS",
        "thumbnail_archive_member": "photos/112_analysis.jpg",
        "thumbnail_path": "data/photos/all/photo-6d7da03d-78ca-4369-8e3f-372665f78e7f.jpg",
        "source_file": "C:\\Users\\Admin\\Documents\\Codex\\Property Intelligence Packages\\CHATGPT_REVIEW_2026-08-07\\01_INSPECTION_FULL.json",
        "source_files": [
          "C:\\Users\\Admin\\Documents\\Codex\\Property Intelligence Packages\\CHATGPT_REVIEW_2026-08-07\\01_INSPECTION_FULL.json"
        ]
      }
    },
    {
      "type": "Feature",
      "geometry": {
        "type": "Point",
        "coordinates": [
          -87.09160520627594,
          30.489775496907804
        ]
      },
      "properties": {
        "record_type": "photograph",
        "photo_id": "photo-aeeb09d9-37da-4295-b29a-13008596d960",
        "photo_number": "P113",
        "inspection_date": "2026-08-07",
        "timestamp": "2026-08-07T16:20:46.709Z",
        "recorded_category": "MAP THIS SECTION",
        "display_class": "OTHER",
        "is_recorded_water_category": false,
        "water_visible_review_status": "NOT_REVIEWED_FROM_IMAGE",
        "gps_accuracy_m": 15.602611349498506,
        "heading_deg": null,
        "section_id": "SECTION-007",
        "associated_record_ids": [
          "event-09955938-3e26-47d8-8307-8dff65bb3302",
          "event-a89e1953-4827-4a20-aede-a77d40e6e540",
          "event-a89e1953-4827-4a20-aede-a77d40e6e540",
          "SECTION-007"
        ],
        "note": "",
        "evidence_classification": "Observed",
        "evidence_scope": "SUBJECT_PARCEL",
        "source_family": "AUGUST_7_CUMULATIVE_FIELD",
        "thumbnail_archive_tag": "AUG7_REVIEW_PHOTOS",
        "thumbnail_archive_member": "photos/113_analysis.jpg",
        "thumbnail_path": "data/photos/all/photo-aeeb09d9-37da-4295-b29a-13008596d960.jpg",
        "source_file": "C:\\Users\\Admin\\Documents\\Codex\\Property Intelligence Packages\\CHATGPT_REVIEW_2026-08-07\\01_INSPECTION_FULL.json",
        "source_files": [
          "C:\\Users\\Admin\\Documents\\Codex\\Property Intelligence Packages\\CHATGPT_REVIEW_2026-08-07\\01_INSPECTION_FULL.json"
        ]
      }
    },
    {
      "type": "Feature",
      "geometry": {
        "type": "Point",
        "coordinates": [
          -87.09161031701603,
          30.4897771390579
        ]
      },
      "properties": {
        "record_type": "photograph",
        "photo_id": "photo-320b9055-c78e-499c-8eb6-9e969ecc8d48",
        "photo_number": "P114",
        "inspection_date": "2026-08-07",
        "timestamp": "2026-08-07T16:21:06.883Z",
        "recorded_category": "MAP THIS SECTION",
        "display_class": "OTHER",
        "is_recorded_water_category": false,
        "water_visible_review_status": "NOT_REVIEWED_FROM_IMAGE",
        "gps_accuracy_m": 13.2874240141282,
        "heading_deg": null,
        "section_id": "SECTION-007",
        "associated_record_ids": [
          "event-cf58c85a-73ea-4ee1-8f28-9c92c47cee04",
          "event-a89e1953-4827-4a20-aede-a77d40e6e540",
          "event-a89e1953-4827-4a20-aede-a77d40e6e540",
          "SECTION-007"
        ],
        "note": "",
        "evidence_classification": "Observed",
        "evidence_scope": "SUBJECT_PARCEL",
        "source_family": "AUGUST_7_CUMULATIVE_FIELD",
        "thumbnail_archive_tag": "AUG7_REVIEW_PHOTOS",
        "thumbnail_archive_member": "photos/114_analysis.jpg",
        "thumbnail_path": "data/photos/all/photo-320b9055-c78e-499c-8eb6-9e969ecc8d48.jpg",
        "source_file": "C:\\Users\\Admin\\Documents\\Codex\\Property Intelligence Packages\\CHATGPT_REVIEW_2026-08-07\\01_INSPECTION_FULL.json",
        "source_files": [
          "C:\\Users\\Admin\\Documents\\Codex\\Property Intelligence Packages\\CHATGPT_REVIEW_2026-08-07\\01_INSPECTION_FULL.json"
        ]
      }
    },
    {
      "type": "Feature",
      "geometry": {
        "type": "Point",
        "coordinates": [
          -87.09170625833913,
          30.48985647534327
        ]
      },
      "properties": {
        "record_type": "photograph",
        "photo_id": "photo-13e38e2e-a771-4da2-b9fe-a00e1b3e16a0",
        "photo_number": "P115",
        "inspection_date": "2026-08-07",
        "timestamp": "2026-08-07T16:22:58.681Z",
        "recorded_category": "MAP THIS SECTION",
        "display_class": "OTHER",
        "is_recorded_water_category": false,
        "water_visible_review_status": "NOT_REVIEWED_FROM_IMAGE",
        "gps_accuracy_m": 7.173080016069173,
        "heading_deg": 309.0727178695282,
        "section_id": "SECTION-007",
        "associated_record_ids": [
          "event-5ddea442-75f6-4604-adaf-650a5c50756d",
          "event-a89e1953-4827-4a20-aede-a77d40e6e540",
          "event-a89e1953-4827-4a20-aede-a77d40e6e540",
          "SECTION-007"
        ],
        "note": "",
        "evidence_classification": "Observed",
        "evidence_scope": "SUBJECT_PARCEL",
        "source_family": "AUGUST_7_CUMULATIVE_FIELD",
        "thumbnail_archive_tag": "AUG7_REVIEW_PHOTOS",
        "thumbnail_archive_member": "photos/115_analysis.jpg",
        "thumbnail_path": "data/photos/all/photo-13e38e2e-a771-4da2-b9fe-a00e1b3e16a0.jpg",
        "source_file": "C:\\Users\\Admin\\Documents\\Codex\\Property Intelligence Packages\\CHATGPT_REVIEW_2026-08-07\\01_INSPECTION_FULL.json",
        "source_files": [
          "C:\\Users\\Admin\\Documents\\Codex\\Property Intelligence Packages\\CHATGPT_REVIEW_2026-08-07\\01_INSPECTION_FULL.json"
        ]
      }
    },
    {
      "type": "Feature",
      "geometry": {
        "type": "Point",
        "coordinates": [
          -87.09173966185875,
          30.489830531699614
        ]
      },
      "properties": {
        "record_type": "photograph",
        "photo_id": "photo-6226316c-23f8-4715-a663-87d0eb255a52",
        "photo_number": "P116",
        "inspection_date": "2026-08-07",
        "timestamp": "2026-08-07T16:23:09.532Z",
        "recorded_category": "MAP THIS SECTION",
        "display_class": "OTHER",
        "is_recorded_water_category": false,
        "water_visible_review_status": "NOT_REVIEWED_FROM_IMAGE",
        "gps_accuracy_m": 7.354069786194858,
        "heading_deg": null,
        "section_id": "SECTION-007",
        "associated_record_ids": [
          "event-218f6b19-c137-475b-b8b4-eadfb79c8ef2",
          "event-a89e1953-4827-4a20-aede-a77d40e6e540",
          "event-a89e1953-4827-4a20-aede-a77d40e6e540",
          "SECTION-007"
        ],
        "note": "",
        "evidence_classification": "Observed",
        "evidence_scope": "SUBJECT_PARCEL",
        "source_family": "AUGUST_7_CUMULATIVE_FIELD",
        "thumbnail_archive_tag": "AUG7_REVIEW_PHOTOS",
        "thumbnail_archive_member": "photos/116_analysis.jpg",
        "thumbnail_path": "data/photos/all/photo-6226316c-23f8-4715-a663-87d0eb255a52.jpg",
        "source_file": "C:\\Users\\Admin\\Documents\\Codex\\Property Intelligence Packages\\CHATGPT_REVIEW_2026-08-07\\01_INSPECTION_FULL.json",
        "source_files": [
          "C:\\Users\\Admin\\Documents\\Codex\\Property Intelligence Packages\\CHATGPT_REVIEW_2026-08-07\\01_INSPECTION_FULL.json"
        ]
      }
    },
    {
      "type": "Feature",
      "geometry": {
        "type": "Point",
        "coordinates": [
          -87.09170415225533,
          30.489863230144177
        ]
      },
      "properties": {
        "record_type": "photograph",
        "photo_id": "photo-ee82a9b9-afc1-4310-a47b-80e4337e5114",
        "photo_number": "P117",
        "inspection_date": "2026-08-07",
        "timestamp": "2026-08-07T16:23:20.383Z",
        "recorded_category": "MAP THIS SECTION",
        "display_class": "OTHER",
        "is_recorded_water_category": false,
        "water_visible_review_status": "NOT_REVIEWED_FROM_IMAGE",
        "gps_accuracy_m": 9.137694992203233,
        "heading_deg": null,
        "section_id": "SECTION-007",
        "associated_record_ids": [
          "event-5eb87092-7163-445f-beea-06e596078057",
          "event-a89e1953-4827-4a20-aede-a77d40e6e540",
          "event-a89e1953-4827-4a20-aede-a77d40e6e540",
          "SECTION-007"
        ],
        "note": "",
        "evidence_classification": "Observed",
        "evidence_scope": "SUBJECT_PARCEL",
        "source_family": "AUGUST_7_CUMULATIVE_FIELD",
        "thumbnail_archive_tag": "AUG7_REVIEW_PHOTOS",
        "thumbnail_archive_member": "photos/117_analysis.jpg",
        "thumbnail_path": "data/photos/all/photo-ee82a9b9-afc1-4310-a47b-80e4337e5114.jpg",
        "source_file": "C:\\Users\\Admin\\Documents\\Codex\\Property Intelligence Packages\\CHATGPT_REVIEW_2026-08-07\\01_INSPECTION_FULL.json",
        "source_files": [
          "C:\\Users\\Admin\\Documents\\Codex\\Property Intelligence Packages\\CHATGPT_REVIEW_2026-08-07\\01_INSPECTION_FULL.json"
        ]
      }
    },
    {
      "type": "Feature",
      "geometry": {
        "type": "Point",
        "coordinates": [
          -87.09177386863452,
          30.48982590984741
        ]
      },
      "properties": {
        "record_type": "photograph",
        "photo_id": "photo-78d02915-9131-474a-ac3c-df6af76a6368",
        "photo_number": "P118",
        "inspection_date": "2026-08-07",
        "timestamp": "2026-08-07T16:23:50.179Z",
        "recorded_category": "MAP THIS SECTION",
        "display_class": "OTHER",
        "is_recorded_water_category": false,
        "water_visible_review_status": "NOT_REVIEWED_FROM_IMAGE",
        "gps_accuracy_m": 10.443335272461397,
        "heading_deg": null,
        "section_id": "SECTION-007",
        "associated_record_ids": [
          "event-f8391afe-5898-41a8-aa06-dcddffc1bfe5",
          "event-a89e1953-4827-4a20-aede-a77d40e6e540",
          "event-a89e1953-4827-4a20-aede-a77d40e6e540",
          "SECTION-007"
        ],
        "note": "",
        "evidence_classification": "Observed",
        "evidence_scope": "SUBJECT_PARCEL",
        "source_family": "AUGUST_7_CUMULATIVE_FIELD",
        "thumbnail_archive_tag": "AUG7_REVIEW_PHOTOS",
        "thumbnail_archive_member": "photos/118_analysis.jpg",
        "thumbnail_path": "data/photos/all/photo-78d02915-9131-474a-ac3c-df6af76a6368.jpg",
        "source_file": "C:\\Users\\Admin\\Documents\\Codex\\Property Intelligence Packages\\CHATGPT_REVIEW_2026-08-07\\01_INSPECTION_FULL.json",
        "source_files": [
          "C:\\Users\\Admin\\Documents\\Codex\\Property Intelligence Packages\\CHATGPT_REVIEW_2026-08-07\\01_INSPECTION_FULL.json"
        ]
      }
    }
  ]
}