{
  "type": "FeatureCollection",
  "name": "Display routes segmented to avoid false relocation connectors",
  "features": [
    {
      "type": "Feature",
      "geometry": {
        "type": "LineString",
        "coordinates": [
          [
            -87.09060936248365,
            30.491299180595593
          ],
          [
            -87.09061505496572,
            30.49129749491667
          ],
          [
            -87.09061102463144,
            30.491294317669688
          ],
          [
            -87.09061239647066,
            30.49128456257321
          ],
          [
            -87.09060893690248,
            30.49128654254778
          ],
          [
            -87.09060343092739,
            30.491295783834584
          ],
          [
            -87.09060074780149,
            30.49129829510828
          ],
          [
            -87.0906318424954,
            30.49127277371365
          ],
          [
            -87.09061623291723,
            30.4912361057907
          ],
          [
            -87.0906152483476,
            30.491266830679695
          ],
          [
            -87.09060603896269,
            30.491274825835227
          ],
          [
            -87.09057973807055,
            30.4912707693165
          ],
          [
            -87.09056396811988,
            30.491284711507785
          ],
          [
            -87.09056940209756,
            30.491285868821254
          ],
          [
            -87.09058275597488,
            30.491282825826104
          ],
          [
            -87.09057991257846,
            30.491279875503203
          ],
          [
            -87.09058278954329,
            30.491278667615077
          ],
          [
            -87.09058939327416,
            30.491283037393973
          ],
          [
            -87.09058939327416,
            30.491283037393973
          ],
          [
            -87.09058855966076,
            30.491282876820524
          ],
          [
            -87.09057955767761,
            30.49128238052667
          ],
          [
            -87.09062642202066,
            30.491296795699533
          ]
        ]
      },
      "properties": {
        "record_type": "display_route_segment",
        "inspection_date": "2026-08-03",
        "point_count": 22,
        "start_time": "2026-08-03T13:04:25.999Z",
        "end_time": "2026-08-03T13:07:03.999Z",
        "source_point_ids": [
          "gps-000354",
          "gps-000356",
          "gps-000401",
          "gps-000402",
          "gps-000403",
          "gps-000404",
          "gps-000405",
          "gps-000450",
          "gps-000451",
          "gps-000452",
          "gps-000453",
          "gps-000454",
          "gps-000455",
          "gps-000456",
          "gps-000457",
          "gps-000458",
          "gps-000459",
          "gps-000460",
          "gps-000461",
          "gps-000462",
          "gps-000463",
          "gps-000519"
        ],
        "no_artificial_relocation_connector": true
      }
    },
    {
      "type": "Feature",
      "geometry": {
        "type": "LineString",
        "coordinates": [
          [
            -87.09062800313664,
            30.491287505623006
          ],
          [
            -87.09057445705886,
            30.49125894211878
          ],
          [
            -87.0905769644989,
            30.4912616297632
          ],
          [
            -87.09058634080408,
            30.491268248801575
          ],
          [
            -87.09059499908315,
            30.491269456796662
          ],
          [
            -87.09059876288882,
            30.4912694621744
          ],
          [
            -87.09061153471444,
            30.491279025622415
          ],
          [
            -87.09060960090295,
            30.491278857644467
          ],
          [
            -87.09061136236824,
            30.491271566801917
          ],
          [
            -87.09061387403683,
            30.491268070770555
          ],
          [
            -87.09061687690102,
            30.49126501782369
          ],
          [
            -87.09061389087572,
            30.491258931864163
          ],
          [
            -87.09062103165303,
            30.491262114256784
          ],
          [
            -87.0906266909698,
            30.49126228681658
          ],
          [
            -87.0906291817908,
            30.491261318830645
          ],
          [
            -87.09063361867092,
            30.491260846543177
          ],
          [
            -87.09062868562096,
            30.49126795043986
          ],
          [
            -87.09062237847705,
            30.491275991255378
          ],
          [
            -87.0906042008425,
            30.491269978336373
          ],
          [
            -87.0905940872386,
            30.49126906993195
          ],
          [
            -87.09059001849946,
            30.49126790908555
          ],
          [
            -87.0905940548003,
            30.491268857681376
          ],
          [
            -87.09060746789154,
            30.491274393570517
          ],
          [
            -87.09060761714377,
            30.491275236709484
          ],
          [
            -87.09061594722566,
            30.491273867600665
          ],
          [
            -87.090624539054,
            30.491274974518138
          ],
          [
            -87.0906258913666,
            30.491268557743073
          ],
          [
            -87.09062681575551,
            30.491266080365435
          ],
          [
            -87.09062949612783,
            30.491266063374308
          ],
          [
            -87.09062394931587,
            30.49126675429506
          ],
          [
            -87.0906286463775,
            30.491294363980483
          ],
          [
            -87.09062612269217,
            30.491294571682538
          ],
          [
            -87.0906247000093,
            30.491295309349525
          ],
          [
            -87.09062087091802,
            30.491295616547667
          ],
          [
            -87.090609338187,
            30.491293521905643
          ],
          [
            -87.09060447495217,
            30.491289357819316
          ],
          [
            -87.09060043691264,
            30.491291018363004
          ],
          [
            -87.09059826292167,
            30.491285381385094
          ],
          [
            -87.09059826292167,
            30.491285381385094
          ],
          [
            -87.09059342364782,
            30.491277565837635
          ],
          [
            -87.09059592161263,
            30.49127276832612
          ],
          [
            -87.09059784874262,
            30.491270115087172
          ],
          [
            -87.09059691637549,
            30.49126488487664
          ],
          [
            -87.0905972201375,
            30.49126362841732
          ],
          [
            -87.09060204714615,
            30.49126271144468
          ],
          [
            -87.09060800285614,
            30.491261761413732
          ],
          [
            -87.0906087177992,
            30.49125990087204
          ],
          [
            -87.09061203899851,
            30.49125861364438
          ],
          [
            -87.09061516464416,
            30.491262765697606
          ],
          [
            -87.09061437712917,
            30.49126834484978
          ],
          [
            -87.0906122709597,
            30.49127245628929
          ],
          [
            -87.09060320141631,
            30.491273237560623
          ],
          [
            -87.09061044862288,
            30.491277297105338
          ],
          [
            -87.0906117919145,
            30.491278373047383
          ],
          [
            -87.09061325266819,
            30.491281252464848
          ],
          [
            -87.0906126797505,
            30.49127862320763
          ],
          [
            -87.09061410956782,
            30.491278297999113
          ],
          [
            -87.09061194542309,
            30.491281965967556
          ],
          [
            -87.09061471027641,
            30.491289173463937
          ],
          [
            -87.09062093411268,
            30.491295470233506
          ],
          [
            -87.09061152970892,
            30.49129874093715
          ],
          [
            -87.09061355742446,
            30.491297430759886
          ],
          [
            -87.09061355742443,
            30.49129743075988
          ],
          [
            -87.09061355742442,
            30.491297430759886
          ],
          [
            -87.09061355742443,
            30.491297430759886
          ],
          [
            -87.09061345686374,
            30.4912912905267
          ],
          [
            -87.09061344956505,
            30.491291268894393
          ],
          [
            -87.09061344956505,
            30.491291268894393
          ],
          [
            -87.09061344956504,
            30.491291268894386
          ],
          [
            -87.09061344956505,
            30.491291268894393
          ],
          [
            -87.09061344956505,
            30.491291268894393
          ],
          [
            -87.09061344956505,
            30.491291268894386
          ],
          [
            -87.09061344956504,
            30.491291268894386
          ],
          [
            -87.09061344956505,
            30.491291268894393
          ],
          [
            -87.09060604976338,
            30.491285715356437
          ],
          [
            -87.09060669197915,
            30.491285993336103
          ],
          [
            -87.09060098595027,
            30.491286232780702
          ],
          [
            -87.0906025393629,
            30.49128386726791
          ],
          [
            -87.09060237191811,
            30.491283925360644
          ],
          [
            -87.09060237191811,
            30.491283925360644
          ],
          [
            -87.09060237191811,
            30.491283925360644
          ],
          [
            -87.09060237191811,
            30.491283925360644
          ],
          [
            -87.09060237191811,
            30.491283925360644
          ],
          [
            -87.09060237191812,
            30.491283925360644
          ],
          [
            -87.09060237191812,
            30.491283925360644
          ],
          [
            -87.09060237191812,
            30.491283925360644
          ],
          [
            -87.09060237191811,
            30.491283925360644
          ],
          [
            -87.09060237191811,
            30.491283925360644
          ],
          [
            -87.09060237191811,
            30.491283925360644
          ],
          [
            -87.09060237191811,
            30.491283925360644
          ],
          [
            -87.09060237191811,
            30.491283925360644
          ],
          [
            -87.09060237191811,
            30.491283925360637
          ],
          [
            -87.09059679100366,
            30.49128989684654
          ],
          [
            -87.09059679100368,
            30.49128989684654
          ],
          [
            -87.09059679100366,
            30.49128989684654
          ],
          [
            -87.09059679100368,
            30.49128989684654
          ],
          [
            -87.09059679100366,
            30.49128989684654
          ],
          [
            -87.09059679100366,
            30.49128989684654
          ],
          [
            -87.09059679100366,
            30.49128989684654
          ],
          [
            -87.09059679100365,
            30.49128989684654
          ],
          [
            -87.09059679100363,
            30.49128989684654
          ],
          [
            -87.09059679100366,
            30.49128989684654
          ],
          [
            -87.09059679100369,
            30.491289896846546
          ],
          [
            -87.09059679100368,
            30.49128989684654
          ],
          [
            -87.09059557213757,
            30.491279624421647
          ],
          [
            -87.09059551328026,
            30.491280815381753
          ],
          [
            -87.09059550007379,
            30.491280954862038
          ],
          [
            -87.09059844429197,
            30.49128233911706
          ],
          [
            -87.09059844429197,
            30.49128233911706
          ],
          [
            -87.09059844429197,
            30.49128233911706
          ],
          [
            -87.09059844429197,
            30.49128233911706
          ],
          [
            -87.09060863351826,
            30.491289063140208
          ],
          [
            -87.0906115498936,
            30.491289895080833
          ],
          [
            -87.09061474352858,
            30.491288050616483
          ],
          [
            -87.09061468578307,
            30.49128809574805
          ],
          [
            -87.09061637812292,
            30.49128821919262
          ],
          [
            -87.09061313160822,
            30.49128970110682
          ],
          [
            -87.09061158652426,
            30.491293038162176
          ],
          [
            -87.09061158652426,
            30.491293038162176
          ],
          [
            -87.09061158652426,
            30.491293038162176
          ],
          [
            -87.09061158652426,
            30.491293038162176
          ],
          [
            -87.09061158652426,
            30.491293038162176
          ],
          [
            -87.09061158652425,
            30.491293038162176
          ],
          [
            -87.09061158652425,
            30.491293038162176
          ],
          [
            -87.09061158652425,
            30.491293038162176
          ],
          [
            -87.09061158652428,
            30.491293038162176
          ],
          [
            -87.09061158652428,
            30.49129303816218
          ],
          [
            -87.09061158652428,
            30.49129303816218
          ],
          [
            -87.09061158652425,
            30.49129303816217
          ],
          [
            -87.09061158652419,
            30.491293038162194
          ],
          [
            -87.09061158652418,
            30.49129303816221
          ],
          [
            -87.09061158652426,
            30.49129303816221
          ],
          [
            -87.09061158652426,
            30.491293038162176
          ],
          [
            -87.09061158652425,
            30.49129303816217
          ],
          [
            -87.09061158652425,
            30.49129303816217
          ],
          [
            -87.09061158652425,
            30.491293038162176
          ],
          [
            -87.09061158652426,
            30.491293038162176
          ],
          [
            -87.09061837903597,
            30.491290022130865
          ],
          [
            -87.09061803832915,
            30.491289925913676
          ],
          [
            -87.0906271231768,
            30.491291955347087
          ],
          [
            -87.09062811616442,
            30.49129256230668
          ],
          [
            -87.09062855209798,
            30.4912935486279
          ],
          [
            -87.090628552098,
            30.491293548627908
          ],
          [
            -87.09062834016788,
            30.49129288288848
          ],
          [
            -87.09062834016787,
            30.491292882888477
          ],
          [
            -87.09062588732,
            30.491289652502942
          ],
          [
            -87.09062507855937,
            30.49128851731219
          ],
          [
            -87.09062340352179,
            30.491286172724724
          ],
          [
            -87.0906234035218,
            30.49128617272473
          ],
          [
            -87.0906234035218,
            30.49128617272473
          ],
          [
            -87.09062340352182,
            30.49128617272473
          ],
          [
            -87.09062340352182,
            30.491286172724738
          ],
          [
            -87.0906234035218,
            30.49128617272473
          ],
          [
            -87.0906234035218,
            30.491286172724724
          ],
          [
            -87.09061290509459,
            30.491289309051165
          ],
          [
            -87.09061269707512,
            30.491289461556057
          ],
          [
            -87.09061269707513,
            30.491289461556057
          ],
          [
            -87.09061269707513,
            30.491289461556057
          ],
          [
            -87.09061269707513,
            30.491289461556065
          ],
          [
            -87.09060815122983,
            30.4912896395254
          ],
          [
            -87.09060813209148,
            30.49128962811569
          ],
          [
            -87.09060813201648,
            30.491289628118622
          ],
          [
            -87.09060813201397,
            30.491289628118725
          ],
          [
            -87.09060813201386,
            30.491289628118725
          ],
          [
            -87.09060813201384,
            30.491289628118732
          ],
          [
            -87.09060813201386,
            30.491289628118732
          ],
          [
            -87.09060813201384,
            30.491289628118725
          ],
          [
            -87.09060813201384,
            30.491289628118725
          ],
          [
            -87.09060813201384,
            30.491289628118725
          ],
          [
            -87.09060813201384,
            30.491289628118725
          ],
          [
            -87.09060813201384,
            30.491289628118725
          ],
          [
            -87.09060813201384,
            30.491289628118732
          ],
          [
            -87.09060813201384,
            30.491289628118725
          ],
          [
            -87.09060813201384,
            30.491289628118725
          ],
          [
            -87.09060813201384,
            30.491289628118725
          ],
          [
            -87.09060289246443,
            30.491287341503895
          ],
          [
            -87.09060238535712,
            30.491288061814853
          ],
          [
            -87.09060238535712,
            30.491288061814853
          ],
          [
            -87.09060238535713,
            30.49128806181486
          ],
          [
            -87.09060238535712,
            30.491288061814853
          ],
          [
            -87.0906023853571,
            30.491288061814853
          ],
          [
            -87.0906023853571,
            30.491288061814853
          ],
          [
            -87.0906023853571,
            30.491288061814853
          ],
          [
            -87.09060238535712,
            30.491288061814853
          ],
          [
            -87.0906023853571,
            30.491288061814846
          ],
          [
            -87.09061631023684,
            30.49129458780211
          ],
          [
            -87.09061473510484,
            30.4912935759634
          ],
          [
            -87.09061488563665,
            30.491294035566185
          ],
          [
            -87.09061359170597,
            30.491291515551122
          ],
          [
            -87.09061359170597,
            30.491291515551122
          ],
          [
            -87.09061359170599,
            30.491291515551122
          ],
          [
            -87.0906189375265,
            30.49128526870787
          ],
          [
            -87.09061870487949,
            30.491285839285123
          ],
          [
            -87.09061888286189,
            30.491286429461248
          ],
          [
            -87.09061434055886,
            30.49128398367792
          ],
          [
            -87.09061291503184,
            30.49128359545256
          ],
          [
            -87.09061087879843,
            30.491284170278483
          ],
          [
            -87.09061087879842,
            30.491284170278483
          ],
          [
            -87.09061087879843,
            30.491284170278483
          ],
          [
            -87.09061087879846,
            30.491284170278487
          ],
          [
            -87.09061605791527,
            30.49129779926212
          ],
          [
            -87.09061670257297,
            30.49129715182923
          ],
          [
            -87.09061987237179,
            30.491298359864455
          ],
          [
            -87.09058027228691,
            30.49129277674233
          ],
          [
            -87.09058178859554,
            30.491295230331954
          ],
          [
            -87.09058193671754,
            30.49129731230068
          ],
          [
            -87.09057795643737,
            30.491296608309266
          ],
          [
            -87.09057795643737,
            30.491296608309266
          ],
          [
            -87.09058114086092,
            30.49129664833353
          ],
          [
            -87.09058120281006,
            30.49129664475049
          ],
          [
            -87.09058120281006,
            30.49129664475049
          ],
          [
            -87.09058120281006,
            30.49129664475049
          ],
          [
            -87.09058120281006,
            30.49129664475049
          ]
        ]
      },
      "properties": {
        "record_type": "display_route_segment",
        "inspection_date": "2026-08-04",
        "point_count": 213,
        "start_time": "2026-08-04T14:07:12.999Z",
        "end_time": "2026-08-04T14:17:37.000Z",
        "source_point_ids": [
          "gps-007528",
          "gps-007673",
          "gps-007674",
          "gps-007675",
          "gps-007676",
          "gps-007677",
          "gps-007678",
          "gps-007679",
          "gps-007680",
          "gps-007681",
          "gps-007682",
          "gps-007683",
          "gps-007684",
          "gps-007685",
          "gps-007686",
          "gps-007688",
          "gps-007690",
          "gps-007691",
          "gps-007692",
          "gps-007693",
          "gps-007694",
          "gps-007695",
          "gps-007696",
          "gps-007697",
          "gps-007698",
          "gps-007699",
          "gps-007700",
          "gps-007701",
          "gps-007702",
          "gps-007703",
          "gps-007721",
          "gps-007722",
          "gps-007723",
          "gps-007724",
          "gps-007731",
          "gps-007732",
          "gps-007733",
          "gps-007734",
          "gps-007735",
          "gps-007736",
          "gps-007737",
          "gps-007738",
          "gps-007739",
          "gps-007740",
          "gps-007741",
          "gps-007742",
          "gps-007743",
          "gps-007744",
          "gps-007745",
          "gps-007746",
          "gps-007747",
          "gps-007748",
          "gps-007749",
          "gps-007750",
          "gps-007751",
          "gps-007752",
          "gps-007753",
          "gps-007754",
          "gps-007755",
          "gps-007756",
          "gps-007866",
          "gps-007867",
          "gps-007868",
          "gps-007869",
          "gps-007870",
          "gps-007871",
          "gps-007872",
          "gps-007873",
          "gps-007874",
          "gps-007875",
          "gps-007876",
          "gps-007877",
          "gps-007878",
          "gps-007879",
          "gps-007880",
          "gps-007881",
          "gps-007882",
          "gps-007883",
          "gps-007884",
          "gps-007885",
          "gps-007886",
          "gps-007887",
          "gps-007888",
          "gps-007889",
          "gps-007890",
          "gps-007891",
          "gps-007892",
          "gps-007893",
          "gps-007894",
          "gps-007895",
          "gps-007896",
          "gps-007897",
          "gps-007898",
          "gps-007899",
          "gps-007900",
          "gps-007901",
          "gps-007902",
          "gps-007903",
          "gps-007904",
          "gps-007905",
          "gps-007906",
          "gps-007907",
          "gps-007908",
          "gps-007909",
          "gps-007910",
          "gps-007911",
          "gps-007912",
          "gps-007913",
          "gps-007914",
          "gps-007915",
          "gps-007916",
          "gps-007917",
          "gps-007918",
          "gps-007919",
          "gps-007920",
          "gps-007921",
          "gps-007922",
          "gps-007923",
          "gps-007924",
          "gps-007925",
          "gps-007926",
          "gps-007927",
          "gps-007928",
          "gps-007929",
          "gps-007930",
          "gps-007931",
          "gps-007932",
          "gps-007933",
          "gps-007934",
          "gps-007935",
          "gps-007936",
          "gps-007937",
          "gps-007938",
          "gps-007939",
          "gps-007940",
          "gps-007941",
          "gps-007942",
          "gps-007943",
          "gps-007944",
          "gps-007945",
          "gps-007946",
          "gps-007948",
          "gps-007949",
          "gps-007950",
          "gps-007951",
          "gps-007952",
          "gps-007953",
          "gps-007954",
          "gps-007955",
          "gps-007956",
          "gps-007957",
          "gps-007958",
          "gps-007959",
          "gps-007960",
          "gps-007961",
          "gps-007962",
          "gps-007963",
          "gps-007964",
          "gps-007965",
          "gps-007966",
          "gps-007967",
          "gps-007968",
          "gps-007969",
          "gps-007970",
          "gps-007971",
          "gps-007972",
          "gps-007973",
          "gps-007974",
          "gps-007975",
          "gps-007976",
          "gps-007977",
          "gps-007978",
          "gps-007979",
          "gps-007980",
          "gps-007981",
          "gps-007982",
          "gps-007983",
          "gps-007984",
          "gps-007985",
          "gps-007986",
          "gps-007987",
          "gps-007988",
          "gps-007989",
          "gps-007990",
          "gps-007991",
          "gps-008071",
          "gps-008072",
          "gps-008073",
          "gps-008074",
          "gps-008075",
          "gps-008076",
          "gps-008077",
          "gps-008078",
          "gps-008079",
          "gps-008080",
          "gps-008081",
          "gps-008082",
          "gps-008083",
          "gps-008084",
          "gps-008085",
          "gps-008086",
          "gps-008087",
          "gps-008088",
          "gps-008136",
          "gps-008137",
          "gps-008138",
          "gps-008139",
          "gps-008140",
          "gps-008141",
          "gps-008142",
          "gps-008143",
          "gps-008144",
          "gps-008145"
        ],
        "no_artificial_relocation_connector": true
      }
    },
    {
      "type": "Feature",
      "geometry": {
        "type": "LineString",
        "coordinates": [
          [
            -87.09119331908398,
            30.49023305334407
          ],
          [
            -87.09119179458479,
            30.490225609571738
          ],
          [
            -87.09119044423417,
            30.4902285576794
          ],
          [
            -87.0911870349985,
            30.49021786567612
          ],
          [
            -87.091181324534,
            30.49021400570344
          ],
          [
            -87.09118001486479,
            30.490217348301982
          ],
          [
            -87.09117487321487,
            30.49021156295954
          ],
          [
            -87.09117027482097,
            30.490207953812934
          ],
          [
            -87.09116972669675,
            30.490213189849733
          ],
          [
            -87.09117113142695,
            30.490211490247436
          ],
          [
            -87.09116977685778,
            30.490214038988338
          ],
          [
            -87.09117378612093,
            30.490211752467356
          ],
          [
            -87.09117469710303,
            30.490211282371135
          ],
          [
            -87.09117476006911,
            30.490207082483877
          ],
          [
            -87.09117593179143,
            30.490209739066685
          ],
          [
            -87.09117638712415,
            30.49021021100027
          ],
          [
            -87.09117638712415,
            30.49021021100027
          ],
          [
            -87.09117638712415,
            30.49021021100027
          ],
          [
            -87.09117638712415,
            30.49021021100027
          ],
          [
            -87.09117638712415,
            30.49021021100027
          ],
          [
            -87.09117638712415,
            30.49021021100027
          ],
          [
            -87.09117638712415,
            30.49021021100027
          ],
          [
            -87.09117638712415,
            30.49021021100027
          ],
          [
            -87.09117638712415,
            30.49021021100027
          ],
          [
            -87.09117638712415,
            30.49021021100027
          ],
          [
            -87.09117638712415,
            30.49021021100027
          ],
          [
            -87.09117048854569,
            30.490223664639625
          ],
          [
            -87.09117472053377,
            30.490219743054748
          ],
          [
            -87.09117205388941,
            30.49021466867051
          ],
          [
            -87.09117673003725,
            30.49021532827519
          ],
          [
            -87.0911759270844,
            30.490207658209197
          ],
          [
            -87.09117809438636,
            30.490205570220645
          ],
          [
            -87.091175535304,
            30.49019982383341
          ],
          [
            -87.09117392550054,
            30.490199666399494
          ],
          [
            -87.09117178838977,
            30.49019563433303
          ],
          [
            -87.0911728443822,
            30.490193698775936
          ],
          [
            -87.0911730280837,
            30.4901936446382
          ],
          [
            -87.09117312587038,
            30.490188779691078
          ],
          [
            -87.09117022965272,
            30.49018361640252
          ],
          [
            -87.09117784315283,
            30.49018107770874
          ],
          [
            -87.0911751890829,
            30.49018295800712
          ],
          [
            -87.09117413217236,
            30.490179946382156
          ],
          [
            -87.09118077640815,
            30.49018008501117
          ],
          [
            -87.09118069911578,
            30.490183883366942
          ],
          [
            -87.09118037672799,
            30.490188226136056
          ],
          [
            -87.09118068026457,
            30.49019358602936
          ],
          [
            -87.09117816926496,
            30.49019538090344
          ],
          [
            -87.09117603113783,
            30.49019876945188
          ],
          [
            -87.09116921643408,
            30.490197846328606
          ],
          [
            -87.09116498912577,
            30.490195740188273
          ],
          [
            -87.09116434167066,
            30.490195689514916
          ],
          [
            -87.09115825623675,
            30.490189183364738
          ],
          [
            -87.09096648310795,
            30.490317499521183
          ],
          [
            -87.0911070896449,
            30.490171578282606
          ],
          [
            -87.09107384722681,
            30.490106870232648
          ],
          [
            -87.09106383139051,
            30.49009840721042
          ],
          [
            -87.09104289727122,
            30.49010322418048
          ],
          [
            -87.0910373399015,
            30.490081132635
          ],
          [
            -87.09103498024632,
            30.490079423118242
          ],
          [
            -87.09103405748205,
            30.49008475834492
          ],
          [
            -87.09103577178429,
            30.490082983579377
          ],
          [
            -87.0910294400019,
            30.490089190064026
          ],
          [
            -87.09102918488111,
            30.490088109022967
          ],
          [
            -87.09102676342039,
            30.490090071241085
          ],
          [
            -87.09102674976724,
            30.490090082260817
          ],
          [
            -87.09103113080107,
            30.490093069941274
          ],
          [
            -87.09103331910484,
            30.490093409283748
          ],
          [
            -87.09103772143878,
            30.49009752624804
          ],
          [
            -87.09103703937426,
            30.490098686116195
          ],
          [
            -87.09103193990168,
            30.490102285974874
          ],
          [
            -87.09102160948014,
            30.490106034803887
          ],
          [
            -87.09101139198775,
            30.490105869889817
          ],
          [
            -87.09101239227418,
            30.490098567707967
          ],
          [
            -87.09100929097002,
            30.49009508921815
          ],
          [
            -87.09100929097002,
            30.49009508921815
          ],
          [
            -87.09101096735064,
            30.490092658466235
          ],
          [
            -87.09101004534129,
            30.49009161072834
          ],
          [
            -87.09100920715098,
            30.490090604899947
          ],
          [
            -87.0910095424271,
            30.49009068871899
          ],
          [
            -87.0910169185019,
            30.49009420911832
          ],
          [
            -87.09102043890123,
            30.49009462821348
          ],
          [
            -87.09102320492927,
            30.490093370928
          ],
          [
            -87.09102437839573,
            30.490092616556716
          ],
          [
            -87.09102530040506,
            30.49009207173301
          ],
          [
            -87.09102605477635,
            30.490091862185427
          ],
          [
            -87.09105827664247,
            30.490089301684716
          ],
          [
            -87.09102992353475,
            30.490092168455693
          ],
          [
            -87.09103192281208,
            30.490092223096237
          ],
          [
            -87.09103476512276,
            30.490092540011926
          ],
          [
            -87.09103559775811,
            30.490092618780672
          ],
          [
            -87.09103661465406,
            30.490092707422516
          ],
          [
            -87.0910371750755,
            30.490093011811116
          ],
          [
            -87.09103871837468,
            30.49009326194669
          ],
          [
            -87.09104025891635,
            30.490093379048997
          ],
          [
            -87.09103995443454,
            30.490093241427743
          ],
          [
            -87.09104013595423,
            30.49009311699005
          ],
          [
            -87.09104033955106,
            30.49009313571074
          ],
          [
            -87.09104039128835,
            30.490093290545303
          ],
          [
            -87.09107995851775,
            30.49009191871564
          ],
          [
            -87.0910830288514,
            30.490094929481764
          ],
          [
            -87.09108581043299,
            30.490089336385502
          ],
          [
            -87.09108890325464,
            30.49008480685394
          ],
          [
            -87.09108905696645,
            30.490092925568003
          ],
          [
            -87.09109386584167,
            30.490089358914275
          ],
          [
            -87.09108113611751,
            30.490091812758113
          ],
          [
            -87.0910727249377,
            30.490089255832395
          ],
          [
            -87.09106624486367,
            30.490094028171878
          ],
          [
            -87.09106288650031,
            30.490094435325403
          ],
          [
            -87.0910611000674,
            30.490092151651787
          ],
          [
            -87.09105266563662,
            30.49009337595118
          ],
          [
            -87.09105249450455,
            30.490093186746254
          ],
          [
            -87.09105161073242,
            30.49009537137564
          ],
          [
            -87.09104900964037,
            30.490094629627162
          ],
          [
            -87.09104797416101,
            30.490092124525606
          ],
          [
            -87.09104622272454,
            30.490092572157092
          ],
          [
            -87.09104915748009,
            30.490091182848317
          ],
          [
            -87.09104943969128,
            30.490091603422183
          ],
          [
            -87.09105040970286,
            30.49009031748286
          ],
          [
            -87.09105082118684,
            30.49008773458637
          ],
          [
            -87.09105070328658,
            30.490086948286383
          ],
          [
            -87.09105122884817,
            30.490086993523438
          ],
          [
            -87.09105174423534,
            30.490086908849868
          ],
          [
            -87.0910524353906,
            30.490085654987226
          ],
          [
            -87.09105216597398,
            30.490084267778595
          ],
          [
            -87.09105213634649,
            30.490084434827104
          ],
          [
            -87.09105248783443,
            30.490085036248022
          ],
          [
            -87.0910520392236,
            30.49008508068111
          ],
          [
            -87.09105215562546,
            30.490085154697873
          ],
          [
            -87.09105289310422,
            30.49008471553112
          ],
          [
            -87.09105260620686,
            30.490084558716006
          ],
          [
            -87.09105308876451,
            30.490085519514352
          ],
          [
            -87.0910537129472,
            30.490085581702363
          ],
          [
            -87.09105370775387,
            30.490086567623354
          ],
          [
            -87.09105347589907,
            30.490086679882165
          ],
          [
            -87.09105338982329,
            30.49008712229386
          ],
          [
            -87.09105377835762,
            30.49008738856019
          ],
          [
            -87.09105405209772,
            30.490087763969544
          ],
          [
            -87.0910535091911,
            30.490087912765524
          ],
          [
            -87.09105273438159,
            30.490087935331534
          ],
          [
            -87.09105312814258,
            30.49008771780471
          ],
          [
            -87.09105341782283,
            30.490089768691927
          ],
          [
            -87.09105383124418,
            30.490091209955143
          ],
          [
            -87.09105388274075,
            30.490091195655076
          ],
          [
            -87.09105450706016,
            30.490092451784538
          ],
          [
            -87.09105456958319,
            30.49009292093335
          ],
          [
            -87.09105479654629,
            30.490093264470733
          ],
          [
            -87.09105535610165,
            30.490093143818203
          ],
          [
            -87.09105549605465,
            30.490093224330987
          ],
          [
            -87.09105573910435,
            30.49009337679865
          ],
          [
            -87.09105626092726,
            30.490093155688665
          ],
          [
            -87.09105605570355,
            30.49009262037446
          ],
          [
            -87.09105615574013,
            30.490092257968506
          ],
          [
            -87.09105668201806,
            30.49009106893105
          ],
          [
            -87.09105635108949,
            30.49008992574327
          ],
          [
            -87.09105581501551,
            30.490088702049633
          ],
          [
            -87.09105532343912,
            30.49008765949423
          ],
          [
            -87.09105531901986,
            30.49008764230884
          ],
          [
            -87.09105541228878,
            30.490087393913498
          ],
          [
            -87.09105527921379,
            30.49008735243576
          ],
          [
            -87.09105472480324,
            30.490086041765114
          ],
          [
            -87.09105505450165,
            30.49008606851563
          ],
          [
            -87.09105466194252,
            30.490084840517195
          ],
          [
            -87.0910543905666,
            30.490083904800006
          ],
          [
            -87.09105412116854,
            30.490083861094025
          ],
          [
            -87.09105396073294,
            30.490083737492544
          ],
          [
            -87.091053227334,
            30.490082564704164
          ],
          [
            -87.09105262338757,
            30.490081696595126
          ],
          [
            -87.09105192459168,
            30.490081075311814
          ],
          [
            -87.09105191777756,
            30.49008107004533
          ],
          [
            -87.09105211654642,
            30.490081226300525
          ],
          [
            -87.0910519449854,
            30.490081146560204
          ],
          [
            -87.09105153456024,
            30.490080665746362
          ],
          [
            -87.09105097026163,
            30.490080223904126
          ],
          [
            -87.09105051315692,
            30.49007999990261
          ],
          [
            -87.09105012828594,
            30.490079751380556
          ],
          [
            -87.09104974769556,
            30.490079569881534
          ],
          [
            -87.0910498470285,
            30.49007943706699
          ],
          [
            -87.0910496760952,
            30.490079191599367
          ],
          [
            -87.0910490677561,
            30.490078507154813
          ],
          [
            -87.0910484076136,
            30.49007788169681
          ],
          [
            -87.09104797547911,
            30.490077477351583
          ],
          [
            -87.09104764407824,
            30.49007730389993
          ],
          [
            -87.09104749765963,
            30.490077321410627
          ],
          [
            -87.0910474822061,
            30.49007722213689
          ],
          [
            -87.09102758953163,
            30.490071901121592
          ],
          [
            -87.09103258084623,
            30.4900597891596
          ],
          [
            -87.09101641926276,
            30.490065804749214
          ],
          [
            -87.09102902342974,
            30.49006095973186
          ],
          [
            -87.09103479713445,
            30.49006517800031
          ],
          [
            -87.09103897132684,
            30.49007353846578
          ],
          [
            -87.09104097933967,
            30.49008153661823
          ],
          [
            -87.091042420004,
            30.490080813276425
          ],
          [
            -87.09103919532657,
            30.49008566255404
          ],
          [
            -87.091043662471,
            30.49009673601624
          ],
          [
            -87.09104726867652,
            30.490096963769144
          ],
          [
            -87.0910489529133,
            30.49009601723013
          ],
          [
            -87.0910489623916,
            30.49009593247053
          ],
          [
            -87.09104888052627,
            30.490095777125916
          ],
          [
            -87.09105043999878,
            30.49009860372573
          ],
          [
            -87.09104744758659,
            30.490098498910253
          ],
          [
            -87.09104739485707,
            30.490098436581043
          ],
          [
            -87.09104301474437,
            30.490097150511343
          ],
          [
            -87.09104195946684,
            30.49009695065795
          ],
          [
            -87.0910397484594,
            30.490090886882054
          ],
          [
            -87.09104207569511,
            30.49009109382486
          ],
          [
            -87.0910450639969,
            30.490080992004195
          ],
          [
            -87.09104266586691,
            30.490075707050284
          ],
          [
            -87.09104438592175,
            30.490067465179546
          ],
          [
            -87.09103815515016,
            30.49006855481043
          ],
          [
            -87.09103015797798,
            30.490074047581217
          ],
          [
            -87.09102887374381,
            30.49007381941928
          ],
          [
            -87.09103651193286,
            30.49007278043264
          ],
          [
            -87.09103782290568,
            30.490071156917352
          ],
          [
            -87.09104534989619,
            30.490071293650857
          ],
          [
            -87.0910504691121,
            30.490066066867758
          ],
          [
            -87.09105913889445,
            30.490063689118813
          ],
          [
            -87.09105996654085,
            30.49006311362442
          ],
          [
            -87.09106323224658,
            30.490075131117173
          ],
          [
            -87.09106617343292,
            30.490070003220822
          ],
          [
            -87.09106650733352,
            30.490070548405917
          ],
          [
            -87.09107451186006,
            30.490074857200586
          ],
          [
            -87.09108091332325,
            30.490083267796958
          ],
          [
            -87.091082508975,
            30.490084673114726
          ],
          [
            -87.09107081676547,
            30.490080683272986
          ],
          [
            -87.09106302773182,
            30.49009126656832
          ],
          [
            -87.09106726088397,
            30.49009453201569
          ],
          [
            -87.0910661448291,
            30.49009927463658
          ],
          [
            -87.0910645256404,
            30.490101603135784
          ],
          [
            -87.09106156242454,
            30.490102069343624
          ],
          [
            -87.09106350034031,
            30.490108079130806
          ],
          [
            -87.09105854973835,
            30.490106719029406
          ],
          [
            -87.09105645567281,
            30.490105850795317
          ],
          [
            -87.09105798701405,
            30.49010434391037
          ],
          [
            -87.09105500375004,
            30.490110676440917
          ],
          [
            -87.09106042003732,
            30.490107940045412
          ],
          [
            -87.0910585992519,
            30.490110771837216
          ],
          [
            -87.09105471835073,
            30.490108632568646
          ],
          [
            -87.09105636768682,
            30.490106569973356
          ],
          [
            -87.09105847126224,
            30.49010451097536
          ],
          [
            -87.09105530579306,
            30.490104991510904
          ],
          [
            -87.09105647226376,
            30.490103704408693
          ],
          [
            -87.0910564401132,
            30.490102753787994
          ],
          [
            -87.09105629256128,
            30.49010373789076
          ],
          [
            -87.09105617077296,
            30.4901051997813
          ],
          [
            -87.0910559150784,
            30.490104675492923
          ],
          [
            -87.09105701213583,
            30.490106354720393
          ],
          [
            -87.09105692137476,
            30.490107139072943
          ],
          [
            -87.09105729856121,
            30.490108107763763
          ],
          [
            -87.09105688419369,
            30.49010904366217
          ],
          [
            -87.0910561392887,
            30.4901096756259
          ],
          [
            -87.0910555621301,
            30.490109713882678
          ],
          [
            -87.09105554777601,
            30.490109720973585
          ],
          [
            -87.09105552029459,
            30.49010973454939
          ],
          [
            -87.09105409514005,
            30.49010864804464
          ],
          [
            -87.09105408785366,
            30.49010864675119
          ],
          [
            -87.09105391360963,
            30.490109381753065
          ],
          [
            -87.09105382992642,
            30.49010938414691
          ],
          [
            -87.09105375552332,
            30.49010939218251
          ],
          [
            -87.09105354672907,
            30.490109414732466
          ],
          [
            -87.0910556989137,
            30.490107369370808
          ],
          [
            -87.09105516441478,
            30.490105649211795
          ],
          [
            -87.09105516171103,
            30.490105640510368
          ],
          [
            -87.09105526215609,
            30.4901049981904
          ],
          [
            -87.09105483244451,
            30.49010470842356
          ],
          [
            -87.09105272744246,
            30.49009021756496
          ],
          [
            -87.09104937571412,
            30.490092596100634
          ],
          [
            -87.09105287183922,
            30.49008684380206
          ],
          [
            -87.09105532047185,
            30.490090298890532
          ],
          [
            -87.09106030006696,
            30.490091300290903
          ],
          [
            -87.09106661165937,
            30.490095862690943
          ],
          [
            -87.09106798094113,
            30.49009006486635
          ],
          [
            -87.0910667941063,
            30.490086340225456
          ],
          [
            -87.09107288847329,
            30.490091312120715
          ],
          [
            -87.09106764907932,
            30.490096518956456
          ],
          [
            -87.09106033921606,
            30.49009958139353
          ],
          [
            -87.091052191027,
            30.49010246678808
          ],
          [
            -87.09105184238783,
            30.49010243225489
          ],
          [
            -87.0910485659069,
            30.490107221998986
          ],
          [
            -87.09105168836406,
            30.490110484463496
          ],
          [
            -87.09105168836406,
            30.490110484463496
          ],
          [
            -87.09105465840648,
            30.490105184136954
          ],
          [
            -87.09105462824084,
            30.490105237970457
          ],
          [
            -87.09105406547353,
            30.490106242282884
          ],
          [
            -87.0910536906735,
            30.490106911149642
          ],
          [
            -87.09105343082823,
            30.490107374868547
          ],
          [
            -87.09105342814337,
            30.49010737965994
          ],
          [
            -87.09105323395728,
            30.490107726203732
          ],
          [
            -87.09105168836406,
            30.490110484463496
          ],
          [
            -87.09105168836406,
            30.490110484463496
          ],
          [
            -87.09105168836406,
            30.490110484463496
          ],
          [
            -87.09102502070887,
            30.490140609339264
          ],
          [
            -87.09102502070887,
            30.490140609339264
          ],
          [
            -87.09102502070887,
            30.490140609339264
          ],
          [
            -87.09102502070887,
            30.490140609339264
          ],
          [
            -87.09102502070887,
            30.490140609339264
          ],
          [
            -87.09102502070887,
            30.490140609339264
          ],
          [
            -87.09102502070887,
            30.490140609339264
          ],
          [
            -87.09102502070887,
            30.490140609339264
          ],
          [
            -87.09101271904242,
            30.49012306332625
          ],
          [
            -87.09101306442045,
            30.49012317637112
          ],
          [
            -87.09100935862426,
            30.490120591223757
          ],
          [
            -87.09100972014183,
            30.490120977969017
          ],
          [
            -87.09100972014183,
            30.490120977969017
          ],
          [
            -87.09100972014183,
            30.490120977969017
          ],
          [
            -87.09100972014183,
            30.490120977969017
          ],
          [
            -87.09100972014183,
            30.490120977969017
          ],
          [
            -87.09100972014183,
            30.490120977969017
          ],
          [
            -87.09100972014183,
            30.490120977969017
          ],
          [
            -87.09100972014183,
            30.490120977969017
          ],
          [
            -87.09100972014183,
            30.490120977969017
          ],
          [
            -87.09100972014183,
            30.490120977969017
          ],
          [
            -87.09100972014183,
            30.490120977969017
          ],
          [
            -87.09100972014183,
            30.490120977969017
          ],
          [
            -87.09100972014183,
            30.490120977969017
          ],
          [
            -87.09100972014183,
            30.490120977969017
          ],
          [
            -87.09102808013377,
            30.490105439616613
          ],
          [
            -87.09103107330233,
            30.490102431351428
          ],
          [
            -87.09103116153692,
            30.49010269736204
          ],
          [
            -87.09103116153692,
            30.49010269736204
          ],
          [
            -87.09103116153692,
            30.49010269736204
          ],
          [
            -87.09103116153692,
            30.49010269736204
          ],
          [
            -87.09103116153692,
            30.49010269736204
          ],
          [
            -87.09103116153692,
            30.49010269736204
          ],
          [
            -87.09103116153692,
            30.49010269736204
          ],
          [
            -87.09103116153692,
            30.49010269736204
          ],
          [
            -87.09103116153692,
            30.49010269736204
          ],
          [
            -87.09103116153692,
            30.49010269736204
          ],
          [
            -87.09103116153692,
            30.49010269736204
          ],
          [
            -87.09103116153692,
            30.49010269736204
          ],
          [
            -87.09103116153692,
            30.49010269736204
          ],
          [
            -87.09103116153692,
            30.49010269736204
          ],
          [
            -87.09103116153692,
            30.49010269736204
          ],
          [
            -87.09103116153692,
            30.49010269736204
          ],
          [
            -87.09102272944831,
            30.49010916671189
          ],
          [
            -87.09102309592029,
            30.49010918893495
          ],
          [
            -87.09102216413957,
            30.49010675564689
          ],
          [
            -87.09102253555496,
            30.49010655962996
          ],
          [
            -87.09102459711943,
            30.49009744013331
          ],
          [
            -87.09103094147508,
            30.490092335585935
          ],
          [
            -87.09103533658204,
            30.490089711473857
          ],
          [
            -87.0910383422639,
            30.49008433817943
          ],
          [
            -87.09104040854376,
            30.49008350696241
          ],
          [
            -87.09104250485866,
            30.490084597993814
          ],
          [
            -87.09104369845745,
            30.490079509612823
          ],
          [
            -87.09104692148384,
            30.490080796821772
          ],
          [
            -87.09104532421759,
            30.49007655967535
          ],
          [
            -87.09104111289598,
            30.490075385778017
          ],
          [
            -87.09104776329781,
            30.490076376408506
          ],
          [
            -87.0910473522794,
            30.490077523003293
          ],
          [
            -87.09105188345458,
            30.49006873870855
          ],
          [
            -87.09104788834307,
            30.490060426322223
          ],
          [
            -87.09104604646942,
            30.49006745140301
          ],
          [
            -87.09104590566228,
            30.490070393774687
          ],
          [
            -87.09104041511095,
            30.490070085278013
          ],
          [
            -87.09103995110412,
            30.490071859977316
          ],
          [
            -87.09104307407001,
            30.490079986081
          ],
          [
            -87.09105056354075,
            30.490073664018773
          ],
          [
            -87.09105597385873,
            30.49007021270745
          ],
          [
            -87.09105480123881,
            30.490071476663363
          ],
          [
            -87.09105676811095,
            30.490073259876095
          ],
          [
            -87.09105853249514,
            30.490078289073296
          ],
          [
            -87.0910569975477,
            30.4900744249031
          ],
          [
            -87.09105678789247,
            30.49007889929615
          ],
          [
            -87.09105678789247,
            30.49007889929615
          ],
          [
            -87.09106761423631,
            30.490104051229356
          ],
          [
            -87.0910558336782,
            30.49009407079946
          ],
          [
            -87.09105789011383,
            30.490093482578487
          ],
          [
            -87.09105789011383,
            30.490093482578487
          ],
          [
            -87.09105789011383,
            30.490093482578487
          ],
          [
            -87.09105789011383,
            30.490093482578487
          ],
          [
            -87.09105789011383,
            30.490093482578487
          ],
          [
            -87.09105789011383,
            30.490093482578487
          ],
          [
            -87.09105789011383,
            30.490093482578487
          ],
          [
            -87.09105789011383,
            30.490093482578487
          ],
          [
            -87.09105789011383,
            30.490093482578487
          ],
          [
            -87.09105789011383,
            30.490093482578487
          ],
          [
            -87.09105789011383,
            30.490093482578487
          ],
          [
            -87.09105282685559,
            30.490099489180068
          ],
          [
            -87.09105311228397,
            30.490099564217566
          ],
          [
            -87.09105311228397,
            30.490099564217566
          ],
          [
            -87.09105780017133,
            30.490100975393737
          ],
          [
            -87.09106346645208,
            30.490099805284775
          ],
          [
            -87.09106384739539,
            30.490099722288246
          ],
          [
            -87.09106384739539,
            30.490099722288246
          ],
          [
            -87.09106384739539,
            30.490099722288246
          ],
          [
            -87.09106384739539,
            30.490099722288246
          ],
          [
            -87.0910629261456,
            30.490091476005002
          ],
          [
            -87.09106202816514,
            30.490091557458456
          ],
          [
            -87.09106473420742,
            30.490093991099403
          ],
          [
            -87.09106687873309,
            30.490096574513526
          ],
          [
            -87.09106753955831,
            30.490095701607647
          ],
          [
            -87.09106753955831,
            30.490095701607647
          ],
          [
            -87.09106551585838,
            30.49009214349931
          ],
          [
            -87.09106473884053,
            30.490090168632715
          ],
          [
            -87.09106509290832,
            30.490090030294343
          ],
          [
            -87.09106509290832,
            30.490090030294343
          ],
          [
            -87.09106406610039,
            30.49008340059706
          ],
          [
            -87.09106452547422,
            30.49008347529629
          ],
          [
            -87.09106452547422,
            30.49008347529629
          ],
          [
            -87.0910702306994,
            30.490079550741523
          ],
          [
            -87.09107047455564,
            30.49007972223795
          ],
          [
            -87.09107047455564,
            30.49007972223795
          ],
          [
            -87.09107047455564,
            30.49007972223795
          ],
          [
            -87.09107047455564,
            30.49007972223795
          ],
          [
            -87.0910721056159,
            30.490074111942445
          ],
          [
            -87.09106931596924,
            30.490072999276112
          ],
          [
            -87.09107003552973,
            30.490073458812677
          ],
          [
            -87.09106667930472,
            30.490067810490046
          ],
          [
            -87.09106737750481,
            30.490067779288132
          ],
          [
            -87.09106737750481,
            30.490067779288132
          ],
          [
            -87.09106737750481,
            30.490067779288132
          ],
          [
            -87.09106737750481,
            30.490067779288132
          ],
          [
            -87.09106737750481,
            30.490067779288132
          ],
          [
            -87.09106737750481,
            30.490067779288132
          ],
          [
            -87.09107226233964,
            30.49006826112963
          ],
          [
            -87.09107226233964,
            30.49006826112963
          ],
          [
            -87.09107226233964,
            30.49006826112963
          ],
          [
            -87.09108171254506,
            30.49006218997294
          ],
          [
            -87.09108255754856,
            30.490062288650925
          ],
          [
            -87.0910832280785,
            30.490061557598548
          ],
          [
            -87.09108334385314,
            30.490061650330112
          ],
          [
            -87.09108334385314,
            30.490061650330112
          ],
          [
            -87.09108376089291,
            30.490066542307293
          ],
          [
            -87.09108423554368,
            30.490068867097925
          ],
          [
            -87.09108065223015,
            30.490070654843176
          ],
          [
            -87.09107734992251,
            30.49006998975151
          ],
          [
            -87.09107415680987,
            30.490069407193776
          ],
          [
            -87.09107415680987,
            30.490069407193776
          ],
          [
            -87.09106934739692,
            30.490073946042106
          ],
          [
            -87.09106934739692,
            30.490073946042106
          ],
          [
            -87.09106815957888,
            30.49007446816983
          ],
          [
            -87.09106519083228,
            30.490075676056836
          ],
          [
            -87.09106421243955,
            30.490077379567488
          ],
          [
            -87.09106421243955,
            30.490077379567488
          ],
          [
            -87.09106474917142,
            30.490078215476164
          ],
          [
            -87.091064006177,
            30.490078607577324
          ],
          [
            -87.09106109023185,
            30.490075429437134
          ],
          [
            -87.09105863132778,
            30.490076059679375
          ],
          [
            -87.09105823817599,
            30.49007280747092
          ],
          [
            -87.09106429474791,
            30.49007452697095
          ],
          [
            -87.09106395543975,
            30.490072245186294
          ],
          [
            -87.09106584724452,
            30.49007281930338
          ],
          [
            -87.09106955047862,
            30.49007283221203
          ],
          [
            -87.09106955047862,
            30.49007283221203
          ],
          [
            -87.09107058938817,
            30.490073734942545
          ],
          [
            -87.09107058938817,
            30.490073734942545
          ],
          [
            -87.09107058938817,
            30.490073734942545
          ],
          [
            -87.09107058938817,
            30.490073734942545
          ],
          [
            -87.09107058938817,
            30.490073734942545
          ],
          [
            -87.09106911219564,
            30.4900804462214
          ],
          [
            -87.09106911219564,
            30.4900804462214
          ],
          [
            -87.09109297587028,
            30.489958214540486
          ],
          [
            -87.09111631833636,
            30.489995052456162
          ],
          [
            -87.09107815499227,
            30.4899835095161
          ],
          [
            -87.09106073223485,
            30.490016959713792
          ],
          [
            -87.09106659715198,
            30.490037733439536
          ],
          [
            -87.09106899315239,
            30.49004778496394
          ],
          [
            -87.09106743467581,
            30.490056306551285
          ],
          [
            -87.09106879250639,
            30.4900596115223
          ],
          [
            -87.09106793762119,
            30.490061376897433
          ],
          [
            -87.09106893006637,
            30.49006595940772
          ],
          [
            -87.091068631519,
            30.49007052318277
          ],
          [
            -87.09106522640641,
            30.4900786689564
          ],
          [
            -87.09104864058114,
            30.490087383161555
          ],
          [
            -87.09105039740446,
            30.49008763877215
          ],
          [
            -87.09105106918562,
            30.49008775278441
          ],
          [
            -87.09105106918562,
            30.49008775278441
          ]
        ]
      },
      "properties": {
        "record_type": "display_route_segment",
        "inspection_date": "2026-08-04",
        "point_count": 467,
        "start_time": "2026-08-04T14:30:58.999Z",
        "end_time": "2026-08-04T14:44:15.680Z",
        "source_point_ids": [
          "gps-008940",
          "gps-008941",
          "gps-008942",
          "gps-008943",
          "gps-008944",
          "gps-008945",
          "gps-008946",
          "gps-008947",
          "gps-008948",
          "gps-008949",
          "gps-008950",
          "gps-008951",
          "gps-008952",
          "gps-008953",
          "gps-008954",
          "gps-008955",
          "gps-008956",
          "gps-008957",
          "gps-008958",
          "gps-008959",
          "gps-008960",
          "gps-008961",
          "gps-008962",
          "gps-008963",
          "gps-008964",
          "gps-008965",
          "gps-008966",
          "gps-008967",
          "gps-008968",
          "gps-008969",
          "gps-008970",
          "gps-008971",
          "gps-008972",
          "gps-008973",
          "gps-008974",
          "gps-008975",
          "gps-008976",
          "gps-008977",
          "gps-008978",
          "gps-008979",
          "gps-008980",
          "gps-008981",
          "gps-008982",
          "gps-008983",
          "gps-008984",
          "gps-008985",
          "gps-008986",
          "gps-008987",
          "gps-008988",
          "gps-008989",
          "gps-008990",
          "gps-008991",
          "gps-008992",
          "gps-008994",
          "gps-008995",
          "gps-008996",
          "gps-008997",
          "gps-008998",
          "gps-008999",
          "gps-009000",
          "gps-009001",
          "gps-009002",
          "gps-009003",
          "gps-009004",
          "gps-009005",
          "gps-009006",
          "gps-009007",
          "gps-009008",
          "gps-009009",
          "gps-009010",
          "gps-009011",
          "gps-009012",
          "gps-009013",
          "gps-009014",
          "gps-009015",
          "gps-009016",
          "gps-009017",
          "gps-009018",
          "gps-009019",
          "gps-009020",
          "gps-009021",
          "gps-009022",
          "gps-009023",
          "gps-009024",
          "gps-009025",
          "gps-009026",
          "gps-009027",
          "gps-009028",
          "gps-009029",
          "gps-009030",
          "gps-009031",
          "gps-009032",
          "gps-009033",
          "gps-009034",
          "gps-009035",
          "gps-009036",
          "gps-009037",
          "gps-009038",
          "gps-009039",
          "gps-009040",
          "gps-009041",
          "gps-009042",
          "gps-009043",
          "gps-009044",
          "gps-009045",
          "gps-009046",
          "gps-009047",
          "gps-009048",
          "gps-009049",
          "gps-009050",
          "gps-009051",
          "gps-009052",
          "gps-009053",
          "gps-009054",
          "gps-009055",
          "gps-009056",
          "gps-009057",
          "gps-009058",
          "gps-009059",
          "gps-009060",
          "gps-009061",
          "gps-009062",
          "gps-009063",
          "gps-009064",
          "gps-009065",
          "gps-009066",
          "gps-009067",
          "gps-009068",
          "gps-009069",
          "gps-009070",
          "gps-009071",
          "gps-009072",
          "gps-009073",
          "gps-009074",
          "gps-009075",
          "gps-009076",
          "gps-009077",
          "gps-009078",
          "gps-009079",
          "gps-009080",
          "gps-009081",
          "gps-009082",
          "gps-009083",
          "gps-009084",
          "gps-009085",
          "gps-009086",
          "gps-009087",
          "gps-009088",
          "gps-009089",
          "gps-009090",
          "gps-009091",
          "gps-009092",
          "gps-009093",
          "gps-009094",
          "gps-009095",
          "gps-009096",
          "gps-009097",
          "gps-009098",
          "gps-009099",
          "gps-009100",
          "gps-009101",
          "gps-009102",
          "gps-009103",
          "gps-009104",
          "gps-009105",
          "gps-009106",
          "gps-009107",
          "gps-009108",
          "gps-009109",
          "gps-009110",
          "gps-009111",
          "gps-009112",
          "gps-009113",
          "gps-009114",
          "gps-009115",
          "gps-009116",
          "gps-009117",
          "gps-009118",
          "gps-009119",
          "gps-009120",
          "gps-009121",
          "gps-009122",
          "gps-009123",
          "gps-009124",
          "gps-009125",
          "gps-009126",
          "gps-009127",
          "gps-009128",
          "gps-009129",
          "gps-009130",
          "gps-009131",
          "gps-009132",
          "gps-009133",
          "gps-009134",
          "gps-009135",
          "gps-009136",
          "gps-009137",
          "gps-009138",
          "gps-009139",
          "gps-009140",
          "gps-009141",
          "gps-009142",
          "gps-009143",
          "gps-009144",
          "gps-009145",
          "gps-009146",
          "gps-009147",
          "gps-009148",
          "gps-009149",
          "gps-009150",
          "gps-009151",
          "gps-009152",
          "gps-009153",
          "gps-009154",
          "gps-009155",
          "gps-009156",
          "gps-009157",
          "gps-009158",
          "gps-009159",
          "gps-009160",
          "gps-009161",
          "gps-009162",
          "gps-009163",
          "gps-009164",
          "gps-009165",
          "gps-009166",
          "gps-009167",
          "gps-009168",
          "gps-009169",
          "gps-009170",
          "gps-009171",
          "gps-009172",
          "gps-009173",
          "gps-009174",
          "gps-009175",
          "gps-009176",
          "gps-009177",
          "gps-009178",
          "gps-009179",
          "gps-009180",
          "gps-009181",
          "gps-009182",
          "gps-009183",
          "gps-009184",
          "gps-009185",
          "gps-009186",
          "gps-009187",
          "gps-009188",
          "gps-009189",
          "gps-009190",
          "gps-009191",
          "gps-009192",
          "gps-009193",
          "gps-009194",
          "gps-009195",
          "gps-009196",
          "gps-009197",
          "gps-009198",
          "gps-009199",
          "gps-009200",
          "gps-009201",
          "gps-009202",
          "gps-009203",
          "gps-009204",
          "gps-009205",
          "gps-009206",
          "gps-009207",
          "gps-009208",
          "gps-009209",
          "gps-009210",
          "gps-009211",
          "gps-009212",
          "gps-009213",
          "gps-009214",
          "gps-009215",
          "gps-009216",
          "gps-009217",
          "gps-009218",
          "gps-009219",
          "gps-009220",
          "gps-009221",
          "gps-009222",
          "gps-009223",
          "gps-009224",
          "gps-009225",
          "gps-009226",
          "gps-009227",
          "gps-009228",
          "gps-009229",
          "gps-009230",
          "gps-009231",
          "gps-009232",
          "gps-009233",
          "gps-009234",
          "gps-009235",
          "gps-009236",
          "gps-009237",
          "gps-009238",
          "gps-009239",
          "gps-009240",
          "gps-009241",
          "gps-009242",
          "gps-009243",
          "gps-009244",
          "gps-009245",
          "gps-009246",
          "gps-009247",
          "gps-009248",
          "gps-009249",
          "gps-009250",
          "gps-009251",
          "gps-009252",
          "gps-009253",
          "gps-009254",
          "gps-009255",
          "gps-009256",
          "gps-009257",
          "gps-009258",
          "gps-009259",
          "gps-009260",
          "gps-009261",
          "gps-009262",
          "gps-009263",
          "gps-009264",
          "gps-009265",
          "gps-009266",
          "gps-009267",
          "gps-009268",
          "gps-009269",
          "gps-009270",
          "gps-009271",
          "gps-009272",
          "gps-009273",
          "gps-009274",
          "gps-009275",
          "gps-009276",
          "gps-009277",
          "gps-009278",
          "gps-009279",
          "gps-009280",
          "gps-009281",
          "gps-009282",
          "gps-009283",
          "gps-009284",
          "gps-009285",
          "gps-009286",
          "gps-009287",
          "gps-009288",
          "gps-009289",
          "gps-009290",
          "gps-009291",
          "gps-009292",
          "gps-009293",
          "gps-009294",
          "gps-009295",
          "gps-009296",
          "gps-009297",
          "gps-009298",
          "gps-009299",
          "gps-009300",
          "gps-009301",
          "gps-009302",
          "gps-009303",
          "gps-009304",
          "gps-009305",
          "gps-009306",
          "gps-009307",
          "gps-009308",
          "gps-009309",
          "gps-009310",
          "gps-009311",
          "gps-009312",
          "gps-009313",
          "gps-009314",
          "gps-009315",
          "gps-009316",
          "gps-009317",
          "gps-009318",
          "gps-009319",
          "gps-009320",
          "gps-009321",
          "gps-009322",
          "gps-009323",
          "gps-009324",
          "gps-009325",
          "gps-009326",
          "gps-009327",
          "gps-009328",
          "gps-009329",
          "gps-009330",
          "gps-009331",
          "gps-009332",
          "gps-009333",
          "gps-009334",
          "gps-009335",
          "gps-009336",
          "gps-009337",
          "gps-009338",
          "gps-009339",
          "gps-009340",
          "gps-009341",
          "gps-009342",
          "gps-009343",
          "gps-009344",
          "gps-009345",
          "gps-009346",
          "gps-009347",
          "gps-009348",
          "gps-009349",
          "gps-009350",
          "gps-009351",
          "gps-009352",
          "gps-009353",
          "gps-009354",
          "gps-009355",
          "gps-009356",
          "gps-009357",
          "gps-009358",
          "gps-009359",
          "gps-009360",
          "gps-009361",
          "gps-009362",
          "gps-009363",
          "gps-009364",
          "gps-009365",
          "gps-009366",
          "gps-009367",
          "gps-009368",
          "gps-009369",
          "gps-009370",
          "gps-009371",
          "gps-009372",
          "gps-009373",
          "gps-009374",
          "gps-009375",
          "gps-009376",
          "gps-009377",
          "gps-009378",
          "gps-009379",
          "gps-009380",
          "gps-009381",
          "gps-009382",
          "gps-009383",
          "gps-009384",
          "gps-009385",
          "gps-009386",
          "gps-009387",
          "gps-009388",
          "gps-009389",
          "gps-009390",
          "gps-009391",
          "gps-009392",
          "gps-009393",
          "gps-009394",
          "gps-009395",
          "gps-009396",
          "gps-009397",
          "gps-009398",
          "gps-009399",
          "gps-009400",
          "gps-009401",
          "gps-009402",
          "gps-009403",
          "gps-009404",
          "gps-009405",
          "gps-009406",
          "gps-009407"
        ],
        "no_artificial_relocation_connector": true
      }
    },
    {
      "type": "Feature",
      "geometry": {
        "type": "LineString",
        "coordinates": [
          [
            -87.09062088299414,
            30.48932894873538
          ],
          [
            -87.09069340992147,
            30.489308634467676
          ],
          [
            -87.09073593948509,
            30.489312930942173
          ],
          [
            -87.09074397211504,
            30.48930386289954
          ],
          [
            -87.09075392447657,
            30.489305522897705
          ],
          [
            -87.09076604967959,
            30.489310997798125
          ],
          [
            -87.09077087103508,
            30.489306965572805
          ],
          [
            -87.09077736189116,
            30.48930853077597
          ],
          [
            -87.09078062437699,
            30.489307444493008
          ],
          [
            -87.09078197341515,
            30.489306603723445
          ],
          [
            -87.09078197373681,
            30.489307093153236
          ],
          [
            -87.09078928763837,
            30.489308054748662
          ],
          [
            -87.0908038650935,
            30.489314709267894
          ],
          [
            -87.09080389946938,
            30.489314721561517
          ],
          [
            -87.0908065168588,
            30.48931549328449
          ],
          [
            -87.09081102814692,
            30.48931331012283
          ],
          [
            -87.0908108806795,
            30.489312810865705
          ],
          [
            -87.0908118126637,
            30.489314524561586
          ],
          [
            -87.09081648077719,
            30.489316244095
          ],
          [
            -87.09082034188305,
            30.48931709880382
          ],
          [
            -87.09082043814728,
            30.48931712091291
          ],
          [
            -87.09082044617985,
            30.489317122757765
          ],
          [
            -87.09082564281948,
            30.489320559036308
          ],
          [
            -87.09082572452705,
            30.489320924417544
          ],
          [
            -87.09082597854935,
            30.48932093598147
          ],
          [
            -87.09082614304525,
            30.489320977671348
          ],
          [
            -87.09082614620556,
            30.48932102040616
          ],
          [
            -87.09082622757492,
            30.489321020455748
          ],
          [
            -87.0908262298296,
            30.489321020459617
          ],
          [
            -87.09082623018443,
            30.48932102046022
          ],
          [
            -87.09082639612957,
            30.489321061941784
          ],
          [
            -87.09082648018592,
            30.489321062340206
          ],
          [
            -87.09082648155483,
            30.48932106236764
          ],
          [
            -87.09084989060185,
            30.48932854072827
          ],
          [
            -87.0908529669783,
            30.48932898293883
          ],
          [
            -87.09085379879667,
            30.489327955159656
          ],
          [
            -87.09085177469743,
            30.489330722398318
          ],
          [
            -87.09085462502155,
            30.489331591749437
          ],
          [
            -87.09085464389227,
            30.489331042124583
          ],
          [
            -87.09085481943931,
            30.489330832540443
          ],
          [
            -87.09085420806043,
            30.48933163025448
          ],
          [
            -87.09085551464227,
            30.489331685606793
          ],
          [
            -87.09085399712033,
            30.489332832730014
          ],
          [
            -87.09085670568997,
            30.489332682814766
          ],
          [
            -87.09085643170025,
            30.489331403873276
          ],
          [
            -87.09085690894966,
            30.48933227169542
          ],
          [
            -87.09084790236334,
            30.48932607813158
          ],
          [
            -87.0908547513985,
            30.489323683130863
          ],
          [
            -87.09087239150566,
            30.4893155847027
          ],
          [
            -87.09085468966852,
            30.489311083836434
          ],
          [
            -87.09085571455296,
            30.48932088238987
          ],
          [
            -87.09085614744748,
            30.489321503568334
          ],
          [
            -87.09085667944534,
            30.48933178109194
          ],
          [
            -87.0908516959622,
            30.48932720512794
          ],
          [
            -87.09084182505562,
            30.48933394968532
          ],
          [
            -87.09082485838982,
            30.489331400962076
          ],
          [
            -87.0908153136932,
            30.489330665673545
          ],
          [
            -87.09080144402517,
            30.489330396848313
          ],
          [
            -87.09079546296469,
            30.48933337073614
          ],
          [
            -87.09079445584244,
            30.48934618948068
          ],
          [
            -87.09080466940274,
            30.489360317844298
          ],
          [
            -87.09080987820614,
            30.489358225465864
          ],
          [
            -87.09080775663637,
            30.48935131913154
          ],
          [
            -87.0908074345261,
            30.489359470889195
          ],
          [
            -87.0908290280005,
            30.489366959799987
          ],
          [
            -87.09084385871292,
            30.48937035832963
          ],
          [
            -87.09085881368893,
            30.489367292947502
          ],
          [
            -87.09085309391921,
            30.48935043657345
          ],
          [
            -87.09084655303568,
            30.4893505711222
          ],
          [
            -87.09084592121418,
            30.48935148147985
          ],
          [
            -87.09085096472796,
            30.48934569910404
          ],
          [
            -87.09085545507952,
            30.48934138722441
          ],
          [
            -87.09086594753951,
            30.489340869307618
          ],
          [
            -87.09087018309548,
            30.489341057006783
          ],
          [
            -87.09087231763648,
            30.48933872457931
          ],
          [
            -87.09087772834093,
            30.489337304148254
          ],
          [
            -87.09087927645572,
            30.489335816731874
          ],
          [
            -87.09088317131095,
            30.489334300286416
          ],
          [
            -87.09087943460352,
            30.489331227634416
          ],
          [
            -87.09088394582358,
            30.489328019610205
          ],
          [
            -87.09088505202726,
            30.489329329821185
          ],
          [
            -87.0908814726511,
            30.48932788096292
          ],
          [
            -87.0908798577143,
            30.489330950740815
          ],
          [
            -87.090871534871,
            30.489332621393427
          ],
          [
            -87.0908750710025,
            30.489333883249802
          ],
          [
            -87.09087286179961,
            30.489337462355596
          ],
          [
            -87.09087074011917,
            30.48933328932994
          ],
          [
            -87.09086901957461,
            30.489335703672403
          ],
          [
            -87.09086834462074,
            30.48933538440737
          ],
          [
            -87.09087198523686,
            30.489334729393832
          ],
          [
            -87.09087286138444,
            30.489331329132767
          ],
          [
            -87.09087240711946,
            30.48933072197427
          ],
          [
            -87.0908726927068,
            30.4893275912779
          ],
          [
            -87.09087489480665,
            30.48932535147741
          ],
          [
            -87.09087545440337,
            30.48932622091047
          ],
          [
            -87.09087583553911,
            30.489330248176667
          ],
          [
            -87.09088259826856,
            30.48931643123595
          ],
          [
            -87.09089286462196,
            30.48932585227501
          ],
          [
            -87.09088853021072,
            30.489333702688427
          ],
          [
            -87.09089138264252,
            30.489333706995662
          ],
          [
            -87.09089229555912,
            30.489335372530338
          ],
          [
            -87.09088944563595,
            30.48933162429933
          ],
          [
            -87.09089198777362,
            30.489333812999963
          ],
          [
            -87.09089477990241,
            30.489336392451154
          ],
          [
            -87.09089825374973,
            30.48933570922625
          ],
          [
            -87.09089431460973,
            30.489338679468297
          ],
          [
            -87.09089088031047,
            30.489341173358945
          ],
          [
            -87.09089233222556,
            30.48934273255294
          ],
          [
            -87.09089422253884,
            30.48934368652871
          ],
          [
            -87.09089476742793,
            30.48934509458275
          ],
          [
            -87.0908981207112,
            30.48934507458048
          ],
          [
            -87.09090481833798,
            30.48934501269733
          ],
          [
            -87.0909023238551,
            30.48934824421876
          ],
          [
            -87.09090444544061,
            30.489341705363227
          ],
          [
            -87.09090642627274,
            30.489336556029603
          ],
          [
            -87.0909092927149,
            30.4893298067944
          ],
          [
            -87.09090419097373,
            30.489325202513086
          ],
          [
            -87.09090209251208,
            30.489330001867447
          ],
          [
            -87.09090537460054,
            30.48933896886394
          ],
          [
            -87.09090183561716,
            30.489342271247576
          ],
          [
            -87.0908939449123,
            30.489344816379006
          ],
          [
            -87.09089163778287,
            30.489345059537673
          ],
          [
            -87.09088840999502,
            30.489339187192105
          ],
          [
            -87.09088715986113,
            30.489339212502056
          ],
          [
            -87.09088319186324,
            30.48933199019767
          ],
          [
            -87.09088002672569,
            30.489331722102875
          ],
          [
            -87.0908806627016,
            30.489328540301404
          ],
          [
            -87.09088174729517,
            30.489328059640968
          ],
          [
            -87.09088300459184,
            30.48931371463981
          ],
          [
            -87.09088371778763,
            30.48930856812535
          ],
          [
            -87.09088793449047,
            30.48930166860495
          ],
          [
            -87.09089030288976,
            30.489285975338614
          ],
          [
            -87.09089503953622,
            30.489279483856503
          ],
          [
            -87.09089225745008,
            30.48927167725543
          ],
          [
            -87.09089369508277,
            30.48925714099048
          ],
          [
            -87.09090889699151,
            30.48924358174806
          ],
          [
            -87.09091476818631,
            30.48925460568778
          ],
          [
            -87.0909105649082,
            30.489250981438776
          ],
          [
            -87.09090410217318,
            30.48925473710917
          ],
          [
            -87.09089833392426,
            30.489261989684426
          ],
          [
            -87.09089303654063,
            30.48927226900388
          ],
          [
            -87.0908840062932,
            30.48928875024476
          ],
          [
            -87.09088285508352,
            30.489305650601636
          ],
          [
            -87.09088126346495,
            30.489317524195748
          ],
          [
            -87.09088301721673,
            30.489320209906396
          ],
          [
            -87.0908849079083,
            30.48932481302437
          ],
          [
            -87.090892087443,
            30.48932602569595
          ],
          [
            -87.09089376486314,
            30.489332065323907
          ],
          [
            -87.09089304905838,
            30.489338757877025
          ],
          [
            -87.09089085140545,
            30.489342016778448
          ],
          [
            -87.09089086634249,
            30.489342059804407
          ],
          [
            -87.09089046264425,
            30.4893418427712
          ],
          [
            -87.09089104777024,
            30.489340798978343
          ],
          [
            -87.09089092051818,
            30.489341469341447
          ],
          [
            -87.09089242238028,
            30.48933885341887
          ],
          [
            -87.0908929080922,
            30.489339429984437
          ],
          [
            -87.09089283323546,
            30.48933583555974
          ],
          [
            -87.09089481823773,
            30.489336488176317
          ],
          [
            -87.09090252448783,
            30.489336821322073
          ],
          [
            -87.09089322929738,
            30.489341117604543
          ],
          [
            -87.09088635920808,
            30.489339823226416
          ],
          [
            -87.09088796758421,
            30.48934047428998
          ],
          [
            -87.09088362757701,
            30.489340926534556
          ],
          [
            -87.09088287643722,
            30.489343781393163
          ],
          [
            -87.09088010495567,
            30.489344389944005
          ],
          [
            -87.09087450426973,
            30.4893444069368
          ],
          [
            -87.09087294499597,
            30.4893374840731
          ],
          [
            -87.09086960611504,
            30.48933912598773
          ],
          [
            -87.09086854010205,
            30.489333020370168
          ],
          [
            -87.09086964467998,
            30.48933691889759
          ],
          [
            -87.09087352863506,
            30.489340276480274
          ],
          [
            -87.09087366027458,
            30.4893353590308
          ],
          [
            -87.09087557906149,
            30.48933366912581
          ],
          [
            -87.09087567293021,
            30.48933436940044
          ],
          [
            -87.09087705455774,
            30.48933287444685
          ],
          [
            -87.0908777728018,
            30.489330894388885
          ],
          [
            -87.09088150416648,
            30.489330278898866
          ],
          [
            -87.09087466609128,
            30.489329714391477
          ],
          [
            -87.09087313888517,
            30.48933002069724
          ],
          [
            -87.0908680705738,
            30.489332418883173
          ],
          [
            -87.0908680705738,
            30.489332418883173
          ],
          [
            -87.0908680705738,
            30.489332418883166
          ],
          [
            -87.0908702235366,
            30.489327924746195
          ],
          [
            -87.09087032444151,
            30.489327991187295
          ],
          [
            -87.09087032444148,
            30.489327991187295
          ],
          [
            -87.09087173279131,
            30.48932881166615
          ],
          [
            -87.0908717327913,
            30.48932881166615
          ],
          [
            -87.0908690369738,
            30.48932197938364
          ],
          [
            -87.0908869839762,
            30.489306177627068
          ],
          [
            -87.09088382430994,
            30.489309811158236
          ],
          [
            -87.09088370184243,
            30.489313458837454
          ],
          [
            -87.09088376380402,
            30.489313552100548
          ],
          [
            -87.09088583937822,
            30.489308266138554
          ],
          [
            -87.09088583937823,
            30.489308266138554
          ],
          [
            -87.09088009025153,
            30.48931319056421
          ],
          [
            -87.09088028425501,
            30.489315218722517
          ],
          [
            -87.09088285758126,
            30.489318619915455
          ],
          [
            -87.09087885726703,
            30.489317803621148
          ],
          [
            -87.0908751837765,
            30.489313328891726
          ],
          [
            -87.0908751837765,
            30.489313328891726
          ],
          [
            -87.0908715891176,
            30.489318595805592
          ],
          [
            -87.09087297351776,
            30.48932026997877
          ],
          [
            -87.09086831320714,
            30.48931948483295
          ],
          [
            -87.0908693499056,
            30.489324768645577
          ],
          [
            -87.09086269297796,
            30.489329160294922
          ],
          [
            -87.09085937860038,
            30.489326330980198
          ],
          [
            -87.09085481705566,
            30.489325318819088
          ],
          [
            -87.09085478974391,
            30.48932530633354
          ],
          [
            -87.09085766259237,
            30.48932571100494
          ],
          [
            -87.09085761548006,
            30.489325669263597
          ],
          [
            -87.09086202231047,
            30.48932130961732
          ],
          [
            -87.09086383337853,
            30.489323933333452
          ],
          [
            -87.09086269971195,
            30.48933168410089
          ],
          [
            -87.09086012152292,
            30.48933733798928
          ],
          [
            -87.09086014241792,
            30.48933757771221
          ],
          [
            -87.09086014241792,
            30.489337577712202
          ],
          [
            -87.09086794480551,
            30.489343749627892
          ],
          [
            -87.09086889111605,
            30.489344040968987
          ],
          [
            -87.09086838320155,
            30.48934526957008
          ],
          [
            -87.09086676945488,
            30.489345581887058
          ],
          [
            -87.09086793616642,
            30.489344683053464
          ],
          [
            -87.09086360012782,
            30.489346882544858
          ],
          [
            -87.09086360012782,
            30.48934688254485
          ],
          [
            -87.0908662756424,
            30.489347016945825
          ],
          [
            -87.09086603707402,
            30.489346045775104
          ],
          [
            -87.09086672890476,
            30.489341620076203
          ],
          [
            -87.09086672890474,
            30.48934162007621
          ],
          [
            -87.09086909844113,
            30.48933421488735
          ],
          [
            -87.09086710894847,
            30.48933087957824
          ],
          [
            -87.09086708795569,
            30.48933077213442
          ],
          [
            -87.09086708795567,
            30.48933077213442
          ],
          [
            -87.09086625600486,
            30.489321804386954
          ],
          [
            -87.09086382021856,
            30.489322106475782
          ],
          [
            -87.09086099654274,
            30.489319864942576
          ],
          [
            -87.09086104320895,
            30.489319943582004
          ],
          [
            -87.0908610432089,
            30.489319943582
          ],
          [
            -87.0908596975314,
            30.489316441418776
          ],
          [
            -87.09085967310114,
            30.489316341932902
          ],
          [
            -87.09085967310114,
            30.489316341932902
          ],
          [
            -87.09085967310116,
            30.48931634193291
          ],
          [
            -87.09085967310115,
            30.489316341932895
          ],
          [
            -87.09085967310115,
            30.489316341932902
          ],
          [
            -87.09085967310115,
            30.489316341932902
          ],
          [
            -87.09085967310116,
            30.48931634193291
          ],
          [
            -87.0908596731012,
            30.489316341932824
          ],
          [
            -87.09085967310114,
            30.48931634193283
          ],
          [
            -87.09085967310115,
            30.489316341932895
          ],
          [
            -87.09085967310115,
            30.489316341932902
          ],
          [
            -87.09085967310115,
            30.48931634193291
          ],
          [
            -87.09085967310115,
            30.48931634193291
          ],
          [
            -87.09085967310115,
            30.489316341932895
          ],
          [
            -87.09085967310116,
            30.489316341932902
          ],
          [
            -87.09085967310115,
            30.489316341932902
          ],
          [
            -87.09085075140226,
            30.489308961190734
          ],
          [
            -87.09085137796185,
            30.489306794593947
          ],
          [
            -87.09085248438991,
            30.48930528667159
          ],
          [
            -87.0908532190011,
            30.489310054854894
          ],
          [
            -87.09085603749385,
            30.489311229545827
          ],
          [
            -87.09085616641022,
            30.489312802519535
          ],
          [
            -87.09085255871034,
            30.489310661028597
          ],
          [
            -87.09085255835724,
            30.489310525191367
          ],
          [
            -87.09085255835724,
            30.489310525191367
          ],
          [
            -87.09085912360507,
            30.489314004724825
          ],
          [
            -87.09085912360507,
            30.489314004724825
          ],
          [
            -87.0908569359464,
            30.48931686462148
          ],
          [
            -87.09085476075069,
            30.48931805651593
          ],
          [
            -87.0908511409685,
            30.489318750070186
          ],
          [
            -87.09084819120193,
            30.489321214092694
          ],
          [
            -87.09084819120193,
            30.489321214092687
          ],
          [
            -87.09083703836572,
            30.489330237205127
          ],
          [
            -87.09083850732213,
            30.489333854261435
          ],
          [
            -87.09084126024453,
            30.489333876543263
          ],
          [
            -87.0908412602445,
            30.489333876543263
          ],
          [
            -87.09084126024453,
            30.489333876543263
          ],
          [
            -87.09084126024452,
            30.489333876543263
          ],
          [
            -87.0908412602445,
            30.489333876543263
          ],
          [
            -87.09084332535149,
            30.489322402296914
          ],
          [
            -87.09084332535151,
            30.489322402296914
          ],
          [
            -87.09084105693337,
            30.48931899238508
          ],
          [
            -87.09083997876378,
            30.489318555379604
          ],
          [
            -87.09083887266605,
            30.48932469439911
          ],
          [
            -87.09083780593019,
            30.489326944177357
          ],
          [
            -87.09083780593019,
            30.489326944177357
          ],
          [
            -87.0908363743728,
            30.489327693907043
          ],
          [
            -87.09083637437283,
            30.48932769390705
          ],
          [
            -87.09083637437281,
            30.489327693907043
          ],
          [
            -87.09083637437281,
            30.48932769390705
          ],
          [
            -87.09083637437281,
            30.48932769390705
          ],
          [
            -87.09083379689524,
            30.489320995396355
          ],
          [
            -87.0908353630161,
            30.489323102250978
          ],
          [
            -87.09083534487196,
            30.48932305279897
          ],
          [
            -87.09083534487199,
            30.489323052798976
          ],
          [
            -87.09084913221739,
            30.489323130905092
          ],
          [
            -87.09085738475586,
            30.48931869794277
          ],
          [
            -87.09085860184409,
            30.48931787521533
          ],
          [
            -87.0908586018441,
            30.489317875215338
          ],
          [
            -87.09085667567098,
            30.48931882365511
          ],
          [
            -87.0908541837889,
            30.48932115705189
          ],
          [
            -87.09085418378892,
            30.489321157051897
          ],
          [
            -87.09085418378892,
            30.489321157051897
          ],
          [
            -87.09085418378892,
            30.4893211570519
          ],
          [
            -87.09085418378892,
            30.48932115705189
          ],
          [
            -87.09085576213799,
            30.489326469843196
          ],
          [
            -87.09085363238334,
            30.489325971553143
          ],
          [
            -87.09085470530097,
            30.489325927368693
          ],
          [
            -87.0908565127435,
            30.489323560903458
          ],
          [
            -87.09085244780474,
            30.489325046742255
          ],
          [
            -87.09085088856239,
            30.48932273028339
          ],
          [
            -87.09085064741903,
            30.489322618470837
          ],
          [
            -87.09085064741903,
            30.489322618470837
          ],
          [
            -87.09085064741903,
            30.489322618470837
          ],
          [
            -87.09085064741903,
            30.489322618470837
          ],
          [
            -87.09085064803338,
            30.489322618586943
          ],
          [
            -87.09085064798779,
            30.489322618578328
          ],
          [
            -87.09085064794111,
            30.489322618569506
          ],
          [
            -87.09085064743877,
            30.48932261847457
          ],
          [
            -87.09085637796991,
            30.48932733370439
          ],
          [
            -87.09085637797239,
            30.48932733370686
          ],
          [
            -87.09085637797247,
            30.489327333706942
          ],
          [
            -87.09085637797247,
            30.48932733370695
          ],
          [
            -87.09085637797247,
            30.48932733370695
          ],
          [
            -87.09085637797247,
            30.48932733370695
          ],
          [
            -87.09085043873264,
            30.489320994873065
          ],
          [
            -87.09085040037336,
            30.489320899928547
          ],
          [
            -87.09085317688194,
            30.489323423604038
          ],
          [
            -87.09085319091726,
            30.48932350992353
          ],
          [
            -87.09085319091726,
            30.489323509923537
          ],
          [
            -87.09085319091726,
            30.48932350992353
          ],
          [
            -87.09085319091726,
            30.489323509923537
          ],
          [
            -87.09085319091723,
            30.489323509923523
          ],
          [
            -87.09085319091726,
            30.48932350992353
          ],
          [
            -87.09085319091723,
            30.48932350992353
          ],
          [
            -87.0908731798917,
            30.489308044201714
          ],
          [
            -87.09086691222905,
            30.489309597224352
          ],
          [
            -87.09086568988839,
            30.489310995662763
          ],
          [
            -87.09086406854703,
            30.489310915028387
          ],
          [
            -87.09086306442708,
            30.48931086407222
          ],
          [
            -87.0908506664537,
            30.48931453632426
          ],
          [
            -87.09084923322273,
            30.48931544078361
          ],
          [
            -87.09085018539206,
            30.489316448472216
          ],
          [
            -87.09084957282145,
            30.489317155288525
          ],
          [
            -87.09084694750642,
            30.489319576832017
          ],
          [
            -87.09084848624936,
            30.48932038598225
          ],
          [
            -87.09084278933703,
            30.489325302395578
          ],
          [
            -87.09083957839815,
            30.489325193622577
          ],
          [
            -87.09083957839815,
            30.489325193622577
          ],
          [
            -87.09083994847455,
            30.489323984392577
          ],
          [
            -87.09083380335655,
            30.48932305735647
          ],
          [
            -87.09083817589239,
            30.489322225479803
          ],
          [
            -87.09083643514234,
            30.48932307693768
          ],
          [
            -87.09084217583725,
            30.489319099887524
          ],
          [
            -87.09085098194598,
            30.48931672157824
          ],
          [
            -87.09084995819876,
            30.48932596259494
          ],
          [
            -87.09085363825879,
            30.48932395340512
          ],
          [
            -87.09085534060767,
            30.48932095576251
          ],
          [
            -87.09085980486113,
            30.48932716866951
          ],
          [
            -87.09086476542207,
            30.48932871896253
          ],
          [
            -87.09087042976896,
            30.48933091675849
          ],
          [
            -87.09087042976896,
            30.48933091675849
          ],
          [
            -87.09087042976896,
            30.48933091675849
          ],
          [
            -87.09087450140358,
            30.4893316903638
          ],
          [
            -87.0908744636016,
            30.48933168401502
          ],
          [
            -87.0908744636016,
            30.48933168401502
          ],
          [
            -87.09087446360158,
            30.48933168401502
          ],
          [
            -87.09087446360157,
            30.489331684015013
          ],
          [
            -87.09087446360158,
            30.48933168401502
          ],
          [
            -87.09087446360157,
            30.489331684015013
          ],
          [
            -87.09087446360158,
            30.48933168401502
          ],
          [
            -87.09087446360158,
            30.48933168401502
          ],
          [
            -87.09087446360161,
            30.48933168401502
          ],
          [
            -87.09087446360158,
            30.48933168401502
          ],
          [
            -87.09087446360157,
            30.489331684015013
          ],
          [
            -87.09087446360157,
            30.489331684015013
          ],
          [
            -87.09087446360157,
            30.48933168401502
          ],
          [
            -87.0908744636016,
            30.489331684015028
          ],
          [
            -87.09085080601986,
            30.48933792345102
          ],
          [
            -87.09085080200339,
            30.48933851401477
          ],
          [
            -87.09085080200339,
            30.48933851401477
          ],
          [
            -87.09085080200339,
            30.48933851401477
          ],
          [
            -87.0908508020034,
            30.48933851401477
          ],
          [
            -87.09085038820457,
            30.48933392953132
          ],
          [
            -87.09085231499445,
            30.489332065981564
          ],
          [
            -87.0908522818656,
            30.48933303470474
          ],
          [
            -87.09085281615212,
            30.489333552778064
          ],
          [
            -87.09085431678342,
            30.489333090572288
          ],
          [
            -87.0908528827255,
            30.48933246317464
          ],
          [
            -87.0908590614402,
            30.489286508977862
          ],
          [
            -87.09085906147048,
            30.48928650894103
          ],
          [
            -87.0908590614402,
            30.489286508977862
          ],
          [
            -87.09084291080217,
            30.489319384747173
          ],
          [
            -87.09084166684767,
            30.4893171893883
          ],
          [
            -87.09084248557905,
            30.489316790288832
          ],
          [
            -87.0908427392908,
            30.489323187254985
          ],
          [
            -87.09084031170286,
            30.489326208665297
          ],
          [
            -87.09083846809997,
            30.48932943913829
          ],
          [
            -87.09083729452801,
            30.489330070453214
          ],
          [
            -87.09083854721911,
            30.489329112349264
          ],
          [
            -87.09083652250779,
            30.48932864614639
          ],
          [
            -87.09083644731238,
            30.48932650568298
          ],
          [
            -87.09083535982384,
            30.489324958529938
          ],
          [
            -87.09083351894388,
            30.489326887304763
          ],
          [
            -87.09083351925717,
            30.489326887348273
          ],
          [
            -87.09083277278835,
            30.489325721664194
          ],
          [
            -87.09083276811862,
            30.489323382121064
          ],
          [
            -87.09083101890167,
            30.489321659944853
          ],
          [
            -87.09082667663631,
            30.489319775041054
          ],
          [
            -87.09082531675612,
            30.489317139466777
          ],
          [
            -87.09082489177568,
            30.48931649826916
          ],
          [
            -87.09082613853676,
            30.489314620128123
          ],
          [
            -87.09082498021117,
            30.489309194224454
          ],
          [
            -87.0908209313131,
            30.489293492922616
          ],
          [
            -87.09082020995513,
            30.48929191853464
          ],
          [
            -87.09081826739673,
            30.489300065702338
          ],
          [
            -87.09081734538738,
            30.489301867811516
          ],
          [
            -87.09081709393028,
            30.489302831730384
          ],
          [
            -87.09081709393028,
            30.489303041277967
          ],
          [
            -87.09081751302544,
            30.489303669920695
          ],
          [
            -87.09081809975866,
            30.48930358610166
          ],
          [
            -87.09081818357771,
            30.489303041277967
          ],
          [
            -87.09081826739673,
            30.48930283173038
          ],
          [
            -87.09081826739673,
            30.48930283173038
          ],
          [
            -87.09081826739673,
            30.489302747911346
          ],
          [
            -87.0908147623787,
            30.48929334649093
          ],
          [
            -87.09081016366576,
            30.48928124213089
          ],
          [
            -87.09080842036485,
            30.48927558832486
          ],
          [
            -87.09080976552357,
            30.489270942568425
          ],
          [
            -87.09080584710945,
            30.4892670792645
          ],
          [
            -87.09080455169894,
            30.48927014236292
          ],
          [
            -87.09080037358787,
            30.489267746744147
          ],
          [
            -87.0907918985566,
            30.48926670191273
          ],
          [
            -87.09079185342792,
            30.48926665339366
          ],
          [
            -87.09079418516122,
            30.48926216601381
          ],
          [
            -87.09079354528116,
            30.489264012503977
          ],
          [
            -87.0907865373135,
            30.489266020481242
          ],
          [
            -87.09078559221021,
            30.489267456707818
          ],
          [
            -87.09079288665387,
            30.48927372503149
          ],
          [
            -87.09079471717426,
            30.48927125160899
          ],
          [
            -87.09079313280843,
            30.48926611551051
          ],
          [
            -87.09079126223115,
            30.489261799768283
          ],
          [
            -87.09079094266305,
            30.489257244339843
          ],
          [
            -87.0907860218993,
            30.489252786198023
          ],
          [
            -87.09078612418843,
            30.48925181363733
          ],
          [
            -87.09078612418844,
            30.48925181363734
          ],
          [
            -87.09078898930433,
            30.489252693061076
          ],
          [
            -87.09078591519336,
            30.48925337772849
          ],
          [
            -87.09078646616854,
            30.489254918512845
          ],
          [
            -87.09078568266571,
            30.489257090972064
          ],
          [
            -87.09078534963606,
            30.48925784363585
          ],
          [
            -87.09078472831878,
            30.489258785477382
          ],
          [
            -87.09077878270314,
            30.48926387019973
          ],
          [
            -87.09077146106057,
            30.48925893376768
          ],
          [
            -87.09077757505393,
            30.48926184646402
          ],
          [
            -87.09078044804302,
            30.489264007005556
          ],
          [
            -87.0907852358183,
            30.489265996285752
          ],
          [
            -87.09079463809309,
            30.489269471653955
          ],
          [
            -87.0907965618974,
            30.489268601847495
          ],
          [
            -87.09079391130963,
            30.48927625981908
          ],
          [
            -87.09079074349117,
            30.489280703701343
          ],
          [
            -87.09078536192713,
            30.489288769255758
          ],
          [
            -87.09077479077736,
            30.489297040838963
          ],
          [
            -87.09077270294632,
            30.489301462690086
          ],
          [
            -87.09077770867691,
            30.489304833416845
          ],
          [
            -87.09078325590886,
            30.489311217263033
          ],
          [
            -87.09079899499002,
            30.489306646513413
          ],
          [
            -87.09079727345346,
            30.489300147645437
          ],
          [
            -87.09080071822476,
            30.489298051217755
          ],
          [
            -87.09080166227697,
            30.489297489970866
          ],
          [
            -87.09080745194835,
            30.48929463682397
          ],
          [
            -87.09081727892645,
            30.489294457842316
          ],
          [
            -87.09082090072775,
            30.489296053517574
          ],
          [
            -87.09082674402576,
            30.48929682300844
          ],
          [
            -87.09082799642965,
            30.489297071802632
          ],
          [
            -87.09082960549819,
            30.489295537565887
          ],
          [
            -87.09082996313717,
            30.489300030371776
          ],
          [
            -87.09083248900754,
            30.489300739379697
          ],
          [
            -87.09083112233978,
            30.489302005022154
          ],
          [
            -87.09083738292605,
            30.489300225774937
          ],
          [
            -87.09084121767825,
            30.489300845264346
          ],
          [
            -87.09084598415846,
            30.48929461452488
          ],
          [
            -87.09085266485549,
            30.48929024934406
          ],
          [
            -87.09085310241596,
            30.489288259224942
          ],
          [
            -87.09085498035749,
            30.489287265271674
          ],
          [
            -87.09085425246484,
            30.489284508483387
          ],
          [
            -87.09086064096725,
            30.48928912184077
          ],
          [
            -87.09086229465275,
            30.48928694477081
          ],
          [
            -87.09086083117585,
            30.489290869737005
          ],
          [
            -87.09085316216478,
            30.48929338577488
          ],
          [
            -87.0908495347149,
            30.489297750892117
          ],
          [
            -87.09084163562609,
            30.489300385414143
          ],
          [
            -87.09084164484868,
            30.48930189518344
          ],
          [
            -87.09083875776295,
            30.489303275894326
          ],
          [
            -87.09084175182694,
            30.48930118138218
          ],
          [
            -87.0908443294142,
            30.48929819032259
          ],
          [
            -87.09084316306428,
            30.489294249043315
          ],
          [
            -87.09084226409995,
            30.489293628533275
          ],
          [
            -87.09084226412246,
            30.48929362860715
          ],
          [
            -87.09084272099092,
            30.48929504822912
          ],
          [
            -87.0908485721674,
            30.4892789700261
          ],
          [
            -87.0908480491387,
            30.489271447220986
          ],
          [
            -87.09084752270918,
            30.48926799141365
          ],
          [
            -87.09084215442167,
            30.489281615146997
          ],
          [
            -87.09084261305266,
            30.48928531464986
          ],
          [
            -87.09084348313635,
            30.489285523493052
          ],
          [
            -87.09084298435184,
            30.489285510074684
          ],
          [
            -87.0908407895851,
            30.48928742607851
          ],
          [
            -87.09084096464647,
            30.48928485860338
          ],
          [
            -87.09083879536367,
            30.48928564400379
          ],
          [
            -87.09083446274055,
            30.489292937608557
          ],
          [
            -87.0908300827952,
            30.48929190778138
          ],
          [
            -87.09083256946056,
            30.489294785930074
          ],
          [
            -87.09083518087424,
            30.48930080718336
          ],
          [
            -87.0908344901232,
            30.489303564471108
          ],
          [
            -87.0908346514886,
            30.489303206409353
          ],
          [
            -87.0908346514886,
            30.489303206409353
          ],
          [
            -87.09083429805018,
            30.489311028338594
          ],
          [
            -87.09083013238177,
            30.489303347900385
          ],
          [
            -87.09083403866346,
            30.489294639119596
          ],
          [
            -87.09083943417694,
            30.489290853562633
          ],
          [
            -87.0908413380986,
            30.489295634440417
          ],
          [
            -87.09084011602421,
            30.489291919917417
          ],
          [
            -87.09083816489746,
            30.48929408492817
          ],
          [
            -87.09083444565219,
            30.489294747409918
          ],
          [
            -87.09083160489313,
            30.489292213294355
          ],
          [
            -87.09083157736337,
            30.489292209063972
          ],
          [
            -87.09082720948798,
            30.48928991470551
          ],
          [
            -87.09082314811509,
            30.48928751027422
          ],
          [
            -87.0908300458081,
            30.48928999797193
          ],
          [
            -87.09083197425021,
            30.489294560461857
          ],
          [
            -87.09083017619945,
            30.48929671251033
          ],
          [
            -87.09083336249047,
            30.489298921316774
          ],
          [
            -87.09084160560023,
            30.489294636239553
          ],
          [
            -87.09084444317891,
            30.48929334758993
          ],
          [
            -87.09084774636818,
            30.489290428511154
          ],
          [
            -87.09085133016067,
            30.489296019808865
          ],
          [
            -87.09085115207029,
            30.48929291744078
          ],
          [
            -87.09081944308743,
            30.489290514941285
          ],
          [
            -87.09096501431065,
            30.489307964136394
          ],
          [
            -87.09096502139337,
            30.48930796498537
          ],
          [
            -87.0908091207063,
            30.4893062691091
          ],
          [
            -87.09080795765583,
            30.48930706459143
          ],
          [
            -87.09080753856067,
            30.489307441777072
          ],
          [
            -87.09080678418938,
            30.489307818962715
          ],
          [
            -87.09080670037035,
            30.48930815423884
          ],
          [
            -87.09080820911292,
            30.489309201976738
          ],
          [
            -87.09080879584614,
            30.489309621071897
          ],
          [
            -87.0908092149413,
            30.48931020780512
          ],
          [
            -87.09080485635165,
            30.489307944691262
          ],
          [
            -87.09078851164047,
            30.489309118157706
          ],
          [
            -87.09077250220541,
            30.489309662981412
          ],
          [
            -87.09074961960975,
            30.489303837558708
          ],
          [
            -87.09072900012795,
            30.489296377664886
          ],
          [
            -87.09071171777484,
            30.48928963299934
          ],
          [
            -87.0906972960319,
            30.48928020823605
          ],
          [
            -87.0906897935218,
            30.48927765501201
          ],
          [
            -87.09069665248613,
            30.48928074110416
          ],
          [
            -87.09069378956261,
            30.489283372034087
          ],
          [
            -87.09069825627977,
            30.489285599953845
          ],
          [
            -87.0906706677377,
            30.48928138563789
          ],
          [
            -87.09067726176876,
            30.489287549425864
          ],
          [
            -87.09066031932987,
            30.48929642381703
          ],
          [
            -87.0906730928338,
            30.489300275249914
          ],
          [
            -87.09067778669957,
            30.48930467574909
          ],
          [
            -87.09066961986716,
            30.489307839918865
          ],
          [
            -87.09066932097737,
            30.48930966298146
          ],
          [
            -87.09066246915485,
            30.489312754714025
          ],
          [
            -87.0906660790156,
            30.489321433157112
          ],
          [
            -87.09067731075781,
            30.48933295827319
          ],
          [
            -87.09068510593161,
            30.48934058580564
          ],
          [
            -87.09069941200976,
            30.489343819236897
          ],
          [
            -87.09069983110491,
            30.48934381923689
          ],
          [
            -87.09070234567587,
            30.489344783155754
          ],
          [
            -87.09065914328083,
            30.48930008679261
          ],
          [
            -87.09067307171397,
            30.489312306632318
          ],
          [
            -87.09066708646817,
            30.489318944083937
          ],
          [
            -87.09068163082416,
            30.48930375189678
          ],
          [
            -87.09068007687982,
            30.48930713334211
          ],
          [
            -87.09069234704089,
            30.489303656963592
          ],
          [
            -87.09070281477372,
            30.489298247086445
          ],
          [
            -87.09069930144416,
            30.489299335474833
          ],
          [
            -87.09070419887775,
            30.48928630059779
          ],
          [
            -87.090688052982,
            30.489278958854204
          ],
          [
            -87.09069381131403,
            30.48927230450534
          ],
          [
            -87.09069738579483,
            30.489265530117176
          ],
          [
            -87.09069433606132,
            30.489252041482086
          ],
          [
            -87.09069762437733,
            30.4892582724002
          ],
          [
            -87.09069405431336,
            30.489253802614485
          ],
          [
            -87.09069405431336,
            30.489253802614485
          ],
          [
            -87.0907261913756,
            30.48928298482999
          ],
          [
            -87.09072077427125,
            30.48927512946102
          ],
          [
            -87.09072902538561,
            30.489260433021393
          ],
          [
            -87.09072264808184,
            30.489250036526965
          ],
          [
            -87.09071952877838,
            30.489255039628585
          ],
          [
            -87.09071935937969,
            30.489254952231565
          ],
          [
            -87.09071935937969,
            30.489254952231565
          ],
          [
            -87.09071803884412,
            30.489261475169936
          ],
          [
            -87.09070236073237,
            30.489256016810074
          ],
          [
            -87.09070706588719,
            30.489252146927964
          ],
          [
            -87.09070827165296,
            30.489251461771175
          ],
          [
            -87.09072843895139,
            30.489235157961524
          ],
          [
            -87.09073678675244,
            30.489253617103596
          ],
          [
            -87.09072551756913,
            30.48924315607417
          ],
          [
            -87.09072938234564,
            30.48924379686541
          ],
          [
            -87.09073341803409,
            30.489246204904404
          ],
          [
            -87.0907427834812,
            30.489258273379367
          ],
          [
            -87.09073760844629,
            30.48925935925044
          ],
          [
            -87.09073150984999,
            30.48926936940156
          ],
          [
            -87.09073250668578,
            30.489274119831872
          ],
          [
            -87.09071681432357,
            30.489279974344893
          ],
          [
            -87.09071505473969,
            30.48928085515093
          ],
          [
            -87.09071822787087,
            30.48929073078807
          ],
          [
            -87.09072077899441,
            30.489297130715993
          ],
          [
            -87.0907004224312,
            30.489303078318038
          ],
          [
            -87.09070789150557,
            30.4893151864421
          ],
          [
            -87.09070893969945,
            30.48932293768535
          ],
          [
            -87.09071079964441,
            30.48933221078549
          ],
          [
            -87.09072768474766,
            30.489334287196293
          ],
          [
            -87.09073124163983,
            30.48933710586928
          ],
          [
            -87.09073807340513,
            30.48933796704672
          ],
          [
            -87.09074654908142,
            30.489348498845555
          ],
          [
            -87.09074103060922,
            30.4893505421447
          ],
          [
            -87.09073272803104,
            30.48935087056275
          ],
          [
            -87.09073026360828,
            30.48935741904919
          ],
          [
            -87.09073227059262,
            30.489358432817628
          ],
          [
            -87.09074285177185,
            30.48935737803416
          ],
          [
            -87.0907451408104,
            30.489361798918154
          ],
          [
            -87.09073421624042,
            30.489370537458623
          ],
          [
            -87.09074161334713,
            30.489368181517424
          ],
          [
            -87.09074686087031,
            30.489374996151817
          ],
          [
            -87.0907477953208,
            30.48937489499123
          ],
          [
            -87.0907434449941,
            30.489380621202052
          ],
          [
            -87.09070998046724,
            30.48935830075442
          ],
          [
            -87.09070310596648,
            30.48936637489712
          ],
          [
            -87.09070723544724,
            30.489370777599675
          ],
          [
            -87.09069922415664,
            30.489374825090486
          ],
          [
            -87.0906943687524,
            30.48937883210307
          ],
          [
            -87.09068848051369,
            30.489381568992417
          ],
          [
            -87.09066366607136,
            30.489393349586333
          ],
          [
            -87.09065884178504,
            30.489392024370936
          ],
          [
            -87.09065594161889,
            30.489390426266556
          ],
          [
            -87.09066350785226,
            30.48938496973032
          ],
          [
            -87.09066857499873,
            30.489392809131076
          ],
          [
            -87.09066414869906,
            30.48939492369375
          ],
          [
            -87.09065797299564,
            30.489401634901
          ],
          [
            -87.0906549324069,
            30.489418750242386
          ],
          [
            -87.09065678494616,
            30.489418101970358
          ],
          [
            -87.09066279466556,
            30.489405876916766
          ],
          [
            -87.0906385854354,
            30.489402177607243
          ],
          [
            -87.09063680425525,
            30.489417631404635
          ],
          [
            -87.09061110068802,
            30.48941001851732
          ],
          [
            -87.0905909033104,
            30.489409508213058
          ],
          [
            -87.09058702352169,
            30.489412422485135
          ],
          [
            -87.09059959853784,
            30.489411476799216
          ],
          [
            -87.09061485840533,
            30.489411098665087
          ],
          [
            -87.09059940901953,
            30.489412601170574
          ],
          [
            -87.09058449868024,
            30.489411049920978
          ],
          [
            -87.09057173135352,
            30.489407190903407
          ],
          [
            -87.09057011589186,
            30.489400486454624
          ],
          [
            -87.09055639078197,
            30.489409299454813
          ],
          [
            -87.09054966306437,
            30.489415993950736
          ],
          [
            -87.09054747165884,
            30.489402623863278
          ],
          [
            -87.0905396306161,
            30.489385498608563
          ],
          [
            -87.09054644719727,
            30.489376476115282
          ],
          [
            -87.09055089618326,
            30.489378209599234
          ],
          [
            -87.09055771254202,
            30.489387630675598
          ],
          [
            -87.09055832434696,
            30.489388499827836
          ],
          [
            -87.09055162376796,
            30.489396158212728
          ],
          [
            -87.09054823436813,
            30.48939498158031
          ],
          [
            -87.0905459638153,
            30.489397114332665
          ],
          [
            -87.09053838598734,
            30.489378476926607
          ],
          [
            -87.09052953137088,
            30.489376313059626
          ],
          [
            -87.0905234697742,
            30.48937239544801
          ],
          [
            -87.09051867209816,
            30.489356917460853
          ],
          [
            -87.09052076056378,
            30.48935553322037
          ],
          [
            -87.09052221019274,
            30.489367203004896
          ],
          [
            -87.09052225448504,
            30.48936777723113
          ],
          [
            -87.09051378036895,
            30.489369075315736
          ],
          [
            -87.09051130050001,
            30.489376933516915
          ],
          [
            -87.09051811808058,
            30.48937705217164
          ],
          [
            -87.09051843871676,
            30.489367553432707
          ],
          [
            -87.09051689119114,
            30.489374690011132
          ],
          [
            -87.09052834426647,
            30.48937808460794
          ],
          [
            -87.09052851111532,
            30.489378634650542
          ],
          [
            -87.09052851111532,
            30.489378634650542
          ],
          [
            -87.09053611846383,
            30.489384591052325
          ],
          [
            -87.09053023774376,
            30.48938667796238
          ],
          [
            -87.09051481933918,
            30.48938231662752
          ],
          [
            -87.09050973042542,
            30.489383138565913
          ],
          [
            -87.09050550467971,
            30.48937646703051
          ],
          [
            -87.09050231843364,
            30.489379490296734
          ],
          [
            -87.09051034744326,
            30.48937878751758
          ],
          [
            -87.0905113789677,
            30.489378206127824
          ],
          [
            -87.09051192992746,
            30.489381571781337
          ],
          [
            -87.09051732715339,
            30.489382987009606
          ],
          [
            -87.09051934915213,
            30.48938547422694
          ],
          [
            -87.09051344669415,
            30.489380331829803
          ],
          [
            -87.09050056879417,
            30.489375242810354
          ],
          [
            -87.09050604018347,
            30.4893803827925
          ],
          [
            -87.09050559452358,
            30.489383839393895
          ],
          [
            -87.09050464747858,
            30.489387772028582
          ],
          [
            -87.09050475002394,
            30.489387837574547
          ],
          [
            -87.09050289895644,
            30.489387740187038
          ],
          [
            -87.09050216142477,
            30.489384339953766
          ],
          [
            -87.0904929671963,
            30.489389346514614
          ],
          [
            -87.09048692640188,
            30.489393723474137
          ],
          [
            -87.09048064435832,
            30.489392614428343
          ],
          [
            -87.09048902347979,
            30.48939178193131
          ],
          [
            -87.0904861243325,
            30.489388914227742
          ],
          [
            -87.09048326401307,
            30.48939487844233
          ],
          [
            -87.09047348664653,
            30.489396085094718
          ],
          [
            -87.09047203790057,
            30.48940049067526
          ],
          [
            -87.09047274010268,
            30.48939615373023
          ],
          [
            -87.09047987695844,
            30.489394714455244
          ],
          [
            -87.09047698475513,
            30.4893947437492
          ],
          [
            -87.09046135778252,
            30.489398998597395
          ],
          [
            -87.09045916856704,
            30.489395713416258
          ],
          [
            -87.0904646000745,
            30.489401933755655
          ],
          [
            -87.090466941195,
            30.48939604418043
          ],
          [
            -87.09043619572614,
            30.489395436767108
          ],
          [
            -87.09042964522597,
            30.489397438849227
          ],
          [
            -87.09043167442897,
            30.489397662238844
          ],
          [
            -87.09043167442897,
            30.489397662238844
          ],
          [
            -87.09041130620663,
            30.48938878433294
          ],
          [
            -87.09041130823148,
            30.489385537469897
          ],
          [
            -87.09040626639103,
            30.48938759536544
          ],
          [
            -87.09040752083273,
            30.489385616436646
          ],
          [
            -87.0904058972192,
            30.489384241364707
          ],
          [
            -87.09041422908702,
            30.4893784767048
          ],
          [
            -87.0904141336719,
            30.489373607574823
          ],
          [
            -87.09042118718415,
            30.489368838030952
          ],
          [
            -87.09042622711881,
            30.489368723251175
          ],
          [
            -87.09042865930012,
            30.4893694921377
          ],
          [
            -87.09043124125337,
            30.489370374690303
          ],
          [
            -87.09042842893545,
            30.48936795925845
          ],
          [
            -87.09042728499307,
            30.489366888382875
          ],
          [
            -87.09041089571046,
            30.489367208056752
          ],
          [
            -87.09040933879005,
            30.48936829603109
          ],
          [
            -87.0904169810251,
            30.489367298851757
          ],
          [
            -87.090415493457,
            30.489360208552363
          ],
          [
            -87.0904167920686,
            30.48937217536794
          ],
          [
            -87.09042048034685,
            30.48936878921329
          ],
          [
            -87.09041377746956,
            30.48937160285792
          ],
          [
            -87.0903990555815,
            30.489355859935085
          ],
          [
            -87.09039010801067,
            30.489363789531627
          ],
          [
            -87.09038296333179,
            30.489366071511878
          ],
          [
            -87.09037403539234,
            30.489367460249763
          ],
          [
            -87.09037394965715,
            30.489366501004476
          ],
          [
            -87.09036451557022,
            30.489360001019687
          ],
          [
            -87.0903547931168,
            30.489349276006273
          ],
          [
            -87.09034238751975,
            30.48935402726068
          ],
          [
            -87.09036206889769,
            30.48936657558961
          ],
          [
            -87.09036361506581,
            30.48936685371186
          ],
          [
            -87.09036070520932,
            30.489374744192627
          ],
          [
            -87.09035432429717,
            30.4893725382859
          ],
          [
            -87.09035674956925,
            30.489376252731912
          ],
          [
            -87.09035399676456,
            30.489370211151023
          ],
          [
            -87.09035562087863,
            30.489364131833963
          ],
          [
            -87.09035905016529,
            30.489381371416016
          ],
          [
            -87.0903442854526,
            30.4893876082754
          ],
          [
            -87.09033700517625,
            30.48935571027887
          ],
          [
            -87.09031519209573,
            30.48933836366906
          ],
          [
            -87.09034240235104,
            30.489364638327945
          ],
          [
            -87.09034359009432,
            30.489366273934177
          ],
          [
            -87.09034894432213,
            30.489384068264
          ],
          [
            -87.09034847369861,
            30.489388965599062
          ],
          [
            -87.09034548946708,
            30.48939942426232
          ],
          [
            -87.09033592048122,
            30.48940277511395
          ],
          [
            -87.09033468108593,
            30.489409727930116
          ],
          [
            -87.09032697999969,
            30.489411176329423
          ],
          [
            -87.09034714848713,
            30.489414248559314
          ],
          [
            -87.09036635282578,
            30.48940758046261
          ],
          [
            -87.09036833957458,
            30.489409229467782
          ],
          [
            -87.09037842744031,
            30.489422963498765
          ],
          [
            -87.09037986965279,
            30.48943100276831
          ],
          [
            -87.09038849721775,
            30.489440097044117
          ],
          [
            -87.0903825850565,
            30.489447684477174
          ],
          [
            -87.09037274769321,
            30.48945112916377
          ],
          [
            -87.09038611811596,
            30.489465992520866
          ],
          [
            -87.09038762852401,
            30.48946522366559
          ],
          [
            -87.0903944098588,
            30.489498483381812
          ],
          [
            -87.09041328183488,
            30.48948477848937
          ],
          [
            -87.09036562557468,
            30.489473176813092
          ],
          [
            -87.09035796194884,
            30.48946554771183
          ],
          [
            -87.09035351208868,
            30.48947277105807
          ],
          [
            -87.09035409382663,
            30.489474102209382
          ],
          [
            -87.09035289310559,
            30.489484960992613
          ],
          [
            -87.0903489123181,
            30.489483294289037
          ],
          [
            -87.09033642624256,
            30.48949449510819
          ],
          [
            -87.09032347390652,
            30.489496274702987
          ],
          [
            -87.09033780396271,
            30.48949670414005
          ],
          [
            -87.09033780396271,
            30.48949670414005
          ],
          [
            -87.09034062521906,
            30.489498029204245
          ],
          [
            -87.0903389306128,
            30.489508876812867
          ],
          [
            -87.09034275558696,
            30.48950332551169
          ],
          [
            -87.0903391141503,
            30.4895024632118
          ],
          [
            -87.09032847013978,
            30.489503404596658
          ],
          [
            -87.09031244406158,
            30.4895102199653
          ],
          [
            -87.09030648452925,
            30.489504693722953
          ],
          [
            -87.09030318821404,
            30.489506599697656
          ],
          [
            -87.09029859251122,
            30.48950500756656
          ],
          [
            -87.09029597414867,
            30.489502294163533
          ],
          [
            -87.09029491749666,
            30.48950155045055
          ],
          [
            -87.09030668725292,
            30.48950392741895
          ],
          [
            -87.09031449549084,
            30.489509765195745
          ],
          [
            -87.0903169335845,
            30.489512318786044
          ],
          [
            -87.0903169335845,
            30.489512318786044
          ],
          [
            -87.0903169335845,
            30.489512318786044
          ],
          [
            -87.09030226018328,
            30.48950318436099
          ],
          [
            -87.09031066374227,
            30.489500379063177
          ],
          [
            -87.09031136427082,
            30.48949962806867
          ],
          [
            -87.09030076302378,
            30.489505701283544
          ],
          [
            -87.09030661386323,
            30.48950082897812
          ],
          [
            -87.0903004350831,
            30.48950247499685
          ],
          [
            -87.09029284483499,
            30.489498589279634
          ],
          [
            -87.09028373883937,
            30.489495305658206
          ],
          [
            -87.09029697015272,
            30.48949564842002
          ],
          [
            -87.09030173832295,
            30.48949495197675
          ],
          [
            -87.09030269430826,
            30.489495236521293
          ],
          [
            -87.09030269430826,
            30.489495236521293
          ],
          [
            -87.09030269430826,
            30.489495236521293
          ],
          [
            -87.09030269430826,
            30.489495236521293
          ],
          [
            -87.09030269430826,
            30.489495236521293
          ],
          [
            -87.09030269430826,
            30.489495236521293
          ],
          [
            -87.09030269430826,
            30.489495236521293
          ],
          [
            -87.09031222490812,
            30.489477649823222
          ],
          [
            -87.0903136020905,
            30.48947579569078
          ],
          [
            -87.0903014393271,
            30.489473080817532
          ],
          [
            -87.09028974119863,
            30.48946996947868
          ],
          [
            -87.09027628699084,
            30.489466078015436
          ],
          [
            -87.09027803077967,
            30.489467147403477
          ],
          [
            -87.09027271302529,
            30.48947066231243
          ],
          [
            -87.09027861493222,
            30.489469760209506
          ],
          [
            -87.090280592123,
            30.48947405467107
          ],
          [
            -87.09028273207738,
            30.489479191200495
          ],
          [
            -87.09028103857834,
            30.489490262139533
          ],
          [
            -87.09029314684382,
            30.489488049422828
          ],
          [
            -87.09030621667775,
            30.48948579565846
          ],
          [
            -87.09032060458327,
            30.489483103167757
          ],
          [
            -87.09032060458327,
            30.489483103167757
          ],
          [
            -87.09032060458327,
            30.489483103167757
          ],
          [
            -87.09030651833594,
            30.489498257883824
          ],
          [
            -87.09030718299599,
            30.489495698580928
          ],
          [
            -87.09031323526239,
            30.489498379070167
          ],
          [
            -87.09031198182316,
            30.489491113303007
          ],
          [
            -87.09031465156195,
            30.489493263783014
          ],
          [
            -87.09031490507061,
            30.48949719585452
          ],
          [
            -87.09031490507061,
            30.48949719585452
          ],
          [
            -87.09031490507061,
            30.48949719585452
          ],
          [
            -87.09031490507061,
            30.48949719585452
          ],
          [
            -87.09031582421245,
            30.489502276723375
          ],
          [
            -87.09033466226347,
            30.48949678613988
          ],
          [
            -87.09032345056323,
            30.489496052365446
          ],
          [
            -87.09032935960384,
            30.489501135540145
          ],
          [
            -87.09031738492395,
            30.489512012809655
          ],
          [
            -87.09031634779032,
            30.489515522887224
          ],
          [
            -87.09032131346177,
            30.489518435498315
          ],
          [
            -87.0903143803084,
            30.48951056035358
          ],
          [
            -87.09030390958827,
            30.489505299189588
          ],
          [
            -87.09031712632148,
            30.489506896835927
          ],
          [
            -87.09032025143904,
            30.48949262079483
          ],
          [
            -87.09032658535617,
            30.489504780856265
          ],
          [
            -87.09032756269887,
            30.489505360299507
          ],
          [
            -87.09033158249002,
            30.48950959417373
          ],
          [
            -87.09032990161981,
            30.489505062583458
          ],
          [
            -87.09032561369003,
            30.48949947786142
          ],
          [
            -87.09032621033832,
            30.489499539199564
          ],
          [
            -87.09032621033832,
            30.489499539199564
          ],
          [
            -87.09032621033832,
            30.489499539199564
          ],
          [
            -87.09032621033832,
            30.489499539199564
          ],
          [
            -87.09032674227441,
            30.489505079039475
          ],
          [
            -87.09032699217167,
            30.48950438698984
          ],
          [
            -87.09032769867243,
            30.489509205556658
          ],
          [
            -87.09032805549728,
            30.489506552100856
          ],
          [
            -87.09032690764077,
            30.48950258294555
          ],
          [
            -87.09032657608999,
            30.489501312190363
          ],
          [
            -87.09032757327132,
            30.489501054194232
          ],
          [
            -87.09032757327132,
            30.489501054194232
          ],
          [
            -87.09031882785438,
            30.48951127257143
          ],
          [
            -87.09031161476689,
            30.489511639319506
          ],
          [
            -87.09032040976521,
            30.489512432169278
          ],
          [
            -87.09032764332241,
            30.4895114094204
          ],
          [
            -87.09032846326983,
            30.489513907247034
          ],
          [
            -87.09033117866473,
            30.489515812867733
          ],
          [
            -87.09033132126463,
            30.489515958183745
          ],
          [
            -87.09032788396046,
            30.489513637409093
          ],
          [
            -87.09033079824513,
            30.489519247214133
          ],
          [
            -87.09033563536677,
            30.489523505779392
          ],
          [
            -87.09034871665804,
            30.48952441700311
          ],
          [
            -87.09034556956462,
            30.489523763977335
          ],
          [
            -87.09034556956462,
            30.489523763977335
          ],
          [
            -87.09034556956462,
            30.489523763977335
          ],
          [
            -87.09034556956462,
            30.489523763977335
          ],
          [
            -87.09034556956462,
            30.489523763977335
          ],
          [
            -87.09034556956462,
            30.489523763977335
          ],
          [
            -87.09036908179233,
            30.489527631537538
          ],
          [
            -87.09037063180534,
            30.489528905380254
          ],
          [
            -87.09037996824763,
            30.489527234623907
          ],
          [
            -87.0903827937546,
            30.48952932578629
          ],
          [
            -87.09037401855616,
            30.48953001183888
          ],
          [
            -87.09037423941002,
            30.489530278568473
          ],
          [
            -87.09036951525259,
            30.48953544095366
          ],
          [
            -87.09036951525259,
            30.48953544095366
          ],
          [
            -87.09036951525259,
            30.48953544095366
          ],
          [
            -87.09034153964436,
            30.489527832995865
          ],
          [
            -87.09034409032962,
            30.489534646505906
          ],
          [
            -87.09033041579872,
            30.489540138997555
          ],
          [
            -87.09032708296576,
            30.48954728927304
          ],
          [
            -87.09032405790455,
            30.48955081395665
          ],
          [
            -87.09031808424271,
            30.489545387105412
          ],
          [
            -87.09031891025893,
            30.489545474018687
          ],
          [
            -87.09031734077216,
            30.489544493158427
          ],
          [
            -87.0903103647455,
            30.489544250563434
          ],
          [
            -87.09031943513432,
            30.48954799578315
          ],
          [
            -87.09031802470929,
            30.489548336554115
          ],
          [
            -87.09031858163094,
            30.48954841965837
          ],
          [
            -87.09031595983025,
            30.489547020393847
          ],
          [
            -87.09031595983025,
            30.489547020393847
          ],
          [
            -87.09031595983025,
            30.489547020393847
          ],
          [
            -87.09031595983025,
            30.489547020393847
          ],
          [
            -87.09030525731265,
            30.489552921332034
          ],
          [
            -87.09029714338381,
            30.489556692158548
          ],
          [
            -87.09030919591613,
            30.489549849533635
          ],
          [
            -87.09031026108401,
            30.489539891635683
          ],
          [
            -87.09030858457548,
            30.48953904451233
          ],
          [
            -87.09030467816396,
            30.489539386319002
          ],
          [
            -87.09030056893677,
            30.489534686323765
          ],
          [
            -87.09029707962384,
            30.489534427088376
          ],
          [
            -87.09028684150233,
            30.48954937083849
          ],
          [
            -87.09029443845318,
            30.48954721080378
          ],
          [
            -87.09031453736841,
            30.48956349697566
          ],
          [
            -87.09031362423514,
            30.48956970267904
          ],
          [
            -87.09032179004855,
            30.489575097536893
          ],
          [
            -87.09031729047108,
            30.48957241461429
          ],
          [
            -87.09032464337784,
            30.489574988654287
          ],
          [
            -87.0903273037722,
            30.489581985641507
          ],
          [
            -87.0903162862988,
            30.489574557769625
          ],
          [
            -87.09030973340195,
            30.489575527446146
          ],
          [
            -87.09029956508465,
            30.48958292229846
          ],
          [
            -87.09031568381582,
            30.489584020182875
          ],
          [
            -87.0902952714141,
            30.48958359600927
          ],
          [
            -87.09027472297576,
            30.489574301951798
          ],
          [
            -87.09028467170218,
            30.489576633262267
          ],
          [
            -87.09028467170218,
            30.489576633262267
          ],
          [
            -87.09028467170218,
            30.489576633262267
          ],
          [
            -87.09028467170218,
            30.489576633262267
          ],
          [
            -87.09028467170218,
            30.489576633262267
          ],
          [
            -87.09028467170218,
            30.489576633262267
          ],
          [
            -87.09028467170218,
            30.489576633262267
          ],
          [
            -87.09028467170218,
            30.489576633262267
          ],
          [
            -87.09028467170218,
            30.489576633262267
          ],
          [
            -87.09028467170218,
            30.489576633262267
          ],
          [
            -87.09029794743155,
            30.489562448556963
          ],
          [
            -87.09030088842488,
            30.48955638626526
          ],
          [
            -87.09027269948767,
            30.489556879251378
          ],
          [
            -87.09027461363047,
            30.48956079559461
          ],
          [
            -87.09027438505339,
            30.48956163159692
          ],
          [
            -87.09026920370809,
            30.489556702522037
          ],
          [
            -87.0902803886821,
            30.48956050891825
          ],
          [
            -87.09025331510351,
            30.489544837820933
          ],
          [
            -87.09026459864947,
            30.48956223195855
          ],
          [
            -87.09027364817716,
            30.489574219450482
          ],
          [
            -87.09027749178854,
            30.489572607056175
          ],
          [
            -87.09027895992234,
            30.48957139971504
          ],
          [
            -87.0902532283336,
            30.489564294742287
          ],
          [
            -87.0902621339357,
            30.48956941223353
          ],
          [
            -87.09026113674705,
            30.489581492219624
          ],
          [
            -87.0902598062604,
            30.489595967317644
          ],
          [
            -87.09025173279777,
            30.489600101137587
          ],
          [
            -87.09026894065319,
            30.489604196339105
          ],
          [
            -87.09027282421063,
            30.48959960157051
          ],
          [
            -87.09028315689984,
            30.489619935895078
          ],
          [
            -87.09029259249148,
            30.489623995340455
          ],
          [
            -87.09029613189333,
            30.489630920636486
          ],
          [
            -87.09027518384453,
            30.48962250191241
          ],
          [
            -87.09027518384453,
            30.48962250191241
          ],
          [
            -87.09027518384453,
            30.48962250191241
          ],
          [
            -87.0902713295154,
            30.489644355595214
          ],
          [
            -87.09026510314915,
            30.48964002885828
          ],
          [
            -87.09027726229235,
            30.489642753470353
          ],
          [
            -87.09027788687119,
            30.48964114712979
          ],
          [
            -87.09028168286412,
            30.489643610102892
          ],
          [
            -87.0902823472212,
            30.48964238024427
          ],
          [
            -87.09028471570872,
            30.489642748765828
          ],
          [
            -87.09027319821499,
            30.489641075583464
          ],
          [
            -87.09023737464723,
            30.48965463437355
          ],
          [
            -87.09022754420718,
            30.489635029563853
          ],
          [
            -87.09022635120527,
            30.48964242763678
          ],
          [
            -87.09024891972736,
            30.489634812058537
          ],
          [
            -87.09026362651272,
            30.489628089957687
          ],
          [
            -87.09026362651272,
            30.489628089957687
          ],
          [
            -87.09026037412498,
            30.48962708270325
          ],
          [
            -87.09023880740253,
            30.489627133883065
          ],
          [
            -87.09022954483282,
            30.489625649430824
          ],
          [
            -87.09022784967374,
            30.489629598086548
          ],
          [
            -87.09023513211726,
            30.489619815705396
          ],
          [
            -87.09023784039812,
            30.489622569413903
          ],
          [
            -87.09023550207343,
            30.489624732180328
          ],
          [
            -87.09023550207343,
            30.489624732180328
          ],
          [
            -87.09023550207343,
            30.489624732180328
          ],
          [
            -87.09023550207343,
            30.489624732180328
          ],
          [
            -87.09023550207343,
            30.489624732180328
          ],
          [
            -87.09023550207343,
            30.489624732180328
          ],
          [
            -87.09023550207343,
            30.489624732180328
          ],
          [
            -87.09023550207343,
            30.489624732180328
          ],
          [
            -87.09023550207343,
            30.489624732180328
          ],
          [
            -87.09023550207343,
            30.489624732180328
          ],
          [
            -87.09023550207343,
            30.489624732180328
          ],
          [
            -87.09023550207343,
            30.489624732180328
          ],
          [
            -87.09023550207343,
            30.489624732180328
          ],
          [
            -87.09023550207343,
            30.489624732180328
          ],
          [
            -87.09023550207343,
            30.489624732180328
          ],
          [
            -87.09023550207343,
            30.489624732180328
          ],
          [
            -87.09023550207343,
            30.489624732180328
          ],
          [
            -87.09023550207343,
            30.489624732180328
          ],
          [
            -87.09023550207343,
            30.489624732180328
          ],
          [
            -87.09023550207343,
            30.489624732180328
          ],
          [
            -87.09023550207343,
            30.489624732180328
          ],
          [
            -87.09023550207343,
            30.489624732180328
          ],
          [
            -87.09023550207343,
            30.489624732180328
          ],
          [
            -87.09022622021872,
            30.48962139399879
          ],
          [
            -87.09023019128814,
            30.48962673002151
          ],
          [
            -87.0902305611193,
            30.489627010250274
          ],
          [
            -87.09023890219493,
            30.489626042531192
          ],
          [
            -87.09023904183229,
            30.489625930651716
          ],
          [
            -87.09023904183229,
            30.489625930651716
          ],
          [
            -87.09024018520694,
            30.489635350531064
          ],
          [
            -87.0902213134737,
            30.489639021618437
          ],
          [
            -87.09021751696923,
            30.489675748466198
          ],
          [
            -87.09021751696923,
            30.489675748466198
          ],
          [
            -87.09021505637544,
            30.489674619930444
          ],
          [
            -87.09022663569667,
            30.48967749235704
          ],
          [
            -87.09022515755838,
            30.489677167078888
          ],
          [
            -87.09022189498569,
            30.489677502768448
          ],
          [
            -87.09020718874086,
            30.48969210025783
          ],
          [
            -87.09020718874086,
            30.48969210025783
          ],
          [
            -87.09020362281764,
            30.489709519813495
          ],
          [
            -87.09019834192375,
            30.489693931282325
          ],
          [
            -87.09019775513352,
            30.489688147803943
          ],
          [
            -87.09019641401319,
            30.489686429523832
          ],
          [
            -87.09019741632142,
            30.489683714909717
          ],
          [
            -87.09019967832242,
            30.489675714571007
          ],
          [
            -87.09019817223029,
            30.48967059565267
          ],
          [
            -87.09019632928018,
            30.489667281078344
          ],
          [
            -87.09019490482005,
            30.48966359102472
          ],
          [
            -87.0901938153924,
            30.489661201114895
          ],
          [
            -87.09019331258632,
            30.489659482276025
          ],
          [
            -87.0901931450025,
            30.489658518078492
          ],
          [
            -87.09019314500728,
            30.48965851805404
          ],
          [
            -87.09019281187898,
            30.48965697684069
          ],
          [
            -87.09019089401768,
            30.489657133789414
          ],
          [
            -87.0901836353838,
            30.489654635931235
          ],
          [
            -87.09017900876775,
            30.48965207981751
          ],
          [
            -87.09017648098381,
            30.489650272991184
          ],
          [
            -87.09017396633051,
            30.48964951203602
          ],
          [
            -87.09017195152694,
            30.489649049154853
          ],
          [
            -87.0901713558598,
            30.489648254959707
          ],
          [
            -87.09017118554405,
            30.489647250455263
          ],
          [
            -87.0901717675413,
            30.489646452871852
          ],
          [
            -87.09017127141418,
            30.489646073056278
          ],
          [
            -87.09017201796252,
            30.489648277989087
          ],
          [
            -87.09016902402452,
            30.489650707328316
          ],
          [
            -87.09016221583549,
            30.489651602721338
          ],
          [
            -87.09015777342681,
            30.489650596892968
          ],
          [
            -87.0901548397607,
            30.48965030352636
          ],
          [
            -87.09015224137072,
            30.48964942342653
          ],
          [
            -87.09014997825686,
            30.489648082322024
          ],
          [
            -87.09015006207589,
            30.48964447810365
          ],
          [
            -87.09016673051103,
            30.48963645123469
          ],
          [
            -87.09017357348539,
            30.48963847026215
          ],
          [
            -87.09017403468576,
            30.4896353297928
          ],
          [
            -87.09016840516394,
            30.48962987257935
          ],
          [
            -87.09017178850209,
            30.489625510342904
          ],
          [
            -87.09017021809392,
            30.489617867452218
          ],
          [
            -87.09017152143672,
            30.48961161261033
          ],
          [
            -87.09017002054253,
            30.489603035692756
          ],
          [
            -87.09016272482522,
            30.489600969406652
          ],
          [
            -87.09016366566641,
            30.489598599040598
          ],
          [
            -87.0901659966168,
            30.48960054189406
          ],
          [
            -87.09016402184014,
            30.489604749933527
          ],
          [
            -87.09015835565822,
            30.48960146211525
          ],
          [
            -87.09015431479929,
            30.4895987199756
          ],
          [
            -87.09015414658448,
            30.48959369908979
          ],
          [
            -87.0901490830591,
            30.489598025297965
          ],
          [
            -87.09014767280874,
            30.489595983374834
          ],
          [
            -87.09014474086555,
            30.48958791415362
          ],
          [
            -87.09014931411595,
            30.489583790628025
          ],
          [
            -87.09014845995716,
            30.489586822297742
          ],
          [
            -87.09014342577406,
            30.489587531138014
          ],
          [
            -87.0901397137057,
            30.489584495892316
          ],
          [
            -87.09013797050412,
            30.489575818886898
          ],
          [
            -87.09013581198728,
            30.489575091778136
          ],
          [
            -87.09014559939654,
            30.489576294563633
          ],
          [
            -87.09014563964502,
            30.489571574471846
          ],
          [
            -87.09014287720446,
            30.489565658032774
          ],
          [
            -87.09013926565298,
            30.489559627783137
          ],
          [
            -87.09014289151719,
            30.489556419032056
          ],
          [
            -87.09013846980692,
            30.489559393209156
          ],
          [
            -87.09012376679986,
            30.489558529159183
          ],
          [
            -87.09011573556094,
            30.489553952020472
          ],
          [
            -87.09011179198676,
            30.489558376244887
          ],
          [
            -87.09010522448187,
            30.489561749650683
          ],
          [
            -87.09010420956163,
            30.489561579709797
          ],
          [
            -87.09010272996935,
            30.489569419577297
          ],
          [
            -87.09009694382547,
            30.489574171768954
          ],
          [
            -87.09009255539831,
            30.48958087401497
          ],
          [
            -87.09008829594056,
            30.489582244078704
          ],
          [
            -87.0900821647312,
            30.489580830024856
          ],
          [
            -87.0900813398936,
            30.489582206922048
          ],
          [
            -87.09008310164579,
            30.489582840653185
          ],
          [
            -87.09008649082885,
            30.48957858750938
          ],
          [
            -87.0900919957792,
            30.489576503832374
          ],
          [
            -87.09009624599419,
            30.48957443071747
          ],
          [
            -87.09009742890132,
            30.489575768662256
          ],
          [
            -87.09009798298776,
            30.489566093151424
          ],
          [
            -87.09009077478456,
            30.48955498152134
          ],
          [
            -87.09009277312272,
            30.489552819099863
          ],
          [
            -87.09009702093101,
            30.489555210293755
          ],
          [
            -87.09009880754017,
            30.489554681646528
          ],
          [
            -87.09009432442681,
            30.489549254683677
          ],
          [
            -87.0900916077,
            30.489547904361153
          ],
          [
            -87.09009421971994,
            30.489546613185528
          ],
          [
            -87.0900868858613,
            30.489530233957325
          ],
          [
            -87.09006592910458,
            30.48954038652059
          ],
          [
            -87.09005460369707,
            30.489546470371703
          ],
          [
            -87.09003939784981,
            30.489545221296908
          ],
          [
            -87.09003706159417,
            30.489537507209803
          ],
          [
            -87.09004012066173,
            30.48953845599915
          ],
          [
            -87.09004470915352,
            30.489520573834376
          ],
          [
            -87.09004823422505,
            30.489514159386975
          ],
          [
            -87.09005133994644,
            30.489504042828088
          ],
          [
            -87.09005872501487,
            30.48949855540947
          ],
          [
            -87.09006145142797,
            30.489494141999835
          ],
          [
            -87.0900501760672,
            30.489496008294623
          ],
          [
            -87.09004116462587,
            30.489493335254647
          ],
          [
            -87.09003865101515,
            30.48949099126192
          ],
          [
            -87.09003097711039,
            30.489495319926988
          ],
          [
            -87.090028814061,
            30.489517442007088
          ],
          [
            -87.09002573290847,
            30.48953712917758
          ],
          [
            -87.09003276831278,
            30.489552343083044
          ],
          [
            -87.0900271946267,
            30.489565255172717
          ],
          [
            -87.09002018725658,
            30.489573589409524
          ],
          [
            -87.09002302267096,
            30.48958406493292
          ],
          [
            -87.09003179492296,
            30.489593792745612
          ],
          [
            -87.09004435124308,
            30.489605551867943
          ],
          [
            -87.09004164137926,
            30.489599328262933
          ],
          [
            -87.0900378470198,
            30.48959729030251
          ],
          [
            -87.09003881098494,
            30.48959824188226
          ],
          [
            -87.09004366462463,
            30.489603211601768
          ],
          [
            -87.09004627063368,
            30.489605143389024
          ],
          [
            -87.09004911741457,
            30.48960988513058
          ],
          [
            -87.0900301790659,
            30.489605461629303
          ],
          [
            -87.09002932237871,
            30.48960312165961
          ],
          [
            -87.09002876342872,
            30.489607717832335
          ],
          [
            -87.09002881614083,
            30.48961019518925
          ],
          [
            -87.09002800046089,
            30.48960719616813
          ],
          [
            -87.09003416867034,
            30.489599307757814
          ],
          [
            -87.09002811103966,
            30.489600466966444
          ],
          [
            -87.0900189658045,
            30.48959923965852
          ],
          [
            -87.09001788680399,
            30.48959226028488
          ],
          [
            -87.09001438230223,
            30.489587982077342
          ],
          [
            -87.09001314191127,
            30.48957709819177
          ],
          [
            -87.09001989420311,
            30.489576996638025
          ],
          [
            -87.0900161437738,
            30.489576274792686
          ],
          [
            -87.09001877552943,
            30.48957762162386
          ],
          [
            -87.0900252095447,
            30.48958050855072
          ],
          [
            -87.09001950592945,
            30.4895768960367
          ],
          [
            -87.09002462257592,
            30.489568430622718
          ],
          [
            -87.0900250377792,
            30.489567710104886
          ],
          [
            -87.0900226479545,
            30.489570345902813
          ],
          [
            -87.09002481624307,
            30.489564217451544
          ],
          [
            -87.09002146298567,
            30.489564472255978
          ],
          [
            -87.090022822973,
            30.489561781478283
          ],
          [
            -87.09001012553755,
            30.48956879365063
          ],
          [
            -87.08999815691077,
            30.48958178849861
          ],
          [
            -87.09000892117473,
            30.489577908388846
          ],
          [
            -87.09001092126351,
            30.489582856244326
          ],
          [
            -87.09000986294838,
            30.489582979696735
          ],
          [
            -87.09001132780726,
            30.489588821930134
          ],
          [
            -87.09000488457117,
            30.489589995111416
          ],
          [
            -87.09000522862203,
            30.48957988400015
          ],
          [
            -87.09000469015935,
            30.489587801585056
          ],
          [
            -87.0900024072615,
            30.489597198196336
          ],
          [
            -87.08999935397841,
            30.48960091192279
          ],
          [
            -87.08999734748006,
            30.489603552923345
          ],
          [
            -87.08999468143129,
            30.489602035856787
          ],
          [
            -87.09000230847877,
            30.489617538782614
          ],
          [
            -87.09000482666208,
            30.48962896358031
          ],
          [
            -87.0900240751734,
            30.489629865249267
          ],
          [
            -87.09002900959088,
            30.48962715736522
          ],
          [
            -87.09003603512049,
            30.48962864619583
          ],
          [
            -87.09004343864146,
            30.489631217288483
          ],
          [
            -87.09006453472323,
            30.4896310309379
          ],
          [
            -87.09007022827132,
            30.48962518669742
          ],
          [
            -87.09007529840382,
            30.489616348035398
          ],
          [
            -87.09008597053031,
            30.489610167784477
          ],
          [
            -87.09008585759241,
            30.489611562781906
          ],
          [
            -87.09009325022582,
            30.489613005572288
          ],
          [
            -87.09009981871407,
            30.489615527714978
          ],
          [
            -87.0901030039314,
            30.489607528339594
          ],
          [
            -87.0901108189467,
            30.489598091669716
          ],
          [
            -87.09011193119208,
            30.48958982837912
          ],
          [
            -87.09011284085265,
            30.48958113580884
          ],
          [
            -87.090110722506,
            30.48957923225788
          ],
          [
            -87.09010482004047,
            30.489575104942503
          ],
          [
            -87.0901021237339,
            30.489577745353028
          ],
          [
            -87.09010000950484,
            30.48957940226007
          ],
          [
            -87.09009749541346,
            30.48958238984434
          ],
          [
            -87.09009845964407,
            30.489581268905646
          ],
          [
            -87.09009947436768,
            30.48958006225758
          ],
          [
            -87.09010219009316,
            30.4895704486728
          ],
          [
            -87.09010024180819,
            30.489566199493233
          ],
          [
            -87.090101207245,
            30.489566147645807
          ],
          [
            -87.09009933887704,
            30.48956678987161
          ],
          [
            -87.09009800851864,
            30.489563766737074
          ],
          [
            -87.0900978550243,
            30.489565907077576
          ],
          [
            -87.09009875606714,
            30.489563105992687
          ],
          [
            -87.09010074411026,
            30.489560288657525
          ],
          [
            -87.09010175616439,
            30.48956081404485
          ],
          [
            -87.090098828391,
            30.489557704256345
          ],
          [
            -87.09009507427436,
            30.48955484963781
          ],
          [
            -87.09010407151902,
            30.48955093674631
          ],
          [
            -87.09011401980352,
            30.48956109104687
          ],
          [
            -87.09011285665792,
            30.489565602623568
          ],
          [
            -87.09011829854916,
            30.489570335081336
          ],
          [
            -87.09012028950471,
            30.489572174277704
          ],
          [
            -87.09012487073885,
            30.489567305799028
          ],
          [
            -87.09013267112084,
            30.48956047950865
          ],
          [
            -87.09012444402103,
            30.48956049129643
          ],
          [
            -87.0901247893569,
            30.489562197066682
          ],
          [
            -87.09012306035108,
            30.48956017602357
          ],
          [
            -87.09012306035108,
            30.48956017602357
          ],
          [
            -87.09012025657354,
            30.489556720384527
          ],
          [
            -87.09011945726976,
            30.48955644727353
          ],
          [
            -87.0901190325777,
            30.48955491036701
          ],
          [
            -87.09011747260745,
            30.489548601726415
          ],
          [
            -87.09010712842588,
            30.48954134780096
          ],
          [
            -87.0901012635931,
            30.489532701786953
          ],
          [
            -87.09010456711894,
            30.489530811920535
          ],
          [
            -87.09010973859179,
            30.48953059607466
          ],
          [
            -87.09011681051163,
            30.48952358529146
          ],
          [
            -87.09012286611151,
            30.489517779236053
          ],
          [
            -87.09012286611151,
            30.489517779236053
          ],
          [
            -87.09013021555988,
            30.489508829924308
          ],
          [
            -87.0901313037733,
            30.489508065409392
          ],
          [
            -87.09013086854554,
            30.489507236039437
          ],
          [
            -87.09011712826539,
            30.48950759097482
          ],
          [
            -87.09011645622019,
            30.48950713347617
          ],
          [
            -87.09012145832355,
            30.489512584947416
          ],
          [
            -87.09012881956743,
            30.489510239023513
          ],
          [
            -87.09013066133926,
            30.489513964614687
          ],
          [
            -87.09012934002696,
            30.489516506462646
          ],
          [
            -87.09012329689193,
            30.48950821479159
          ],
          [
            -87.09012157823742,
            30.489508670888107
          ],
          [
            -87.09012208428675,
            30.48950898392856
          ],
          [
            -87.09010496578524,
            30.489491274352456
          ],
          [
            -87.09010930612706,
            30.489484582132604
          ],
          [
            -87.0901095108165,
            30.4894851523634
          ],
          [
            -87.0901095108165,
            30.4894851523634
          ],
          [
            -87.09011346486454,
            30.489496851120723
          ],
          [
            -87.09011896361811,
            30.489497109619027
          ],
          [
            -87.09011400513705,
            30.489504985559595
          ],
          [
            -87.09011337542545,
            30.489509762558917
          ],
          [
            -87.09010895845189,
            30.48951499419107
          ],
          [
            -87.09010750695147,
            30.48951953622734
          ],
          [
            -87.0901055381563,
            30.48952415901477
          ],
          [
            -87.09010516429724,
            30.48952998710928
          ],
          [
            -87.0901010016346,
            30.48952916908596
          ],
          [
            -87.09010302821432,
            30.4895364190909
          ],
          [
            -87.09009850969903,
            30.489543497727105
          ],
          [
            -87.09009819122433,
            30.48954414099599
          ],
          [
            -87.09009819122433,
            30.48954414099599
          ],
          [
            -87.09009317755248,
            30.48955909121842
          ],
          [
            -87.09009153924065,
            30.48956009698049
          ],
          [
            -87.09008950561376,
            30.48956181678232
          ],
          [
            -87.09010756484248,
            30.48958568132166
          ],
          [
            -87.09010988124363,
            30.48960725235903
          ],
          [
            -87.09010188691992,
            30.489590895182616
          ],
          [
            -87.09009989121814,
            30.489587369833792
          ],
          [
            -87.09010027723114,
            30.489586215309625
          ],
          [
            -87.09010027723114,
            30.489586215309625
          ],
          [
            -87.09010027723114,
            30.489586215309625
          ],
          [
            -87.09010075206969,
            30.4895943486889
          ],
          [
            -87.09009430564619,
            30.48958904097107
          ],
          [
            -87.09009248463333,
            30.489594584948556
          ],
          [
            -87.09009291120869,
            30.489599285565514
          ],
          [
            -87.09009974635468,
            30.48960300133002
          ],
          [
            -87.09009434269196,
            30.489600817270155
          ],
          [
            -87.09009243692837,
            30.489601538034933
          ],
          [
            -87.09010345534479,
            30.48960328714196
          ],
          [
            -87.09011056423817,
            30.489606041880094
          ],
          [
            -87.09011582528775,
            30.48960859813215
          ],
          [
            -87.0901188811376,
            30.48961395900661
          ],
          [
            -87.09012435479532,
            30.489619161714
          ],
          [
            -87.09012679474183,
            30.48962674190073
          ],
          [
            -87.09013253697186,
            30.48962935220003
          ],
          [
            -87.0901318456662,
            30.4896268361926
          ],
          [
            -87.09014271325847,
            30.48962656385969
          ],
          [
            -87.0901415713228,
            30.489626116503416
          ],
          [
            -87.0901468498387,
            30.489627775718777
          ],
          [
            -87.09015004705529,
            30.489631340650575
          ],
          [
            -87.09015055547148,
            30.489637961947786
          ],
          [
            -87.09015299317424,
            30.489642459414217
          ],
          [
            -87.09015637792017,
            30.489650640009206
          ],
          [
            -87.09016042702231,
            30.489649820331486
          ],
          [
            -87.09016406999285,
            30.48965327764364
          ],
          [
            -87.0901673333426,
            30.48966326605687
          ],
          [
            -87.09016748374286,
            30.489679653054115
          ],
          [
            -87.09016873887799,
            30.489675938336084
          ],
          [
            -87.09017639017792,
            30.48967633806067
          ],
          [
            -87.09018481013075,
            30.48967682720133
          ]
        ]
      },
      "properties": {
        "record_type": "display_route_segment",
        "inspection_date": "2026-08-04",
        "point_count": 1309,
        "start_time": "2026-08-04T14:53:41.845Z",
        "end_time": "2026-08-04T15:20:47.000Z",
        "source_point_ids": [
          "gps-009411",
          "gps-009412",
          "gps-009413",
          "gps-009414",
          "gps-009415",
          "gps-009416",
          "gps-009417",
          "gps-009418",
          "gps-009419",
          "gps-009420",
          "gps-009421",
          "gps-009422",
          "gps-009423",
          "gps-009424",
          "gps-009425",
          "gps-009426",
          "gps-009427",
          "gps-009428",
          "gps-009429",
          "gps-009430",
          "gps-009431",
          "gps-009432",
          "gps-009433",
          "gps-009434",
          "gps-009435",
          "gps-009436",
          "gps-009437",
          "gps-009438",
          "gps-009439",
          "gps-009440",
          "gps-009441",
          "gps-009442",
          "gps-009443",
          "gps-009444",
          "gps-009445",
          "gps-009446",
          "gps-009447",
          "gps-009448",
          "gps-009449",
          "gps-009450",
          "gps-009451",
          "gps-009452",
          "gps-009453",
          "gps-009454",
          "gps-009455",
          "gps-009456",
          "gps-009457",
          "gps-009458",
          "gps-009459",
          "gps-009460",
          "gps-009461",
          "gps-009462",
          "gps-009463",
          "gps-009464",
          "gps-009465",
          "gps-009466",
          "gps-009467",
          "gps-009468",
          "gps-009469",
          "gps-009470",
          "gps-009471",
          "gps-009472",
          "gps-009473",
          "gps-009474",
          "gps-009475",
          "gps-009476",
          "gps-009477",
          "gps-009478",
          "gps-009479",
          "gps-009480",
          "gps-009481",
          "gps-009482",
          "gps-009483",
          "gps-009484",
          "gps-009485",
          "gps-009486",
          "gps-009487",
          "gps-009488",
          "gps-009489",
          "gps-009490",
          "gps-009491",
          "gps-009492",
          "gps-009493",
          "gps-009494",
          "gps-009495",
          "gps-009496",
          "gps-009497",
          "gps-009498",
          "gps-009499",
          "gps-009500",
          "gps-009501",
          "gps-009502",
          "gps-009503",
          "gps-009504",
          "gps-009505",
          "gps-009506",
          "gps-009507",
          "gps-009508",
          "gps-009509",
          "gps-009510",
          "gps-009511",
          "gps-009512",
          "gps-009513",
          "gps-009514",
          "gps-009515",
          "gps-009516",
          "gps-009517",
          "gps-009518",
          "gps-009519",
          "gps-009520",
          "gps-009521",
          "gps-009522",
          "gps-009523",
          "gps-009524",
          "gps-009525",
          "gps-009526",
          "gps-009527",
          "gps-009528",
          "gps-009529",
          "gps-009530",
          "gps-009531",
          "gps-009532",
          "gps-009533",
          "gps-009534",
          "gps-009535",
          "gps-009536",
          "gps-009537",
          "gps-009538",
          "gps-009539",
          "gps-009540",
          "gps-009541",
          "gps-009542",
          "gps-009543",
          "gps-009544",
          "gps-009545",
          "gps-009546",
          "gps-009547",
          "gps-009548",
          "gps-009549",
          "gps-009550",
          "gps-009551",
          "gps-009552",
          "gps-009553",
          "gps-009554",
          "gps-009555",
          "gps-009556",
          "gps-009557",
          "gps-009558",
          "gps-009559",
          "gps-009560",
          "gps-009561",
          "gps-009562",
          "gps-009563",
          "gps-009564",
          "gps-009565",
          "gps-009566",
          "gps-009567",
          "gps-009568",
          "gps-009569",
          "gps-009570",
          "gps-009571",
          "gps-009572",
          "gps-009573",
          "gps-009574",
          "gps-009575",
          "gps-009576",
          "gps-009577",
          "gps-009578",
          "gps-009579",
          "gps-009580",
          "gps-009581",
          "gps-009582",
          "gps-009583",
          "gps-009584",
          "gps-009585",
          "gps-009586",
          "gps-009587",
          "gps-009588",
          "gps-009589",
          "gps-009590",
          "gps-009591",
          "gps-009592",
          "gps-009593",
          "gps-009594",
          "gps-009595",
          "gps-009596",
          "gps-009597",
          "gps-009598",
          "gps-009599",
          "gps-009600",
          "gps-009601",
          "gps-009602",
          "gps-009603",
          "gps-009604",
          "gps-009605",
          "gps-009606",
          "gps-009607",
          "gps-009608",
          "gps-009609",
          "gps-009610",
          "gps-009611",
          "gps-009612",
          "gps-009613",
          "gps-009614",
          "gps-009615",
          "gps-009616",
          "gps-009617",
          "gps-009618",
          "gps-009619",
          "gps-009620",
          "gps-009621",
          "gps-009622",
          "gps-009623",
          "gps-009624",
          "gps-009625",
          "gps-009626",
          "gps-009627",
          "gps-009628",
          "gps-009629",
          "gps-009630",
          "gps-009631",
          "gps-009632",
          "gps-009633",
          "gps-009634",
          "gps-009635",
          "gps-009636",
          "gps-009637",
          "gps-009638",
          "gps-009639",
          "gps-009640",
          "gps-009641",
          "gps-009642",
          "gps-009643",
          "gps-009644",
          "gps-009645",
          "gps-009646",
          "gps-009647",
          "gps-009648",
          "gps-009649",
          "gps-009650",
          "gps-009651",
          "gps-009652",
          "gps-009653",
          "gps-009654",
          "gps-009655",
          "gps-009656",
          "gps-009657",
          "gps-009658",
          "gps-009659",
          "gps-009660",
          "gps-009661",
          "gps-009662",
          "gps-009663",
          "gps-009664",
          "gps-009665",
          "gps-009666",
          "gps-009667",
          "gps-009668",
          "gps-009669",
          "gps-009670",
          "gps-009671",
          "gps-009672",
          "gps-009673",
          "gps-009674",
          "gps-009675",
          "gps-009676",
          "gps-009677",
          "gps-009678",
          "gps-009679",
          "gps-009680",
          "gps-009681",
          "gps-009682",
          "gps-009683",
          "gps-009684",
          "gps-009685",
          "gps-009686",
          "gps-009687",
          "gps-009688",
          "gps-009689",
          "gps-009690",
          "gps-009691",
          "gps-009692",
          "gps-009693",
          "gps-009694",
          "gps-009695",
          "gps-009696",
          "gps-009697",
          "gps-009698",
          "gps-009699",
          "gps-009700",
          "gps-009701",
          "gps-009702",
          "gps-009703",
          "gps-009704",
          "gps-009705",
          "gps-009706",
          "gps-009707",
          "gps-009708",
          "gps-009709",
          "gps-009710",
          "gps-009711",
          "gps-009712",
          "gps-009713",
          "gps-009714",
          "gps-009715",
          "gps-009716",
          "gps-009717",
          "gps-009718",
          "gps-009719",
          "gps-009720",
          "gps-009721",
          "gps-009722",
          "gps-009723",
          "gps-009724",
          "gps-009725",
          "gps-009726",
          "gps-009727",
          "gps-009728",
          "gps-009729",
          "gps-009730",
          "gps-009731",
          "gps-009732",
          "gps-009733",
          "gps-009734",
          "gps-009735",
          "gps-009736",
          "gps-009737",
          "gps-009738",
          "gps-009739",
          "gps-009740",
          "gps-009741",
          "gps-009742",
          "gps-009743",
          "gps-009744",
          "gps-009745",
          "gps-009746",
          "gps-009747",
          "gps-009748",
          "gps-009749",
          "gps-009750",
          "gps-009751",
          "gps-009752",
          "gps-009753",
          "gps-009754",
          "gps-009755",
          "gps-009756",
          "gps-009757",
          "gps-009758",
          "gps-009759",
          "gps-009760",
          "gps-009761",
          "gps-009762",
          "gps-009763",
          "gps-009764",
          "gps-009765",
          "gps-009766",
          "gps-009767",
          "gps-009768",
          "gps-009769",
          "gps-009770",
          "gps-009771",
          "gps-009772",
          "gps-009773",
          "gps-009774",
          "gps-009775",
          "gps-009776",
          "gps-009777",
          "gps-009778",
          "gps-009779",
          "gps-009780",
          "gps-009781",
          "gps-009782",
          "gps-009783",
          "gps-009784",
          "gps-009785",
          "gps-009786",
          "gps-009787",
          "gps-009788",
          "gps-009789",
          "gps-009790",
          "gps-009791",
          "gps-009792",
          "gps-009793",
          "gps-009794",
          "gps-009795",
          "gps-009796",
          "gps-009797",
          "gps-009799",
          "gps-009798",
          "gps-009800",
          "gps-009801",
          "gps-009802",
          "gps-009803",
          "gps-009804",
          "gps-009805",
          "gps-009806",
          "gps-009807",
          "gps-009808",
          "gps-009809",
          "gps-009810",
          "gps-009811",
          "gps-009812",
          "gps-009813",
          "gps-009814",
          "gps-009815",
          "gps-009816",
          "gps-009817",
          "gps-009818",
          "gps-009819",
          "gps-009820",
          "gps-009821",
          "gps-009822",
          "gps-009823",
          "gps-009824",
          "gps-009825",
          "gps-009826",
          "gps-009827",
          "gps-009828",
          "gps-009829",
          "gps-009830",
          "gps-009831",
          "gps-009832",
          "gps-009833",
          "gps-009834",
          "gps-009835",
          "gps-009836",
          "gps-009837",
          "gps-009838",
          "gps-009839",
          "gps-009840",
          "gps-009841",
          "gps-009842",
          "gps-009843",
          "gps-009844",
          "gps-009845",
          "gps-009846",
          "gps-009847",
          "gps-009848",
          "gps-009849",
          "gps-009850",
          "gps-009851",
          "gps-009852",
          "gps-009853",
          "gps-009854",
          "gps-009855",
          "gps-009856",
          "gps-009857",
          "gps-009858",
          "gps-009859",
          "gps-009860",
          "gps-009861",
          "gps-009862",
          "gps-009863",
          "gps-009864",
          "gps-009865",
          "gps-009866",
          "gps-009867",
          "gps-009868",
          "gps-009869",
          "gps-009870",
          "gps-009871",
          "gps-009872",
          "gps-009873",
          "gps-009874",
          "gps-009875",
          "gps-009876",
          "gps-009877",
          "gps-009878",
          "gps-009879",
          "gps-009880",
          "gps-009881",
          "gps-009882",
          "gps-009883",
          "gps-009884",
          "gps-009885",
          "gps-009886",
          "gps-009887",
          "gps-009888",
          "gps-009889",
          "gps-009890",
          "gps-009891",
          "gps-009892",
          "gps-009893",
          "gps-009894",
          "gps-009895",
          "gps-009896",
          "gps-009897",
          "gps-009898",
          "gps-009899",
          "gps-009900",
          "gps-009901",
          "gps-009902",
          "gps-009903",
          "gps-009904",
          "gps-009905",
          "gps-009906",
          "gps-009907",
          "gps-009908",
          "gps-009909",
          "gps-009910",
          "gps-009911",
          "gps-009912",
          "gps-009913",
          "gps-009914",
          "gps-009915",
          "gps-009916",
          "gps-009917",
          "gps-009918",
          "gps-009919",
          "gps-009920",
          "gps-009921",
          "gps-009922",
          "gps-009923",
          "gps-009924",
          "gps-009925",
          "gps-009926",
          "gps-009927",
          "gps-009928",
          "gps-009929",
          "gps-009930",
          "gps-009931",
          "gps-009932",
          "gps-009933",
          "gps-009934",
          "gps-009935",
          "gps-009936",
          "gps-009937",
          "gps-009938",
          "gps-009939",
          "gps-009940",
          "gps-009941",
          "gps-009942",
          "gps-009943",
          "gps-009944",
          "gps-009945",
          "gps-009946",
          "gps-009947",
          "gps-009948",
          "gps-009949",
          "gps-009950",
          "gps-009951",
          "gps-009952",
          "gps-009953",
          "gps-009954",
          "gps-009955",
          "gps-009956",
          "gps-009957",
          "gps-009958",
          "gps-009959",
          "gps-009960",
          "gps-009961",
          "gps-009962",
          "gps-009963",
          "gps-009964",
          "gps-009965",
          "gps-009966",
          "gps-009967",
          "gps-009968",
          "gps-009969",
          "gps-009970",
          "gps-009971",
          "gps-009972",
          "gps-009973",
          "gps-009974",
          "gps-009975",
          "gps-009976",
          "gps-009977",
          "gps-009978",
          "gps-009979",
          "gps-009980",
          "gps-009981",
          "gps-009982",
          "gps-009983",
          "gps-009984",
          "gps-009985",
          "gps-009986",
          "gps-009987",
          "gps-009988",
          "gps-009989",
          "gps-009990",
          "gps-009991",
          "gps-009992",
          "gps-009993",
          "gps-009994",
          "gps-009995",
          "gps-009996",
          "gps-009997",
          "gps-009998",
          "gps-009999",
          "gps-010000",
          "gps-010001",
          "gps-010002",
          "gps-010003",
          "gps-010004",
          "gps-010005",
          "gps-010006",
          "gps-010007",
          "gps-010008",
          "gps-010009",
          "gps-010010",
          "gps-010011",
          "gps-010012",
          "gps-010013",
          "gps-010014",
          "gps-010015",
          "gps-010016",
          "gps-010017",
          "gps-010018",
          "gps-010019",
          "gps-010020",
          "gps-010021",
          "gps-010022",
          "gps-010023",
          "gps-010024",
          "gps-010025",
          "gps-010026",
          "gps-010027",
          "gps-010028",
          "gps-010029",
          "gps-010030",
          "gps-010031",
          "gps-010032",
          "gps-010033",
          "gps-010034",
          "gps-010035",
          "gps-010036",
          "gps-010037",
          "gps-010038",
          "gps-010039",
          "gps-010040",
          "gps-010041",
          "gps-010042",
          "gps-010043",
          "gps-010044",
          "gps-010045",
          "gps-010046",
          "gps-010047",
          "gps-010048",
          "gps-010049",
          "gps-010050",
          "gps-010051",
          "gps-010052",
          "gps-010053",
          "gps-010054",
          "gps-010055",
          "gps-010056",
          "gps-010057",
          "gps-010058",
          "gps-010059",
          "gps-010060",
          "gps-010061",
          "gps-010062",
          "gps-010063",
          "gps-010064",
          "gps-010065",
          "gps-010066",
          "gps-010067",
          "gps-010068",
          "gps-010069",
          "gps-010070",
          "gps-010071",
          "gps-010072",
          "gps-010073",
          "gps-010074",
          "gps-010075",
          "gps-010076",
          "gps-010077",
          "gps-010078",
          "gps-010079",
          "gps-010080",
          "gps-010081",
          "gps-010082",
          "gps-010083",
          "gps-010084",
          "gps-010085",
          "gps-010086",
          "gps-010087",
          "gps-010088",
          "gps-010089",
          "gps-010090",
          "gps-010091",
          "gps-010092",
          "gps-010093",
          "gps-010094",
          "gps-010095",
          "gps-010096",
          "gps-010097",
          "gps-010098",
          "gps-010099",
          "gps-010100",
          "gps-010101",
          "gps-010102",
          "gps-010103",
          "gps-010104",
          "gps-010105",
          "gps-010106",
          "gps-010107",
          "gps-010108",
          "gps-010109",
          "gps-010110",
          "gps-010111",
          "gps-010112",
          "gps-010113",
          "gps-010114",
          "gps-010115",
          "gps-010116",
          "gps-010117",
          "gps-010118",
          "gps-010119",
          "gps-010120",
          "gps-010121",
          "gps-010122",
          "gps-010123",
          "gps-010124",
          "gps-010125",
          "gps-010126",
          "gps-010127",
          "gps-010128",
          "gps-010129",
          "gps-010130",
          "gps-010131",
          "gps-010132",
          "gps-010133",
          "gps-010134",
          "gps-010135",
          "gps-010136",
          "gps-010137",
          "gps-010138",
          "gps-010139",
          "gps-010140",
          "gps-010141",
          "gps-010142",
          "gps-010143",
          "gps-010144",
          "gps-010145",
          "gps-010146",
          "gps-010147",
          "gps-010148",
          "gps-010149",
          "gps-010150",
          "gps-010151",
          "gps-010152",
          "gps-010153",
          "gps-010154",
          "gps-010155",
          "gps-010156",
          "gps-010157",
          "gps-010158",
          "gps-010159",
          "gps-010160",
          "gps-010161",
          "gps-010162",
          "gps-010163",
          "gps-010164",
          "gps-010165",
          "gps-010166",
          "gps-010167",
          "gps-010168",
          "gps-010169",
          "gps-010170",
          "gps-010171",
          "gps-010172",
          "gps-010173",
          "gps-010174",
          "gps-010175",
          "gps-010176",
          "gps-010177",
          "gps-010178",
          "gps-010179",
          "gps-010180",
          "gps-010181",
          "gps-010182",
          "gps-010183",
          "gps-010184",
          "gps-010185",
          "gps-010186",
          "gps-010187",
          "gps-010188",
          "gps-010189",
          "gps-010190",
          "gps-010191",
          "gps-010192",
          "gps-010193",
          "gps-010194",
          "gps-010195",
          "gps-010196",
          "gps-010197",
          "gps-010198",
          "gps-010199",
          "gps-010200",
          "gps-010201",
          "gps-010202",
          "gps-010203",
          "gps-010204",
          "gps-010205",
          "gps-010206",
          "gps-010207",
          "gps-010208",
          "gps-010209",
          "gps-010210",
          "gps-010211",
          "gps-010212",
          "gps-010213",
          "gps-010214",
          "gps-010215",
          "gps-010216",
          "gps-010217",
          "gps-010218",
          "gps-010219",
          "gps-010220",
          "gps-010221",
          "gps-010222",
          "gps-010223",
          "gps-010224",
          "gps-010225",
          "gps-010226",
          "gps-010227",
          "gps-010228",
          "gps-010229",
          "gps-010230",
          "gps-010231",
          "gps-010232",
          "gps-010233",
          "gps-010234",
          "gps-010235",
          "gps-010236",
          "gps-010237",
          "gps-010238",
          "gps-010239",
          "gps-010240",
          "gps-010241",
          "gps-010242",
          "gps-010243",
          "gps-010244",
          "gps-010245",
          "gps-010246",
          "gps-010247",
          "gps-010248",
          "gps-010249",
          "gps-010250",
          "gps-010251",
          "gps-010252",
          "gps-010253",
          "gps-010254",
          "gps-010255",
          "gps-010256",
          "gps-010257",
          "gps-010258",
          "gps-010259",
          "gps-010260",
          "gps-010261",
          "gps-010262",
          "gps-010263",
          "gps-010264",
          "gps-010265",
          "gps-010266",
          "gps-010267",
          "gps-010268",
          "gps-010269",
          "gps-010270",
          "gps-010271",
          "gps-010272",
          "gps-010273",
          "gps-010274",
          "gps-010275",
          "gps-010276",
          "gps-010277",
          "gps-010278",
          "gps-010279",
          "gps-010280",
          "gps-010281",
          "gps-010282",
          "gps-010283",
          "gps-010284",
          "gps-010285",
          "gps-010286",
          "gps-010287",
          "gps-010288",
          "gps-010289",
          "gps-010290",
          "gps-010291",
          "gps-010292",
          "gps-010293",
          "gps-010294",
          "gps-010295",
          "gps-010296",
          "gps-010297",
          "gps-010298",
          "gps-010299",
          "gps-010300",
          "gps-010301",
          "gps-010302",
          "gps-010303",
          "gps-010304",
          "gps-010305",
          "gps-010306",
          "gps-010307",
          "gps-010308",
          "gps-010309",
          "gps-010310",
          "gps-010311",
          "gps-010312",
          "gps-010313",
          "gps-010314",
          "gps-010315",
          "gps-010316",
          "gps-010317",
          "gps-010318",
          "gps-010319",
          "gps-010320",
          "gps-010321",
          "gps-010322",
          "gps-010323",
          "gps-010324",
          "gps-010325",
          "gps-010326",
          "gps-010327",
          "gps-010328",
          "gps-010329",
          "gps-010330",
          "gps-010331",
          "gps-010332",
          "gps-010333",
          "gps-010334",
          "gps-010335",
          "gps-010336",
          "gps-010337",
          "gps-010338",
          "gps-010339",
          "gps-010340",
          "gps-010341",
          "gps-010342",
          "gps-010343",
          "gps-010344",
          "gps-010345",
          "gps-010346",
          "gps-010347",
          "gps-010348",
          "gps-010349",
          "gps-010350",
          "gps-010351",
          "gps-010352",
          "gps-010353",
          "gps-010354",
          "gps-010355",
          "gps-010356",
          "gps-010357",
          "gps-010358",
          "gps-010359",
          "gps-010360",
          "gps-010361",
          "gps-010362",
          "gps-010363",
          "gps-010364",
          "gps-010365",
          "gps-010366",
          "gps-010367",
          "gps-010368",
          "gps-010369",
          "gps-010370",
          "gps-010371",
          "gps-010372",
          "gps-010373",
          "gps-010374",
          "gps-010375",
          "gps-010376",
          "gps-010377",
          "gps-010378",
          "gps-010379",
          "gps-010380",
          "gps-010381",
          "gps-010382",
          "gps-010383",
          "gps-010384",
          "gps-010385",
          "gps-010386",
          "gps-010387",
          "gps-010388",
          "gps-010389",
          "gps-010390",
          "gps-010391",
          "gps-010392",
          "gps-010393",
          "gps-010394",
          "gps-010395",
          "gps-010396",
          "gps-010397",
          "gps-010398",
          "gps-010399",
          "gps-010400",
          "gps-010401",
          "gps-010402",
          "gps-010403",
          "gps-010404",
          "gps-010405",
          "gps-010406",
          "gps-010407",
          "gps-010408",
          "gps-010409",
          "gps-010410",
          "gps-010411",
          "gps-010412",
          "gps-010413",
          "gps-010414",
          "gps-010415",
          "gps-010416",
          "gps-010417",
          "gps-010418",
          "gps-010419",
          "gps-010420",
          "gps-010421",
          "gps-010422",
          "gps-010423",
          "gps-010424",
          "gps-010425",
          "gps-010426",
          "gps-010427",
          "gps-010428",
          "gps-010429",
          "gps-010430",
          "gps-010431",
          "gps-010432",
          "gps-010433",
          "gps-010434",
          "gps-010435",
          "gps-010436",
          "gps-010437",
          "gps-010438",
          "gps-010439",
          "gps-010440",
          "gps-010441",
          "gps-010442",
          "gps-010444",
          "gps-010443",
          "gps-010445",
          "gps-010446",
          "gps-010447",
          "gps-010448",
          "gps-010449",
          "gps-010450",
          "gps-010451",
          "gps-010452",
          "gps-010453",
          "gps-010454",
          "gps-010455",
          "gps-010456",
          "gps-010457",
          "gps-010458",
          "gps-010459",
          "gps-010460",
          "gps-010461",
          "gps-010462",
          "gps-010463",
          "gps-010464",
          "gps-010465",
          "gps-010466",
          "gps-010467",
          "gps-010468",
          "gps-010469",
          "gps-010470",
          "gps-010471",
          "gps-010472",
          "gps-010473",
          "gps-010474",
          "gps-010475",
          "gps-010476",
          "gps-010477",
          "gps-010478",
          "gps-010479",
          "gps-010480",
          "gps-010481",
          "gps-010482",
          "gps-010483",
          "gps-010484",
          "gps-010485",
          "gps-010486",
          "gps-010487",
          "gps-010488",
          "gps-010489",
          "gps-010490",
          "gps-010491",
          "gps-010492",
          "gps-010493",
          "gps-010494",
          "gps-010495",
          "gps-010496",
          "gps-010497",
          "gps-010498",
          "gps-010499",
          "gps-010500",
          "gps-010501",
          "gps-010502",
          "gps-010503",
          "gps-010504",
          "gps-010505",
          "gps-010506",
          "gps-010507",
          "gps-010508",
          "gps-010509",
          "gps-010510",
          "gps-010511",
          "gps-010512",
          "gps-010513",
          "gps-010514",
          "gps-010515",
          "gps-010516",
          "gps-010517",
          "gps-010518",
          "gps-010519",
          "gps-010520",
          "gps-010521",
          "gps-010522",
          "gps-010523",
          "gps-010524",
          "gps-010525",
          "gps-010526",
          "gps-010527",
          "gps-010528",
          "gps-010529",
          "gps-010530",
          "gps-010531",
          "gps-010532",
          "gps-010533",
          "gps-010534",
          "gps-010535",
          "gps-010536",
          "gps-010537",
          "gps-010538",
          "gps-010539",
          "gps-010540",
          "gps-010541",
          "gps-010542",
          "gps-010543",
          "gps-010544",
          "gps-010545",
          "gps-010546",
          "gps-010547",
          "gps-010548",
          "gps-010549",
          "gps-010550",
          "gps-010551",
          "gps-010552",
          "gps-010553",
          "gps-010554",
          "gps-010555",
          "gps-010556",
          "gps-010557",
          "gps-010558",
          "gps-010559",
          "gps-010560",
          "gps-010561",
          "gps-010562",
          "gps-010563",
          "gps-010564",
          "gps-010565",
          "gps-010566",
          "gps-010567",
          "gps-010568",
          "gps-010569",
          "gps-010570",
          "gps-010571",
          "gps-010572",
          "gps-010573",
          "gps-010574",
          "gps-010575",
          "gps-010576",
          "gps-010577",
          "gps-010578",
          "gps-010579",
          "gps-010580",
          "gps-010581",
          "gps-010582",
          "gps-010583",
          "gps-010584",
          "gps-010585",
          "gps-010586",
          "gps-010587",
          "gps-010588",
          "gps-010589",
          "gps-010590",
          "gps-010591",
          "gps-010592",
          "gps-010593",
          "gps-010594",
          "gps-010595",
          "gps-010596",
          "gps-010597",
          "gps-010598",
          "gps-010599",
          "gps-010600",
          "gps-010601",
          "gps-010602",
          "gps-010603",
          "gps-010604",
          "gps-010605",
          "gps-010606",
          "gps-010607",
          "gps-010608",
          "gps-010609",
          "gps-010610",
          "gps-010611",
          "gps-010612",
          "gps-010613",
          "gps-010614",
          "gps-010615",
          "gps-010616",
          "gps-010617",
          "gps-010618",
          "gps-010619",
          "gps-010620",
          "gps-010621",
          "gps-010622",
          "gps-010623",
          "gps-010624",
          "gps-010625",
          "gps-010626",
          "gps-010627",
          "gps-010628",
          "gps-010629",
          "gps-010630",
          "gps-010631",
          "gps-010632",
          "gps-010633",
          "gps-010634",
          "gps-010635",
          "gps-010636",
          "gps-010637",
          "gps-010638",
          "gps-010639",
          "gps-010640",
          "gps-010641",
          "gps-010642",
          "gps-010643",
          "gps-010644",
          "gps-010645",
          "gps-010646",
          "gps-010647",
          "gps-010648",
          "gps-010649",
          "gps-010650",
          "gps-010651",
          "gps-010652",
          "gps-010653",
          "gps-010654",
          "gps-010655",
          "gps-010656",
          "gps-010657",
          "gps-010658",
          "gps-010659",
          "gps-010660",
          "gps-010661",
          "gps-010662",
          "gps-010663",
          "gps-010664",
          "gps-010665",
          "gps-010666",
          "gps-010667",
          "gps-010668",
          "gps-010669",
          "gps-010670",
          "gps-010671",
          "gps-010672",
          "gps-010673",
          "gps-010674",
          "gps-010675",
          "gps-010676",
          "gps-010677",
          "gps-010678",
          "gps-010679",
          "gps-010680",
          "gps-010681",
          "gps-010682",
          "gps-010683",
          "gps-010684",
          "gps-010685",
          "gps-010686",
          "gps-010687",
          "gps-010688",
          "gps-010689",
          "gps-010690",
          "gps-010691",
          "gps-010692",
          "gps-010693",
          "gps-010694",
          "gps-010695",
          "gps-010696",
          "gps-010697",
          "gps-010698",
          "gps-010699",
          "gps-010700",
          "gps-010701",
          "gps-010702",
          "gps-010703",
          "gps-010704",
          "gps-010705",
          "gps-010706",
          "gps-010707",
          "gps-010708",
          "gps-010709",
          "gps-010710",
          "gps-010711",
          "gps-010712",
          "gps-010713",
          "gps-010714",
          "gps-010715",
          "gps-010716",
          "gps-010717",
          "gps-010718",
          "gps-010719"
        ],
        "no_artificial_relocation_connector": true
      }
    },
    {
      "type": "Feature",
      "geometry": {
        "type": "LineString",
        "coordinates": [
          [
            -87.09212015162933,
            30.48974010213258
          ],
          [
            -87.09210547424186,
            30.489747211841674
          ],
          [
            -87.09202745533267,
            30.48975629281555
          ],
          [
            -87.09209951246955,
            30.48973974354146
          ],
          [
            -87.09205208236983,
            30.489744932040313
          ],
          [
            -87.09205570570629,
            30.489738485657035
          ],
          [
            -87.09205865781384,
            30.489735087529457
          ],
          [
            -87.09205912640383,
            30.489734481206774
          ],
          [
            -87.09206012950268,
            30.489731782810342
          ],
          [
            -87.09206473019377,
            30.489726535201953
          ],
          [
            -87.09206813876663,
            30.489725918881476
          ],
          [
            -87.09207063354533,
            30.489725728712646
          ],
          [
            -87.09207374857603,
            30.489728046423622
          ],
          [
            -87.09207451769463,
            30.48972766721602
          ],
          [
            -87.09207565106152,
            30.489727074407053
          ],
          [
            -87.09207621508125,
            30.48972641543636
          ],
          [
            -87.09207524421686,
            30.489725759179883
          ],
          [
            -87.09207555424841,
            30.48972494551725
          ],
          [
            -87.09207521770469,
            30.489725405393365
          ],
          [
            -87.0920752176057,
            30.489725688700258
          ],
          [
            -87.09207530139902,
            30.48972578200534
          ],
          [
            -87.09207595999624,
            30.489725906009042
          ],
          [
            -87.0920892965046,
            30.4897178208734
          ],
          [
            -87.09209307052089,
            30.48971869982675
          ],
          [
            -87.09209493955632,
            30.489718366169146
          ],
          [
            -87.09210170441035,
            30.489716981566083
          ],
          [
            -87.09210061476294,
            30.48970977312936
          ],
          [
            -87.09210271023873,
            30.489709395943716
          ],
          [
            -87.09210715264742,
            30.489709395943716
          ],
          [
            -87.0921079070187,
            30.48970805483921
          ],
          [
            -87.09211100832287,
            30.489709940767426
          ],
          [
            -87.09211804912154,
            30.489708641572435
          ],
          [
            -87.09212467082504,
            30.489700972131025
          ],
          [
            -87.0921352438801,
            30.489704302478682
          ],
          [
            -87.09214009378195,
            30.48971193975525
          ],
          [
            -87.09214443246621,
            30.489701247856516
          ],
          [
            -87.09214956240784,
            30.489695495658776
          ],
          [
            -87.09215193507292,
            30.489695984837457
          ],
          [
            -87.09214446899355,
            30.489694948355414
          ],
          [
            -87.09213323694088,
            30.489698022973414
          ],
          [
            -87.09212809418784,
            30.489699408353744
          ],
          [
            -87.09212543614103,
            30.489699729223815
          ],
          [
            -87.09212740167575,
            30.48970345581117
          ],
          [
            -87.09212655072754,
            30.48970608304087
          ],
          [
            -87.0921185456108,
            30.48971673056581
          ],
          [
            -87.09212177555516,
            30.489713524082134
          ],
          [
            -87.0921219633274,
            30.489713713611774
          ],
          [
            -87.09212261574703,
            30.489713224770096
          ],
          [
            -87.09212496900328,
            30.48971081128453
          ],
          [
            -87.09212385553099,
            30.489711200289815
          ],
          [
            -87.09212697389408,
            30.489707294204493
          ],
          [
            -87.0921354529858,
            30.48971266365784
          ],
          [
            -87.09212246388823,
            30.489706159973245
          ],
          [
            -87.09211942050591,
            30.48970926241462
          ],
          [
            -87.09212891719659,
            30.48970898701811
          ],
          [
            -87.0921351811528,
            30.48969354516127
          ],
          [
            -87.09212701237018,
            30.489681570224484
          ],
          [
            -87.09210214611333,
            30.489681737814895
          ],
          [
            -87.09210047770625,
            30.489674415103078
          ],
          [
            -87.09208932998443,
            30.48966431485466
          ],
          [
            -87.09207490899412,
            30.48966237464607
          ],
          [
            -87.09206725020398,
            30.48966286607327
          ],
          [
            -87.09206358701266,
            30.4896585386784
          ],
          [
            -87.09207328101118,
            30.489655281332183
          ],
          [
            -87.09207582862447,
            30.489646997395198
          ],
          [
            -87.09206373824688,
            30.489652551300782
          ],
          [
            -87.09206218390999,
            30.48966206150856
          ],
          [
            -87.09205435821801,
            30.489667594685
          ],
          [
            -87.09205056461101,
            30.489675863975865
          ],
          [
            -87.092068239132,
            30.48967366581069
          ],
          [
            -87.0920714456926,
            30.489673785750753
          ],
          [
            -87.09207056079067,
            30.489671452682632
          ],
          [
            -87.09206623925816,
            30.489668644030413
          ],
          [
            -87.09207633341735,
            30.489664794224268
          ],
          [
            -87.0920808238618,
            30.489666542178636
          ],
          [
            -87.0920761610747,
            30.48967561054257
          ],
          [
            -87.09206921236226,
            30.48966869968453
          ],
          [
            -87.0920605585604,
            30.48966924745626
          ],
          [
            -87.09204582148729,
            30.489668263925147
          ],
          [
            -87.09203667185942,
            30.489677018605736
          ],
          [
            -87.09204269618311,
            30.489676741211092
          ],
          [
            -87.09204281488913,
            30.489676940651393
          ],
          [
            -87.09204281488913,
            30.489676940651393
          ],
          [
            -87.09204281488913,
            30.489676940651393
          ],
          [
            -87.09204281488913,
            30.489676940651393
          ],
          [
            -87.09204138244674,
            30.48967634832051
          ],
          [
            -87.09204142972109,
            30.48967636786898
          ],
          [
            -87.09204143609894,
            30.4896763705063
          ],
          [
            -87.09204145279986,
            30.48967637741232
          ],
          [
            -87.09204193176404,
            30.48967657546934
          ],
          [
            -87.09204215985389,
            30.489676669787027
          ],
          [
            -87.09204215985397,
            30.489676669787066
          ],
          [
            -87.0920421611008,
            30.489676670302646
          ],
          [
            -87.09204229538253,
            30.489676725829636
          ],
          [
            -87.09204229679268,
            30.489676726412753
          ],
          [
            -87.09204238389412,
            30.48967676243016
          ],
          [
            -87.09204238508775,
            30.48967676292374
          ],
          [
            -87.09204244758476,
            30.489676788766946
          ],
          [
            -87.0920424475848,
            30.489676788766968
          ],
          [
            -87.09204249382675,
            30.489676807888518
          ],
          [
            -87.09204249382678,
            30.489676807888532
          ],
          [
            -87.09204252656227,
            30.489676821425018
          ],
          [
            -87.09204252656227,
            30.48967682142502
          ],
          [
            -87.09204255290571,
            30.489676832318327
          ],
          [
            -87.09204255290572,
            30.489676832318327
          ],
          [
            -87.09204255290575,
            30.489676832318334
          ],
          [
            -87.0920425747612,
            30.489676841355802
          ],
          [
            -87.09204259296732,
            30.489676848884248
          ],
          [
            -87.09204260851321,
            30.489676855312645
          ],
          [
            -87.09204262161806,
            30.48967686073164
          ],
          [
            -87.09204262161809,
            30.489676860731645
          ],
          [
            -87.09204263296178,
            30.489676865422393
          ],
          [
            -87.09204263328294,
            30.489676865555186
          ],
          [
            -87.09204264323716,
            30.489676869671367
          ],
          [
            -87.09204264325474,
            30.48967686967863
          ],
          [
            -87.09204264337104,
            30.489676869726726
          ],
          [
            -87.09204264337579,
            30.48967686972869
          ],
          [
            -87.09204265236727,
            30.489676873446765
          ],
          [
            -87.09204265246828,
            30.489676873488534
          ],
          [
            -87.0920426524683,
            30.48967687348854
          ],
          [
            -87.09204265246832,
            30.489676873488545
          ],
          [
            -87.09204265249848,
            30.489676873501015
          ],
          [
            -87.09204265249848,
            30.489676873501015
          ],
          [
            -87.09204265272375,
            30.489676873594167
          ],
          [
            -87.0920426530443,
            30.48967687372672
          ],
          [
            -87.09204265326346,
            30.489676873817338
          ],
          [
            -87.09204266202615,
            30.48967687744081
          ],
          [
            -87.0920426697918,
            30.489676880652002
          ],
          [
            -87.09204267666605,
            30.48967688349459
          ],
          [
            -87.09204267666605,
            30.48967688349459
          ],
          [
            -87.09204267670205,
            30.489676883509468
          ],
          [
            -87.09204267676486,
            30.48967688353544
          ],
          [
            -87.09204268297523,
            30.489676886103503
          ],
          [
            -87.09204290397163,
            30.489675821300413
          ],
          [
            -87.09204300863192,
            30.48967573829871
          ],
          [
            -87.09204302381781,
            30.489675685893772
          ],
          [
            -87.09204333170177,
            30.48967462341716
          ],
          [
            -87.09204360829153,
            30.48967366893369
          ],
          [
            -87.09204360899786,
            30.489673666496223
          ],
          [
            -87.09204361186727,
            30.48967365659417
          ],
          [
            -87.09204386836403,
            30.489672771449637
          ],
          [
            -87.09204409894794,
            30.489671975727685
          ],
          [
            -87.09204410209234,
            30.489671964876777
          ],
          [
            -87.09204410209246,
            30.489671964876326
          ],
          [
            -87.09204410481344,
            30.48967195548652
          ],
          [
            -87.09204410481357,
            30.489671955486063
          ],
          [
            -87.0920443203284,
            30.489671211766016
          ],
          [
            -87.09204451436128,
            30.48967054217801
          ],
          [
            -87.092044681666,
            30.48966996482618
          ],
          [
            -87.09204483281331,
            30.489669443231953
          ],
          [
            -87.09204497307104,
            30.48966895921661
          ],
          [
            -87.09204510124704,
            30.489668516894074
          ],
          [
            -87.09204521871499,
            30.489668111523947
          ],
          [
            -87.09204521871506,
            30.489668111523773
          ],
          [
            -87.09204521963213,
            30.489668108359044
          ],
          [
            -87.09204522034051,
            30.489668105914554
          ],
          [
            -87.09204522034055,
            30.48966810591437
          ],
          [
            -87.09204533254523,
            30.48966771870727
          ],
          [
            -87.09204543842579,
            30.489667353324172
          ],
          [
            -87.0920454394505,
            30.489667349788
          ],
          [
            -87.09204553862193,
            30.489667007557298
          ],
          [
            -87.09204554141824,
            30.4896669979075
          ],
          [
            -87.09204563859112,
            30.489666662573693
          ],
          [
            -87.09204573061882,
            30.489666344995314
          ],
          [
            -87.09204581650864,
            30.489666048598163
          ],
          [
            -87.0920458979751,
            30.489665767465628
          ],
          [
            -87.09204589797513,
            30.489665767465507
          ],
          [
            -87.09204589881574,
            30.48966576456458
          ],
          [
            -87.09204597367726,
            30.489665506224938
          ],
          [
            -87.09204597403094,
            30.48966550500448
          ],
          [
            -87.09204597403097,
            30.489665505004375
          ],
          [
            -87.092045974031,
            30.48966550500427
          ],
          [
            -87.092046045842,
            30.489665257191728
          ],
          [
            -87.09204611472438,
            30.48966501948559
          ],
          [
            -87.09204622962247,
            30.489665113460287
          ],
          [
            -87.09204615423994,
            30.489665168067358
          ],
          [
            -87.0920461712104,
            30.48966515089523
          ],
          [
            -87.09201983467005,
            30.489666092940645
          ],
          [
            -87.09204202635028,
            30.489666319641778
          ],
          [
            -87.09205249343653,
            30.489663994743204
          ],
          [
            -87.0920520940802,
            30.489665404075563
          ],
          [
            -87.09205447695204,
            30.489665501746472
          ],
          [
            -87.09204772827826,
            30.489664964058026
          ],
          [
            -87.09204761136341,
            30.489665183708027
          ],
          [
            -87.0920477332789,
            30.48966518010549
          ],
          [
            -87.09204773633566,
            30.489665180000227
          ],
          [
            -87.09204806949619,
            30.48966547983754
          ],
          [
            -87.09204798156254,
            30.48966578039782
          ],
          [
            -87.09205578029541,
            30.48967712265185
          ],
          [
            -87.09205929698845,
            30.489669491570456
          ],
          [
            -87.09205960743614,
            30.489678010648426
          ],
          [
            -87.09206100418929,
            30.48967270256297
          ],
          [
            -87.09204887947712,
            30.48967697431751
          ],
          [
            -87.0920364875525,
            30.489677887621212
          ],
          [
            -87.09203025679604,
            30.489677731596412
          ],
          [
            -87.09203606122435,
            30.489674775897424
          ],
          [
            -87.0920433732137,
            30.48967430568537
          ],
          [
            -87.09204968282333,
            30.489675400701927
          ],
          [
            -87.09205478505224,
            30.489669166142765
          ],
          [
            -87.09205341569165,
            30.489664506231765
          ],
          [
            -87.09204006370238,
            30.489667244664684
          ],
          [
            -87.09203593291014,
            30.489662270700702
          ],
          [
            -87.09204474263126,
            30.48966352758386
          ],
          [
            -87.09205429366776,
            30.48966510573042
          ],
          [
            -87.09206082591248,
            30.4896612927143
          ],
          [
            -87.09206082591248,
            30.4896612927143
          ],
          [
            -87.09206082591248,
            30.4896612927143
          ],
          [
            -87.09206082591248,
            30.4896612927143
          ],
          [
            -87.09206082591248,
            30.4896612927143
          ],
          [
            -87.09206082591248,
            30.4896612927143
          ],
          [
            -87.09206493495691,
            30.489661186767268
          ],
          [
            -87.09206264446746,
            30.489663210963172
          ],
          [
            -87.09206018878326,
            30.489661763914828
          ],
          [
            -87.09206593503478,
            30.489660706873273
          ],
          [
            -87.09206037353971,
            30.489661128008485
          ],
          [
            -87.09206856769246,
            30.489660714716212
          ],
          [
            -87.09206856769246,
            30.489660714716212
          ],
          [
            -87.09208248918891,
            30.48966435853862
          ],
          [
            -87.09208928224584,
            30.48966611611439
          ],
          [
            -87.0920816379632,
            30.489663101521796
          ],
          [
            -87.09207485649482,
            30.489662178832354
          ],
          [
            -87.09207485649482,
            30.489662178832354
          ],
          [
            -87.09206689181413,
            30.489663316560293
          ],
          [
            -87.09206808124631,
            30.489657770208158
          ],
          [
            -87.09206642204329,
            30.48965531713385
          ],
          [
            -87.0920662860115,
            30.48965777719735
          ],
          [
            -87.09206211201425,
            30.48965975300125
          ],
          [
            -87.09204466339601,
            30.489666988146944
          ],
          [
            -87.09204909868761,
            30.489674364030698
          ],
          [
            -87.092048225098,
            30.48967452188344
          ],
          [
            -87.09204085071127,
            30.489685518597202
          ],
          [
            -87.09203861028702,
            30.489678500866987
          ],
          [
            -87.09204067729698,
            30.489674718175838
          ],
          [
            -87.09204354716962,
            30.489679598985546
          ],
          [
            -87.09204847846958,
            30.4896869672573
          ],
          [
            -87.09205698332514,
            30.489688392568496
          ],
          [
            -87.09206376685074,
            30.489692746619617
          ],
          [
            -87.09206376685074,
            30.489692746619617
          ],
          [
            -87.09207260715407,
            30.489690735997073
          ],
          [
            -87.09208740451304,
            30.489693801391216
          ],
          [
            -87.09208375004224,
            30.48968680128937
          ],
          [
            -87.09210329510766,
            30.48967936205634
          ],
          [
            -87.09209718252544,
            30.48968248772499
          ],
          [
            -87.09209849611223,
            30.489673375572853
          ],
          [
            -87.09209270655765,
            30.489663947037307
          ],
          [
            -87.0920991499721,
            30.489666340365222
          ],
          [
            -87.09209401731164,
            30.489669477740943
          ],
          [
            -87.09209401731164,
            30.489669477740943
          ],
          [
            -87.09209287922828,
            30.489671865540593
          ],
          [
            -87.0920931915204,
            30.48967320452698
          ],
          [
            -87.09209199394222,
            30.489674665996485
          ],
          [
            -87.09209197444638,
            30.489674721825036
          ],
          [
            -87.09209196960526,
            30.48967472786029
          ],
          [
            -87.09209111484385,
            30.489675793460055
          ],
          [
            -87.09209111165755,
            30.48967579743231
          ],
          [
            -87.09209076283992,
            30.489676771491343
          ],
          [
            -87.09208377970593,
            30.489688837321967
          ],
          [
            -87.09207835273216,
            30.48969322513393
          ],
          [
            -87.09207591095293,
            30.489693585134024
          ],
          [
            -87.09207572951739,
            30.489693496606293
          ],
          [
            -87.09207572951739,
            30.489693496606293
          ],
          [
            -87.09207572951739,
            30.489693496606293
          ],
          [
            -87.09206961167285,
            30.489683153991294
          ],
          [
            -87.09206732665596,
            30.48967870115712
          ],
          [
            -87.0920588130938,
            30.489690639496708
          ],
          [
            -87.09206570989375,
            30.489690369479007
          ],
          [
            -87.0920717919327,
            30.489686278640193
          ],
          [
            -87.09207890323704,
            30.489682878671633
          ],
          [
            -87.09207500151241,
            30.48968094225183
          ],
          [
            -87.09207143946942,
            30.489693534679123
          ],
          [
            -87.09207143946942,
            30.489693534679123
          ],
          [
            -87.09207446461365,
            30.489696163081796
          ],
          [
            -87.09207443797925,
            30.4896943701206
          ],
          [
            -87.09208069852848,
            30.4896987936352
          ],
          [
            -87.0920788387009,
            30.48969823406833
          ],
          [
            -87.0920759182498,
            30.489689223239754
          ],
          [
            -87.09207106849901,
            30.48968318116826
          ],
          [
            -87.0920700688519,
            30.48968299433326
          ],
          [
            -87.09207594287749,
            30.489691083665512
          ],
          [
            -87.09207763095378,
            30.48969115950956
          ],
          [
            -87.09208630346544,
            30.48969429857009
          ],
          [
            -87.09208963899155,
            30.4896903724726
          ],
          [
            -87.09207885932521,
            30.489681165168395
          ],
          [
            -87.09207703069357,
            30.489678723779285
          ],
          [
            -87.09207703069357,
            30.489678723779285
          ],
          [
            -87.09207703069357,
            30.489678723779285
          ],
          [
            -87.09207703069357,
            30.489678723779285
          ],
          [
            -87.09207703069357,
            30.489678723779285
          ],
          [
            -87.0920641311894,
            30.489677966377513
          ],
          [
            -87.09206651180438,
            30.48967880036491
          ],
          [
            -87.0920692219877,
            30.489679670486368
          ],
          [
            -87.0920692219877,
            30.489679670486368
          ],
          [
            -87.09207393167767,
            30.489680422079235
          ],
          [
            -87.09207755966172,
            30.4896745457962
          ],
          [
            -87.09207868539457,
            30.489673948140346
          ],
          [
            -87.09207868539457,
            30.489673948140346
          ],
          [
            -87.09208712874825,
            30.48967634419291
          ],
          [
            -87.09213272223997,
            30.48968492132996
          ],
          [
            -87.09212886634076,
            30.489684195950638
          ],
          [
            -87.09209454530084,
            30.48967861654345
          ],
          [
            -87.09209709813527,
            30.48967992505773
          ],
          [
            -87.09209435640298,
            30.489680688078902
          ],
          [
            -87.09208609122282,
            30.48968864451655
          ],
          [
            -87.0920793414454,
            30.489686306324842
          ],
          [
            -87.09206255016315,
            30.489689277973415
          ],
          [
            -87.092056481693,
            30.489687347891312
          ],
          [
            -87.09204986375366,
            30.489672131590126
          ],
          [
            -87.09204626472935,
            30.489659488677475
          ],
          [
            -87.09205348915513,
            30.489663684479364
          ],
          [
            -87.0920653655715,
            30.48967552636189
          ],
          [
            -87.09207253654716,
            30.48967197548992
          ],
          [
            -87.09207092523981,
            30.4896648956811
          ],
          [
            -87.09207596796085,
            30.489665269284497
          ],
          [
            -87.09206968991244,
            30.48966523533401
          ],
          [
            -87.09206558800113,
            30.48966078844488
          ],
          [
            -87.09207300965274,
            30.48965834499374
          ],
          [
            -87.09207743528805,
            30.489652951690875
          ],
          [
            -87.09207593056806,
            30.48964550734278
          ],
          [
            -87.09207613753007,
            30.48964516561399
          ],
          [
            -87.09207373702087,
            30.489640207587108
          ],
          [
            -87.09207060478819,
            30.489643563395187
          ],
          [
            -87.09206321069676,
            30.489634258861894
          ],
          [
            -87.09207206743791,
            30.489631461817293
          ],
          [
            -87.0920711785931,
            30.48963724925025
          ],
          [
            -87.09207297307145,
            30.4896345605158
          ],
          [
            -87.09207955237203,
            30.48963152885971
          ],
          [
            -87.09207302729347,
            30.489633102154283
          ],
          [
            -87.0920823454786,
            30.489639491071603
          ],
          [
            -87.09208974326786,
            30.48963973609244
          ],
          [
            -87.09210753681589,
            30.489634100398433
          ],
          [
            -87.09211123971858,
            30.489633457524477
          ],
          [
            -87.09211545619564,
            30.489638947205695
          ],
          [
            -87.09211815442886,
            30.489638608381988
          ],
          [
            -87.09211664612597,
            30.48963360599268
          ],
          [
            -87.09210973301882,
            30.489631597844546
          ],
          [
            -87.0921148250362,
            30.489628704021325
          ],
          [
            -87.09211979497908,
            30.489629954329246
          ],
          [
            -87.09211747668245,
            30.489636756568903
          ],
          [
            -87.0921205042187,
            30.4896354429566
          ],
          [
            -87.09212613438645,
            30.48963847154667
          ],
          [
            -87.09212434788344,
            30.489635848185298
          ],
          [
            -87.09212527069516,
            30.48963317697606
          ],
          [
            -87.09212655386615,
            30.489633100352357
          ],
          [
            -87.09212375929862,
            30.48963438637173
          ],
          [
            -87.09212275660626,
            30.489629244309487
          ],
          [
            -87.09211865067803,
            30.489632155242784
          ],
          [
            -87.0921181003688,
            30.489633839608096
          ],
          [
            -87.09212855414903,
            30.489630637647384
          ],
          [
            -87.09213164147292,
            30.48963506821919
          ],
          [
            -87.0921327035871,
            30.489642635841985
          ],
          [
            -87.09213695165428,
            30.4896445839024
          ],
          [
            -87.09213219765901,
            30.48964384343017
          ],
          [
            -87.0921289590874,
            30.48964616478037
          ],
          [
            -87.09212728178065,
            30.489639061447793
          ],
          [
            -87.09212728178065,
            30.489639061447793
          ],
          [
            -87.09212728178065,
            30.489639061447793
          ],
          [
            -87.09212728178065,
            30.489639061447793
          ],
          [
            -87.09212090727051,
            30.48962878486283
          ],
          [
            -87.0921233369158,
            30.48962491840541
          ],
          [
            -87.09212374134135,
            30.48961851221074
          ],
          [
            -87.09212387971813,
            30.489618330474684
          ],
          [
            -87.09212721024498,
            30.489619063807556
          ],
          [
            -87.09212721024498,
            30.489619063807556
          ],
          [
            -87.09212047759783,
            30.48961840056624
          ],
          [
            -87.09208913404002,
            30.489637518854995
          ],
          [
            -87.09209437477206,
            30.48963458650805
          ],
          [
            -87.09210131322729,
            30.489625239992154
          ],
          [
            -87.09210081149287,
            30.48962099248378
          ],
          [
            -87.09210341554194,
            30.489611062515515
          ],
          [
            -87.0921071696322,
            30.489600527697927
          ],
          [
            -87.09211010232035,
            30.489602977566296
          ],
          [
            -87.0921168411643,
            30.48960060065505
          ],
          [
            -87.09212431089166,
            30.489601725930704
          ],
          [
            -87.09212076435242,
            30.489600047486885
          ],
          [
            -87.09212367653898,
            30.489591748782377
          ],
          [
            -87.09211535899166,
            30.489597114992474
          ],
          [
            -87.092122040397,
            30.48959229227882
          ],
          [
            -87.09212343520532,
            30.489589712054283
          ],
          [
            -87.09212975402961,
            30.48959096674095
          ],
          [
            -87.09213132349313,
            30.489590210025778
          ],
          [
            -87.09213650961178,
            30.489587917911084
          ],
          [
            -87.09214279832413,
            30.489581026595527
          ],
          [
            -87.09214152308694,
            30.4895871857653
          ],
          [
            -87.0921377172399,
            30.489590330080414
          ],
          [
            -87.0921495846968,
            30.489583064253722
          ],
          [
            -87.09215731009323,
            30.489579831133494
          ],
          [
            -87.0921548394594,
            30.48957965258875
          ],
          [
            -87.09215573022989,
            30.48957907016407
          ],
          [
            -87.09215573022989,
            30.48957907016407
          ],
          [
            -87.09215573022989,
            30.48957907016407
          ],
          [
            -87.09215573022989,
            30.48957907016407
          ],
          [
            -87.09215573022989,
            30.48957907016407
          ],
          [
            -87.09217064697386,
            30.489576935278773
          ],
          [
            -87.0921695688854,
            30.48957445170828
          ],
          [
            -87.0921695688854,
            30.48957445170828
          ],
          [
            -87.09216973577063,
            30.48957428889933
          ],
          [
            -87.09216587047923,
            30.489575390904175
          ],
          [
            -87.09216788087689,
            30.48957760236003
          ],
          [
            -87.09216788087689,
            30.48957760236003
          ],
          [
            -87.09216788087689,
            30.48957760236003
          ],
          [
            -87.09216788087689,
            30.48957760236003
          ],
          [
            -87.09216714794559,
            30.48958351456416
          ],
          [
            -87.09216603717343,
            30.48958310231345
          ],
          [
            -87.09216562796591,
            30.48958546032595
          ],
          [
            -87.0921620737881,
            30.489591285662545
          ],
          [
            -87.09216250461601,
            30.4895934259308
          ],
          [
            -87.09216559243556,
            30.489588231019322
          ],
          [
            -87.09216875873912,
            30.489586852071582
          ],
          [
            -87.09216848292012,
            30.489592174637554
          ],
          [
            -87.09217061657179,
            30.489589647262893
          ],
          [
            -87.09217244552302,
            30.489593741114398
          ],
          [
            -87.09217119873503,
            30.48959544449001
          ],
          [
            -87.09217092012466,
            30.48959815607224
          ],
          [
            -87.09217232842519,
            30.489597494090997
          ],
          [
            -87.09216886116712,
            30.48959661214499
          ],
          [
            -87.0921715526974,
            30.4895970247792
          ],
          [
            -87.09217555061421,
            30.489596215568422
          ],
          [
            -87.0921745574304,
            30.489597710527864
          ],
          [
            -87.09217133173271,
            30.489596401232163
          ],
          [
            -87.09217041938143,
            30.489600230959795
          ],
          [
            -87.09216941589568,
            30.489602607212806
          ],
          [
            -87.09216644565377,
            30.48960634208098
          ],
          [
            -87.09217012917719,
            30.489605534740438
          ],
          [
            -87.09216790524323,
            30.48960763014225
          ],
          [
            -87.09216230896297,
            30.489608362727015
          ],
          [
            -87.09216044574204,
            30.489600551054934
          ],
          [
            -87.09216062363555,
            30.489598766975284
          ],
          [
            -87.09215424357417,
            30.48960087813861
          ],
          [
            -87.09215713151198,
            30.489600221880377
          ],
          [
            -87.0921578550576,
            30.489599761313183
          ],
          [
            -87.0921578550576,
            30.489599761313183
          ],
          [
            -87.09215542550312,
            30.48959875423542
          ],
          [
            -87.09215764950918,
            30.489601230084403
          ],
          [
            -87.09215698854238,
            30.489601603020507
          ],
          [
            -87.09215698854238,
            30.489601603020507
          ],
          [
            -87.09215827858458,
            30.489599883338368
          ],
          [
            -87.09215966436241,
            30.489600657564516
          ],
          [
            -87.09215672720018,
            30.489599186795623
          ],
          [
            -87.09214589526131,
            30.489600986666904
          ],
          [
            -87.09215243779668,
            30.489592726072686
          ],
          [
            -87.09215742864315,
            30.489590562913143
          ],
          [
            -87.09215756466793,
            30.489586582612635
          ],
          [
            -87.0921621034939,
            30.489583915915723
          ],
          [
            -87.0921639666025,
            30.4895808562207
          ],
          [
            -87.09216300003291,
            30.489576501295417
          ],
          [
            -87.09216273473483,
            30.489576218679403
          ]
        ]
      },
      "properties": {
        "record_type": "display_route_segment",
        "inspection_date": "2026-08-07",
        "point_count": 446,
        "start_time": "2026-08-07T14:09:08.122Z",
        "end_time": "2026-08-07T14:16:29.999Z",
        "source_point_ids": [
          "gps-006884",
          "gps-006885",
          "gps-006886",
          "gps-006887",
          "gps-006888",
          "gps-006889",
          "gps-006890",
          "gps-006891",
          "gps-006892",
          "gps-006893",
          "gps-006894",
          "gps-006895",
          "gps-006896",
          "gps-006897",
          "gps-006898",
          "gps-006899",
          "gps-006900",
          "gps-006901",
          "gps-006902",
          "gps-006903",
          "gps-006904",
          "gps-006905",
          "gps-006906",
          "gps-006907",
          "gps-006908",
          "gps-006909",
          "gps-006910",
          "gps-006911",
          "gps-006912",
          "gps-006913",
          "gps-006914",
          "gps-006915",
          "gps-006916",
          "gps-006917",
          "gps-006918",
          "gps-006919",
          "gps-006920",
          "gps-006921",
          "gps-006922",
          "gps-006923",
          "gps-006924",
          "gps-006925",
          "gps-006926",
          "gps-006927",
          "gps-006928",
          "gps-006929",
          "gps-006930",
          "gps-006931",
          "gps-006932",
          "gps-006933",
          "gps-006934",
          "gps-006935",
          "gps-006936",
          "gps-006937",
          "gps-006938",
          "gps-006939",
          "gps-006940",
          "gps-006941",
          "gps-006942",
          "gps-006943",
          "gps-006944",
          "gps-006945",
          "gps-006946",
          "gps-006947",
          "gps-006948",
          "gps-006949",
          "gps-006950",
          "gps-006951",
          "gps-006952",
          "gps-006953",
          "gps-006954",
          "gps-006955",
          "gps-006956",
          "gps-006957",
          "gps-006958",
          "gps-006959",
          "gps-006960",
          "gps-006961",
          "gps-006962",
          "gps-006963",
          "gps-006964",
          "gps-006965",
          "gps-006966",
          "gps-006967",
          "gps-006968",
          "gps-006969",
          "gps-006970",
          "gps-006971",
          "gps-006972",
          "gps-006973",
          "gps-006974",
          "gps-006975",
          "gps-006976",
          "gps-006977",
          "gps-006978",
          "gps-006979",
          "gps-006980",
          "gps-006981",
          "gps-006982",
          "gps-006983",
          "gps-006984",
          "gps-006985",
          "gps-006986",
          "gps-006987",
          "gps-006988",
          "gps-006989",
          "gps-006990",
          "gps-006991",
          "gps-006992",
          "gps-006993",
          "gps-006994",
          "gps-006995",
          "gps-006996",
          "gps-006997",
          "gps-006998",
          "gps-006999",
          "gps-007000",
          "gps-007001",
          "gps-007002",
          "gps-007003",
          "gps-007004",
          "gps-007005",
          "gps-007006",
          "gps-007007",
          "gps-007008",
          "gps-007009",
          "gps-007010",
          "gps-007011",
          "gps-007012",
          "gps-007013",
          "gps-007014",
          "gps-007015",
          "gps-007016",
          "gps-007017",
          "gps-007018",
          "gps-007019",
          "gps-007020",
          "gps-007021",
          "gps-007022",
          "gps-007023",
          "gps-007024",
          "gps-007025",
          "gps-007026",
          "gps-007027",
          "gps-007028",
          "gps-007029",
          "gps-007030",
          "gps-007031",
          "gps-007032",
          "gps-007033",
          "gps-007034",
          "gps-007035",
          "gps-007036",
          "gps-007037",
          "gps-007038",
          "gps-007039",
          "gps-007040",
          "gps-007041",
          "gps-007042",
          "gps-007043",
          "gps-007044",
          "gps-007045",
          "gps-007046",
          "gps-007047",
          "gps-007048",
          "gps-007049",
          "gps-007050",
          "gps-007051",
          "gps-007052",
          "gps-007053",
          "gps-007054",
          "gps-007055",
          "gps-007056",
          "gps-007057",
          "gps-007058",
          "gps-007059",
          "gps-007060",
          "gps-007061",
          "gps-007062",
          "gps-007063",
          "gps-007064",
          "gps-007065",
          "gps-007066",
          "gps-007067",
          "gps-007068",
          "gps-007069",
          "gps-007070",
          "gps-007071",
          "gps-007072",
          "gps-007073",
          "gps-007074",
          "gps-007075",
          "gps-007076",
          "gps-007077",
          "gps-007078",
          "gps-007079",
          "gps-007080",
          "gps-007081",
          "gps-007082",
          "gps-007083",
          "gps-007084",
          "gps-007085",
          "gps-007086",
          "gps-007087",
          "gps-007088",
          "gps-007089",
          "gps-007090",
          "gps-007091",
          "gps-007092",
          "gps-007093",
          "gps-007094",
          "gps-007095",
          "gps-007096",
          "gps-007097",
          "gps-007098",
          "gps-007099",
          "gps-007100",
          "gps-007101",
          "gps-007102",
          "gps-007103",
          "gps-007104",
          "gps-007105",
          "gps-007106",
          "gps-007107",
          "gps-007108",
          "gps-007109",
          "gps-007110",
          "gps-007111",
          "gps-007112",
          "gps-007113",
          "gps-007114",
          "gps-007115",
          "gps-007116",
          "gps-007117",
          "gps-007118",
          "gps-007119",
          "gps-007120",
          "gps-007121",
          "gps-007122",
          "gps-007123",
          "gps-007124",
          "gps-007125",
          "gps-007126",
          "gps-007127",
          "gps-007128",
          "gps-007129",
          "gps-007130",
          "gps-007131",
          "gps-007132",
          "gps-007133",
          "gps-007134",
          "gps-007135",
          "gps-007136",
          "gps-007137",
          "gps-007138",
          "gps-007139",
          "gps-007140",
          "gps-007141",
          "gps-007142",
          "gps-007143",
          "gps-007144",
          "gps-007145",
          "gps-007146",
          "gps-007147",
          "gps-007148",
          "gps-007149",
          "gps-007150",
          "gps-007151",
          "gps-007152",
          "gps-007153",
          "gps-007154",
          "gps-007155",
          "gps-007156",
          "gps-007157",
          "gps-007158",
          "gps-007159",
          "gps-007160",
          "gps-007161",
          "gps-007162",
          "gps-007163",
          "gps-007164",
          "gps-007165",
          "gps-007166",
          "gps-007167",
          "gps-007168",
          "gps-007169",
          "gps-007170",
          "gps-007171",
          "gps-007172",
          "gps-007173",
          "gps-007174",
          "gps-007175",
          "gps-007176",
          "gps-007177",
          "gps-007178",
          "gps-007179",
          "gps-007180",
          "gps-007181",
          "gps-007182",
          "gps-007183",
          "gps-007184",
          "gps-007185",
          "gps-007186",
          "gps-007187",
          "gps-007188",
          "gps-007189",
          "gps-007190",
          "gps-007191",
          "gps-007192",
          "gps-007193",
          "gps-007194",
          "gps-007195",
          "gps-007196",
          "gps-007197",
          "gps-007198",
          "gps-007199",
          "gps-007200",
          "gps-007201",
          "gps-007202",
          "gps-007203",
          "gps-007204",
          "gps-007205",
          "gps-007206",
          "gps-007207",
          "gps-007208",
          "gps-007209",
          "gps-007210",
          "gps-007211",
          "gps-007212",
          "gps-007213",
          "gps-007214",
          "gps-007215",
          "gps-007216",
          "gps-007217",
          "gps-007218",
          "gps-007219",
          "gps-007220",
          "gps-007221",
          "gps-007222",
          "gps-007223",
          "gps-007224",
          "gps-007225",
          "gps-007226",
          "gps-007227",
          "gps-007228",
          "gps-007229",
          "gps-007230",
          "gps-007231",
          "gps-007232",
          "gps-007233",
          "gps-007234",
          "gps-007235",
          "gps-007236",
          "gps-007237",
          "gps-007238",
          "gps-007239",
          "gps-007240",
          "gps-007241",
          "gps-007242",
          "gps-007243",
          "gps-007244",
          "gps-007245",
          "gps-007246",
          "gps-007247",
          "gps-007248",
          "gps-007249",
          "gps-007250",
          "gps-007251",
          "gps-007252",
          "gps-007253",
          "gps-007254",
          "gps-007255",
          "gps-007256",
          "gps-007257",
          "gps-007258",
          "gps-007259",
          "gps-007260",
          "gps-007261",
          "gps-007262",
          "gps-007263",
          "gps-007264",
          "gps-007265",
          "gps-007266",
          "gps-007267",
          "gps-007268",
          "gps-007269",
          "gps-007270",
          "gps-007271",
          "gps-007272",
          "gps-007273",
          "gps-007274",
          "gps-007275",
          "gps-007276",
          "gps-007277",
          "gps-007278",
          "gps-007279",
          "gps-007280",
          "gps-007281",
          "gps-007282",
          "gps-007283",
          "gps-007284",
          "gps-007285",
          "gps-007286",
          "gps-007287",
          "gps-007288",
          "gps-007289",
          "gps-007290",
          "gps-007291",
          "gps-007292",
          "gps-007293",
          "gps-007294",
          "gps-007295",
          "gps-007296",
          "gps-007297",
          "gps-007298",
          "gps-007299",
          "gps-007300",
          "gps-007301",
          "gps-007302",
          "gps-007303",
          "gps-007304",
          "gps-007305",
          "gps-007306",
          "gps-007307",
          "gps-007308",
          "gps-007309",
          "gps-007310",
          "gps-007311",
          "gps-007312",
          "gps-007313",
          "gps-007314",
          "gps-007315",
          "gps-007316",
          "gps-007317",
          "gps-007318",
          "gps-007319",
          "gps-007320",
          "gps-007321",
          "gps-007322",
          "gps-007323",
          "gps-007324",
          "gps-007325",
          "gps-007326",
          "gps-007327",
          "gps-007328",
          "gps-007329"
        ],
        "no_artificial_relocation_connector": true
      }
    },
    {
      "type": "Feature",
      "geometry": {
        "type": "LineString",
        "coordinates": [
          [
            -87.09238358197008,
            30.489367575626666
          ],
          [
            -87.09238358197008,
            30.489367575626666
          ],
          [
            -87.09238693857198,
            30.489368000773748
          ],
          [
            -87.09238761112753,
            30.489367707660875
          ],
          [
            -87.09238828167979,
            30.489367581932328
          ],
          [
            -87.09239079625074,
            30.48936795911797
          ],
          [
            -87.09239356227879,
            30.489366995199106
          ],
          [
            -87.09239590921167,
            30.489364690175734
          ],
          [
            -87.09239808087753,
            30.489363520829823
          ],
          [
            -87.09239825161782,
            30.489363067717736
          ],
          [
            -87.09239923146879,
            30.489361883731142
          ],
          [
            -87.09239910446897,
            30.489362171939142
          ],
          [
            -87.09239917789658,
            30.48936175796042
          ],
          [
            -87.09239934520652,
            30.489361631224572
          ],
          [
            -87.09239959637017,
            30.48936163078262
          ],
          [
            -87.09239959724393,
            30.489361630781133
          ],
          [
            -87.09239959724903,
            30.489361630781126
          ],
          [
            -87.09240059678517,
            30.48936192231248
          ],
          [
            -87.09240085292211,
            30.4893619657836
          ],
          [
            -87.09240102111382,
            30.489361924408204
          ],
          [
            -87.09240127204998,
            30.489361840854688
          ],
          [
            -87.09240144020917,
            30.489361715389983
          ],
          [
            -87.0924012736297,
            30.489361588871613
          ],
          [
            -87.09240102217261,
            30.489361588871606
          ],
          [
            -87.09240093835358,
            30.489361630781133
          ],
          [
            -87.09240085453455,
            30.489361588871613
          ],
          [
            -87.09240051925842,
            30.489361463143066
          ],
          [
            -87.09240043543939,
            30.489361463143066
          ],
          [
            -87.09240035162036,
            30.489361463143066
          ],
          [
            -87.09240043543939,
            30.489361463143066
          ],
          [
            -87.09240060202548,
            30.489361546437753
          ],
          [
            -87.09240076966022,
            30.48936163025349
          ],
          [
            -87.09240085400359,
            30.48936167242518
          ],
          [
            -87.09240093782589,
            30.489361672688993
          ],
          [
            -87.09240102164495,
            30.489361672690634
          ],
          [
            -87.09239964542806,
            30.489330591727985
          ],
          [
            -87.09240164453199,
            30.489330138722963
          ],
          [
            -87.09239799996539,
            30.489326470652838
          ],
          [
            -87.0923938907545,
            30.48932774019314
          ],
          [
            -87.09239634818249,
            30.489329851799436
          ],
          [
            -87.09239724137528,
            30.489334394214783
          ],
          [
            -87.09239327223173,
            30.489334111913294
          ],
          [
            -87.09238862112637,
            30.489333165781815
          ],
          [
            -87.0923862313252,
            30.48933519726441
          ],
          [
            -87.0923839494088,
            30.489336096705923
          ],
          [
            -87.09238777903852,
            30.489340241378233
          ],
          [
            -87.09238465893604,
            30.48934458878551
          ],
          [
            -87.09238141592171,
            30.48934740257832
          ],
          [
            -87.09238298079754,
            30.489350454356924
          ],
          [
            -87.09238407037984,
            30.489350998399097
          ],
          [
            -87.09239054280066,
            30.489346317381134
          ],
          [
            -87.09239318437251,
            30.489348041381685
          ],
          [
            -87.09239670296185,
            30.489350717056222
          ],
          [
            -87.0923967704203,
            30.489346145744843
          ],
          [
            -87.092394821701,
            30.489347791487862
          ],
          [
            -87.09239723787192,
            30.489341434691518
          ],
          [
            -87.09239282454504,
            30.489336096208486
          ],
          [
            -87.09239854375643,
            30.48933077899608
          ],
          [
            -87.09239585794246,
            30.489330572092378
          ],
          [
            -87.0923952932323,
            30.48932860403309
          ],
          [
            -87.09239328968904,
            30.489340740035686
          ],
          [
            -87.09239558849958,
            30.489337362716878
          ],
          [
            -87.09239145776698,
            30.48933689122604
          ],
          [
            -87.09239571296678,
            30.489327852644553
          ],
          [
            -87.0923955905427,
            30.48932806667467
          ],
          [
            -87.0923974034715,
            30.489326875708112
          ],
          [
            -87.09239597440522,
            30.489323910159627
          ],
          [
            -87.09240029210623,
            30.48931960622781
          ],
          [
            -87.09239738077571,
            30.489319387330486
          ],
          [
            -87.09240475597719,
            30.48931889586824
          ],
          [
            -87.09239666027683,
            30.48932242646188
          ],
          [
            -87.09239617308805,
            30.48932745840119
          ],
          [
            -87.09239731345791,
            30.4893272888381
          ],
          [
            -87.09239510753035,
            30.489329806835578
          ],
          [
            -87.09239359852266,
            30.489330880898233
          ],
          [
            -87.09238499196111,
            30.489342006336095
          ],
          [
            -87.09238626206826,
            30.489342412492153
          ],
          [
            -87.09238207230287,
            30.48934501320125
          ],
          [
            -87.0923768332344,
            30.489346736973815
          ],
          [
            -87.09237427670182,
            30.489350869605055
          ],
          [
            -87.09238217562647,
            30.48934561993933
          ],
          [
            -87.09238014116755,
            30.48934302355488
          ],
          [
            -87.09238227842194,
            30.489343403686906
          ],
          [
            -87.09238843872053,
            30.48933638558613
          ],
          [
            -87.092392419892,
            30.489337355643134
          ],
          [
            -87.09238764963328,
            30.48934224218287
          ],
          [
            -87.09239088863237,
            30.489340854939623
          ],
          [
            -87.0923918393856,
            30.489336055312137
          ],
          [
            -87.0923905918459,
            30.489338233685533
          ],
          [
            -87.09239293931695,
            30.48933836247794
          ],
          [
            -87.09238554746034,
            30.489332749424328
          ],
          [
            -87.09240128386992,
            30.489334048512003
          ],
          [
            -87.09239051362817,
            30.489337284297243
          ],
          [
            -87.09240025456742,
            30.48934197573509
          ],
          [
            -87.09242050978601,
            30.48932598874997
          ],
          [
            -87.09240833250739,
            30.489328540059738
          ],
          [
            -87.0923995565861,
            30.489323904323157
          ],
          [
            -87.09240436990163,
            30.48931977174622
          ],
          [
            -87.09240653165111,
            30.489316722301652
          ],
          [
            -87.09241485676819,
            30.48931352375413
          ],
          [
            -87.0924151797646,
            30.489313193485938
          ],
          [
            -87.09240805180536,
            30.489307623813165
          ],
          [
            -87.09240502743206,
            30.4893122940752
          ],
          [
            -87.09239770659676,
            30.48931248960864
          ],
          [
            -87.09239486032918,
            30.48931087672075
          ],
          [
            -87.09239819451078,
            30.489302174637434
          ],
          [
            -87.09239716034588,
            30.489304403895574
          ],
          [
            -87.09239926496755,
            30.48931015887284
          ],
          [
            -87.09240450988817,
            30.489306461091925
          ],
          [
            -87.0924080813188,
            30.489299643823706
          ],
          [
            -87.09241616548667,
            30.489299135506027
          ],
          [
            -87.09241895257665,
            30.48929559957961
          ],
          [
            -87.09241550568142,
            30.489296021351663
          ],
          [
            -87.09242495429373,
            30.489295494612904
          ],
          [
            -87.09242649675264,
            30.489287937483972
          ],
          [
            -87.09243124999203,
            30.489285046607513
          ],
          [
            -87.09242964336546,
            30.48928814589579
          ],
          [
            -87.09243111477218,
            30.489287205664382
          ],
          [
            -87.0924300761198,
            30.489287080481798
          ],
          [
            -87.09242070542479,
            30.489289096978087
          ],
          [
            -87.09241921034763,
            30.4892945767536
          ],
          [
            -87.09243225584594,
            30.489303424424605
          ],
          [
            -87.09243410227744,
            30.48931090663457
          ],
          [
            -87.09243712578693,
            30.48930726445385
          ],
          [
            -87.09244880164732,
            30.489306947060303
          ],
          [
            -87.09244671853001,
            30.489309667846552
          ],
          [
            -87.09243369718743,
            30.489318577960873
          ],
          [
            -87.0924332883466,
            30.489328019221663
          ],
          [
            -87.0924271131192,
            30.489334150421953
          ],
          [
            -87.09243870427952,
            30.48931658197769
          ],
          [
            -87.09242996043169,
            30.489325233917217
          ],
          [
            -87.09243404770896,
            30.489326286163028
          ],
          [
            -87.09243391727232,
            30.489330496351112
          ],
          [
            -87.09242909182896,
            30.489331088150575
          ],
          [
            -87.09242457317488,
            30.48933247938425
          ],
          [
            -87.09243733891859,
            30.489330252595845
          ],
          [
            -87.09243191426337,
            30.489330517760756
          ],
          [
            -87.09244179572673,
            30.489336575520106
          ],
          [
            -87.09244128879736,
            30.489341845809697
          ],
          [
            -87.09243307426031,
            30.48934717397729
          ],
          [
            -87.09243208239678,
            30.489349221045213
          ],
          [
            -87.092427857208,
            30.489351700392604
          ],
          [
            -87.09242413435109,
            30.489347287763017
          ],
          [
            -87.0924234192329,
            30.48934398957079
          ],
          [
            -87.09242383350251,
            30.489337249416273
          ],
          [
            -87.0924256859559,
            30.489329008531055
          ],
          [
            -87.09242687591654,
            30.48933249194083
          ],
          [
            -87.09242679394363,
            30.489334567434884
          ],
          [
            -87.09242837228814,
            30.48933732929118
          ],
          [
            -87.0924262128386,
            30.489337515487286
          ],
          [
            -87.09241345120155,
            30.489312043121643
          ],
          [
            -87.09242347107475,
            30.489331457811833
          ],
          [
            -87.09242215057664,
            30.48933414867275
          ],
          [
            -87.09242336034578,
            30.489337239400857
          ],
          [
            -87.09242553627627,
            30.48933242468908
          ],
          [
            -87.09242611378247,
            30.48933364146304
          ],
          [
            -87.09243151704737,
            30.489335586172764
          ],
          [
            -87.09243821097303,
            30.489337772850963
          ],
          [
            -87.09243733036297,
            30.489333620811447
          ],
          [
            -87.09244235423343,
            30.489335453881843
          ],
          [
            -87.0924460050081,
            30.489333190224936
          ],
          [
            -87.09245123947666,
            30.489328105708083
          ],
          [
            -87.09244977221057,
            30.48932061458035
          ],
          [
            -87.0924630556497,
            30.489309693444717
          ],
          [
            -87.09247088057081,
            30.489310834362144
          ],
          [
            -87.09247912391761,
            30.48931965340987
          ],
          [
            -87.09248984893867,
            30.48932003493751
          ],
          [
            -87.09248758515893,
            30.48931271276114
          ],
          [
            -87.09249113787777,
            30.489306238864582
          ],
          [
            -87.09249551659629,
            30.48930394677212
          ],
          [
            -87.09249872695402,
            30.489303137984802
          ],
          [
            -87.09248956176886,
            30.48930513237579
          ],
          [
            -87.09248582836003,
            30.489302083975307
          ],
          [
            -87.09249282604429,
            30.48929777127094
          ],
          [
            -87.09249155815922,
            30.48929885465921
          ],
          [
            -87.09249824940564,
            30.489298268196034
          ],
          [
            -87.09250863318046,
            30.489296167029668
          ],
          [
            -87.0925147544958,
            30.489293363565512
          ],
          [
            -87.09251676013987,
            30.48929610395024
          ],
          [
            -87.09251976022925,
            30.489294155836397
          ],
          [
            -87.0925201078148,
            30.489291204057633
          ],
          [
            -87.09252532143252,
            30.4892871409364
          ],
          [
            -87.0925251350816,
            30.489287197270357
          ],
          [
            -87.09250724347346,
            30.489294586782123
          ],
          [
            -87.09249687940068,
            30.489303621679664
          ],
          [
            -87.09249007761079,
            30.48931192823191
          ],
          [
            -87.09248197118646,
            30.489313213669266
          ],
          [
            -87.09248847822008,
            30.489303461950147
          ],
          [
            -87.09248504151783,
            30.489305481408667
          ],
          [
            -87.09248114156313,
            30.489306397019142
          ],
          [
            -87.09246732572151,
            30.489313167432474
          ],
          [
            -87.09246203780987,
            30.489321552945828
          ],
          [
            -87.09246194976127,
            30.489318785034246
          ],
          [
            -87.09246320175978,
            30.489315927852136
          ],
          [
            -87.09246127509657,
            30.48931789424417
          ],
          [
            -87.092461438543,
            30.489317801494742
          ],
          [
            -87.092461438543,
            30.489317801494742
          ],
          [
            -87.0924502087963,
            30.489324644529805
          ],
          [
            -87.09245173830504,
            30.489318917023688
          ],
          [
            -87.09245315401654,
            30.489316083380988
          ],
          [
            -87.09246371793516,
            30.4893087401037
          ],
          [
            -87.09246188320029,
            30.489311188415922
          ],
          [
            -87.0924611528809,
            30.489296756201405
          ],
          [
            -87.09245258579047,
            30.48929838555851
          ],
          [
            -87.09244203488063,
            30.48930116317446
          ],
          [
            -87.0924411660995,
            30.489299151048517
          ],
          [
            -87.09245248177551,
            30.48929662630413
          ],
          [
            -87.09244776190499,
            30.48929511255948
          ],
          [
            -87.09244643253908,
            30.489301248566807
          ],
          [
            -87.09244680869091,
            30.489301326081417
          ],
          [
            -87.09244680869091,
            30.489301326081417
          ],
          [
            -87.09244680869091,
            30.489301326081417
          ],
          [
            -87.09244680869091,
            30.489301326081417
          ],
          [
            -87.09244084287252,
            30.489304613336614
          ],
          [
            -87.09245399983986,
            30.48931244197775
          ],
          [
            -87.09245485703428,
            30.489298981352064
          ],
          [
            -87.09245446898021,
            30.489309733545348
          ],
          [
            -87.09246012241462,
            30.48930742998907
          ],
          [
            -87.09246474968917,
            30.489312278805276
          ],
          [
            -87.09245281307673,
            30.489314247607222
          ],
          [
            -87.09244862827728,
            30.489322399140438
          ],
          [
            -87.09244805501997,
            30.489317080956784
          ],
          [
            -87.09245230861201,
            30.489311507796124
          ],
          [
            -87.09245639817532,
            30.48930740478174
          ],
          [
            -87.09245615339903,
            30.48930564543657
          ],
          [
            -87.09245813015116,
            30.489307564146706
          ],
          [
            -87.09247079041185,
            30.489299563711292
          ],
          [
            -87.09246760274918,
            30.48930353976248
          ],
          [
            -87.09246056578641,
            30.489302576561702
          ],
          [
            -87.09245735084653,
            30.489307080701874
          ],
          [
            -87.09245766741317,
            30.489310535108498
          ],
          [
            -87.09245924789954,
            30.4893087646147
          ],
          [
            -87.09245692074884,
            30.48930322954057
          ],
          [
            -87.0924545751067,
            30.489305221931637
          ],
          [
            -87.09245000322862,
            30.48930590971877
          ],
          [
            -87.09245028809046,
            30.48930902052741
          ],
          [
            -87.09245457529185,
            30.489311106187472
          ],
          [
            -87.09245713783366,
            30.489309180275527
          ],
          [
            -87.09244990696438,
            30.489302951623785
          ],
          [
            -87.09244924333508,
            30.489303177053436
          ],
          [
            -87.09244924333508,
            30.489303177053436
          ],
          [
            -87.09244924333508,
            30.489303177053436
          ],
          [
            -87.09244924333508,
            30.489303177053436
          ],
          [
            -87.09244277009712,
            30.489308431492113
          ],
          [
            -87.09244277009712,
            30.489308431492113
          ],
          [
            -87.09244277009712,
            30.489308431492113
          ],
          [
            -87.09244828398532,
            30.489318837998884
          ],
          [
            -87.09244132188721,
            30.48932118395879
          ],
          [
            -87.09244029332747,
            30.489314102115564
          ],
          [
            -87.09244029332747,
            30.489314102115564
          ],
          [
            -87.09244029332747,
            30.489314102115564
          ],
          [
            -87.09244029332747,
            30.489314102115564
          ],
          [
            -87.09244029332747,
            30.489314102115564
          ],
          [
            -87.09244511852319,
            30.489304347589833
          ],
          [
            -87.09244898871684,
            30.489307000805063
          ],
          [
            -87.09244957778931,
            30.489307984990916
          ],
          [
            -87.0924483965201,
            30.48931229214681
          ],
          [
            -87.09244679062824,
            30.48931460344255
          ],
          [
            -87.09244443371799,
            30.489312425905872
          ],
          [
            -87.0924419013908,
            30.48931295967135
          ],
          [
            -87.09244123658047,
            30.489313000208472
          ],
          [
            -87.09244452242801,
            30.48931220359735
          ],
          [
            -87.0924444868593,
            30.489312290220642
          ],
          [
            -87.0924444868593,
            30.489312290220642
          ],
          [
            -87.09244555165279,
            30.4893140420653
          ],
          [
            -87.09244985794092,
            30.489310993711857
          ],
          [
            -87.09244985794092,
            30.489310993711857
          ],
          [
            -87.09244985794092,
            30.489310993711857
          ],
          [
            -87.09244364746314,
            30.489327287631703
          ],
          [
            -87.09244566649218,
            30.48932407798753
          ],
          [
            -87.0924461498566,
            30.489324032560912
          ],
          [
            -87.09244380905194,
            30.489325322901134
          ],
          [
            -87.09244061461438,
            30.489326226280333
          ],
          [
            -87.09243675819907,
            30.489328486507492
          ],
          [
            -87.09243824751894,
            30.48933123433972
          ],
          [
            -87.09243824751894,
            30.48933123433972
          ],
          [
            -87.09243824751894,
            30.48933123433972
          ],
          [
            -87.09244045158205,
            30.489333781598333
          ],
          [
            -87.09244578871186,
            30.48932636427328
          ],
          [
            -87.09244924929781,
            30.489327026988587
          ],
          [
            -87.09244147002076,
            30.489330887187016
          ],
          [
            -87.09244072107246,
            30.4893324499906
          ],
          [
            -87.09244364784749,
            30.4893310431031
          ],
          [
            -87.0924461960003,
            30.489328662542764
          ],
          [
            -87.0924452169634,
            30.489328923828552
          ],
          [
            -87.0924452169634,
            30.489328923828552
          ],
          [
            -87.0924452169634,
            30.489328923828552
          ],
          [
            -87.09244370045461,
            30.489327615189765
          ],
          [
            -87.0924507385227,
            30.489325400638062
          ],
          [
            -87.09245153603116,
            30.489323660150657
          ],
          [
            -87.09245102020905,
            30.489319342262036
          ],
          [
            -87.09244768670757,
            30.48931716956538
          ],
          [
            -87.09245090105016,
            30.48931753013801
          ],
          [
            -87.09246058003525,
            30.489331070426616
          ],
          [
            -87.09246433538203,
            30.489322257507588
          ],
          [
            -87.09246577235125,
            30.489320216047982
          ],
          [
            -87.09246828447387,
            30.48932094613209
          ],
          [
            -87.09246774111055,
            30.489320798483273
          ],
          [
            -87.09246016019594,
            30.489326819402677
          ],
          [
            -87.09245564637769,
            30.48932902583875
          ],
          [
            -87.09245991085938,
            30.4893287940549
          ],
          [
            -87.09245729377619,
            30.489323997457934
          ],
          [
            -87.09245397490669,
            30.48932711928639
          ],
          [
            -87.09245266032784,
            30.48933028067726
          ],
          [
            -87.09245235212235,
            30.489330209463912
          ],
          [
            -87.09245235212235,
            30.489330209463912
          ],
          [
            -87.09245422896778,
            30.489340564056963
          ],
          [
            -87.09245391608411,
            30.4893397159759
          ],
          [
            -87.09245176336385,
            30.48933295781917
          ],
          [
            -87.0924498188005,
            30.4893334441985
          ],
          [
            -87.0924604876905,
            30.48932587558601
          ],
          [
            -87.09245664564145,
            30.489322997634787
          ],
          [
            -87.09245860861046,
            30.489314295080423
          ],
          [
            -87.09246563250572,
            30.48930741620654
          ],
          [
            -87.09247540929422,
            30.489302113835848
          ],
          [
            -87.0924781146601,
            30.489303338745923
          ],
          [
            -87.09247497262506,
            30.489310040493937
          ],
          [
            -87.09247995061195,
            30.489310561713005
          ],
          [
            -87.09247702900194,
            30.489314764842714
          ],
          [
            -87.09247388376643,
            30.489320302435512
          ],
          [
            -87.09247371216576,
            30.489315547729046
          ],
          [
            -87.09247173299899,
            30.489317409917938
          ],
          [
            -87.09247256244133,
            30.489312988923736
          ],
          [
            -87.09246900664296,
            30.48931507087298
          ],
          [
            -87.09246948943891,
            30.48931554385093
          ],
          [
            -87.09247693130692,
            30.489314379218065
          ],
          [
            -87.09246846004442,
            30.489312403904695
          ],
          [
            -87.09246967983373,
            30.489313601663753
          ],
          [
            -87.09247187733631,
            30.48931831821359
          ],
          [
            -87.09247274779645,
            30.489319813495616
          ],
          [
            -87.09247817171195,
            30.489326768740487
          ],
          [
            -87.0924799739798,
            30.48933163444983
          ],
          [
            -87.09248535049244,
            30.48932912276882
          ],
          [
            -87.09248983429583,
            30.489326341395273
          ],
          [
            -87.09248974316925,
            30.489326278717922
          ],
          [
            -87.09248969171884,
            30.48932587886182
          ],
          [
            -87.09249414193862,
            30.48932522148853
          ],
          [
            -87.092487406883,
            30.489323266611287
          ],
          [
            -87.09249350989784,
            30.48932395461366
          ],
          [
            -87.0925004690358,
            30.489316815914165
          ],
          [
            -87.09249902418955,
            30.489317576451015
          ],
          [
            -87.092493833654,
            30.489314365638247
          ],
          [
            -87.09248759774307,
            30.489318932438273
          ],
          [
            -87.0924867340957,
            30.4893142525399
          ],
          [
            -87.09248608505264,
            30.489309898260874
          ],
          [
            -87.09248766949229,
            30.48930770900735
          ],
          [
            -87.09249162590612,
            30.48930413249525
          ],
          [
            -87.09250823530863,
            30.489302962231235
          ],
          [
            -87.09250824295876,
            30.489298752025384
          ],
          [
            -87.0925082314379,
            30.48929850162878
          ],
          [
            -87.09250368238936,
            30.489293729605613
          ],
          [
            -87.09249690641833,
            30.489291087528912
          ],
          [
            -87.09249247084334,
            30.48928452379704
          ],
          [
            -87.09249203915539,
            30.4892707485473
          ],
          [
            -87.09249222132988,
            30.489267433059982
          ],
          [
            -87.09248795100174,
            30.489267127464693
          ],
          [
            -87.09249119070984,
            30.48926454356293
          ],
          [
            -87.09249288228456,
            30.48926559797549
          ],
          [
            -87.09248895946716,
            30.489262025534646
          ],
          [
            -87.09248849746083,
            30.489262974964277
          ],
          [
            -87.09248857205178,
            30.489268785657018
          ],
          [
            -87.09248980182014,
            30.48926771824432
          ],
          [
            -87.09249489964998,
            30.489265594689453
          ],
          [
            -87.09249035821219,
            30.489261236343726
          ],
          [
            -87.0924879878917,
            30.489260379735327
          ],
          [
            -87.0924920350889,
            30.48925569845382
          ],
          [
            -87.09248759071609,
            30.489259079766278
          ],
          [
            -87.09248793515131,
            30.489257687949983
          ],
          [
            -87.09248626428436,
            30.489282830114554
          ],
          [
            -87.09248731668255,
            30.4892761492838
          ],
          [
            -87.09249055591985,
            30.489272113278766
          ],
          [
            -87.0924927320184,
            30.48927164290038
          ],
          [
            -87.09249112956832,
            30.48926509136621
          ],
          [
            -87.092487317077,
            30.48925729724292
          ],
          [
            -87.09248171000999,
            30.489254284996758
          ],
          [
            -87.09247300980644,
            30.4892536310172
          ],
          [
            -87.09246328152066,
            30.489250438886977
          ],
          [
            -87.09246195802407,
            30.489249768736837
          ],
          [
            -87.0924609614536,
            30.48924854997078
          ],
          [
            -87.09245046469088,
            30.489243373750146
          ],
          [
            -87.09244491525568,
            30.489242059847378
          ],
          [
            -87.09244474577314,
            30.48923657652268
          ],
          [
            -87.09244674688695,
            30.489235005956946
          ],
          [
            -87.0924498820319,
            30.489226074437084
          ],
          [
            -87.09245297954389,
            30.489220881443263
          ],
          [
            -87.09246185095739,
            30.489220339624744
          ],
          [
            -87.09246143621893,
            30.489216481494026
          ],
          [
            -87.09246551040222,
            30.48921984626873
          ],
          [
            -87.09246263052368,
            30.48921287559995
          ],
          [
            -87.09246239197643,
            30.489216402816066
          ],
          [
            -87.09246473611253,
            30.489207070324476
          ],
          [
            -87.09246904838002,
            30.489199815815578
          ],
          [
            -87.0924678676732,
            30.489194537774512
          ],
          [
            -87.09246685542618,
            30.48919783617565
          ],
          [
            -87.09246966917051,
            30.489198446468173
          ],
          [
            -87.09247229471971,
            30.489203285117526
          ],
          [
            -87.09245714197114,
            30.489202093115846
          ],
          [
            -87.0924535706118,
            30.489199774117456
          ],
          [
            -87.09245443158264,
            30.48919783442028
          ],
          [
            -87.09246752392181,
            30.48920207692203
          ],
          [
            -87.09246591691226,
            30.48920109020774
          ],
          [
            -87.0924652719319,
            30.48920088121667
          ],
          [
            -87.09246139517067,
            30.489202299689705
          ],
          [
            -87.09245641593719,
            30.489202590068174
          ],
          [
            -87.09245329386918,
            30.489204604810602
          ],
          [
            -87.09245221937738,
            30.48920129215443
          ],
          [
            -87.0924608825271,
            30.48920551431153
          ],
          [
            -87.09247108609242,
            30.489201820595333
          ],
          [
            -87.09247145166788,
            30.48920056600306
          ],
          [
            -87.09246914462261,
            30.489192318596764
          ],
          [
            -87.09246691688183,
            30.489188984137897
          ],
          [
            -87.09246612964313,
            30.489191169175268
          ],
          [
            -87.09246642229553,
            30.489192060726207
          ],
          [
            -87.0924698921455,
            30.489194733323476
          ],
          [
            -87.09247732826071,
            30.489195085003207
          ],
          [
            -87.09247407125115,
            30.489199291587507
          ],
          [
            -87.09247437019042,
            30.489194593066287
          ],
          [
            -87.09247174466866,
            30.48918355141541
          ],
          [
            -87.09246598670194,
            30.48918442603571
          ],
          [
            -87.09246175673763,
            30.489179473051955
          ],
          [
            -87.09245519786244,
            30.48918154904813
          ],
          [
            -87.09245966657096,
            30.48918408454156
          ],
          [
            -87.09245699676526,
            30.48918268023885
          ],
          [
            -87.09245726307965,
            30.489177882710944
          ],
          [
            -87.09246075562163,
            30.489171758678882
          ],
          [
            -87.09246340015886,
            30.489166215266025
          ],
          [
            -87.09246035547876,
            30.489159852183846
          ],
          [
            -87.09245053571885,
            30.489154237651096
          ],
          [
            -87.09244469581714,
            30.489147638977276
          ],
          [
            -87.09244139508836,
            30.48914369211466
          ],
          [
            -87.09244131600974,
            30.489140905878227
          ],
          [
            -87.09244191535,
            30.489140576856155
          ],
          [
            -87.0924381906464,
            30.48913855666346
          ],
          [
            -87.09243665779698,
            30.489133098477836
          ],
          [
            -87.09243357341505,
            30.48913094144612
          ],
          [
            -87.09243047770654,
            30.489127499766354
          ],
          [
            -87.09243142054119,
            30.489123561369134
          ],
          [
            -87.09243718737241,
            30.489116884651963
          ],
          [
            -87.09243842302917,
            30.489110692008076
          ],
          [
            -87.09243184250474,
            30.489106365418966
          ],
          [
            -87.09242928641368,
            30.489107974164625
          ],
          [
            -87.09242764613411,
            30.489107510315048
          ],
          [
            -87.09243197650127,
            30.4891075032283
          ],
          [
            -87.0924335028871,
            30.48910919357911
          ],
          [
            -87.09243519579458,
            30.48910755695658
          ],
          [
            -87.09243509985014,
            30.48910635257322
          ],
          [
            -87.09243926206312,
            30.489111429853327
          ],
          [
            -87.09244377112118,
            30.48911250265818
          ],
          [
            -87.0924431777605,
            30.48911355147809
          ],
          [
            -87.09244170723129,
            30.48911310886238
          ],
          [
            -87.09244583587346,
            30.489122123838293
          ],
          [
            -87.09244620738686,
            30.489121751653034
          ],
          [
            -87.09244600391419,
            30.489114986001084
          ],
          [
            -87.09244613277461,
            30.489114867903734
          ],
          [
            -87.0924640154878,
            30.489117632017823
          ],
          [
            -87.09245958739862,
            30.489115898256838
          ],
          [
            -87.09245972724369,
            30.4891141983885
          ],
          [
            -87.0924596261883,
            30.489107154750453
          ],
          [
            -87.09244856471257,
            30.48910786225326
          ],
          [
            -87.09244745848387,
            30.48910668126249
          ],
          [
            -87.09243205750087,
            30.489111337715695
          ],
          [
            -87.09242707919638,
            30.489107476741392
          ],
          [
            -87.0924287821669,
            30.48910259888111
          ],
          [
            -87.09242243438682,
            30.489099577208773
          ],
          [
            -87.09242623641047,
            30.489095605300708
          ],
          [
            -87.09242520322455,
            30.489097622694572
          ],
          [
            -87.0924234709514,
            30.489097561719692
          ],
          [
            -87.09241786131088,
            30.489095236203404
          ],
          [
            -87.09242434762824,
            30.4890971279855
          ],
          [
            -87.0924263188997,
            30.489087670073932
          ],
          [
            -87.0924283233455,
            30.489080402523076
          ],
          [
            -87.09242426454833,
            30.48908982349563
          ],
          [
            -87.09241982037128,
            30.48910777347918
          ],
          [
            -87.0924128684354,
            30.489092089014086
          ],
          [
            -87.09241689569754,
            30.489081434475015
          ],
          [
            -87.09242034504791,
            30.489079827219058
          ],
          [
            -87.0924169084328,
            30.48908823634885
          ],
          [
            -87.09242441655746,
            30.489083778756903
          ],
          [
            -87.0924237580205,
            30.489079466576108
          ],
          [
            -87.09242593817413,
            30.4890848008557
          ],
          [
            -87.09242887570997,
            30.4890834884886
          ],
          [
            -87.09242770113462,
            30.489090334693262
          ],
          [
            -87.0924278740514,
            30.489090956913163
          ],
          [
            -87.09242819332431,
            30.489090203328377
          ],
          [
            -87.09242819332431,
            30.489090203328377
          ],
          [
            -87.09242819332431,
            30.489090203328377
          ],
          [
            -87.092425847678,
            30.489087714367813
          ],
          [
            -87.09242612118422,
            30.48908766655625
          ],
          [
            -87.09243098483076,
            30.48908828582662
          ],
          [
            -87.09242143080562,
            30.489092339265724
          ],
          [
            -87.092415037868,
            30.489094000815893
          ],
          [
            -87.09241548791009,
            30.489089441106128
          ],
          [
            -87.09241638945537,
            30.489089660791006
          ],
          [
            -87.0924180246006,
            30.489093202146577
          ],
          [
            -87.09239451326725,
            30.489079204066375
          ],
          [
            -87.0924064087239,
            30.489073964421497
          ],
          [
            -87.0924214900066,
            30.48906321259041
          ],
          [
            -87.09242473354583,
            30.489071730229075
          ],
          [
            -87.0924219864351,
            30.48906035849394
          ],
          [
            -87.0924268202724,
            30.489063047163295
          ],
          [
            -87.09242601528342,
            30.489062362929353
          ],
          [
            -87.0924364303907,
            30.4890632232175
          ],
          [
            -87.09244288841305,
            30.48906532402999
          ],
          [
            -87.0924581581015,
            30.489062768482846
          ],
          [
            -87.09245793334789,
            30.489058850781745
          ],
          [
            -87.09245617404791,
            30.48905512139032
          ],
          [
            -87.09245470778852,
            30.489047729818736
          ],
          [
            -87.0924360487912,
            30.489027411758414
          ],
          [
            -87.09243208534357,
            30.48901902538317
          ],
          [
            -87.09242867654112,
            30.489026526032603
          ],
          [
            -87.09242967237482,
            30.489022160002598
          ],
          [
            -87.09242299040075,
            30.489012176754148
          ],
          [
            -87.0924161296031,
            30.489014422569056
          ],
          [
            -87.09241743875539,
            30.48901937426468
          ],
          [
            -87.09241356548473,
            30.489011729252436
          ],
          [
            -87.09241991709732,
            30.48900414980275
          ],
          [
            -87.09241890658505,
            30.48900586923591
          ],
          [
            -87.0924295588267,
            30.489010440334738
          ],
          [
            -87.09243175818824,
            30.48901358483034
          ],
          [
            -87.09243709972051,
            30.48901261040264
          ],
          [
            -87.09243742021738,
            30.489009830636718
          ],
          [
            -87.09244508941742,
            30.489008819587742
          ],
          [
            -87.09244147510262,
            30.48900528440736
          ],
          [
            -87.09243820837511,
            30.489008209843917
          ],
          [
            -87.09244067451395,
            30.48901173513188
          ],
          [
            -87.09243737242544,
            30.489014420791698
          ],
          [
            -87.09243610244171,
            30.489018529177464
          ],
          [
            -87.09243557670173,
            30.48901812028748
          ],
          [
            -87.09244184473033,
            30.489015350707987
          ],
          [
            -87.09243817351778,
            30.489012060083432
          ],
          [
            -87.09243447156229,
            30.4890033109517
          ],
          [
            -87.09243086220961,
            30.48900190645753
          ],
          [
            -87.09242741662585,
            30.48899908049282
          ],
          [
            -87.09242476537987,
            30.488994734328994
          ],
          [
            -87.0924233305909,
            30.488993454990784
          ],
          [
            -87.09242781739276,
            30.48898618380572
          ],
          [
            -87.09242694850043,
            30.48897842847353
          ],
          [
            -87.09242591822888,
            30.48898297440831
          ],
          [
            -87.09242720998354,
            30.488984390298512
          ],
          [
            -87.09242677104234,
            30.488990170590203
          ],
          [
            -87.09242665934516,
            30.48899157338849
          ],
          [
            -87.09241592615169,
            30.488985288767783
          ],
          [
            -87.09242240759478,
            30.48899270369894
          ],
          [
            -87.09242251851865,
            30.48899068438443
          ],
          [
            -87.09243063998782,
            30.48899314706769
          ],
          [
            -87.09243492938715,
            30.488994765256923
          ],
          [
            -87.09243467714488,
            30.488995984532128
          ],
          [
            -87.09244365179305,
            30.48899690546354
          ],
          [
            -87.09245026915687,
            30.488997357211755
          ],
          [
            -87.09244925220212,
            30.489001358062747
          ],
          [
            -87.09244956817872,
            30.489001674875084
          ],
          [
            -87.09245468010057,
            30.489006291729208
          ],
          [
            -87.09245456057317,
            30.489007485911205
          ],
          [
            -87.09245527528479,
            30.489007960187127
          ],
          [
            -87.09245467388665,
            30.489008146295454
          ],
          [
            -87.09245467388665,
            30.489008146295454
          ],
          [
            -87.09245467388665,
            30.489008146295454
          ],
          [
            -87.09245467388665,
            30.489008146295454
          ],
          [
            -87.09245289013316,
            30.489011501145715
          ],
          [
            -87.09245154305789,
            30.489010663059908
          ],
          [
            -87.09244723708636,
            30.489003894315815
          ],
          [
            -87.09244423879541,
            30.48899835223394
          ],
          [
            -87.09244660813681,
            30.489000807954145
          ],
          [
            -87.09244658579485,
            30.489000074310216
          ],
          [
            -87.09244735150023,
            30.48900162229788
          ],
          [
            -87.09245068688486,
            30.488998618562754
          ],
          [
            -87.09245299029605,
            30.48899755431533
          ],
          [
            -87.09244675158597,
            30.48899407724148
          ],
          [
            -87.09244731950827,
            30.488995455846748
          ],
          [
            -87.0924500852611,
            30.488997631592234
          ],
          [
            -87.09245040218137,
            30.48899986928552
          ],
          [
            -87.0924519705371,
            30.48899838176978
          ],
          [
            -87.09245220018799,
            30.488998455845966
          ],
          [
            -87.09245150158183,
            30.488993249698165
          ],
          [
            -87.09244866717624,
            30.4889913155498
          ],
          [
            -87.0924549064892,
            30.48898679200619
          ],
          [
            -87.09246188126498,
            30.488981937630086
          ],
          [
            -87.09246560526083,
            30.488967521746424
          ],
          [
            -87.09246337556672,
            30.488969283020914
          ],
          [
            -87.09245641182662,
            30.48896545112327
          ],
          [
            -87.0924675831485,
            30.488959307099144
          ],
          [
            -87.09246684315593,
            30.488955602499956
          ],
          [
            -87.09244951810709,
            30.48893644706746
          ],
          [
            -87.09244746125883,
            30.488938671470336
          ],
          [
            -87.09245102833559,
            30.488947478583153
          ],
          [
            -87.09245190807611,
            30.488952293078224
          ],
          [
            -87.0924455187781,
            30.488949422213594
          ],
          [
            -87.09244871923102,
            30.48894797935549
          ],
          [
            -87.09244940507102,
            30.488948308736525
          ],
          [
            -87.09245204107307,
            30.488936522327727
          ],
          [
            -87.09245257788689,
            30.48893662792019
          ],
          [
            -87.09245257788689,
            30.48893662792019
          ],
          [
            -87.09245257788689,
            30.48893662792019
          ],
          [
            -87.09245257788689,
            30.48893662792019
          ],
          [
            -87.09245257788689,
            30.48893662792019
          ],
          [
            -87.09245257788689,
            30.48893662792019
          ],
          [
            -87.09243824088765,
            30.48892117131619
          ],
          [
            -87.09244136657529,
            30.48891600664771
          ],
          [
            -87.09244481514475,
            30.48891199917117
          ],
          [
            -87.09244889364103,
            30.48890703766001
          ],
          [
            -87.0924507426055,
            30.488899986371145
          ],
          [
            -87.09245093974143,
            30.48890085716156
          ],
          [
            -87.09244745098168,
            30.488904155547136
          ],
          [
            -87.09245449000903,
            30.488905210159
          ],
          [
            -87.09245184752459,
            30.488903996958083
          ],
          [
            -87.09245169810481,
            30.488898742222858
          ],
          [
            -87.09245592726641,
            30.48889325190185
          ],
          [
            -87.09245889248257,
            30.488898661153186
          ],
          [
            -87.09246370395648,
            30.488892197423887
          ],
          [
            -87.09248395383143,
            30.48890000608912
          ],
          [
            -87.09247834399929,
            30.48888997389182
          ],
          [
            -87.09247602010225,
            30.488886599852222
          ],
          [
            -87.09247077263322,
            30.488884258537045
          ],
          [
            -87.09247184639159,
            30.488878787533388
          ],
          [
            -87.09246903699459,
            30.488877894504892
          ],
          [
            -87.09246803048852,
            30.48888655124317
          ],
          [
            -87.0924597478283,
            30.488896362088013
          ],
          [
            -87.0924581100467,
            30.488895699923354
          ],
          [
            -87.09245940648489,
            30.488894167571157
          ],
          [
            -87.09245330592067,
            30.488892299272386
          ],
          [
            -87.09245558108127,
            30.48889666698975
          ],
          [
            -87.0924469862279,
            30.48888979961693
          ],
          [
            -87.09243584261795,
            30.488888209301855
          ],
          [
            -87.09243417422651,
            30.48888820379328
          ],
          [
            -87.09242601291571,
            30.4888910138549
          ],
          [
            -87.09242445973418,
            30.488887991342814
          ],
          [
            -87.09241672015858,
            30.48888846766471
          ],
          [
            -87.09241627024862,
            30.488888006675513
          ],
          [
            -87.09242932747601,
            30.488889012477376
          ],
          [
            -87.0924328312364,
            30.488889237426424
          ],
          [
            -87.09243878919688,
            30.488889539851527
          ],
          [
            -87.09243071982667,
            30.488893564297094
          ],
          [
            -87.09244190904234,
            30.488898706489245
          ],
          [
            -87.09244654472059,
            30.488900627799538
          ],
          [
            -87.09245216005921,
            30.48890593250438
          ],
          [
            -87.0924584175784,
            30.48890417166118
          ],
          [
            -87.09245309950641,
            30.488909427230976
          ],
          [
            -87.092454072044,
            30.488912634468857
          ],
          [
            -87.09246379124127,
            30.4889107795326
          ],
          [
            -87.09246007744974,
            30.48891211514716
          ],
          [
            -87.09245803555098,
            30.48890732541102
          ],
          [
            -87.09246013965169,
            30.488902182525326
          ],
          [
            -87.09246014190875,
            30.488901961598895
          ],
          [
            -87.09246014190875,
            30.488901961598895
          ],
          [
            -87.09245596983942,
            30.48890352662534
          ],
          [
            -87.09245451355251,
            30.488903525445
          ],
          [
            -87.09246126992544,
            30.488905749178752
          ],
          [
            -87.09245290283785,
            30.488904775178046
          ],
          [
            -87.09245330753798,
            30.488904234702073
          ],
          [
            -87.09245746066864,
            30.488905573019217
          ],
          [
            -87.09245262246279,
            30.488904865992783
          ],
          [
            -87.09245262246279,
            30.488904865992783
          ],
          [
            -87.0924527723031,
            30.488901619420364
          ],
          [
            -87.09246047375552,
            30.48889786460518
          ],
          [
            -87.09246408170266,
            30.48889612230869
          ],
          [
            -87.09246415758608,
            30.488895990673473
          ],
          [
            -87.09247688733842,
            30.488902045476618
          ],
          [
            -87.0924774005797,
            30.488900034899185
          ],
          [
            -87.0924756698545,
            30.48890094822432
          ],
          [
            -87.09246381345251,
            30.488903343497284
          ],
          [
            -87.09245581871556,
            30.48890241671615
          ],
          [
            -87.09245568967893,
            30.48889943964314
          ],
          [
            -87.09245880467994,
            30.488896873808077
          ],
          [
            -87.09245293441315,
            30.488900537047694
          ],
          [
            -87.09245295213356,
            30.488898802551002
          ],
          [
            -87.09245295213356,
            30.488898802551002
          ],
          [
            -87.09245295213356,
            30.488898802551002
          ],
          [
            -87.09245295213356,
            30.488898802551002
          ],
          [
            -87.0924532700687,
            30.488904940077568
          ],
          [
            -87.09245501409029,
            30.48890035752595
          ],
          [
            -87.09245140890641,
            30.488896649795493
          ],
          [
            -87.09244512414797,
            30.48889487000141
          ],
          [
            -87.09244512414797,
            30.48889487000141
          ],
          [
            -87.0924486421835,
            30.488896764929326
          ],
          [
            -87.09244978381169,
            30.488894597056436
          ],
          [
            -87.09245086782524,
            30.488893596329678
          ],
          [
            -87.09243735983931,
            30.488897234857998
          ],
          [
            -87.09243693249927,
            30.48889329021896
          ],
          [
            -87.0924457746285,
            30.488891780806313
          ],
          [
            -87.09242347928436,
            30.488907276039733
          ],
          [
            -87.09242347928436,
            30.488907276039733
          ],
          [
            -87.09243832087444,
            30.488895126322433
          ],
          [
            -87.09244422420045,
            30.48889189493101
          ],
          [
            -87.09244900180991,
            30.488895602368228
          ],
          [
            -87.09245039119408,
            30.48890296414488
          ],
          [
            -87.0924492601001,
            30.488900999097847
          ],
          [
            -87.09245099785655,
            30.488900687605103
          ],
          [
            -87.09246285053956,
            30.488898943535386
          ],
          [
            -87.09246391511122,
            30.48889633225953
          ],
          [
            -87.09246391511122,
            30.48889633225953
          ],
          [
            -87.09246060200589,
            30.48889776812851
          ],
          [
            -87.09246421475815,
            30.488900357078755
          ],
          [
            -87.09246831097944,
            30.488899854783487
          ],
          [
            -87.09246884265531,
            30.488896798550233
          ],
          [
            -87.09246685483454,
            30.488896775137572
          ],
          [
            -87.09245134488471,
            30.488894016087848
          ],
          [
            -87.09244420304445,
            30.488894420619765
          ],
          [
            -87.09244192892444,
            30.488895068731857
          ],
          [
            -87.09245329578786,
            30.488892936157328
          ],
          [
            -87.0924541013069,
            30.488893559777278
          ],
          [
            -87.09245779212945,
            30.488896530387567
          ],
          [
            -87.09246463890702,
            30.48889943064726
          ],
          [
            -87.09247153735686,
            30.488898977030914
          ],
          [
            -87.0924719751586,
            30.488901706093575
          ],
          [
            -87.09247195782626,
            30.48890107786378
          ],
          [
            -87.09247144480672,
            30.488904706366416
          ],
          [
            -87.09246958337518,
            30.488899740119543
          ],
          [
            -87.09247226994447,
            30.488907400418505
          ],
          [
            -87.0924803146934,
            30.488904959716667
          ],
          [
            -87.09248770968544,
            30.488905360112366
          ],
          [
            -87.09249123666189,
            30.488900984428344
          ],
          [
            -87.09249797216339,
            30.488907336181878
          ],
          [
            -87.0924983700206,
            30.48890978711008
          ],
          [
            -87.09249728072567,
            30.488912859088515
          ],
          [
            -87.09248962705338,
            30.488916381337656
          ],
          [
            -87.0924945299982,
            30.488916504096736
          ],
          [
            -87.09250246155771,
            30.48891769019218
          ],
          [
            -87.09250517930897,
            30.488918195187207
          ],
          [
            -87.09251563279643,
            30.4889162132967
          ],
          [
            -87.09251426429861,
            30.488917150930096
          ],
          [
            -87.09251824034624,
            30.488917380696645
          ],
          [
            -87.09252080968193,
            30.48892151418116
          ],
          [
            -87.092522472871,
            30.488919374848706
          ],
          [
            -87.09253222384177,
            30.48891791081508
          ],
          [
            -87.09252572490266,
            30.488913111731947
          ],
          [
            -87.09252763436767,
            30.488909018188654
          ],
          [
            -87.09253629578721,
            30.48891283916336
          ],
          [
            -87.09253407465584,
            30.488914928753708
          ],
          [
            -87.09253916113714,
            30.48891024068041
          ],
          [
            -87.09253244543984,
            30.488909474969162
          ],
          [
            -87.09252971927513,
            30.488912584207565
          ],
          [
            -87.09252875224205,
            30.488913375410792
          ],
          [
            -87.09252497297521,
            30.488915288964616
          ],
          [
            -87.09252592370706,
            30.48891185751686
          ],
          [
            -87.0925274700132,
            30.48891296883447
          ],
          [
            -87.09252473070224,
            30.488913013084613
          ],
          [
            -87.09253265746655,
            30.48891231311319
          ],
          [
            -87.09254284114145,
            30.48890989092441
          ],
          [
            -87.09252905045477,
            30.48890731785745
          ],
          [
            -87.09253129800042,
            30.488904711677275
          ],
          [
            -87.09253647735699,
            30.488903217998157
          ],
          [
            -87.09253177714211,
            30.488904226399157
          ],
          [
            -87.09253241685992,
            30.488906413015354
          ],
          [
            -87.09253349198258,
            30.488906560312667
          ],
          [
            -87.09253349198258,
            30.488906560312667
          ],
          [
            -87.09253349198258,
            30.488906560312667
          ],
          [
            -87.09253349198258,
            30.488906560312667
          ],
          [
            -87.0925386429932,
            30.488914533652146
          ],
          [
            -87.0925386429932,
            30.488914533652146
          ],
          [
            -87.09253594135905,
            30.48891801233133
          ],
          [
            -87.09253472638468,
            30.488916435569013
          ],
          [
            -87.09253077153248,
            30.488916516434283
          ],
          [
            -87.09252841109037,
            30.488920075946186
          ],
          [
            -87.09253299606237,
            30.48891543259234
          ],
          [
            -87.09252708503094,
            30.488910829242393
          ],
          [
            -87.09253429540594,
            30.48891354696223
          ],
          [
            -87.09253118808758,
            30.488909222631413
          ],
          [
            -87.09252485931445,
            30.48890760828197
          ],
          [
            -87.09252621246515,
            30.488907665962415
          ],
          [
            -87.09253180033471,
            30.488901060637705
          ],
          [
            -87.09252896622216,
            30.488902625748807
          ],
          [
            -87.09252507063997,
            30.488903422286278
          ],
          [
            -87.09252578253741,
            30.488903565596022
          ],
          [
            -87.09252515634404,
            30.488910545915292
          ],
          [
            -87.09253116802991,
            30.488908165220504
          ],
          [
            -87.09253074846391,
            30.488910631364703
          ],
          [
            -87.0925292459203,
            30.48891328386691
          ],
          [
            -87.09253038254165,
            30.488912827538545
          ],
          [
            -87.09252709331787,
            30.48890880472179
          ],
          [
            -87.0925230590149,
            30.488907411486174
          ],
          [
            -87.09251945190412,
            30.488901509523867
          ],
          [
            -87.09251762826415,
            30.488899968579155
          ],
          [
            -87.09251958502313,
            30.488897487292256
          ],
          [
            -87.09251607422549,
            30.48889318850115
          ],
          [
            -87.09251735862269,
            30.488892891706552
          ],
          [
            -87.09251095914838,
            30.488888315869758
          ],
          [
            -87.09250201771643,
            30.488885068684585
          ],
          [
            -87.09249067338894,
            30.488880851222895
          ],
          [
            -87.09249177238632,
            30.488879928135688
          ],
          [
            -87.09249870382929,
            30.488876790888177
          ],
          [
            -87.09249338219107,
            30.48887056716255
          ],
          [
            -87.09248867983138,
            30.488861721244533
          ],
          [
            -87.09247417886412,
            30.488862193576118
          ],
          [
            -87.09247763156426,
            30.488864163904317
          ],
          [
            -87.09247830288886,
            30.488864332964283
          ],
          [
            -87.09247830288886,
            30.488864332964283
          ],
          [
            -87.09247830288886,
            30.488864332964283
          ],
          [
            -87.09247830288886,
            30.488864332964283
          ],
          [
            -87.09246995220894,
            30.488849630746856
          ],
          [
            -87.09247158971397,
            30.488852130319025
          ],
          [
            -87.09247306145515,
            30.488850794150917
          ],
          [
            -87.09246870313555,
            30.488832723730738
          ],
          [
            -87.09246689487948,
            30.48882905070727
          ],
          [
            -87.09247080833231,
            30.48883031330452
          ],
          [
            -87.09246945104186,
            30.48882594161125
          ],
          [
            -87.09247182813245,
            30.48882409764601
          ],
          [
            -87.09246773834026,
            30.48881550641408
          ],
          [
            -87.09246690349714,
            30.488818859671337
          ],
          [
            -87.09246424477715,
            30.48881727416493
          ],
          [
            -87.09246146424563,
            30.488817025649645
          ],
          [
            -87.09246480818489,
            30.488818629665175
          ],
          [
            -87.09246116441057,
            30.488815118734852
          ],
          [
            -87.09246798269064,
            30.48881433931425
          ],
          [
            -87.09246952066137,
            30.488816859754024
          ],
          [
            -87.0924643729685,
            30.488819392002295
          ],
          [
            -87.09246034396452,
            30.488819665627094
          ],
          [
            -87.09245812697156,
            30.48882695319764
          ],
          [
            -87.09245531023147,
            30.488832172775457
          ],
          [
            -87.09245302798247,
            30.488834594024908
          ],
          [
            -87.09245179380406,
            30.48883602082636
          ],
          [
            -87.0924521750278,
            30.488836526805013
          ],
          [
            -87.09244974056462,
            30.48884331154835
          ],
          [
            -87.0924505160706,
            30.488843909822652
          ],
          [
            -87.09244800021519,
            30.488854203774604
          ],
          [
            -87.09244623344966,
            30.488857939156606
          ],
          [
            -87.09244325810936,
            30.488862470390874
          ],
          [
            -87.09244913646063,
            30.48886076662541
          ],
          [
            -87.0924572413041,
            30.488858577075234
          ],
          [
            -87.09246410383008,
            30.48886058068276
          ],
          [
            -87.09246459510264,
            30.48886970018651
          ],
          [
            -87.09246390455932,
            30.48887219930069
          ],
          [
            -87.09247081044101,
            30.48887460924304
          ],
          [
            -87.09247286348864,
            30.488877450675883
          ],
          [
            -87.09247401539136,
            30.48888321843104
          ],
          [
            -87.09247044727518,
            30.488887330153396
          ],
          [
            -87.09247485119356,
            30.48889165912198
          ],
          [
            -87.09248187181036,
            30.488892873759966
          ],
          [
            -87.09249037167648,
            30.48888908032408
          ],
          [
            -87.0925036787145,
            30.48889354657772
          ],
          [
            -87.09250351589796,
            30.48889855561469
          ],
          [
            -87.0925093138251,
            30.488900941392323
          ],
          [
            -87.0925116827551,
            30.48890188842804
          ],
          [
            -87.09251637385702,
            30.488905007482707
          ],
          [
            -87.09251885167882,
            30.48890723997646
          ],
          [
            -87.09251966049209,
            30.48891029829366
          ],
          [
            -87.09252069369374,
            30.488911025438355
          ],
          [
            -87.09252096367278,
            30.488902807522418
          ],
          [
            -87.09251882245762,
            30.488905103108515
          ],
          [
            -87.09250745988132,
            30.48891351835186
          ],
          [
            -87.09251219782782,
            30.48891100555872
          ],
          [
            -87.09251343105187,
            30.488906495730735
          ],
          [
            -87.09251684861445,
            30.488905982872247
          ],
          [
            -87.09252016967937,
            30.48890225797807
          ],
          [
            -87.09252904680288,
            30.488903324540967
          ],
          [
            -87.09252977964522,
            30.488901644190065
          ],
          [
            -87.09253568749965,
            30.4889005848739
          ],
          [
            -87.09253800921687,
            30.488898572032802
          ],
          [
            -87.09254041374383,
            30.488896621826605
          ],
          [
            -87.09253810869178,
            30.488897736730106
          ],
          [
            -87.09253866295667,
            30.48889670217561
          ],
          [
            -87.09253866295667,
            30.48889670217561
          ],
          [
            -87.09253984317367,
            30.48889817608892
          ],
          [
            -87.0925397627793,
            30.488899680439594
          ],
          [
            -87.09254007655291,
            30.488901132960866
          ],
          [
            -87.09254007655291,
            30.488901132960866
          ],
          [
            -87.09254007655291,
            30.488901132960866
          ],
          [
            -87.09254007655291,
            30.488901132960866
          ],
          [
            -87.09254097003235,
            30.488913153400386
          ],
          [
            -87.0925419377951,
            30.48891367847219
          ],
          [
            -87.09254215843288,
            30.4889107552519
          ],
          [
            -87.09254364834528,
            30.48890995081532
          ],
          [
            -87.09254198330517,
            30.488909903818158
          ]
        ]
      },
      "properties": {
        "record_type": "display_route_segment",
        "inspection_date": "2026-08-07",
        "point_count": 862,
        "start_time": "2026-08-07T14:22:43.999Z",
        "end_time": "2026-08-07T14:37:09.999Z",
        "source_point_ids": [
          "gps-007330",
          "gps-007331",
          "gps-007332",
          "gps-007333",
          "gps-007334",
          "gps-007335",
          "gps-007336",
          "gps-007337",
          "gps-007338",
          "gps-007339",
          "gps-007340",
          "gps-007341",
          "gps-007342",
          "gps-007343",
          "gps-007344",
          "gps-007345",
          "gps-007346",
          "gps-007347",
          "gps-007348",
          "gps-007349",
          "gps-007350",
          "gps-007351",
          "gps-007352",
          "gps-007353",
          "gps-007354",
          "gps-007355",
          "gps-007356",
          "gps-007357",
          "gps-007358",
          "gps-007359",
          "gps-007360",
          "gps-007361",
          "gps-007362",
          "gps-007363",
          "gps-007364",
          "gps-007365",
          "gps-007366",
          "gps-007367",
          "gps-007368",
          "gps-007369",
          "gps-007370",
          "gps-007371",
          "gps-007372",
          "gps-007373",
          "gps-007374",
          "gps-007375",
          "gps-007376",
          "gps-007377",
          "gps-007378",
          "gps-007379",
          "gps-007380",
          "gps-007381",
          "gps-007382",
          "gps-007383",
          "gps-007384",
          "gps-007385",
          "gps-007386",
          "gps-007387",
          "gps-007388",
          "gps-007389",
          "gps-007390",
          "gps-007391",
          "gps-007392",
          "gps-007393",
          "gps-007394",
          "gps-007395",
          "gps-007396",
          "gps-007397",
          "gps-007398",
          "gps-007399",
          "gps-007400",
          "gps-007401",
          "gps-007402",
          "gps-007403",
          "gps-007404",
          "gps-007405",
          "gps-007406",
          "gps-007407",
          "gps-007408",
          "gps-007409",
          "gps-007410",
          "gps-007411",
          "gps-007412",
          "gps-007413",
          "gps-007414",
          "gps-007415",
          "gps-007416",
          "gps-007417",
          "gps-007418",
          "gps-007419",
          "gps-007420",
          "gps-007421",
          "gps-007422",
          "gps-007423",
          "gps-007424",
          "gps-007425",
          "gps-007426",
          "gps-007427",
          "gps-007428",
          "gps-007429",
          "gps-007430",
          "gps-007431",
          "gps-007432",
          "gps-007433",
          "gps-007434",
          "gps-007435",
          "gps-007436",
          "gps-007437",
          "gps-007438",
          "gps-007439",
          "gps-007440",
          "gps-007441",
          "gps-007442",
          "gps-007443",
          "gps-007444",
          "gps-007445",
          "gps-007446",
          "gps-007447",
          "gps-007448",
          "gps-007449",
          "gps-007450",
          "gps-007451",
          "gps-007452",
          "gps-007453",
          "gps-007454",
          "gps-007455",
          "gps-007456",
          "gps-007457",
          "gps-007458",
          "gps-007459",
          "gps-007460",
          "gps-007461",
          "gps-007462",
          "gps-007463",
          "gps-007464",
          "gps-007465",
          "gps-007466",
          "gps-007467",
          "gps-007468",
          "gps-007469",
          "gps-007470",
          "gps-007471",
          "gps-007472",
          "gps-007473",
          "gps-007474",
          "gps-007475",
          "gps-007476",
          "gps-007477",
          "gps-007478",
          "gps-007479",
          "gps-007480",
          "gps-007481",
          "gps-007482",
          "gps-007483",
          "gps-007484",
          "gps-007485",
          "gps-007486",
          "gps-007487",
          "gps-007488",
          "gps-007489",
          "gps-007490",
          "gps-007491",
          "gps-007492",
          "gps-007493",
          "gps-007494",
          "gps-007495",
          "gps-007496",
          "gps-007497",
          "gps-007498",
          "gps-007499",
          "gps-007500",
          "gps-007501",
          "gps-007502",
          "gps-007503",
          "gps-007504",
          "gps-007505",
          "gps-007506",
          "gps-007507",
          "gps-007508",
          "gps-007509",
          "gps-007510",
          "gps-007511",
          "gps-007512",
          "gps-007513",
          "gps-007514",
          "gps-007515",
          "gps-007516",
          "gps-007517",
          "gps-007518",
          "gps-007519",
          "gps-007520",
          "gps-007521",
          "gps-007522",
          "gps-007523",
          "gps-007524",
          "gps-007525",
          "gps-007526",
          "gps-007527",
          "gps-007528",
          "gps-007529",
          "gps-007530",
          "gps-007531",
          "gps-007532",
          "gps-007533",
          "gps-007534",
          "gps-007535",
          "gps-007536",
          "gps-007537",
          "gps-007538",
          "gps-007539",
          "gps-007540",
          "gps-007541",
          "gps-007542",
          "gps-007543",
          "gps-007544",
          "gps-007545",
          "gps-007546",
          "gps-007547",
          "gps-007548",
          "gps-007549",
          "gps-007550",
          "gps-007551",
          "gps-007552",
          "gps-007553",
          "gps-007554",
          "gps-007555",
          "gps-007556",
          "gps-007557",
          "gps-007558",
          "gps-007559",
          "gps-007560",
          "gps-007561",
          "gps-007562",
          "gps-007563",
          "gps-007564",
          "gps-007565",
          "gps-007566",
          "gps-007567",
          "gps-007568",
          "gps-007569",
          "gps-007570",
          "gps-007571",
          "gps-007572",
          "gps-007573",
          "gps-007574",
          "gps-007575",
          "gps-007576",
          "gps-007577",
          "gps-007578",
          "gps-007579",
          "gps-007580",
          "gps-007581",
          "gps-007582",
          "gps-007583",
          "gps-007584",
          "gps-007585",
          "gps-007586",
          "gps-007587",
          "gps-007588",
          "gps-007589",
          "gps-007590",
          "gps-007591",
          "gps-007592",
          "gps-007593",
          "gps-007594",
          "gps-007595",
          "gps-007596",
          "gps-007597",
          "gps-007598",
          "gps-007599",
          "gps-007600",
          "gps-007601",
          "gps-007602",
          "gps-007603",
          "gps-007604",
          "gps-007605",
          "gps-007606",
          "gps-007607",
          "gps-007608",
          "gps-007609",
          "gps-007610",
          "gps-007611",
          "gps-007612",
          "gps-007613",
          "gps-007614",
          "gps-007615",
          "gps-007616",
          "gps-007617",
          "gps-007618",
          "gps-007619",
          "gps-007620",
          "gps-007621",
          "gps-007622",
          "gps-007623",
          "gps-007624",
          "gps-007625",
          "gps-007626",
          "gps-007627",
          "gps-007628",
          "gps-007629",
          "gps-007630",
          "gps-007631",
          "gps-007632",
          "gps-007633",
          "gps-007634",
          "gps-007635",
          "gps-007636",
          "gps-007637",
          "gps-007638",
          "gps-007639",
          "gps-007640",
          "gps-007641",
          "gps-007642",
          "gps-007643",
          "gps-007644",
          "gps-007645",
          "gps-007646",
          "gps-007647",
          "gps-007648",
          "gps-007649",
          "gps-007650",
          "gps-007651",
          "gps-007652",
          "gps-007653",
          "gps-007654",
          "gps-007655",
          "gps-007656",
          "gps-007657",
          "gps-007658",
          "gps-007659",
          "gps-007660",
          "gps-007661",
          "gps-007662",
          "gps-007663",
          "gps-007664",
          "gps-007665",
          "gps-007666",
          "gps-007667",
          "gps-007668",
          "gps-007669",
          "gps-007670",
          "gps-007671",
          "gps-007672",
          "gps-007673",
          "gps-007674",
          "gps-007675",
          "gps-007676",
          "gps-007677",
          "gps-007678",
          "gps-007679",
          "gps-007680",
          "gps-007681",
          "gps-007682",
          "gps-007683",
          "gps-007684",
          "gps-007685",
          "gps-007686",
          "gps-007687",
          "gps-007688",
          "gps-007689",
          "gps-007690",
          "gps-007691",
          "gps-007692",
          "gps-007693",
          "gps-007694",
          "gps-007695",
          "gps-007696",
          "gps-007697",
          "gps-007698",
          "gps-007699",
          "gps-007700",
          "gps-007701",
          "gps-007702",
          "gps-007703",
          "gps-007704",
          "gps-007705",
          "gps-007706",
          "gps-007707",
          "gps-007708",
          "gps-007709",
          "gps-007710",
          "gps-007711",
          "gps-007712",
          "gps-007713",
          "gps-007714",
          "gps-007715",
          "gps-007716",
          "gps-007717",
          "gps-007718",
          "gps-007719",
          "gps-007720",
          "gps-007721",
          "gps-007722",
          "gps-007723",
          "gps-007724",
          "gps-007725",
          "gps-007726",
          "gps-007727",
          "gps-007728",
          "gps-007729",
          "gps-007730",
          "gps-007731",
          "gps-007732",
          "gps-007733",
          "gps-007734",
          "gps-007735",
          "gps-007736",
          "gps-007737",
          "gps-007738",
          "gps-007739",
          "gps-007740",
          "gps-007741",
          "gps-007742",
          "gps-007743",
          "gps-007744",
          "gps-007745",
          "gps-007746",
          "gps-007747",
          "gps-007748",
          "gps-007749",
          "gps-007750",
          "gps-007751",
          "gps-007752",
          "gps-007753",
          "gps-007754",
          "gps-007755",
          "gps-007756",
          "gps-007757",
          "gps-007758",
          "gps-007759",
          "gps-007760",
          "gps-007761",
          "gps-007762",
          "gps-007763",
          "gps-007764",
          "gps-007765",
          "gps-007766",
          "gps-007767",
          "gps-007768",
          "gps-007769",
          "gps-007770",
          "gps-007771",
          "gps-007772",
          "gps-007773",
          "gps-007774",
          "gps-007775",
          "gps-007776",
          "gps-007777",
          "gps-007778",
          "gps-007779",
          "gps-007780",
          "gps-007781",
          "gps-007782",
          "gps-007783",
          "gps-007784",
          "gps-007785",
          "gps-007786",
          "gps-007787",
          "gps-007788",
          "gps-007789",
          "gps-007790",
          "gps-007791",
          "gps-007792",
          "gps-007793",
          "gps-007794",
          "gps-007795",
          "gps-007796",
          "gps-007797",
          "gps-007798",
          "gps-007799",
          "gps-007800",
          "gps-007801",
          "gps-007802",
          "gps-007803",
          "gps-007804",
          "gps-007805",
          "gps-007806",
          "gps-007807",
          "gps-007808",
          "gps-007809",
          "gps-007810",
          "gps-007811",
          "gps-007812",
          "gps-007813",
          "gps-007814",
          "gps-007815",
          "gps-007816",
          "gps-007817",
          "gps-007818",
          "gps-007819",
          "gps-007820",
          "gps-007821",
          "gps-007822",
          "gps-007823",
          "gps-007824",
          "gps-007825",
          "gps-007826",
          "gps-007827",
          "gps-007828",
          "gps-007829",
          "gps-007830",
          "gps-007831",
          "gps-007832",
          "gps-007833",
          "gps-007834",
          "gps-007835",
          "gps-007836",
          "gps-007837",
          "gps-007838",
          "gps-007839",
          "gps-007840",
          "gps-007841",
          "gps-007842",
          "gps-007843",
          "gps-007844",
          "gps-007845",
          "gps-007846",
          "gps-007847",
          "gps-007848",
          "gps-007849",
          "gps-007850",
          "gps-007851",
          "gps-007852",
          "gps-007853",
          "gps-007854",
          "gps-007855",
          "gps-007856",
          "gps-007857",
          "gps-007858",
          "gps-007859",
          "gps-007860",
          "gps-007861",
          "gps-007862",
          "gps-007863",
          "gps-007864",
          "gps-007865",
          "gps-007866",
          "gps-007867",
          "gps-007868",
          "gps-007869",
          "gps-007870",
          "gps-007871",
          "gps-007872",
          "gps-007873",
          "gps-007874",
          "gps-007875",
          "gps-007876",
          "gps-007877",
          "gps-007878",
          "gps-007879",
          "gps-007880",
          "gps-007881",
          "gps-007882",
          "gps-007883",
          "gps-007884",
          "gps-007885",
          "gps-007886",
          "gps-007887",
          "gps-007888",
          "gps-007889",
          "gps-007890",
          "gps-007891",
          "gps-007892",
          "gps-007893",
          "gps-007894",
          "gps-007895",
          "gps-007896",
          "gps-007897",
          "gps-007898",
          "gps-007899",
          "gps-007900",
          "gps-007901",
          "gps-007902",
          "gps-007903",
          "gps-007904",
          "gps-007905",
          "gps-007906",
          "gps-007907",
          "gps-007908",
          "gps-007909",
          "gps-007910",
          "gps-007911",
          "gps-007912",
          "gps-007913",
          "gps-007914",
          "gps-007915",
          "gps-007916",
          "gps-007917",
          "gps-007918",
          "gps-007919",
          "gps-007920",
          "gps-007921",
          "gps-007922",
          "gps-007923",
          "gps-007924",
          "gps-007925",
          "gps-007926",
          "gps-007927",
          "gps-007928",
          "gps-007929",
          "gps-007930",
          "gps-007931",
          "gps-007932",
          "gps-007933",
          "gps-007934",
          "gps-007935",
          "gps-007936",
          "gps-007937",
          "gps-007938",
          "gps-007939",
          "gps-007940",
          "gps-007941",
          "gps-007942",
          "gps-007943",
          "gps-007944",
          "gps-007945",
          "gps-007946",
          "gps-007947",
          "gps-007948",
          "gps-007949",
          "gps-007950",
          "gps-007951",
          "gps-007952",
          "gps-007953",
          "gps-007954",
          "gps-007955",
          "gps-007956",
          "gps-007957",
          "gps-007958",
          "gps-007959",
          "gps-007960",
          "gps-007961",
          "gps-007962",
          "gps-007963",
          "gps-007964",
          "gps-007965",
          "gps-007966",
          "gps-007967",
          "gps-007968",
          "gps-007969",
          "gps-007970",
          "gps-007971",
          "gps-007972",
          "gps-007973",
          "gps-007974",
          "gps-007975",
          "gps-007976",
          "gps-007977",
          "gps-007978",
          "gps-007979",
          "gps-007980",
          "gps-007981",
          "gps-007982",
          "gps-007983",
          "gps-007984",
          "gps-007985",
          "gps-007986",
          "gps-007987",
          "gps-007988",
          "gps-007989",
          "gps-007990",
          "gps-007991",
          "gps-007992",
          "gps-007993",
          "gps-007994",
          "gps-007995",
          "gps-007996",
          "gps-007997",
          "gps-007998",
          "gps-007999",
          "gps-008000",
          "gps-008001",
          "gps-008002",
          "gps-008003",
          "gps-008004",
          "gps-008005",
          "gps-008006",
          "gps-008007",
          "gps-008008",
          "gps-008009",
          "gps-008010",
          "gps-008011",
          "gps-008012",
          "gps-008013",
          "gps-008014",
          "gps-008015",
          "gps-008016",
          "gps-008017",
          "gps-008018",
          "gps-008019",
          "gps-008020",
          "gps-008021",
          "gps-008022",
          "gps-008023",
          "gps-008024",
          "gps-008025",
          "gps-008026",
          "gps-008027",
          "gps-008028",
          "gps-008029",
          "gps-008030",
          "gps-008031",
          "gps-008032",
          "gps-008033",
          "gps-008034",
          "gps-008035",
          "gps-008036",
          "gps-008037",
          "gps-008038",
          "gps-008039",
          "gps-008040",
          "gps-008041",
          "gps-008042",
          "gps-008043",
          "gps-008044",
          "gps-008045",
          "gps-008046",
          "gps-008047",
          "gps-008048",
          "gps-008049",
          "gps-008050",
          "gps-008051",
          "gps-008052",
          "gps-008053",
          "gps-008054",
          "gps-008055",
          "gps-008056",
          "gps-008057",
          "gps-008058",
          "gps-008059",
          "gps-008060",
          "gps-008061",
          "gps-008062",
          "gps-008063",
          "gps-008064",
          "gps-008065",
          "gps-008066",
          "gps-008067",
          "gps-008068",
          "gps-008069",
          "gps-008070",
          "gps-008071",
          "gps-008072",
          "gps-008073",
          "gps-008074",
          "gps-008075",
          "gps-008076",
          "gps-008077",
          "gps-008078",
          "gps-008079",
          "gps-008080",
          "gps-008081",
          "gps-008082",
          "gps-008083",
          "gps-008084",
          "gps-008085",
          "gps-008086",
          "gps-008087",
          "gps-008088",
          "gps-008089",
          "gps-008090",
          "gps-008091",
          "gps-008092",
          "gps-008093",
          "gps-008094",
          "gps-008095",
          "gps-008096",
          "gps-008097",
          "gps-008098",
          "gps-008099",
          "gps-008100",
          "gps-008101",
          "gps-008102",
          "gps-008103",
          "gps-008104",
          "gps-008105",
          "gps-008106",
          "gps-008107",
          "gps-008108",
          "gps-008109",
          "gps-008110",
          "gps-008111",
          "gps-008112",
          "gps-008113",
          "gps-008114",
          "gps-008115",
          "gps-008116",
          "gps-008117",
          "gps-008118",
          "gps-008119",
          "gps-008120",
          "gps-008121",
          "gps-008122",
          "gps-008123",
          "gps-008124",
          "gps-008125",
          "gps-008126",
          "gps-008127",
          "gps-008128",
          "gps-008129",
          "gps-008130",
          "gps-008131",
          "gps-008132",
          "gps-008133",
          "gps-008134",
          "gps-008135",
          "gps-008136",
          "gps-008137",
          "gps-008138",
          "gps-008139",
          "gps-008140",
          "gps-008141",
          "gps-008142",
          "gps-008143",
          "gps-008144",
          "gps-008145",
          "gps-008146",
          "gps-008147",
          "gps-008148",
          "gps-008149",
          "gps-008150",
          "gps-008151",
          "gps-008152",
          "gps-008153",
          "gps-008154",
          "gps-008155",
          "gps-008156",
          "gps-008157",
          "gps-008158",
          "gps-008159",
          "gps-008160",
          "gps-008161",
          "gps-008162",
          "gps-008163",
          "gps-008164",
          "gps-008165",
          "gps-008166",
          "gps-008167",
          "gps-008168",
          "gps-008169",
          "gps-008170",
          "gps-008171",
          "gps-008172",
          "gps-008173",
          "gps-008174",
          "gps-008175",
          "gps-008176",
          "gps-008177",
          "gps-008178",
          "gps-008179",
          "gps-008180",
          "gps-008181",
          "gps-008182",
          "gps-008183",
          "gps-008184",
          "gps-008185",
          "gps-008186",
          "gps-008187",
          "gps-008188",
          "gps-008189",
          "gps-008190",
          "gps-008191"
        ],
        "no_artificial_relocation_connector": true
      }
    },
    {
      "type": "Feature",
      "geometry": {
        "type": "LineString",
        "coordinates": [
          [
            -87.0924364855527,
            30.488985885658746
          ],
          [
            -87.09244392251682,
            30.488997091439774
          ],
          [
            -87.09244986377081,
            30.489006053427136
          ],
          [
            -87.09244986377081,
            30.489006053427136
          ],
          [
            -87.09244986377081,
            30.489006053427136
          ],
          [
            -87.09244986377081,
            30.489006053427136
          ],
          [
            -87.09244986377081,
            30.489006053427136
          ],
          [
            -87.09244986377081,
            30.489006053427136
          ],
          [
            -87.09244986377081,
            30.489006053427136
          ],
          [
            -87.09244986377081,
            30.489006053427136
          ],
          [
            -87.09241197113063,
            30.489013762057475
          ],
          [
            -87.09241219165023,
            30.48901404766947
          ],
          [
            -87.09241008374752,
            30.489005422092138
          ],
          [
            -87.0924143523037,
            30.48900149564448
          ],
          [
            -87.0924197806586,
            30.489003510053756
          ],
          [
            -87.09242221939357,
            30.488988990707835
          ],
          [
            -87.09242810080502,
            30.488987185212046
          ],
          [
            -87.0924401225961,
            30.488991847817108
          ],
          [
            -87.0924401225961,
            30.488991847817108
          ],
          [
            -87.0924453680208,
            30.48898912753069
          ],
          [
            -87.0924453680208,
            30.48898912753069
          ],
          [
            -87.0924447694332,
            30.48898196949399
          ],
          [
            -87.09244309145592,
            30.48898094802248
          ],
          [
            -87.09244463186535,
            30.488976386309442
          ],
          [
            -87.09244615157405,
            30.488978239521074
          ],
          [
            -87.09244813419782,
            30.488976963322077
          ],
          [
            -87.09244465651156,
            30.48897664566731
          ],
          [
            -87.09244436525972,
            30.48897729859527
          ],
          [
            -87.09244936189873,
            30.488964585153525
          ],
          [
            -87.09244545603721,
            30.4889625552269
          ],
          [
            -87.09244803584535,
            30.488964789814542
          ],
          [
            -87.09245056763875,
            30.488962312190598
          ],
          [
            -87.09245133902422,
            30.488962397063236
          ],
          [
            -87.09245133902422,
            30.488962397063236
          ],
          [
            -87.0924523360551,
            30.488964005631704
          ],
          [
            -87.09244893218391,
            30.488967201585915
          ],
          [
            -87.09244901054186,
            30.488971300525378
          ],
          [
            -87.09244572939234,
            30.488965574794616
          ],
          [
            -87.09244687050042,
            30.488967735576235
          ],
          [
            -87.09244412276102,
            30.48896837298942
          ],
          [
            -87.09244760678077,
            30.488967162896987
          ],
          [
            -87.09245230666268,
            30.48896738178561
          ],
          [
            -87.09245689648696,
            30.48896991176818
          ],
          [
            -87.09245166756074,
            30.48897077500522
          ],
          [
            -87.09245165444071,
            30.488962494944953
          ],
          [
            -87.09245354229381,
            30.48895833421523
          ],
          [
            -87.09244822319644,
            30.48896937149988
          ],
          [
            -87.09245049466766,
            30.48896873412517
          ],
          [
            -87.09244883752929,
            30.48896670092589
          ],
          [
            -87.09244505720177,
            30.48896199254262
          ],
          [
            -87.09243972694827,
            30.48896307122556
          ],
          [
            -87.09243776425609,
            30.488971318337324
          ],
          [
            -87.09244506756363,
            30.488970478446937
          ],
          [
            -87.0924509120897,
            30.48897269692545
          ],
          [
            -87.09245210786591,
            30.488973888029356
          ],
          [
            -87.09245139083819,
            30.488976698244283
          ],
          [
            -87.0924509530787,
            30.488975906444093
          ],
          [
            -87.0924485939301,
            30.488980054629952
          ],
          [
            -87.09243908652765,
            30.488983660199285
          ],
          [
            -87.09243309085963,
            30.488988265287666
          ],
          [
            -87.09242893911241,
            30.488992622420387
          ],
          [
            -87.0924257498365,
            30.48899027799925
          ],
          [
            -87.09241407643631,
            30.48898617267839
          ],
          [
            -87.09240942878796,
            30.48897843854437
          ],
          [
            -87.09240764733023,
            30.488976816543747
          ],
          [
            -87.0923997918014,
            30.48896729313461
          ],
          [
            -87.09240032760584,
            30.488970175983344
          ],
          [
            -87.09239426207118,
            30.48896534437981
          ],
          [
            -87.09238234423644,
            30.48896213343253
          ],
          [
            -87.09237070655199,
            30.488949179149824
          ],
          [
            -87.09236948458988,
            30.488952735823922
          ],
          [
            -87.09236809986152,
            30.488944287754975
          ],
          [
            -87.09236299857213,
            30.488935394869706
          ],
          [
            -87.09236052205586,
            30.48893714749573
          ],
          [
            -87.09236119166212,
            30.488932373293235
          ],
          [
            -87.0923509991561,
            30.488943541125323
          ],
          [
            -87.09235139775002,
            30.488946102747995
          ],
          [
            -87.09233719217335,
            30.48894218720453
          ],
          [
            -87.0923270342551,
            30.488941313208002
          ],
          [
            -87.09233144246478,
            30.488938732913706
          ],
          [
            -87.09232445250242,
            30.48893275391766
          ],
          [
            -87.09231699700082,
            30.488931282210977
          ],
          [
            -87.09231138740095,
            30.488935744495752
          ],
          [
            -87.0923027272017,
            30.48893916372588
          ],
          [
            -87.09229532021402,
            30.48894426030205
          ],
          [
            -87.09229244828428,
            30.488947342859923
          ],
          [
            -87.09229245073223,
            30.48895223340661
          ],
          [
            -87.0922900047611,
            30.48895881585679
          ],
          [
            -87.09228803402476,
            30.488960142162025
          ],
          [
            -87.09229001694081,
            30.488963123869414
          ],
          [
            -87.09228362610055,
            30.488969128029417
          ],
          [
            -87.09227790649048,
            30.488967698272713
          ],
          [
            -87.09228343207096,
            30.488970428760098
          ],
          [
            -87.09228147049585,
            30.48897344827738
          ],
          [
            -87.09227727853906,
            30.488973048907685
          ],
          [
            -87.09227968457516,
            30.488970346425937
          ],
          [
            -87.09228013315511,
            30.488970405059018
          ],
          [
            -87.09226489717334,
            30.488971231375686
          ],
          [
            -87.09226589833591,
            30.488970491516017
          ],
          [
            -87.09226589833591,
            30.488970491516017
          ],
          [
            -87.09226589833591,
            30.488970491516017
          ],
          [
            -87.09225557495297,
            30.488968115879818
          ],
          [
            -87.09224952081965,
            30.48896547129903
          ],
          [
            -87.09225167582856,
            30.488964519750198
          ],
          [
            -87.09224822135927,
            30.48896594152885
          ],
          [
            -87.09225205425105,
            30.488966651363683
          ],
          [
            -87.09225038946988,
            30.488970714857842
          ],
          [
            -87.09225048110552,
            30.488974881253824
          ],
          [
            -87.09225048110552,
            30.488974881253824
          ],
          [
            -87.09225048110552,
            30.488974881253824
          ],
          [
            -87.09225151709218,
            30.488969843329308
          ],
          [
            -87.09225307581829,
            30.488970767808926
          ],
          [
            -87.0922509068578,
            30.488972005894063
          ],
          [
            -87.09225456373943,
            30.488971278868256
          ],
          [
            -87.09225281103106,
            30.488968038683563
          ],
          [
            -87.09225294195912,
            30.488966849787605
          ],
          [
            -87.09225324106417,
            30.488966570757263
          ],
          [
            -87.09225244189528,
            30.488962839746005
          ],
          [
            -87.09224878372,
            30.48896214187355
          ],
          [
            -87.09224728446249,
            30.488959085857964
          ],
          [
            -87.09224978261193,
            30.48895954120071
          ],
          [
            -87.09224946073662,
            30.488958729085454
          ],
          [
            -87.09224956668028,
            30.488958665934955
          ],
          [
            -87.09224956668028,
            30.488958665934955
          ],
          [
            -87.09224387424574,
            30.48896127314267
          ],
          [
            -87.0922485866824,
            30.48895538638218
          ],
          [
            -87.09224688392963,
            30.48895160335523
          ],
          [
            -87.09224688392963,
            30.48895160335523
          ],
          [
            -87.09225294775051,
            30.488946057820325
          ],
          [
            -87.09224585219329,
            30.488939610273665
          ],
          [
            -87.09225188755904,
            30.48894127037039
          ],
          [
            -87.09226428015656,
            30.4889399733214
          ],
          [
            -87.09227188149922,
            30.4889412120887
          ],
          [
            -87.0922772690246,
            30.488939351764746
          ],
          [
            -87.0922762982873,
            30.48893983037763
          ],
          [
            -87.09227761343526,
            30.48893754267582
          ],
          [
            -87.09227937375636,
            30.488929786917605
          ],
          [
            -87.09227983633232,
            30.488923925147574
          ],
          [
            -87.09228673654698,
            30.48892159916132
          ],
          [
            -87.09229925519276,
            30.48891785562393
          ],
          [
            -87.09230690158036,
            30.488912691745742
          ],
          [
            -87.09230914285453,
            30.488902518530793
          ],
          [
            -87.09231093637999,
            30.48889484387486
          ],
          [
            -87.09230973059296,
            30.488891746486047
          ],
          [
            -87.09231055251615,
            30.48888931678747
          ],
          [
            -87.09230397097573,
            30.488886972183575
          ],
          [
            -87.09230934539637,
            30.488889888159637
          ],
          [
            -87.09230848797179,
            30.48889240587145
          ],
          [
            -87.09230793124132,
            30.488888685778317
          ],
          [
            -87.09230831904719,
            30.48888484808777
          ],
          [
            -87.09230718748076,
            30.488881465504218
          ],
          [
            -87.09230525907637,
            30.488875908258894
          ],
          [
            -87.09230458353092,
            30.488871917408243
          ],
          [
            -87.09230632593915,
            30.488870529980023
          ],
          [
            -87.09230579016214,
            30.488860093054114
          ],
          [
            -87.09230762540338,
            30.488856567887332
          ],
          [
            -87.09230430569542,
            30.488851026708293
          ],
          [
            -87.09229942142703,
            30.48884766283919
          ],
          [
            -87.09230221340925,
            30.48885025581044
          ],
          [
            -87.09229991392776,
            30.488848264369757
          ],
          [
            -87.09230193501504,
            30.48884275233692
          ],
          [
            -87.09230331364044,
            30.488839995065916
          ],
          [
            -87.09230567839505,
            30.488838938575157
          ],
          [
            -87.09230677246306,
            30.488835588574556
          ],
          [
            -87.09231094101958,
            30.488837334449197
          ],
          [
            -87.09231102078539,
            30.488836686856033
          ],
          [
            -87.09231065167097,
            30.48883065486905
          ],
          [
            -87.09231065167097,
            30.48883065486905
          ],
          [
            -87.09231705913368,
            30.488826388769784
          ],
          [
            -87.09231691080369,
            30.488827569920087
          ],
          [
            -87.09231911762964,
            30.48882212243485
          ],
          [
            -87.0923262230425,
            30.48882637687923
          ],
          [
            -87.09232113672695,
            30.48882729440164
          ],
          [
            -87.09232388242276,
            30.488832571289915
          ],
          [
            -87.09232522976863,
            30.48883805689746
          ],
          [
            -87.09232976430668,
            30.488841021523886
          ],
          [
            -87.09233254786108,
            30.488841437068903
          ],
          [
            -87.09232482883178,
            30.488839623441077
          ],
          [
            -87.0923241206339,
            30.48883750801462
          ],
          [
            -87.09232401104674,
            30.488835594928023
          ],
          [
            -87.09232289607378,
            30.488833084368956
          ],
          [
            -87.09232503979365,
            30.48882849041605
          ],
          [
            -87.09232204763863,
            30.488824062078148
          ],
          [
            -87.09231993566438,
            30.488824253761567
          ],
          [
            -87.09231829926915,
            30.488827510263835
          ],
          [
            -87.09230643054578,
            30.488821683794665
          ],
          [
            -87.09230321852505,
            30.48882074643579
          ],
          [
            -87.09228830028749,
            30.488817502283034
          ],
          [
            -87.0922890002794,
            30.488817379463452
          ],
          [
            -87.09229443321865,
            30.488813055244485
          ],
          [
            -87.0922857462822,
            30.488795248062093
          ],
          [
            -87.09228989883742,
            30.488792305498556
          ],
          [
            -87.09228736986513,
            30.488791294762112
          ],
          [
            -87.09228665473951,
            30.488793632328708
          ],
          [
            -87.09228847918483,
            30.48879157187958
          ],
          [
            -87.09228784685946,
            30.488786550762196
          ],
          [
            -87.09228917943003,
            30.488784858150236
          ],
          [
            -87.09228720932401,
            30.488781204544843
          ],
          [
            -87.09229431591751,
            30.488781315935885
          ],
          [
            -87.09229456682647,
            30.488784104193584
          ],
          [
            -87.0922936860602,
            30.488785336447016
          ],
          [
            -87.09229959753324,
            30.48878616434437
          ],
          [
            -87.09230071882173,
            30.488785018133235
          ],
          [
            -87.09230321498535,
            30.48878123227314
          ],
          [
            -87.09230021064081,
            30.48878141897743
          ],
          [
            -87.09229205727088,
            30.488776239802934
          ],
          [
            -87.09229643062139,
            30.488772510346585
          ],
          [
            -87.09230003682616,
            30.488780603665447
          ],
          [
            -87.09230162808286,
            30.488782321763356
          ],
          [
            -87.0923046574,
            30.48878151570766
          ],
          [
            -87.09230819449037,
            30.48878405443137
          ],
          [
            -87.0923037349574,
            30.488785183789986
          ],
          [
            -87.09230175706574,
            30.48878467907874
          ],
          [
            -87.09229240693173,
            30.488780864212014
          ],
          [
            -87.09228682898095,
            30.488780811450905
          ],
          [
            -87.09228853077667,
            30.488773057024712
          ],
          [
            -87.09228447092674,
            30.48877777398717
          ],
          [
            -87.09227947023498,
            30.48878182739655
          ],
          [
            -87.0922774422675,
            30.48877673206263
          ],
          [
            -87.09227974845778,
            30.48878060319295
          ],
          [
            -87.0922783373816,
            30.488779026694502
          ],
          [
            -87.09227476791929,
            30.488771465832777
          ],
          [
            -87.0922775014819,
            30.488774078475085
          ],
          [
            -87.09227984041118,
            30.488780110649593
          ],
          [
            -87.09227984410532,
            30.48878047210245
          ],
          [
            -87.09228519134255,
            30.48878287765837
          ],
          [
            -87.09228639880006,
            30.488782397180657
          ],
          [
            -87.09228511025042,
            30.488781611620595
          ],
          [
            -87.09228689536396,
            30.488778898542215
          ],
          [
            -87.09228878819127,
            30.488776532226737
          ],
          [
            -87.09229018318945,
            30.48877581580292
          ],
          [
            -87.09228752864789,
            30.488773195445003
          ],
          [
            -87.09228191805425,
            30.488774476009134
          ],
          [
            -87.09228191805425,
            30.488774476009134
          ],
          [
            -87.09227561093903,
            30.48877508423372
          ],
          [
            -87.09228224321849,
            30.4887699972938
          ],
          [
            -87.09228572189984,
            30.488771192533637
          ],
          [
            -87.09228586273294,
            30.488772159851514
          ],
          [
            -87.09228699201017,
            30.48877169988742
          ],
          [
            -87.0922872817575,
            30.48876865326285
          ],
          [
            -87.09228368365389,
            30.4887657877046
          ],
          [
            -87.0922825060754,
            30.488769722783587
          ],
          [
            -87.09228458358221,
            30.488767365769874
          ],
          [
            -87.09228263828494,
            30.488768652250325
          ],
          [
            -87.09228263828494,
            30.488768652250325
          ],
          [
            -87.09228204261863,
            30.488766626917407
          ],
          [
            -87.09228192604989,
            30.488768917735594
          ],
          [
            -87.09228461185559,
            30.48876671737218
          ],
          [
            -87.09228461185559,
            30.48876671737218
          ],
          [
            -87.09228810788947,
            30.488768532289516
          ],
          [
            -87.09228861811101,
            30.48876744787266
          ],
          [
            -87.09229078888592,
            30.488765814050467
          ],
          [
            -87.09228892139998,
            30.488765333634074
          ],
          [
            -87.09229080622322,
            30.488763840925536
          ],
          [
            -87.0922929078284,
            30.488766055037747
          ],
          [
            -87.09229704625466,
            30.488764070627905
          ],
          [
            -87.09229648388822,
            30.488766133454234
          ],
          [
            -87.09229894562185,
            30.488764219166697
          ],
          [
            -87.09230007609531,
            30.488762273951725
          ],
          [
            -87.09230069221834,
            30.4887592959749
          ],
          [
            -87.09230215800979,
            30.48875470165306
          ],
          [
            -87.0923033623936,
            30.48875417276029
          ],
          [
            -87.09230347785575,
            30.488750036926156
          ],
          [
            -87.09230329466423,
            30.488749339929825
          ],
          [
            -87.09230547910535,
            30.488747984896904
          ],
          [
            -87.0923026156078,
            30.488748713881165
          ],
          [
            -87.09230252360663,
            30.48874917707407
          ],
          [
            -87.0923023788223,
            30.488749561822463
          ],
          [
            -87.09230158039686,
            30.48875546432364
          ],
          [
            -87.09229910397478,
            30.488757663085888
          ],
          [
            -87.09229890035051,
            30.48876167648959
          ],
          [
            -87.09229715647491,
            30.488760913505327
          ],
          [
            -87.09229773413935,
            30.48876036826703
          ],
          [
            -87.09229371872276,
            30.488759017945647
          ],
          [
            -87.09229223457353,
            30.48875993151606
          ],
          [
            -87.09228844478014,
            30.488756195339302
          ],
          [
            -87.09228538279373,
            30.488753660208776
          ],
          [
            -87.09228313508532,
            30.48875236426223
          ],
          [
            -87.09228512105216,
            30.488754958338774
          ],
          [
            -87.09228149321595,
            30.488755099761566
          ],
          [
            -87.09228842639618,
            30.488756712951137
          ],
          [
            -87.09229113737662,
            30.488759624455422
          ],
          [
            -87.09228924784598,
            30.488753287651278
          ],
          [
            -87.09229365430984,
            30.488751522174336
          ],
          [
            -87.09229685394213,
            30.488761410718947
          ],
          [
            -87.0922955540796,
            30.488762645006595
          ],
          [
            -87.09229614194862,
            30.488762562292663
          ],
          [
            -87.09229685347871,
            30.48876675068349
          ],
          [
            -87.0923024704272,
            30.488773157542536
          ],
          [
            -87.09230639487485,
            30.488774413021645
          ],
          [
            -87.09230366935256,
            30.4887701249363
          ],
          [
            -87.09230315931994,
            30.488770310366093
          ],
          [
            -87.09231030927981,
            30.4887708199854
          ],
          [
            -87.09231488609181,
            30.488766701688547
          ],
          [
            -87.09231688464865,
            30.488763925613288
          ],
          [
            -87.09231951417746,
            30.488761889824488
          ],
          [
            -87.09231809721226,
            30.488763361925102
          ],
          [
            -87.09231196438786,
            30.488755092179655
          ],
          [
            -87.09230911557934,
            30.48875505021374
          ],
          [
            -87.09230470947011,
            30.488747631627163
          ],
          [
            -87.09230964875655,
            30.488756641294543
          ],
          [
            -87.09230209497036,
            30.488743790295935
          ],
          [
            -87.09230669191369,
            30.488741383318672
          ],
          [
            -87.09230358696864,
            30.488727479767682
          ],
          [
            -87.09230062947964,
            30.48872523583102
          ],
          [
            -87.09229842206301,
            30.48871784849349
          ],
          [
            -87.09230202830338,
            30.488717068014854
          ],
          [
            -87.0922990982567,
            30.48871065471467
          ],
          [
            -87.0922993368054,
            30.488711236996988
          ],
          [
            -87.0923049078745,
            30.48871025272134
          ],
          [
            -87.09230581965718,
            30.488712229976006
          ],
          [
            -87.09229781737679,
            30.48869848526234
          ],
          [
            -87.09230028132355,
            30.4887055837581
          ],
          [
            -87.09230121484656,
            30.48870691787133
          ],
          [
            -87.09230059531528,
            30.488708890064142
          ],
          [
            -87.0923010171493,
            30.48871176817641
          ],
          [
            -87.0923010171493,
            30.48871176817641
          ],
          [
            -87.0923010171493,
            30.48871176817641
          ],
          [
            -87.09230298131118,
            30.488712114045416
          ],
          [
            -87.09230794682506,
            30.488713052047448
          ],
          [
            -87.09230902800485,
            30.488716420440262
          ],
          [
            -87.09231171181914,
            30.488718229385338
          ],
          [
            -87.09231171181914,
            30.488718229385338
          ],
          [
            -87.0923083099039,
            30.48871634980129
          ],
          [
            -87.0923083416347,
            30.488715708714764
          ],
          [
            -87.09231198344703,
            30.48871938682245
          ],
          [
            -87.0923134631715,
            30.488718215685466
          ],
          [
            -87.0923134631715,
            30.488718215685466
          ],
          [
            -87.0923146508845,
            30.48870935630606
          ],
          [
            -87.09231612550919,
            30.488709318607928
          ],
          [
            -87.09231671752995,
            30.488713858587836
          ],
          [
            -87.09231660783003,
            30.488714893393883
          ],
          [
            -87.09231494075685,
            30.488708833287312
          ],
          [
            -87.09231902281331,
            30.488710586818883
          ],
          [
            -87.09231706658656,
            30.48870758028213
          ],
          [
            -87.09231478234078,
            30.488705753348565
          ],
          [
            -87.09231518177073,
            30.488704282052343
          ],
          [
            -87.09231709910603,
            30.488705244766507
          ],
          [
            -87.0923158756275,
            30.488706478405863
          ],
          [
            -87.0923123599004,
            30.488702412222146
          ],
          [
            -87.09231257187002,
            30.488699092179562
          ],
          [
            -87.09231240059968,
            30.488701268595033
          ],
          [
            -87.09231623175846,
            30.48870390060233
          ],
          [
            -87.09231308415654,
            30.488703656763853
          ],
          [
            -87.09231363757848,
            30.4887057102866
          ],
          [
            -87.0923139303719,
            30.48870066717805
          ],
          [
            -87.09231889507261,
            30.488704055103632
          ],
          [
            -87.0923169692649,
            30.488704541948746
          ],
          [
            -87.09231792907973,
            30.488701442164526
          ],
          [
            -87.09231455080375,
            30.48870129875257
          ],
          [
            -87.09231384757823,
            30.488704115103626
          ],
          [
            -87.09230923215864,
            30.48870483596639
          ],
          [
            -87.09230973821003,
            30.48870642411502
          ],
          [
            -87.09230470892388,
            30.488699099607366
          ],
          [
            -87.09230192218449,
            30.48870977854753
          ],
          [
            -87.09229552360908,
            30.48871051512864
          ],
          [
            -87.09228393191827,
            30.48871453357353
          ],
          [
            -87.09228816584843,
            30.48870678277865
          ],
          [
            -87.09228855426022,
            30.48870757788388
          ],
          [
            -87.0922832533955,
            30.48870855454323
          ],
          [
            -87.09228427756254,
            30.488709152446372
          ],
          [
            -87.0922840893822,
            30.48871182627686
          ],
          [
            -87.09228333161406,
            30.488710405305785
          ],
          [
            -87.09227686240777,
            30.48870046382352
          ],
          [
            -87.0922761348226,
            30.488709104846066
          ],
          [
            -87.09226896761402,
            30.48870770994014
          ],
          [
            -87.09226454241983,
            30.48870608207021
          ],
          [
            -87.0922678098183,
            30.48870896085009
          ],
          [
            -87.09226800515036,
            30.48870731626165
          ],
          [
            -87.09227043134797,
            30.488704152699334
          ],
          [
            -87.09227393809287,
            30.48870422370217
          ],
          [
            -87.09227470179002,
            30.488703695195394
          ],
          [
            -87.09227693498808,
            30.48870398139225
          ],
          [
            -87.09227795976078,
            30.488703559331142
          ],
          [
            -87.0922808516239,
            30.488707069196245
          ],
          [
            -87.09229065872795,
            30.48870614827937
          ],
          [
            -87.09229336856576,
            30.488708848265624
          ],
          [
            -87.09229407443996,
            30.488703819548917
          ],
          [
            -87.09228952808782,
            30.488699237138448
          ],
          [
            -87.09228866421182,
            30.488691923960754
          ],
          [
            -87.09228488666403,
            30.488688291938995
          ],
          [
            -87.09229148184397,
            30.488689718257756
          ],
          [
            -87.09228870321097,
            30.488684071107418
          ],
          [
            -87.09228774901442,
            30.488691330936753
          ],
          [
            -87.09228881586073,
            30.488696078881404
          ],
          [
            -87.09228286048152,
            30.48869592841245
          ],
          [
            -87.09228286048152,
            30.48869592841245
          ],
          [
            -87.09228209983803,
            30.488692631839456
          ],
          [
            -87.09226852502917,
            30.48869012032673
          ],
          [
            -87.09226953953142,
            30.488690168310313
          ],
          [
            -87.09226953953142,
            30.488690168310313
          ],
          [
            -87.09226101955784,
            30.488689306369583
          ],
          [
            -87.09225595035394,
            30.488687731911277
          ],
          [
            -87.09224998362222,
            30.488690633069
          ],
          [
            -87.09225288021952,
            30.48869377249761
          ],
          [
            -87.09225549045358,
            30.48869601994706
          ],
          [
            -87.09225549045358,
            30.48869601994706
          ],
          [
            -87.09225608695547,
            30.488694838589318
          ],
          [
            -87.09225995659072,
            30.488694578078714
          ],
          [
            -87.09227027731849,
            30.48869182338858
          ],
          [
            -87.09227515355582,
            30.48869067119141
          ],
          [
            -87.09227671450432,
            30.488691048248175
          ],
          [
            -87.09228467655143,
            30.48869780162199
          ],
          [
            -87.09228467655143,
            30.48869780162199
          ],
          [
            -87.09229175306093,
            30.48869346587737
          ],
          [
            -87.09228978651946,
            30.488689673250363
          ],
          [
            -87.0922905309792,
            30.48869134537043
          ],
          [
            -87.0922979626343,
            30.488692998582156
          ],
          [
            -87.09229322231357,
            30.488691923387783
          ],
          [
            -87.09229322231357,
            30.488691923387783
          ],
          [
            -87.09229727554255,
            30.488692609985783
          ],
          [
            -87.09229626644351,
            30.48869172508588
          ],
          [
            -87.0922926291353,
            30.488690452374964
          ],
          [
            -87.09228731655793,
            30.488687309668336
          ],
          [
            -87.0922880806312,
            30.488687782022094
          ],
          [
            -87.09228113898178,
            30.488673943774298
          ],
          [
            -87.09228113898178,
            30.488673943774298
          ],
          [
            -87.0922923950841,
            30.488680770483896
          ],
          [
            -87.0922968878773,
            30.488686850671485
          ],
          [
            -87.09229770312236,
            30.488689595920302
          ],
          [
            -87.09229749251195,
            30.488691029114463
          ],
          [
            -87.09229749251195,
            30.488691029114463
          ],
          [
            -87.09229896482253,
            30.48869408431568
          ],
          [
            -87.0922987414632,
            30.48869434488951
          ],
          [
            -87.09229971752038,
            30.488693056191522
          ],
          [
            -87.09229521980961,
            30.488693688733616
          ],
          [
            -87.09229632387373,
            30.48869944080833
          ],
          [
            -87.09230064500339,
            30.48870234604692
          ],
          [
            -87.09229496457847,
            30.48870385970809
          ],
          [
            -87.09229194556637,
            30.48870844180084
          ],
          [
            -87.09228644816184,
            30.488709008229534
          ],
          [
            -87.0922815328086,
            30.488710248445805
          ],
          [
            -87.09226533452541,
            30.48870650833468
          ],
          [
            -87.09225723885297,
            30.48870419614892
          ],
          [
            -87.0922558266316,
            30.488704789543537
          ],
          [
            -87.09225296361451,
            30.48871014168038
          ],
          [
            -87.09225298953189,
            30.48870994092865
          ],
          [
            -87.09225456323877,
            30.488711342134987
          ],
          [
            -87.09224807506186,
            30.488710586548773
          ],
          [
            -87.09224367530693,
            30.488709459615407
          ],
          [
            -87.09223883739823,
            30.48870983822047
          ],
          [
            -87.09223378492386,
            30.48871208571899
          ],
          [
            -87.09222587584688,
            30.48871605056417
          ],
          [
            -87.09221852075403,
            30.48872145526185
          ],
          [
            -87.09221590436677,
            30.488723163203815
          ],
          [
            -87.092214308527,
            30.48872352974216
          ],
          [
            -87.09221433855049,
            30.488721395505753
          ],
          [
            -87.09220789819115,
            30.48871682723007
          ],
          [
            -87.09220609764685,
            30.488715260148542
          ],
          [
            -87.09220756357644,
            30.488715443990117
          ],
          [
            -87.09221559192278,
            30.48871454683191
          ],
          [
            -87.09221148073806,
            30.48871327884805
          ],
          [
            -87.09220892445443,
            30.488711926125887
          ],
          [
            -87.09220840344813,
            30.488711654014836
          ],
          [
            -87.09220816032125,
            30.488711866386122
          ],
          [
            -87.09220816032125,
            30.488711866386122
          ],
          [
            -87.09221158720848,
            30.488712960404758
          ],
          [
            -87.09221069314692,
            30.48871506498243
          ],
          [
            -87.09221158111585,
            30.48871752319593
          ],
          [
            -87.09220732842434,
            30.488715371917387
          ],
          [
            -87.09221070969801,
            30.488714124975395
          ],
          [
            -87.09220650091916,
            30.488717032058346
          ],
          [
            -87.09220658939552,
            30.488718881416965
          ],
          [
            -87.09220574448184,
            30.488722016439667
          ],
          [
            -87.09220115504087,
            30.48872214899579
          ],
          [
            -87.09220412557069,
            30.488719490467634
          ],
          [
            -87.09220381899618,
            30.488719509405716
          ],
          [
            -87.09220173162149,
            30.488721646632776
          ],
          [
            -87.09220634986411,
            30.488720090175782
          ],
          [
            -87.09220582926491,
            30.48872021328658
          ],
          [
            -87.09220582926491,
            30.48872021328658
          ],
          [
            -87.09220869474551,
            30.488726234688293
          ],
          [
            -87.09221167146332,
            30.488727715416594
          ],
          [
            -87.0922174268267,
            30.488729637186502
          ],
          [
            -87.09221501688592,
            30.48873400455842
          ],
          [
            -87.0922118601601,
            30.48873742474363
          ],
          [
            -87.09221659119555,
            30.488738372994234
          ],
          [
            -87.0922170675757,
            30.488738265914513
          ],
          [
            -87.09220909013607,
            30.48873586658545
          ],
          [
            -87.09221142655548,
            30.488739919566015
          ],
          [
            -87.09221283371343,
            30.48874177779912
          ],
          [
            -87.09220842123611,
            30.48873908385037
          ],
          [
            -87.09221067358756,
            30.48873787453133
          ],
          [
            -87.09220356771466,
            30.4887368490209
          ],
          [
            -87.09221005224865,
            30.488729341016075
          ],
          [
            -87.09220993441866,
            30.488731610268477
          ],
          [
            -87.09220761870928,
            30.488729305176594
          ],
          [
            -87.0922088080564,
            30.48872203918704
          ],
          [
            -87.09220208803168,
            30.488720788788775
          ],
          [
            -87.09220677649091,
            30.488717039186305
          ],
          [
            -87.09220654764792,
            30.48871704350859
          ],
          [
            -87.0922073040248,
            30.488717327408775
          ],
          [
            -87.09221117760184,
            30.48871896274403
          ],
          [
            -87.09221117760184,
            30.48871896274403
          ],
          [
            -87.09221117760184,
            30.48871896274403
          ],
          [
            -87.09222163500557,
            30.488713409752826
          ],
          [
            -87.09222205780884,
            30.488711034446844
          ],
          [
            -87.09222205780884,
            30.488711034446844
          ],
          [
            -87.09222205780884,
            30.488711034446844
          ],
          [
            -87.09222205780884,
            30.488711034446844
          ],
          [
            -87.09222205780884,
            30.488711034446844
          ],
          [
            -87.09222205780884,
            30.488711034446844
          ],
          [
            -87.09222205780884,
            30.488711034446844
          ],
          [
            -87.09222986914138,
            30.48870738119189
          ],
          [
            -87.09222986914138,
            30.48870738119189
          ],
          [
            -87.09222986914138,
            30.48870738119189
          ],
          [
            -87.09222986914138,
            30.48870738119189
          ],
          [
            -87.09222986914138,
            30.48870738119189
          ],
          [
            -87.0922235652934,
            30.48870195837921
          ],
          [
            -87.09222307761075,
            30.488702168109644
          ],
          [
            -87.09222307761075,
            30.488702168109644
          ],
          [
            -87.09222307761075,
            30.488702168109644
          ],
          [
            -87.09222307761075,
            30.488702168109644
          ],
          [
            -87.09222307761075,
            30.488702168109644
          ],
          [
            -87.09222307761075,
            30.488702168109644
          ],
          [
            -87.09222307761075,
            30.488702168109644
          ],
          [
            -87.09222307761075,
            30.488702168109644
          ],
          [
            -87.09222307761075,
            30.488702168109644
          ],
          [
            -87.09222307761075,
            30.488702168109644
          ],
          [
            -87.09222307761075,
            30.488702168109644
          ],
          [
            -87.09222132460701,
            30.48870324782998
          ],
          [
            -87.09222028441815,
            30.48870720478899
          ],
          [
            -87.09221797325725,
            30.488711615721233
          ],
          [
            -87.0922180835252,
            30.48871539499283
          ],
          [
            -87.0922180835252,
            30.48871539499283
          ],
          [
            -87.0922180835252,
            30.48871539499283
          ],
          [
            -87.0922180835252,
            30.48871539499283
          ],
          [
            -87.09222135288447,
            30.488711077513404
          ],
          [
            -87.09221783336413,
            30.488708587921728
          ],
          [
            -87.0922173384974,
            30.488708004307373
          ],
          [
            -87.0922173384974,
            30.488708004307373
          ],
          [
            -87.0922173384974,
            30.488708004307373
          ],
          [
            -87.09221759465001,
            30.488702469720906
          ],
          [
            -87.09221459775847,
            30.48870376199705
          ],
          [
            -87.09221459775847,
            30.48870376199705
          ],
          [
            -87.09221318520306,
            30.4887018260411
          ],
          [
            -87.09221270203484,
            30.488704894515937
          ],
          [
            -87.0922078519752,
            30.48870712476228
          ],
          [
            -87.0922078519752,
            30.48870712476228
          ],
          [
            -87.0922078519752,
            30.48870712476228
          ],
          [
            -87.0922078519752,
            30.48870712476228
          ],
          [
            -87.0922078519752,
            30.48870712476228
          ],
          [
            -87.0922078519752,
            30.48870712476228
          ],
          [
            -87.0922078519752,
            30.48870712476228
          ],
          [
            -87.0922078519752,
            30.48870712476228
          ],
          [
            -87.0922078519752,
            30.48870712476228
          ],
          [
            -87.0922078519752,
            30.48870712476228
          ],
          [
            -87.0922078519752,
            30.48870712476228
          ],
          [
            -87.09219465127144,
            30.488708938691808
          ],
          [
            -87.09218953735322,
            30.48870913328703
          ],
          [
            -87.09218874520094,
            30.48870701117348
          ],
          [
            -87.09218927738563,
            30.488704375744582
          ],
          [
            -87.09219532146298,
            30.488704154503974
          ],
          [
            -87.09220099476212,
            30.488701476514535
          ],
          [
            -87.09220952709147,
            30.48870420648794
          ],
          [
            -87.09220903632624,
            30.48870190453259
          ],
          [
            -87.0922084003137,
            30.488698986689297
          ],
          [
            -87.09220700478986,
            30.488704279404757
          ],
          [
            -87.09220296333189,
            30.488711738505724
          ],
          [
            -87.09220109739002,
            30.488710150333173
          ],
          [
            -87.09220253945527,
            30.488714655807726
          ],
          [
            -87.09220516071503,
            30.488715015855053
          ],
          [
            -87.09220179732905,
            30.488714525978533
          ],
          [
            -87.09220309554388,
            30.488714316711025
          ],
          [
            -87.09220626825741,
            30.488719948631473
          ],
          [
            -87.09219954641706,
            30.48872530245303
          ],
          [
            -87.09219571247812,
            30.488732599574313
          ],
          [
            -87.09218666394698,
            30.48873400991564
          ],
          [
            -87.0921823826982,
            30.48873764956963
          ],
          [
            -87.09218269383743,
            30.48872936510285
          ],
          [
            -87.09217239607523,
            30.48873271791223
          ],
          [
            -87.09217239607523,
            30.48873271791223
          ],
          [
            -87.09217239607523,
            30.48873271791223
          ],
          [
            -87.09216181674128,
            30.488744344392877
          ],
          [
            -87.09215712605058,
            30.488741837808174
          ],
          [
            -87.09215617563066,
            30.48873902600501
          ],
          [
            -87.09215780478654,
            30.4887429732751
          ],
          [
            -87.09215639364082,
            30.488740576357745
          ],
          [
            -87.09215683256345,
            30.48874295854151
          ],
          [
            -87.09215776428199,
            30.488743867882178
          ],
          [
            -87.09216056178907,
            30.488743572249714
          ],
          [
            -87.09216800315623,
            30.488742819148122
          ],
          [
            -87.0921634083157,
            30.488742966206622
          ],
          [
            -87.09215581396678,
            30.488748698847107
          ],
          [
            -87.09215058966491,
            30.48875049221303
          ],
          [
            -87.0921465477099,
            30.488752821019155
          ],
          [
            -87.09214405655993,
            30.488754196874602
          ],
          [
            -87.092144707819,
            30.4887550437583
          ],
          [
            -87.09213403436816,
            30.488763682394413
          ],
          [
            -87.09213318239847,
            30.488763155081536
          ],
          [
            -87.09213221662718,
            30.4887641144064
          ],
          [
            -87.09212512023412,
            30.488759300533854
          ],
          [
            -87.09211992530311,
            30.488755407562607
          ],
          [
            -87.09211058630046,
            30.488757277182867
          ],
          [
            -87.09210731303375,
            30.48876191937864
          ],
          [
            -87.09210000231012,
            30.488763452381754
          ],
          [
            -87.09210461609507,
            30.48876280734407
          ],
          [
            -87.09210817627769,
            30.48876481889977
          ],
          [
            -87.09211154800967,
            30.488767717156612
          ],
          [
            -87.09212011417054,
            30.488769691019993
          ],
          [
            -87.0921211675114,
            30.488769317009776
          ],
          [
            -87.09211603900692,
            30.488773551795017
          ],
          [
            -87.09211687131484,
            30.488775124982723
          ],
          [
            -87.09211649257878,
            30.488773068925127
          ],
          [
            -87.0921196094374,
            30.488767189645326
          ],
          [
            -87.09211966193398,
            30.488768685841606
          ],
          [
            -87.092119262973,
            30.48876889885136
          ],
          [
            -87.09212375584116,
            30.488768438564797
          ],
          [
            -87.09212597502486,
            30.488770854999014
          ],
          [
            -87.09212895459908,
            30.488770576475392
          ],
          [
            -87.09212324823697,
            30.48877074432965
          ],
          [
            -87.09212634765932,
            30.488770464671795
          ],
          [
            -87.0921310998643,
            30.48877351147022
          ],
          [
            -87.09213119239361,
            30.488775160962412
          ],
          [
            -87.09212564012758,
            30.48877901724202
          ],
          [
            -87.09211953290702,
            30.48878069082018
          ],
          [
            -87.09211479922482,
            30.488781642187725
          ],
          [
            -87.09210322424032,
            30.48878049826622
          ],
          [
            -87.09210213686178,
            30.488785278717934
          ],
          [
            -87.09210102187059,
            30.488784351082487
          ],
          [
            -87.09211261558058,
            30.48879094394646
          ],
          [
            -87.09210554584521,
            30.488793768753293
          ],
          [
            -87.09210113752955,
            30.488790900468864
          ],
          [
            -87.0920994673377,
            30.488788400432213
          ],
          [
            -87.09210025665647,
            30.48878874699136
          ],
          [
            -87.09210099733404,
            30.488789652141275
          ],
          [
            -87.09210609118587,
            30.48878809346445
          ],
          [
            -87.09210370075125,
            30.48879123182078
          ],
          [
            -87.09209939902114,
            30.488792425759254
          ],
          [
            -87.0920969039172,
            30.48879003896141
          ],
          [
            -87.09209380813536,
            30.488792827572496
          ],
          [
            -87.09209207981489,
            30.488792066398073
          ],
          [
            -87.09208860685486,
            30.48879397704394
          ],
          [
            -87.09213643714696,
            30.488959856716587
          ],
          [
            -87.09263755513814,
            30.489207120520383
          ],
          [
            -87.09211697671482,
            30.488980882887432
          ],
          [
            -87.0921161114614,
            30.488983213764836
          ],
          [
            -87.09211285430895,
            30.489018993959206
          ],
          [
            -87.09211000547859,
            30.489064460665077
          ],
          [
            -87.09210876166594,
            30.489094522112875
          ],
          [
            -87.09210489031199,
            30.48911703313047
          ],
          [
            -87.0921025427628,
            30.48912597262812
          ],
          [
            -87.09209828599839,
            30.489131990078878
          ],
          [
            -87.09209500226937,
            30.489137116684518
          ],
          [
            -87.09209166947232,
            30.489146735376092
          ],
          [
            -87.0920889646482,
            30.489152416387487
          ],
          [
            -87.0920878746827,
            30.489157907439278
          ],
          [
            -87.09208787447776,
            30.489157908028048
          ],
          [
            -87.09208795796644,
            30.489162553099348
          ],
          [
            -87.09208754008759,
            30.489166029515424
          ],
          [
            -87.09208678476391,
            30.489168594757306
          ],
          [
            -87.09208569509379,
            30.489169349802832
          ],
          [
            -87.09208529508226,
            30.489170189710347
          ],
          [
            -87.09208510931852,
            30.48917068874143
          ],
          [
            -87.09208485686864,
            30.489171109956086
          ],
          [
            -87.09208477296595,
            30.48917131966961
          ],
          [
            -87.092091559724,
            30.489172334547874
          ],
          [
            -87.09208711989884,
            30.48917148730768
          ],
          [
            -87.09208837718431,
            30.4891702300222
          ],
          [
            -87.09209105939333,
            30.48917211595043
          ],
          [
            -87.09209483124975,
            30.489176977454257
          ],
          [
            -87.09209533416396,
            30.489180497853585
          ],
          [
            -87.09209432833556,
            30.489182802876968
          ],
          [
            -87.09209525034491,
            30.489184982171786
          ],
          [
            -87.09209533416396,
            30.4891860718192
          ],
          [
            -87.09209457979266,
            30.48918728719516
          ],
          [
            -87.09209374160234,
            30.48918913121386
          ],
          [
            -87.09208951208733,
            30.489210813014584
          ],
          [
            -87.09211049305472,
            30.489211936464464
          ],
          [
            -87.09209819677078,
            30.4892010841698
          ],
          [
            -87.09210457331291,
            30.489199645106307
          ],
          [
            -87.09212277603481,
            30.489207861574528
          ],
          [
            -87.09211469549271,
            30.48921545640365
          ],
          [
            -87.09210659137331,
            30.489209433692345
          ],
          [
            -87.09210945887477,
            30.489206776571585
          ],
          [
            -87.09210132065768,
            30.489205095875015
          ],
          [
            -87.09210246897791,
            30.48920519520158
          ],
          [
            -87.09210752340421,
            30.48921391829422
          ],
          [
            -87.0921097935371,
            30.48921510094515
          ],
          [
            -87.09211140464312,
            30.48921914773503
          ],
          [
            -87.09210963178037,
            30.489223069719944
          ],
          [
            -87.09210606908607,
            30.48921792531301
          ],
          [
            -87.0921123283333,
            30.48922073967021
          ],
          [
            -87.09211527235628,
            30.489219993081974
          ],
          [
            -87.09211313779204,
            30.4892278030913
          ],
          [
            -87.0921136805347,
            30.489228833289495
          ],
          [
            -87.09211093537253,
            30.489227007205518
          ],
          [
            -87.09211089699086,
            30.48922727062382
          ],
          [
            -87.09210430091215,
            30.48922901634988
          ],
          [
            -87.09211047001503,
            30.489232764480022
          ],
          [
            -87.09210502429552,
            30.489234510370217
          ],
          [
            -87.09210339837591,
            30.489230149315187
          ],
          [
            -87.09210743967509,
            30.4892301242852
          ],
          [
            -87.09210266887887,
            30.48922993765609
          ],
          [
            -87.09210436455263,
            30.489232251196565
          ],
          [
            -87.09210525401623,
            30.48923195572576
          ],
          [
            -87.09211290545076,
            30.48923297893993
          ],
          [
            -87.09210901601898,
            30.48923832211015
          ],
          [
            -87.09210836246064,
            30.489235080087496
          ],
          [
            -87.0920995569066,
            30.489230882545314
          ],
          [
            -87.0920986994984,
            30.489227107888546
          ],
          [
            -87.09209842053673,
            30.489229782228275
          ],
          [
            -87.0920973925679,
            30.489232478231912
          ],
          [
            -87.0920982113317,
            30.48923707124733
          ],
          [
            -87.09209901446864,
            30.48923515622981
          ],
          [
            -87.09209866553046,
            30.4892372171381
          ],
          [
            -87.09209954894108,
            30.489234577989873
          ],
          [
            -87.09210598622911,
            30.489241104409857
          ],
          [
            -87.09210360164009,
            30.489233305363904
          ],
          [
            -87.09211150244506,
            30.489228196038002
          ],
          [
            -87.0921138845758,
            30.489222631058034
          ],
          [
            -87.09211320746496,
            30.489215842857504
          ],
          [
            -87.09211425246694,
            30.489215354242475
          ],
          [
            -87.09212276027245,
            30.489218149166987
          ],
          [
            -87.092125353614,
            30.489217790258174
          ],
          [
            -87.0921235952164,
            30.48921491884304
          ],
          [
            -87.09211909460095,
            30.489215229855088
          ],
          [
            -87.09211576949927,
            30.489212764497594
          ],
          [
            -87.09211770245264,
            30.489202510661226
          ],
          [
            -87.09211265277331,
            30.489200203298502
          ],
          [
            -87.09210297584495,
            30.489198111102343
          ],
          [
            -87.09209979755666,
            30.48919698848849
          ],
          [
            -87.09209455587933,
            30.48919109786846
          ],
          [
            -87.09209435560406,
            30.489188112323955
          ],
          [
            -87.09209550339278,
            30.489189164835437
          ],
          [
            -87.09210805911754,
            30.48919272729865
          ],
          [
            -87.0921079201559,
            30.48919188551236
          ],
          [
            -87.0921119367015,
            30.48919206587456
          ],
          [
            -87.09211321416353,
            30.48919050699597
          ],
          [
            -87.09210634251023,
            30.48918641779845
          ],
          [
            -87.0920955148289,
            30.489184774590363
          ],
          [
            -87.09209621875183,
            30.48919067754123
          ],
          [
            -87.0920938805864,
            30.489187794484547
          ],
          [
            -87.09208947956267,
            30.489181776046053
          ],
          [
            -87.09209510750281,
            30.489182006681446
          ],
          [
            -87.09209865016028,
            30.48918204778703
          ],
          [
            -87.09209371752306,
            30.489167018318934
          ],
          [
            -87.09209065783467,
            30.48916781974322
          ],
          [
            -87.09209544534555,
            30.489166607170606
          ],
          [
            -87.09209965379766,
            30.48916284593101
          ],
          [
            -87.09210487354785,
            30.48915585189297
          ],
          [
            -87.09212185472666,
            30.489160113180095
          ],
          [
            -87.09213281134788,
            30.489150950752634
          ],
          [
            -87.09213473619278,
            30.48915412667547
          ],
          [
            -87.09213656416443,
            30.489161103764562
          ],
          [
            -87.09214110346188,
            30.489162631222133
          ],
          [
            -87.09214311328556,
            30.489164599746346
          ],
          [
            -87.09214450758061,
            30.489160828118877
          ],
          [
            -87.09215147266634,
            30.489152685580162
          ],
          [
            -87.09215221305483,
            30.48915217302807
          ],
          [
            -87.09215234448554,
            30.489151362863
          ],
          [
            -87.09214829821511,
            30.489155125860652
          ],
          [
            -87.09214771801577,
            30.48915293426003
          ],
          [
            -87.09215633150822,
            30.48915636609601
          ],
          [
            -87.09215772588121,
            30.489157715768645
          ],
          [
            -87.09216224775408,
            30.489160752251077
          ],
          [
            -87.09216128000993,
            30.48916201915064
          ],
          [
            -87.09215898346098,
            30.489161029150484
          ],
          [
            -87.09215972719878,
            30.489156783379087
          ],
          [
            -87.0921608316933,
            30.48915938545316
          ],
          [
            -87.09216486172386,
            30.489159091980802
          ],
          [
            -87.09216146374145,
            30.489165000052886
          ],
          [
            -87.092164499229,
            30.48917125197147
          ],
          [
            -87.09216744244696,
            30.489171332528123
          ],
          [
            -87.092171171085,
            30.48917489399664
          ],
          [
            -87.09216902375758,
            30.489176405152392
          ],
          [
            -87.09217641683541,
            30.48917204015626
          ],
          [
            -87.09218113031837,
            30.489173423818993
          ],
          [
            -87.09217632271596,
            30.489178046257383
          ],
          [
            -87.09217669858471,
            30.489178377296447
          ],
          [
            -87.09217435482907,
            30.489173967881847
          ],
          [
            -87.09217746796047,
            30.489173299802875
          ],
          [
            -87.09217915958413,
            30.489174247531555
          ],
          [
            -87.09218681852575,
            30.4891851372213
          ],
          [
            -87.09219470383609,
            30.489185268163414
          ],
          [
            -87.09220035249778,
            30.48919634582133
          ],
          [
            -87.09219380889537,
            30.489198610022612
          ],
          [
            -87.09219396688205,
            30.489201560322265
          ],
          [
            -87.0921904822726,
            30.489197975723883
          ],
          [
            -87.09218613381114,
            30.489202298577986
          ],
          [
            -87.09218470799294,
            30.489203858755797
          ],
          [
            -87.0921868832331,
            30.489210772156216
          ],
          [
            -87.09218462862196,
            30.489213572335036
          ],
          [
            -87.09217773207311,
            30.489214509973245
          ],
          [
            -87.09217358369507,
            30.489213636239793
          ],
          [
            -87.0921653176828,
            30.489216021200527
          ],
          [
            -87.09216324382373,
            30.48921933039161
          ],
          [
            -87.0921709176747,
            30.489223100161155
          ],
          [
            -87.09217764220762,
            30.489233943039324
          ],
          [
            -87.09218856310264,
            30.489219626758917
          ],
          [
            -87.09218856310265,
            30.489219626758924
          ],
          [
            -87.0921634990063,
            30.48931007352882
          ],
          [
            -87.09213830227755,
            30.489341409356136
          ],
          [
            -87.09211728604114,
            30.489313517485535
          ],
          [
            -87.09211127777266,
            30.489310640602508
          ],
          [
            -87.09210456675763,
            30.489314780186795
          ],
          [
            -87.09211310367255,
            30.489315362770455
          ],
          [
            -87.09211327142296,
            30.48930869945969
          ],
          [
            -87.09211493029599,
            30.48930753787684
          ],
          [
            -87.09211444440136,
            30.489307484065463
          ],
          [
            -87.09211296668458,
            30.489308510228803
          ],
          [
            -87.09206381264754,
            30.489382624533103
          ],
          [
            -87.0924454732846,
            30.48933034479654
          ],
          [
            -87.09194149870598,
            30.489384829864697
          ],
          [
            -87.09190227007339,
            30.489420562349697
          ],
          [
            -87.09188917546366,
            30.4894273764572
          ],
          [
            -87.09188100244548,
            30.48940990536182
          ],
          [
            -87.09188314279977,
            30.489405654688866
          ],
          [
            -87.09188270472302,
            30.489405288886402
          ],
          [
            -87.09187624080842,
            30.48940542053369
          ],
          [
            -87.09188017556929,
            30.489404668966635
          ],
          [
            -87.0918771900715,
            30.489401218580152
          ],
          [
            -87.09187510876897,
            30.489397627767485
          ],
          [
            -87.09187428581339,
            30.48939504876595
          ],
          [
            -87.0918730368177,
            30.489392671949574
          ],
          [
            -87.0918730375991,
            30.48939267311093
          ],
          [
            -87.0918715467342,
            30.4893931021269
          ],
          [
            -87.0918711209346,
            30.489392063627193
          ],
          [
            -87.09186995214537,
            30.489390974299727
          ],
          [
            -87.09187019471773,
            30.489391217369146
          ],
          [
            -87.09187027952989,
            30.489391468773782
          ],
          [
            -87.09187028006045,
            30.48939142869916
          ],
          [
            -87.09187003017973,
            30.489391345153816
          ],
          [
            -87.0918698620272,
            30.48939130298382
          ],
          [
            -87.09186977768059,
            30.489391302720012
          ],
          [
            -87.0918697771496,
            30.489391344627872
          ],
          [
            -87.0918697771496,
            30.489391344627872
          ],
          [
            -87.0918697771496,
            30.489391344627872
          ],
          [
            -87.0918697771496,
            30.489391344627872
          ],
          [
            -87.0918697771496,
            30.48939134462788
          ],
          [
            -87.0918697771496,
            30.48939134462788
          ],
          [
            -87.0918697771496,
            30.48939134462788
          ],
          [
            -87.09186977714961,
            30.489391302980533
          ],
          [
            -87.09186969385493,
            30.48939126107265
          ],
          [
            -87.09186969333386,
            30.489391260810493
          ],
          [
            -87.09192392267505,
            30.489387617836638
          ],
          [
            -87.09192474748245,
            30.489388938716978
          ],
          [
            -87.09192918921289,
            30.48938998696024
          ],
          [
            -87.09193368274069,
            30.48939488089547
          ],
          [
            -87.09194281186633,
            30.489392511527477
          ],
          [
            -87.09194824613374,
            30.48938671865064
          ],
          [
            -87.09195126159028,
            30.4893850184939
          ],
          [
            -87.0919502441367,
            30.489383531932837
          ],
          [
            -87.09194849543643,
            30.4893802242184
          ],
          [
            -87.09194326542274,
            30.489374926249504
          ],
          [
            -87.09194125730787,
            30.48937044722639
          ],
          [
            -87.0919389104844,
            30.489369063292788
          ],
          [
            -87.09193631624281,
            30.48937222787867
          ],
          [
            -87.09193297679539,
            30.489371118638747
          ],
          [
            -87.09192905890629,
            30.48937043921877
          ],
          [
            -87.09192517480139,
            30.489373844712997
          ],
          [
            -87.09192028800413,
            30.489374894249465
          ],
          [
            -87.091926000962,
            30.489375352551047
          ],
          [
            -87.09192937182085,
            30.489378433413762
          ],
          [
            -87.09193778413973,
            30.489384070626016
          ],
          [
            -87.09193391217441,
            30.489384029599037
          ],
          [
            -87.09193372868423,
            30.489386458923853
          ],
          [
            -87.09193007738209,
            30.489388365956227
          ],
          [
            -87.0919206004532,
            30.489382070605615
          ],
          [
            -87.09192376257711,
            30.48938563272489
          ],
          [
            -87.09192216355345,
            30.489382077957647
          ],
          [
            -87.09192429848211,
            30.48938192660513
          ],
          [
            -87.0919177817724,
            30.489377986124055
          ],
          [
            -87.09192042320947,
            30.48937405999597
          ],
          [
            -87.09191494691862,
            30.489378811488002
          ],
          [
            -87.09191321685343,
            30.48937594798407
          ],
          [
            -87.09191778112513,
            30.48937501436485
          ],
          [
            -87.09192315605245,
            30.48937087766297
          ],
          [
            -87.09192695854634,
            30.489370923991174
          ],
          [
            -87.09192207214738,
            30.489365744281578
          ],
          [
            -87.09192296823905,
            30.489362737867154
          ],
          [
            -87.09192807555452,
            30.489363707275324
          ],
          [
            -87.09193180481408,
            30.48936130868271
          ],
          [
            -87.09193221992388,
            30.48936267031819
          ],
          [
            -87.09193544620284,
            30.489366085897384
          ],
          [
            -87.09193781955445,
            30.489365428308957
          ],
          [
            -87.0919495490115,
            30.48936290041935
          ],
          [
            -87.09195134141213,
            30.489362139570304
          ],
          [
            -87.09195049398507,
            30.489361496781285
          ],
          [
            -87.09195211884446,
            30.489361850364478
          ],
          [
            -87.09195516732427,
            30.489359920550175
          ],
          [
            -87.09195586497324,
            30.48935992915957
          ],
          [
            -87.09195061322237,
            30.489361430895215
          ],
          [
            -87.09195153482561,
            30.489356180018643
          ],
          [
            -87.0919511435848,
            30.48935252154931
          ],
          [
            -87.09194363669245,
            30.48935285265752
          ],
          [
            -87.09193583543433,
            30.48935215019202
          ],
          [
            -87.09192844445252,
            30.489353348077632
          ],
          [
            -87.09192278334253,
            30.489355958456787
          ],
          [
            -87.09191954463066,
            30.48935405117046
          ],
          [
            -87.091911636066,
            30.48935525935938
          ],
          [
            -87.09191048633939,
            30.489353062251435
          ],
          [
            -87.0919083357934,
            30.489352677396234
          ],
          [
            -87.09190720588074,
            30.48935310320029
          ],
          [
            -87.09190478876853,
            30.48934702661906
          ],
          [
            -87.09190443230897,
            30.48934376076029
          ],
          [
            -87.09189980861844,
            30.489345289469124
          ],
          [
            -87.09190365132756,
            30.489350976720658
          ],
          [
            -87.09189876114286,
            30.48935595040912
          ],
          [
            -87.09188720397235,
            30.4893552192763
          ],
          [
            -87.09188177206548,
            30.489364287125913
          ],
          [
            -87.09187643242826,
            30.48936868185971
          ],
          [
            -87.0918833035924,
            30.48936567662341
          ],
          [
            -87.09188648174602,
            30.489359076795004
          ],
          [
            -87.09189217783891,
            30.489364997273743
          ],
          [
            -87.09189398919958,
            30.489364792894467
          ],
          [
            -87.0918939081131,
            30.48936474093638
          ],
          [
            -87.09190246198676,
            30.489363626364927
          ],
          [
            -87.09190430448172,
            30.48936575265297
          ],
          [
            -87.09190648819788,
            30.489363210196167
          ],
          [
            -87.09191391057774,
            30.4893677198457
          ],
          [
            -87.09191703931234,
            30.489374644375836
          ],
          [
            -87.09191919452996,
            30.48938162276425
          ],
          [
            -87.0919289293413,
            30.489387761361503
          ],
          [
            -87.09193490778972,
            30.489391455618378
          ],
          [
            -87.09193247046856,
            30.489391072289155
          ],
          [
            -87.09193120532059,
            30.48938670203312
          ],
          [
            -87.09192606506699,
            30.48938635022848
          ],
          [
            -87.09192803967237,
            30.489391609812408
          ],
          [
            -87.09192544963803,
            30.48939062136251
          ],
          [
            -87.09192508334665,
            30.48939071959551
          ],
          [
            -87.0919254952613,
            30.489393181385136
          ],
          [
            -87.09192149006941,
            30.489396557858715
          ],
          [
            -87.09192261320217,
            30.48939677458891
          ],
          [
            -87.09192381991087,
            30.48939583954499
          ],
          [
            -87.0919235555522,
            30.4893962387113
          ],
          [
            -87.09192404797184,
            30.48939686554202
          ],
          [
            -87.0919248095641,
            30.48939798952327
          ],
          [
            -87.09192444146132,
            30.48939820388632
          ],
          [
            -87.0919262092259,
            30.48939768694134
          ],
          [
            -87.09194074692186,
            30.48940575039804
          ],
          [
            -87.09194451740525,
            30.489390161165364
          ],
          [
            -87.09194572732953,
            30.48938559741562
          ],
          [
            -87.09194358083316,
            30.48938859498815
          ],
          [
            -87.09194442481645,
            30.489388748104002
          ],
          [
            -87.09194431596822,
            30.48938919562397
          ],
          [
            -87.09194431596822,
            30.48938919562397
          ],
          [
            -87.09194928244385,
            30.489394222985325
          ],
          [
            -87.09195626859898,
            30.48939539446567
          ],
          [
            -87.09195683914665,
            30.489395800099242
          ],
          [
            -87.09195920803117,
            30.48939599140734
          ],
          [
            -87.09196079450072,
            30.489395187048707
          ],
          [
            -87.09196208646827,
            30.48939155613426
          ],
          [
            -87.0919570540269,
            30.489390759149693
          ],
          [
            -87.09195327013474,
            30.489393472102538
          ],
          [
            -87.09194684765089,
            30.489394071937404
          ],
          [
            -87.0919453771256,
            30.48939539081824
          ],
          [
            -87.0919474189083,
            30.489395891614535
          ],
          [
            -87.09194674974492,
            30.489398437598762
          ],
          [
            -87.09193266429382,
            30.48939030996666
          ],
          [
            -87.09192921537465,
            30.489384078934123
          ],
          [
            -87.09192448246715,
            30.48937223680516
          ],
          [
            -87.09192186933805,
            30.489369869284534
          ],
          [
            -87.09192391068657,
            30.489370346471848
          ],
          [
            -87.09192509775616,
            30.48937392948847
          ],
          [
            -87.09193667390323,
            30.489375939957743
          ],
          [
            -87.09194511328229,
            30.48937852890987
          ],
          [
            -87.09195090359589,
            30.489380713703568
          ],
          [
            -87.09194851983774,
            30.489387585544364
          ],
          [
            -87.0919439043345,
            30.489386322033496
          ],
          [
            -87.09194779316954,
            30.48938513992254
          ],
          [
            -87.09194940391541,
            30.4893859425115
          ],
          [
            -87.09194767013244,
            30.489387320026527
          ],
          [
            -87.0919466770468,
            30.489390566533736
          ],
          [
            -87.09194208120935,
            30.489391313285104
          ],
          [
            -87.09193899403199,
            30.489390124278422
          ],
          [
            -87.09193953970973,
            30.489386563571838
          ],
          [
            -87.09193904869937,
            30.489387744747035
          ],
          [
            -87.09193997362762,
            30.48938838025529
          ],
          [
            -87.09194009829832,
            30.489388687398865
          ],
          [
            -87.09194268390154,
            30.48939028046832
          ],
          [
            -87.09194708272128,
            30.489385453792018
          ],
          [
            -87.09194945039891,
            30.489383692226443
          ],
          [
            -87.09195474516909,
            30.489384076111488
          ],
          [
            -87.09195773687757,
            30.489388158020983
          ],
          [
            -87.09195739117483,
            30.489390538997036
          ],
          [
            -87.09195852388817,
            30.489386593296008
          ],
          [
            -87.09196135267771,
            30.48938781389727
          ],
          [
            -87.091960702517,
            30.489380161209052
          ],
          [
            -87.09196401407054,
            30.489379117616128
          ],
          [
            -87.09196341250477,
            30.489382002885097
          ],
          [
            -87.09196341250477,
            30.489382002885097
          ]
        ]
      },
      "properties": {
        "record_type": "display_route_segment",
        "inspection_date": "2026-08-07",
        "point_count": 982,
        "start_time": "2026-08-07T14:42:57.999Z",
        "end_time": "2026-08-07T15:13:29.999Z",
        "source_point_ids": [
          "gps-008192",
          "gps-008193",
          "gps-008194",
          "gps-008195",
          "gps-008196",
          "gps-008197",
          "gps-008198",
          "gps-008199",
          "gps-008200",
          "gps-008201",
          "gps-008202",
          "gps-008203",
          "gps-008204",
          "gps-008205",
          "gps-008206",
          "gps-008207",
          "gps-008208",
          "gps-008209",
          "gps-008210",
          "gps-008211",
          "gps-008212",
          "gps-008213",
          "gps-008214",
          "gps-008215",
          "gps-008216",
          "gps-008217",
          "gps-008218",
          "gps-008219",
          "gps-008220",
          "gps-008221",
          "gps-008222",
          "gps-008223",
          "gps-008224",
          "gps-008225",
          "gps-008226",
          "gps-008227",
          "gps-008228",
          "gps-008229",
          "gps-008230",
          "gps-008231",
          "gps-008232",
          "gps-008233",
          "gps-008234",
          "gps-008235",
          "gps-008236",
          "gps-008237",
          "gps-008238",
          "gps-008239",
          "gps-008240",
          "gps-008241",
          "gps-008242",
          "gps-008243",
          "gps-008244",
          "gps-008245",
          "gps-008246",
          "gps-008247",
          "gps-008248",
          "gps-008249",
          "gps-008250",
          "gps-008251",
          "gps-008252",
          "gps-008253",
          "gps-008254",
          "gps-008255",
          "gps-008256",
          "gps-008257",
          "gps-008258",
          "gps-008259",
          "gps-008260",
          "gps-008261",
          "gps-008262",
          "gps-008263",
          "gps-008264",
          "gps-008265",
          "gps-008266",
          "gps-008267",
          "gps-008268",
          "gps-008269",
          "gps-008270",
          "gps-008271",
          "gps-008272",
          "gps-008273",
          "gps-008274",
          "gps-008275",
          "gps-008276",
          "gps-008277",
          "gps-008278",
          "gps-008279",
          "gps-008280",
          "gps-008281",
          "gps-008282",
          "gps-008283",
          "gps-008284",
          "gps-008285",
          "gps-008286",
          "gps-008287",
          "gps-008288",
          "gps-008289",
          "gps-008290",
          "gps-008291",
          "gps-008292",
          "gps-008293",
          "gps-008294",
          "gps-008295",
          "gps-008296",
          "gps-008297",
          "gps-008298",
          "gps-008299",
          "gps-008300",
          "gps-008301",
          "gps-008302",
          "gps-008303",
          "gps-008304",
          "gps-008305",
          "gps-008306",
          "gps-008307",
          "gps-008308",
          "gps-008309",
          "gps-008310",
          "gps-008311",
          "gps-008312",
          "gps-008313",
          "gps-008314",
          "gps-008315",
          "gps-008316",
          "gps-008317",
          "gps-008318",
          "gps-008319",
          "gps-008320",
          "gps-008321",
          "gps-008322",
          "gps-008323",
          "gps-008324",
          "gps-008325",
          "gps-008326",
          "gps-008327",
          "gps-008328",
          "gps-008329",
          "gps-008330",
          "gps-008331",
          "gps-008332",
          "gps-008333",
          "gps-008334",
          "gps-008335",
          "gps-008336",
          "gps-008337",
          "gps-008338",
          "gps-008339",
          "gps-008340",
          "gps-008341",
          "gps-008342",
          "gps-008343",
          "gps-008344",
          "gps-008345",
          "gps-008346",
          "gps-008347",
          "gps-008348",
          "gps-008349",
          "gps-008350",
          "gps-008351",
          "gps-008352",
          "gps-008353",
          "gps-008354",
          "gps-008355",
          "gps-008356",
          "gps-008357",
          "gps-008358",
          "gps-008359",
          "gps-008360",
          "gps-008361",
          "gps-008362",
          "gps-008363",
          "gps-008364",
          "gps-008365",
          "gps-008366",
          "gps-008367",
          "gps-008368",
          "gps-008369",
          "gps-008370",
          "gps-008371",
          "gps-008372",
          "gps-008373",
          "gps-008374",
          "gps-008375",
          "gps-008376",
          "gps-008377",
          "gps-008378",
          "gps-008379",
          "gps-008380",
          "gps-008381",
          "gps-008382",
          "gps-008383",
          "gps-008384",
          "gps-008385",
          "gps-008386",
          "gps-008387",
          "gps-008388",
          "gps-008389",
          "gps-008390",
          "gps-008391",
          "gps-008392",
          "gps-008393",
          "gps-008394",
          "gps-008395",
          "gps-008396",
          "gps-008397",
          "gps-008398",
          "gps-008399",
          "gps-008400",
          "gps-008401",
          "gps-008402",
          "gps-008403",
          "gps-008404",
          "gps-008405",
          "gps-008406",
          "gps-008407",
          "gps-008408",
          "gps-008409",
          "gps-008410",
          "gps-008411",
          "gps-008412",
          "gps-008413",
          "gps-008414",
          "gps-008415",
          "gps-008416",
          "gps-008417",
          "gps-008418",
          "gps-008419",
          "gps-008420",
          "gps-008421",
          "gps-008422",
          "gps-008423",
          "gps-008424",
          "gps-008425",
          "gps-008426",
          "gps-008427",
          "gps-008428",
          "gps-008429",
          "gps-008430",
          "gps-008431",
          "gps-008432",
          "gps-008433",
          "gps-008434",
          "gps-008435",
          "gps-008436",
          "gps-008437",
          "gps-008438",
          "gps-008439",
          "gps-008440",
          "gps-008441",
          "gps-008442",
          "gps-008443",
          "gps-008444",
          "gps-008445",
          "gps-008446",
          "gps-008447",
          "gps-008448",
          "gps-008449",
          "gps-008450",
          "gps-008451",
          "gps-008452",
          "gps-008453",
          "gps-008454",
          "gps-008455",
          "gps-008456",
          "gps-008457",
          "gps-008458",
          "gps-008459",
          "gps-008460",
          "gps-008461",
          "gps-008462",
          "gps-008463",
          "gps-008464",
          "gps-008465",
          "gps-008466",
          "gps-008467",
          "gps-008468",
          "gps-008469",
          "gps-008470",
          "gps-008471",
          "gps-008472",
          "gps-008473",
          "gps-008474",
          "gps-008475",
          "gps-008476",
          "gps-008477",
          "gps-008478",
          "gps-008479",
          "gps-008480",
          "gps-008481",
          "gps-008482",
          "gps-008483",
          "gps-008484",
          "gps-008485",
          "gps-008486",
          "gps-008487",
          "gps-008488",
          "gps-008489",
          "gps-008490",
          "gps-008491",
          "gps-008492",
          "gps-008493",
          "gps-008494",
          "gps-008495",
          "gps-008496",
          "gps-008497",
          "gps-008498",
          "gps-008499",
          "gps-008500",
          "gps-008501",
          "gps-008502",
          "gps-008503",
          "gps-008504",
          "gps-008505",
          "gps-008506",
          "gps-008507",
          "gps-008508",
          "gps-008509",
          "gps-008510",
          "gps-008511",
          "gps-008512",
          "gps-008513",
          "gps-008514",
          "gps-008515",
          "gps-008516",
          "gps-008517",
          "gps-008518",
          "gps-008519",
          "gps-008520",
          "gps-008521",
          "gps-008522",
          "gps-008523",
          "gps-008524",
          "gps-008525",
          "gps-008526",
          "gps-008527",
          "gps-008528",
          "gps-008529",
          "gps-008530",
          "gps-008531",
          "gps-008532",
          "gps-008533",
          "gps-008534",
          "gps-008535",
          "gps-008536",
          "gps-008537",
          "gps-008538",
          "gps-008539",
          "gps-008540",
          "gps-008541",
          "gps-008542",
          "gps-008543",
          "gps-008544",
          "gps-008545",
          "gps-008546",
          "gps-008547",
          "gps-008548",
          "gps-008549",
          "gps-008550",
          "gps-008551",
          "gps-008552",
          "gps-008553",
          "gps-008554",
          "gps-008555",
          "gps-008556",
          "gps-008557",
          "gps-008558",
          "gps-008559",
          "gps-008560",
          "gps-008561",
          "gps-008562",
          "gps-008563",
          "gps-008564",
          "gps-008565",
          "gps-008566",
          "gps-008567",
          "gps-008568",
          "gps-008569",
          "gps-008570",
          "gps-008571",
          "gps-008572",
          "gps-008573",
          "gps-008574",
          "gps-008575",
          "gps-008576",
          "gps-008577",
          "gps-008578",
          "gps-008579",
          "gps-008580",
          "gps-008581",
          "gps-008582",
          "gps-008583",
          "gps-008584",
          "gps-008585",
          "gps-008586",
          "gps-008587",
          "gps-008588",
          "gps-008589",
          "gps-008590",
          "gps-008591",
          "gps-008592",
          "gps-008593",
          "gps-008594",
          "gps-008595",
          "gps-008596",
          "gps-008597",
          "gps-008598",
          "gps-008599",
          "gps-008600",
          "gps-008601",
          "gps-008602",
          "gps-008603",
          "gps-008604",
          "gps-008605",
          "gps-008606",
          "gps-008607",
          "gps-008608",
          "gps-008609",
          "gps-008610",
          "gps-008611",
          "gps-008612",
          "gps-008613",
          "gps-008614",
          "gps-008615",
          "gps-008616",
          "gps-008617",
          "gps-008618",
          "gps-008619",
          "gps-008620",
          "gps-008621",
          "gps-008622",
          "gps-008623",
          "gps-008624",
          "gps-008625",
          "gps-008626",
          "gps-008627",
          "gps-008628",
          "gps-008629",
          "gps-008630",
          "gps-008631",
          "gps-008632",
          "gps-008633",
          "gps-008634",
          "gps-008635",
          "gps-008636",
          "gps-008637",
          "gps-008638",
          "gps-008639",
          "gps-008640",
          "gps-008641",
          "gps-008642",
          "gps-008643",
          "gps-008644",
          "gps-008645",
          "gps-008646",
          "gps-008647",
          "gps-008648",
          "gps-008649",
          "gps-008650",
          "gps-008651",
          "gps-008652",
          "gps-008653",
          "gps-008654",
          "gps-008655",
          "gps-008656",
          "gps-008657",
          "gps-008658",
          "gps-008659",
          "gps-008660",
          "gps-008661",
          "gps-008662",
          "gps-008663",
          "gps-008664",
          "gps-008665",
          "gps-008666",
          "gps-008667",
          "gps-008668",
          "gps-008669",
          "gps-008670",
          "gps-008671",
          "gps-008672",
          "gps-008673",
          "gps-008674",
          "gps-008675",
          "gps-008676",
          "gps-008677",
          "gps-008678",
          "gps-008679",
          "gps-008680",
          "gps-008681",
          "gps-008682",
          "gps-008683",
          "gps-008684",
          "gps-008685",
          "gps-008686",
          "gps-008687",
          "gps-008688",
          "gps-008689",
          "gps-008690",
          "gps-008691",
          "gps-008692",
          "gps-008693",
          "gps-008694",
          "gps-008695",
          "gps-008696",
          "gps-008697",
          "gps-008698",
          "gps-008699",
          "gps-008700",
          "gps-008701",
          "gps-008702",
          "gps-008703",
          "gps-008704",
          "gps-008705",
          "gps-008706",
          "gps-008707",
          "gps-008708",
          "gps-008709",
          "gps-008710",
          "gps-008711",
          "gps-008712",
          "gps-008713",
          "gps-008714",
          "gps-008715",
          "gps-008716",
          "gps-008717",
          "gps-008718",
          "gps-008719",
          "gps-008720",
          "gps-008721",
          "gps-008722",
          "gps-008723",
          "gps-008724",
          "gps-008725",
          "gps-008726",
          "gps-008727",
          "gps-008728",
          "gps-008729",
          "gps-008730",
          "gps-008731",
          "gps-008732",
          "gps-008733",
          "gps-008734",
          "gps-008735",
          "gps-008736",
          "gps-008737",
          "gps-008738",
          "gps-008739",
          "gps-008740",
          "gps-008741",
          "gps-008742",
          "gps-008743",
          "gps-008744",
          "gps-008745",
          "gps-008746",
          "gps-008747",
          "gps-008748",
          "gps-008749",
          "gps-008750",
          "gps-008751",
          "gps-008752",
          "gps-008753",
          "gps-008754",
          "gps-008755",
          "gps-008756",
          "gps-008757",
          "gps-008758",
          "gps-008759",
          "gps-008760",
          "gps-008761",
          "gps-008762",
          "gps-008763",
          "gps-008764",
          "gps-008765",
          "gps-008766",
          "gps-008767",
          "gps-008768",
          "gps-008769",
          "gps-008770",
          "gps-008771",
          "gps-008772",
          "gps-008773",
          "gps-008774",
          "gps-008775",
          "gps-008776",
          "gps-008777",
          "gps-008778",
          "gps-008779",
          "gps-008780",
          "gps-008781",
          "gps-008782",
          "gps-008783",
          "gps-008784",
          "gps-008785",
          "gps-008786",
          "gps-008787",
          "gps-008788",
          "gps-008789",
          "gps-008790",
          "gps-008791",
          "gps-008792",
          "gps-008793",
          "gps-008794",
          "gps-008795",
          "gps-008796",
          "gps-008797",
          "gps-008798",
          "gps-008799",
          "gps-008800",
          "gps-008801",
          "gps-008802",
          "gps-008803",
          "gps-008804",
          "gps-008805",
          "gps-008806",
          "gps-008807",
          "gps-008808",
          "gps-008809",
          "gps-008810",
          "gps-008811",
          "gps-008812",
          "gps-008813",
          "gps-008814",
          "gps-008815",
          "gps-008816",
          "gps-008817",
          "gps-008818",
          "gps-008819",
          "gps-008820",
          "gps-008821",
          "gps-008822",
          "gps-008823",
          "gps-008824",
          "gps-008825",
          "gps-008826",
          "gps-008827",
          "gps-008828",
          "gps-008829",
          "gps-008830",
          "gps-008831",
          "gps-008832",
          "gps-008833",
          "gps-008834",
          "gps-008835",
          "gps-008836",
          "gps-008837",
          "gps-008838",
          "gps-008839",
          "gps-008840",
          "gps-008841",
          "gps-008842",
          "gps-008843",
          "gps-008844",
          "gps-008845",
          "gps-008846",
          "gps-008847",
          "gps-008848",
          "gps-008849",
          "gps-008850",
          "gps-008851",
          "gps-008852",
          "gps-008853",
          "gps-008854",
          "gps-008855",
          "gps-008856",
          "gps-008857",
          "gps-008858",
          "gps-008859",
          "gps-008860",
          "gps-008861",
          "gps-008862",
          "gps-008863",
          "gps-008864",
          "gps-008865",
          "gps-008866",
          "gps-008867",
          "gps-008868",
          "gps-008869",
          "gps-008870",
          "gps-008871",
          "gps-008872",
          "gps-008873",
          "gps-008874",
          "gps-008875",
          "gps-008876",
          "gps-008877",
          "gps-008878",
          "gps-008879",
          "gps-008880",
          "gps-008881",
          "gps-008882",
          "gps-008883",
          "gps-008884",
          "gps-008885",
          "gps-008886",
          "gps-008887",
          "gps-008888",
          "gps-008889",
          "gps-008890",
          "gps-008891",
          "gps-008892",
          "gps-008893",
          "gps-008894",
          "gps-008895",
          "gps-008896",
          "gps-008897",
          "gps-008898",
          "gps-008899",
          "gps-008900",
          "gps-008901",
          "gps-008902",
          "gps-008903",
          "gps-008904",
          "gps-008905",
          "gps-008906",
          "gps-008907",
          "gps-008908",
          "gps-008909",
          "gps-008910",
          "gps-008911",
          "gps-008912",
          "gps-008913",
          "gps-008914",
          "gps-008915",
          "gps-008916",
          "gps-008917",
          "gps-008918",
          "gps-008919",
          "gps-008920",
          "gps-008921",
          "gps-008922",
          "gps-008923",
          "gps-008924",
          "gps-008925",
          "gps-008926",
          "gps-008927",
          "gps-008928",
          "gps-008929",
          "gps-008930",
          "gps-008931",
          "gps-008932",
          "gps-008933",
          "gps-008934",
          "gps-008935",
          "gps-008936",
          "gps-008937",
          "gps-008938",
          "gps-008939",
          "gps-008940",
          "gps-008941",
          "gps-008942",
          "gps-008943",
          "gps-008944",
          "gps-008945",
          "gps-008946",
          "gps-008947",
          "gps-008948",
          "gps-008949",
          "gps-008950",
          "gps-008951",
          "gps-008952",
          "gps-008953",
          "gps-008954",
          "gps-008955",
          "gps-008956",
          "gps-008957",
          "gps-008958",
          "gps-008959",
          "gps-008960",
          "gps-008961",
          "gps-008962",
          "gps-008963",
          "gps-008964",
          "gps-008965",
          "gps-008966",
          "gps-008967",
          "gps-008968",
          "gps-008969",
          "gps-008970",
          "gps-008971",
          "gps-008972",
          "gps-008973",
          "gps-008974",
          "gps-008975",
          "gps-008976",
          "gps-008977",
          "gps-008978",
          "gps-008979",
          "gps-008980",
          "gps-008982",
          "gps-008981",
          "gps-008984",
          "gps-008985",
          "gps-008986",
          "gps-008987",
          "gps-008988",
          "gps-008989",
          "gps-008990",
          "gps-008991",
          "gps-008992",
          "gps-008993",
          "gps-008994",
          "gps-008997",
          "gps-008998",
          "gps-008999",
          "gps-009000",
          "gps-009001",
          "gps-009002",
          "gps-009003",
          "gps-009004",
          "gps-009005",
          "gps-009006",
          "gps-009007",
          "gps-009008",
          "gps-009009",
          "gps-009010",
          "gps-009011",
          "gps-009012",
          "gps-009013",
          "gps-009014",
          "gps-009015",
          "gps-009016",
          "gps-009017",
          "gps-009018",
          "gps-009019",
          "gps-009020",
          "gps-009021",
          "gps-009022",
          "gps-009023",
          "gps-009024",
          "gps-009025",
          "gps-009026",
          "gps-009027",
          "gps-009028",
          "gps-009029",
          "gps-009030",
          "gps-009031",
          "gps-009032",
          "gps-009033",
          "gps-009034",
          "gps-009035",
          "gps-009036",
          "gps-009037",
          "gps-009038",
          "gps-009039",
          "gps-009040",
          "gps-009041",
          "gps-009042",
          "gps-009043",
          "gps-009044",
          "gps-009045",
          "gps-009046",
          "gps-009047",
          "gps-009048",
          "gps-009049",
          "gps-009050",
          "gps-009051",
          "gps-009052",
          "gps-009053",
          "gps-009054",
          "gps-009055",
          "gps-009056",
          "gps-009057",
          "gps-009058",
          "gps-009059",
          "gps-009060",
          "gps-009061",
          "gps-009062",
          "gps-009063",
          "gps-009064",
          "gps-009065",
          "gps-009066",
          "gps-009067",
          "gps-009068",
          "gps-009069",
          "gps-009070",
          "gps-009071",
          "gps-009072",
          "gps-009073",
          "gps-009074",
          "gps-009075",
          "gps-009076",
          "gps-009077",
          "gps-009078",
          "gps-009079",
          "gps-009080",
          "gps-009081",
          "gps-009082",
          "gps-009083",
          "gps-009084",
          "gps-009085",
          "gps-009086",
          "gps-009087",
          "gps-009088",
          "gps-009089",
          "gps-009090",
          "gps-009091",
          "gps-009092",
          "gps-009093",
          "gps-009094",
          "gps-009095",
          "gps-009096",
          "gps-009097",
          "gps-009098",
          "gps-009099",
          "gps-009100",
          "gps-009101",
          "gps-009102",
          "gps-009103",
          "gps-009104",
          "gps-009105",
          "gps-009106",
          "gps-009107",
          "gps-009108",
          "gps-009109",
          "gps-009110",
          "gps-009111",
          "gps-009112",
          "gps-009113",
          "gps-009114",
          "gps-009115",
          "gps-009116",
          "gps-009117",
          "gps-009118",
          "gps-009119",
          "gps-009120",
          "gps-009121",
          "gps-009122",
          "gps-009123",
          "gps-009124",
          "gps-009125",
          "gps-009126",
          "gps-009127",
          "gps-009128",
          "gps-009129",
          "gps-009130",
          "gps-009131",
          "gps-009132",
          "gps-009133",
          "gps-009134",
          "gps-009135",
          "gps-009136",
          "gps-009137",
          "gps-009138",
          "gps-009139",
          "gps-009140",
          "gps-009141",
          "gps-009142",
          "gps-009143",
          "gps-009144",
          "gps-009145",
          "gps-009146",
          "gps-009147",
          "gps-009148",
          "gps-009149",
          "gps-009150",
          "gps-009151",
          "gps-009152",
          "gps-009153",
          "gps-009154",
          "gps-009155",
          "gps-009156",
          "gps-009157",
          "gps-009158",
          "gps-009159",
          "gps-009160",
          "gps-009161",
          "gps-009162",
          "gps-009163",
          "gps-009164",
          "gps-009165",
          "gps-009166",
          "gps-009167",
          "gps-009168",
          "gps-009169",
          "gps-009170",
          "gps-009171",
          "gps-009172",
          "gps-009173",
          "gps-009174",
          "gps-009175",
          "gps-009176"
        ],
        "no_artificial_relocation_connector": true
      }
    },
    {
      "type": "Feature",
      "geometry": {
        "type": "LineString",
        "coordinates": [
          [
            -87.09175051877789,
            30.489339580781408
          ],
          [
            -87.09201068546203,
            30.489137347674152
          ],
          [
            -87.09201236144932,
            30.489141328108932
          ],
          [
            -87.09186340483144,
            30.489269473217128
          ],
          [
            -87.09186047224094,
            30.489265365368237
          ],
          [
            -87.09186047224094,
            30.489265365368237
          ],
          [
            -87.09186047224094,
            30.489265365368237
          ],
          [
            -87.09193456138102,
            30.489276888514425
          ],
          [
            -87.0919357347245,
            30.489279654252552
          ],
          [
            -87.09188897072316,
            30.48924646415
          ],
          [
            -87.0918738620146,
            30.48924741817112
          ],
          [
            -87.0918635781077,
            30.489252164702446
          ],
          [
            -87.09185742480545,
            30.48925403300044
          ],
          [
            -87.09185178593043,
            30.489253798837282
          ],
          [
            -87.09184607918911,
            30.48925279578036
          ],
          [
            -87.09184088090322,
            30.489250955298004
          ],
          [
            -87.09183676914077,
            30.489250238198647
          ],
          [
            -87.09183676914077,
            30.489250238198647
          ],
          [
            -87.09183408006216,
            30.489249942999336
          ],
          [
            -87.09183248405331,
            30.48924939814402
          ],
          [
            -87.09183164292828,
            30.489248811037413
          ],
          [
            -87.09183164263851,
            30.489248810980747
          ],
          [
            -87.09183088985762,
            30.489248144010734
          ],
          [
            -87.09183046867516,
            30.48924739018635
          ],
          [
            -87.09183243119553,
            30.489241841531655
          ],
          [
            -87.09183205391743,
            30.489245169035602
          ],
          [
            -87.09183283264424,
            30.489239576758262
          ],
          [
            -87.09182822307763,
            30.48923417359426
          ],
          [
            -87.09182862493891,
            30.48923373689384
          ],
          [
            -87.09182429069944,
            30.48923130747999
          ],
          [
            -87.09182241939668,
            30.489230621634555
          ],
          [
            -87.0918209106541,
            30.489230495906014
          ],
          [
            -87.09182007246379,
            30.489230705453583
          ],
          [
            -87.09181948573057,
            30.489230160629884
          ],
          [
            -87.09181822844509,
            30.48923003490133
          ],
          [
            -87.0918168873406,
            30.48923074736311
          ],
          [
            -87.09181571387414,
            30.489232088467602
          ],
          [
            -87.09181563005511,
            30.489232046558087
          ],
          [
            -87.09181579769317,
            30.489231962739055
          ],
          [
            -87.09181563005511,
            30.489232046558094
          ],
          [
            -87.09181563005511,
            30.48923200464858
          ],
          [
            -87.09180036606799,
            30.489197185178025
          ],
          [
            -87.09180398741086,
            30.4891979965455
          ],
          [
            -87.09180312106278,
            30.489203096357784
          ],
          [
            -87.09180484523505,
            30.489203617642513
          ],
          [
            -87.09180706776034,
            30.489203964527345
          ],
          [
            -87.09181184483269,
            30.48920317500359
          ],
          [
            -87.0918075808064,
            30.489203329000034
          ],
          [
            -87.09180550870732,
            30.48921024684651
          ],
          [
            -87.0917999071876,
            30.489214670167623
          ],
          [
            -87.09180194847114,
            30.48922118400334
          ],
          [
            -87.09179509079677,
            30.489226138881335
          ],
          [
            -87.09180036105194,
            30.48923114427591
          ],
          [
            -87.0917986839298,
            30.489235562382582
          ],
          [
            -87.0918072297665,
            30.489242113010487
          ],
          [
            -87.09181010401663,
            30.489243243968907
          ],
          [
            -87.09180788933588,
            30.489253597323128
          ],
          [
            -87.09180928641346,
            30.48925445062698
          ],
          [
            -87.09180863788455,
            30.489257840343985
          ],
          [
            -87.09181025942615,
            30.48926352933834
          ],
          [
            -87.0918040174297,
            30.48926777401251
          ],
          [
            -87.09181638083442,
            30.489280590529845
          ],
          [
            -87.091796917147,
            30.48928055469856
          ],
          [
            -87.09179131632122,
            30.489284538017184
          ],
          [
            -87.09178455329169,
            30.489278484995253
          ],
          [
            -87.09178180895985,
            30.489273443001956
          ],
          [
            -87.09177486200468,
            30.489267511810294
          ],
          [
            -87.09177353476964,
            30.489258694087425
          ],
          [
            -87.09177133828624,
            30.48925662651792
          ],
          [
            -87.09176953882638,
            30.489264086148264
          ],
          [
            -87.09177167676954,
            30.4892655636662
          ],
          [
            -87.09176937504022,
            30.489261540488766
          ],
          [
            -87.09176143413977,
            30.48925428294219
          ],
          [
            -87.09175609248541,
            30.48925268836161
          ],
          [
            -87.09175565594805,
            30.489254752996825
          ],
          [
            -87.09175790559735,
            30.489256962292284
          ],
          [
            -87.09175344710596,
            30.489256309845153
          ],
          [
            -87.09175338960188,
            30.48925893966152
          ],
          [
            -87.0917524047158,
            30.48925857957392
          ],
          [
            -87.09175517289499,
            30.489257216505127
          ],
          [
            -87.09175277691288,
            30.489258702260287
          ],
          [
            -87.09174947563524,
            30.48925401657856
          ],
          [
            -87.09174853057374,
            30.48925273292038
          ],
          [
            -87.09174562390946,
            30.489253434811847
          ],
          [
            -87.09174390882575,
            30.489257332149112
          ],
          [
            -87.09174691925632,
            30.48925376459098
          ],
          [
            -87.09174516779959,
            30.489245887495137
          ],
          [
            -87.09175069200379,
            30.489250382259637
          ],
          [
            -87.09175373304163,
            30.48924679450714
          ],
          [
            -87.09175068101617,
            30.489247480757296
          ],
          [
            -87.09174998125289,
            30.4892396633113
          ],
          [
            -87.09175074364444,
            30.489232146266314
          ],
          [
            -87.09174710634339,
            30.4892286225321
          ],
          [
            -87.0917419469513,
            30.489226607079964
          ],
          [
            -87.09174259382617,
            30.489222850595556
          ],
          [
            -87.09174896005943,
            30.489216460847484
          ],
          [
            -87.09175318803901,
            30.489217774932975
          ],
          [
            -87.09176006760526,
            30.489213251258015
          ],
          [
            -87.09176586516459,
            30.489215000074648
          ],
          [
            -87.09176640103065,
            30.48921731538581
          ],
          [
            -87.09176534453572,
            30.48921572181499
          ],
          [
            -87.09176779918425,
            30.489208721617786
          ],
          [
            -87.0917704949369,
            30.489206177936172
          ],
          [
            -87.09177003450705,
            30.48919603475643
          ],
          [
            -87.09177035677861,
            30.489201201971692
          ],
          [
            -87.09177552299583,
            30.489204794810654
          ],
          [
            -87.09177086690886,
            30.489207334335813
          ],
          [
            -87.09177450314884,
            30.489206699927223
          ],
          [
            -87.09178054135043,
            30.489208655592925
          ],
          [
            -87.09178369279611,
            30.48920833480591
          ],
          [
            -87.09178018086241,
            30.48921147499326
          ],
          [
            -87.09178344981112,
            30.489213125900065
          ],
          [
            -87.09177951362793,
            30.48921248088294
          ],
          [
            -87.09177111919772,
            30.48921708240853
          ],
          [
            -87.0917712200622,
            30.489216619594522
          ],
          [
            -87.09177586494317,
            30.489218884905448
          ],
          [
            -87.09178274386886,
            30.489220136189786
          ],
          [
            -87.09178156581446,
            30.48921727378953
          ],
          [
            -87.09178156581446,
            30.48921727378953
          ],
          [
            -87.09155797493818,
            30.48916178186725
          ],
          [
            -87.09155353931182,
            30.489159439923395
          ],
          [
            -87.09169512619756,
            30.489122261875075
          ],
          [
            -87.09169335293791,
            30.489125319326202
          ],
          [
            -87.09169174786116,
            30.489158789444286
          ],
          [
            -87.09168032469572,
            30.489154328763924
          ],
          [
            -87.09168009621504,
            30.489149392230964
          ],
          [
            -87.09168009621504,
            30.489149392230964
          ],
          [
            -87.0916736786514,
            30.489145984608992
          ],
          [
            -87.09168473003778,
            30.48914809064789
          ],
          [
            -87.09168520531419,
            30.489156317682262
          ],
          [
            -87.09168161846023,
            30.489153978934517
          ],
          [
            -87.09168010375242,
            30.489153304138586
          ],
          [
            -87.09168722169252,
            30.489153301315792
          ],
          [
            -87.09168722141006,
            30.48915330099276
          ],
          [
            -87.09169038451013,
            30.489152548940645
          ],
          [
            -87.09169073747583,
            30.48915212776278
          ],
          [
            -87.09169073747583,
            30.48915212776278
          ],
          [
            -87.09168924037994,
            30.4891517086546
          ],
          [
            -87.09168781500476,
            30.489152080858737
          ],
          [
            -87.09168688984657,
            30.489152666249847
          ],
          [
            -87.09168563463885,
            30.489152753206668
          ],
          [
            -87.09168620984907,
            30.48915262880866
          ],
          [
            -87.09168470472757,
            30.489154262496662
          ],
          [
            -87.09168336362306,
            30.48915300521119
          ],
          [
            -87.09168411799435,
            30.489150406821203
          ],
          [
            -87.09168411799435,
            30.489150406821203
          ],
          [
            -87.0916850400037,
            30.489150490640238
          ],
          [
            -87.09168420181338,
            30.489153675763436
          ],
          [
            -87.09168210633759,
            30.489154052949086
          ],
          [
            -87.09168294452792,
            30.489154262496655
          ],
          [
            -87.09168235779468,
            30.48915342430634
          ],
          [
            -87.09168378271822,
            30.489152250839894
          ],
          [
            -87.09168562673692,
            30.489154262496662
          ],
          [
            -87.09168713547949,
            30.489151412649587
          ],
          [
            -87.09168965005044,
            30.489150323002168
          ],
          [
            -87.09169532122404,
            30.4891387238587
          ],
          [
            -87.09169845545584,
            30.489139892359002
          ],
          [
            -87.09170497468031,
            30.489141936081097
          ],
          [
            -87.0917021174401,
            30.489144659763696
          ],
          [
            -87.09169908360204,
            30.489144543997853
          ],
          [
            -87.09169318899309,
            30.489145653340525
          ],
          [
            -87.09168401176984,
            30.489145261375857
          ],
          [
            -87.09168402351747,
            30.489144745421516
          ],
          [
            -87.09167715404952,
            30.489142701391685
          ],
          [
            -87.09167643876337,
            30.48914400838452
          ],
          [
            -87.0916692353684,
            30.489144376934167
          ],
          [
            -87.09166589958937,
            30.48914944646496
          ],
          [
            -87.09166662344055,
            30.489142869662352
          ],
          [
            -87.09167183244043,
            30.48913501347385
          ],
          [
            -87.09166345852982,
            30.489130313357816
          ],
          [
            -87.0916646596495,
            30.48913581903467
          ],
          [
            -87.09166354887076,
            30.489131404707535
          ],
          [
            -87.09166507687515,
            30.48912790130595
          ],
          [
            -87.09166297841031,
            30.489116714583872
          ],
          [
            -87.09166545014696,
            30.48911730960544
          ],
          [
            -87.09166022724223,
            30.489113847116787
          ],
          [
            -87.0916570773773,
            30.489107769775348
          ],
          [
            -87.09165332979397,
            30.489101599347784
          ],
          [
            -87.09165255007275,
            30.489099537462003
          ],
          [
            -87.09165124386827,
            30.489099680925733
          ],
          [
            -87.09164676093708,
            30.489090817842293
          ],
          [
            -87.09165237266255,
            30.489085962597326
          ],
          [
            -87.09164850993703,
            30.489086738060166
          ],
          [
            -87.0916493269591,
            30.48908385260514
          ],
          [
            -87.09164698504262,
            30.489073697136334
          ],
          [
            -87.09164207031569,
            30.489074397963147
          ],
          [
            -87.09164401108205,
            30.489073889352564
          ],
          [
            -87.09164261125409,
            30.489071232303278
          ],
          [
            -87.09163634529511,
            30.48906373681055
          ],
          [
            -87.09163155734446,
            30.48906042549854
          ],
          [
            -87.09162424640618,
            30.489057032463347
          ],
          [
            -87.09161760863185,
            30.489057118229617
          ],
          [
            -87.0916076032656,
            30.48906404080896
          ],
          [
            -87.09160567244889,
            30.489070964952504
          ],
          [
            -87.09160579749856,
            30.489073963254864
          ],
          [
            -87.09160456537381,
            30.489070526295624
          ],
          [
            -87.09161644193466,
            30.489098472324102
          ],
          [
            -87.0916107493303,
            30.4890958026355
          ],
          [
            -87.09160394952923,
            30.489099818019586
          ],
          [
            -87.09160933674336,
            30.489080263568948
          ],
          [
            -87.09160340458537,
            30.48906493619594
          ],
          [
            -87.0915987891504,
            30.48905931447237
          ],
          [
            -87.09159265546425,
            30.48906824865374
          ],
          [
            -87.09159077093787,
            30.489062885898075
          ],
          [
            -87.09159433476798,
            30.48906233525691
          ],
          [
            -87.09159002883614,
            30.489063614562802
          ],
          [
            -87.09158800481481,
            30.489057059832643
          ],
          [
            -87.09158770625372,
            30.489051866770595
          ],
          [
            -87.09160609851942,
            30.489044157314048
          ],
          [
            -87.09160420939035,
            30.48903611073872
          ],
          [
            -87.09159815376546,
            30.48902740671688
          ],
          [
            -87.09159118374414,
            30.489032164130847
          ],
          [
            -87.09158099093634,
            30.489028447077867
          ],
          [
            -87.09158286419404,
            30.489029354848565
          ],
          [
            -87.09157635445538,
            30.48902240882189
          ],
          [
            -87.09159550587918,
            30.489005233529525
          ],
          [
            -87.09157577411462,
            30.489010715983063
          ],
          [
            -87.09156651800652,
            30.489017091255082
          ],
          [
            -87.09156708265529,
            30.489017323810142
          ],
          [
            -87.09155835394378,
            30.489016786524477
          ],
          [
            -87.0915538899176,
            30.489014589723098
          ],
          [
            -87.09154570349334,
            30.48901222230453
          ],
          [
            -87.09154374393752,
            30.489013729560146
          ],
          [
            -87.09154861456719,
            30.489008399183284
          ],
          [
            -87.09154952629886,
            30.48900206746867
          ],
          [
            -87.09155535320053,
            30.48899984232305
          ],
          [
            -87.09156100365578,
            30.489003346085525
          ],
          [
            -87.09155440413997,
            30.48900498795317
          ],
          [
            -87.0915493409379,
            30.489003750313014
          ],
          [
            -87.09154377194382,
            30.489014749270684
          ],
          [
            -87.09152576564394,
            30.489022760020397
          ],
          [
            -87.0915253321266,
            30.489023389303224
          ],
          [
            -87.09152803867062,
            30.48903352637332
          ],
          [
            -87.09151859712198,
            30.489032471676236
          ],
          [
            -87.09152007558413,
            30.489032076740266
          ],
          [
            -87.09152098441432,
            30.489036954731198
          ],
          [
            -87.09152931412834,
            30.489037152593028
          ],
          [
            -87.09153835068552,
            30.489033897589483
          ],
          [
            -87.09155034864513,
            30.489029894851353
          ],
          [
            -87.0915537587798,
            30.489017872594705
          ],
          [
            -87.0915537587798,
            30.489017872594705
          ],
          [
            -87.09155401140256,
            30.489008142969205
          ],
          [
            -87.09155810582202,
            30.489001639446805
          ],
          [
            -87.09155731818299,
            30.488997668393456
          ],
          [
            -87.09155416969507,
            30.488992071233714
          ],
          [
            -87.09155569478148,
            30.488996293635974
          ],
          [
            -87.09155032729868,
            30.489004742642635
          ],
          [
            -87.09155173703792,
            30.489008578152504
          ],
          [
            -87.09155173703792,
            30.489008578152504
          ],
          [
            -87.0915475488404,
            30.489008289001333
          ],
          [
            -87.09153657417063,
            30.488999755051847
          ],
          [
            -87.09153738224815,
            30.48899239108518
          ],
          [
            -87.09153862551572,
            30.48898630615873
          ],
          [
            -87.0915337093312,
            30.48899249381324
          ],
          [
            -87.09154133703214,
            30.488989558767628
          ],
          [
            -87.09153899107233,
            30.48897962913436
          ],
          [
            -87.09153865087728,
            30.488978312362637
          ],
          [
            -87.09154649033503,
            30.488980541177447
          ],
          [
            -87.09152747349525,
            30.48898024176644
          ],
          [
            -87.0915095816165,
            30.488991559124113
          ],
          [
            -87.09150247031099,
            30.488992054730645
          ],
          [
            -87.09150410987091,
            30.488990215710377
          ],
          [
            -87.09150767874272,
            30.488981268404768
          ],
          [
            -87.09150553421041,
            30.488988931743275
          ],
          [
            -87.0915021523668,
            30.48899336818753
          ],
          [
            -87.091506694089,
            30.48898834954147
          ],
          [
            -87.09150443644015,
            30.48898861711436
          ],
          [
            -87.09150211774497,
            30.488988619805834
          ],
          [
            -87.09149098974265,
            30.488988510034904
          ],
          [
            -87.09149367566843,
            30.488989375784147
          ],
          [
            -87.09149746972155,
            30.4889883910902
          ],
          [
            -87.09149633661862,
            30.488983978052744
          ],
          [
            -87.09149208099225,
            30.488983091935992
          ],
          [
            -87.09149140300882,
            30.48898423437108
          ],
          [
            -87.09149999650884,
            30.48899125675072
          ],
          [
            -87.09150874259642,
            30.48899236814583
          ],
          [
            -87.09151058251624,
            30.48899520120335
          ],
          [
            -87.09152225074088,
            30.48899523254791
          ],
          [
            -87.09152662628046,
            30.489003468165674
          ],
          [
            -87.0915324629605,
            30.489002105741616
          ],
          [
            -87.09152976756175,
            30.489000814770883
          ],
          [
            -87.09153929523333,
            30.4889992268574
          ],
          [
            -87.09153617643791,
            30.488997733533733
          ],
          [
            -87.09152102024441,
            30.48900922194664
          ],
          [
            -87.09151162195022,
            30.489012720093367
          ],
          [
            -87.0915053366292,
            30.4890110206311
          ],
          [
            -87.09149692921973,
            30.489009255371524
          ],
          [
            -87.0914897633409,
            30.48900470945333
          ],
          [
            -87.09148249726483,
            30.48900491721741
          ],
          [
            -87.0914718569946,
            30.489013081009563
          ],
          [
            -87.09148058114467,
            30.489028499721485
          ],
          [
            -87.09147566065238,
            30.48902378862539
          ],
          [
            -87.09147005145252,
            30.48903179022434
          ],
          [
            -87.09146631311354,
            30.48903339483214
          ],
          [
            -87.09146402519674,
            30.489037221688754
          ],
          [
            -87.09146087698998,
            30.489038217365472
          ],
          [
            -87.09145863972047,
            30.48903829604138
          ],
          [
            -87.09145519221434,
            30.489035356223816
          ],
          [
            -87.09145726807874,
            30.489033766000677
          ],
          [
            -87.09145315109761,
            30.489028575962173
          ],
          [
            -87.09146325696798,
            30.489034998907265
          ],
          [
            -87.09145193470744,
            30.48902975576913
          ],
          [
            -87.0914476696461,
            30.489024883409407
          ],
          [
            -87.09144302396051,
            30.4890232032906
          ],
          [
            -87.09144249083914,
            30.489022248079582
          ],
          [
            -87.09143749064187,
            30.48902068322133
          ],
          [
            -87.09143277113611,
            30.489022747090896
          ],
          [
            -87.09142941612487,
            30.489013961728965
          ],
          [
            -87.09142491644765,
            30.489011080222344
          ],
          [
            -87.09141785198359,
            30.48901209641185
          ],
          [
            -87.0914283460326,
            30.489017784452997
          ],
          [
            -87.09142806271528,
            30.489021556892016
          ],
          [
            -87.09142843432221,
            30.489026402346155
          ],
          [
            -87.0914337939142,
            30.489026261314915
          ],
          [
            -87.09143572899079,
            30.489025028125784
          ],
          [
            -87.09143196950583,
            30.489022080300977
          ],
          [
            -87.09143235655033,
            30.489018753452466
          ],
          [
            -87.0914239882034,
            30.48901724567606
          ],
          [
            -87.09141134516793,
            30.489018433838257
          ],
          [
            -87.09141210902136,
            30.489025552879216
          ],
          [
            -87.0914094577473,
            30.489030668921743
          ],
          [
            -87.09140731459652,
            30.4890334200091
          ],
          [
            -87.0914058005615,
            30.489033657197528
          ],
          [
            -87.09139982127608,
            30.489031293639805
          ],
          [
            -87.0913985137656,
            30.489032898034445
          ],
          [
            -87.09140111731317,
            30.489031855710778
          ],
          [
            -87.09139695303091,
            30.489029905372156
          ],
          [
            -87.09139542441936,
            30.489030219634518
          ],
          [
            -87.09139924174845,
            30.489026197344113
          ],
          [
            -87.09139925447609,
            30.48902404522908
          ],
          [
            -87.09139672511614,
            30.48902125057169
          ],
          [
            -87.0913962121942,
            30.489016308310447
          ],
          [
            -87.09139458008585,
            30.489018007058664
          ],
          [
            -87.09139506469806,
            30.48901507462686
          ],
          [
            -87.09137945720343,
            30.489013222064656
          ],
          [
            -87.0913893552534,
            30.489012630298127
          ],
          [
            -87.09139528348211,
            30.489010204136513
          ],
          [
            -87.09139484431628,
            30.489006355108167
          ],
          [
            -87.09139784221358,
            30.48900067673421
          ],
          [
            -87.09139980219788,
            30.488998978794196
          ],
          [
            -87.09140013076447,
            30.48900053831371
          ],
          [
            -87.09139470097355,
            30.488997676013636
          ],
          [
            -87.09139107742419,
            30.48899232887237
          ],
          [
            -87.09139274742664,
            30.488991042670598
          ],
          [
            -87.09139324901628,
            30.488985872764548
          ],
          [
            -87.0913929311383,
            30.488987005980874
          ],
          [
            -87.09139164065796,
            30.488986138677348
          ],
          [
            -87.09139058511553,
            30.4889889145179
          ],
          [
            -87.09138083301674,
            30.48898054171536
          ],
          [
            -87.09137899946522,
            30.488970850589197
          ],
          [
            -87.0913766298283,
            30.488973625032678
          ],
          [
            -87.09138210737994,
            30.48897540711858
          ],
          [
            -87.09138358580255,
            30.48897246325848
          ],
          [
            -87.0913804771596,
            30.48897133048076
          ],
          [
            -87.09138251400584,
            30.488975211204135
          ],
          [
            -87.09138571679335,
            30.488972051104273
          ],
          [
            -87.09138837984592,
            30.48897061601829
          ],
          [
            -87.09139055946721,
            30.488971229111893
          ],
          [
            -87.09139275808784,
            30.488969605440282
          ],
          [
            -87.09139400951793,
            30.488969051130628
          ],
          [
            -87.0913978956041,
            30.488965161393658
          ],
          [
            -87.09139888720657,
            30.488965260538354
          ],
          [
            -87.09139694669214,
            30.48897088717812
          ],
          [
            -87.09139572027884,
            30.48897163501703
          ],
          [
            -87.09139989673946,
            30.48896714977272
          ],
          [
            -87.09139573187325,
            30.48896175383857
          ],
          [
            -87.09139406042597,
            30.488961378765026
          ],
          [
            -87.09139466570801,
            30.48896657928384
          ],
          [
            -87.09139202292484,
            30.48896880656453
          ],
          [
            -87.09139169807356,
            30.488971457381183
          ],
          [
            -87.09139167302556,
            30.488971901417376
          ],
          [
            -87.09139167302556,
            30.488971901417376
          ],
          [
            -87.09138617687165,
            30.488980947072456
          ],
          [
            -87.0913897809699,
            30.48898076804799
          ],
          [
            -87.09139672497321,
            30.488982338081346
          ],
          [
            -87.09140224579005,
            30.488979684391985
          ],
          [
            -87.09140899996814,
            30.488985040827362
          ],
          [
            -87.09140909873132,
            30.488985120917203
          ],
          [
            -87.09140238964198,
            30.488980341125238
          ],
          [
            -87.09140021931827,
            30.488976435445476
          ],
          [
            -87.09140614958287,
            30.488985034235597
          ],
          [
            -87.09139651107769,
            30.488985879994125
          ],
          [
            -87.09139227643944,
            30.488984830926885
          ],
          [
            -87.09139314221895,
            30.488991083367093
          ],
          [
            -87.09137726220507,
            30.48898428554651
          ],
          [
            -87.09137735056375,
            30.48897900278841
          ],
          [
            -87.09137316953232,
            30.48897882939178
          ],
          [
            -87.09136998209269,
            30.488977330684886
          ],
          [
            -87.09136348013133,
            30.48897086216859
          ],
          [
            -87.09135512289619,
            30.48896463508553
          ],
          [
            -87.09135175452683,
            30.48897443161945
          ],
          [
            -87.091349663024,
            30.488973346888663
          ],
          [
            -87.09134126794234,
            30.4889687061834
          ],
          [
            -87.09133990064909,
            30.488966015807097
          ],
          [
            -87.09133809477443,
            30.48896229478575
          ],
          [
            -87.09133350595312,
            30.488962940260464
          ],
          [
            -87.09133711243913,
            30.48895588734402
          ],
          [
            -87.09133874128942,
            30.488952730134542
          ],
          [
            -87.09134108677263,
            30.48894734789401
          ],
          [
            -87.09133914015713,
            30.48894358629205
          ],
          [
            -87.09134067747367,
            30.488944400173807
          ],
          [
            -87.09132790028296,
            30.488938011665606
          ],
          [
            -87.09133161903837,
            30.488936074453473
          ],
          [
            -87.09133765446931,
            30.488930630772483
          ],
          [
            -87.09133732820305,
            30.488925649189458
          ],
          [
            -87.09134691714895,
            30.48892523783021
          ],
          [
            -87.09134056174759,
            30.48890824517713
          ],
          [
            -87.09135021883989,
            30.488897302267077
          ],
          [
            -87.09133703819984,
            30.488895635047843
          ],
          [
            -87.09132909191692,
            30.48889788417484
          ],
          [
            -87.09133250420732,
            30.4888986732819
          ],
          [
            -87.09132641223462,
            30.488898220506577
          ],
          [
            -87.09132505547196,
            30.488892530285014
          ],
          [
            -87.09132455128466,
            30.48889066181008
          ],
          [
            -87.09132907158609,
            30.488892459837995
          ],
          [
            -87.09133046124924,
            30.488893268699695
          ],
          [
            -87.09132595579192,
            30.488891934844983
          ],
          [
            -87.09132631082893,
            30.488882262243393
          ],
          [
            -87.09132466428493,
            30.488881147283845
          ],
          [
            -87.0913192872789,
            30.488868806702442
          ],
          [
            -87.09131174512189,
            30.488872526311134
          ],
          [
            -87.09131727318679,
            30.488871181996174
          ],
          [
            -87.09131996373814,
            30.48887062971429
          ],
          [
            -87.09132035560448,
            30.488870896604098
          ],
          [
            -87.09131589342266,
            30.48886952597956
          ],
          [
            -87.09131864736676,
            30.48886552543444
          ],
          [
            -87.09132037768265,
            30.48886336611559
          ],
          [
            -87.09132298380355,
            30.488863492167745
          ],
          [
            -87.09132378201565,
            30.488861003729887
          ],
          [
            -87.09132428400703,
            30.488861345623008
          ],
          [
            -87.09132946628667,
            30.48886004193631
          ],
          [
            -87.09132565318345,
            30.488861495162887
          ],
          [
            -87.09132565318345,
            30.488861495162887
          ],
          [
            -87.09132900326178,
            30.488857688929347
          ],
          [
            -87.09132900326178,
            30.488857688929347
          ],
          [
            -87.09132723555126,
            30.488858076116163
          ],
          [
            -87.09133131882527,
            30.48886297328646
          ],
          [
            -87.09133060302477,
            30.488859599385883
          ],
          [
            -87.09132694765816,
            30.48885913142972
          ],
          [
            -87.09132725870494,
            30.488859651868736
          ],
          [
            -87.09132858067892,
            30.48885822962998
          ],
          [
            -87.09132858067892,
            30.48885822962998
          ],
          [
            -87.09132581229701,
            30.48885895250223
          ],
          [
            -87.0913263791305,
            30.48885995619795
          ],
          [
            -87.09132315655593,
            30.48885900356183
          ],
          [
            -87.0913132262939,
            30.48885675523499
          ],
          [
            -87.09130702186616,
            30.48885303185075
          ],
          [
            -87.09130721164507,
            30.488852028541263
          ],
          [
            -87.09130057821564,
            30.488850860800877
          ],
          [
            -87.09130070380039,
            30.488851352520097
          ],
          [
            -87.09130807603674,
            30.488843328232306
          ],
          [
            -87.09130807603674,
            30.488843328232306
          ],
          [
            -87.09131269212384,
            30.48883822462575
          ],
          [
            -87.09131499350165,
            30.488833529406982
          ],
          [
            -87.09131179043209,
            30.48883605602513
          ],
          [
            -87.09131832307885,
            30.488837331407698
          ],
          [
            -87.09132882554634,
            30.488840796340703
          ],
          [
            -87.09133714459131,
            30.488845671949033
          ],
          [
            -87.09133960372966,
            30.4888465615326
          ],
          [
            -87.09133960372966,
            30.4888465615326
          ],
          [
            -87.0913407959688,
            30.48884739405995
          ],
          [
            -87.09134321080654,
            30.488846763796246
          ],
          [
            -87.0913458030099,
            30.488845207027055
          ],
          [
            -87.09134426784867,
            30.488846493564527
          ],
          [
            -87.0913435190817,
            30.488849480334572
          ],
          [
            -87.0913433868953,
            30.488847576876502
          ],
          [
            -87.09134836604726,
            30.48885295295717
          ],
          [
            -87.0913514808121,
            30.48885211843008
          ],
          [
            -87.09134960657074,
            30.48884624137785
          ],
          [
            -87.09134611182374,
            30.48884516302762
          ],
          [
            -87.0913369994114,
            30.488844852859913
          ],
          [
            -87.09133316585941,
            30.48884502725067
          ],
          [
            -87.09131835090412,
            30.488842551158708
          ],
          [
            -87.0913146876552,
            30.48884100348384
          ],
          [
            -87.09131002068843,
            30.488839797636846
          ],
          [
            -87.09130446710526,
            30.488841711574242
          ],
          [
            -87.09129900266794,
            30.48883268954545
          ],
          [
            -87.0912984500042,
            30.488833787214023
          ],
          [
            -87.0913016789353,
            30.488833801334515
          ],
          [
            -87.09129838625898,
            30.48882886625458
          ],
          [
            -87.09129945091257,
            30.488832096032127
          ],
          [
            -87.09129443915714,
            30.488833712951728
          ],
          [
            -87.09129556289241,
            30.48883272797948
          ],
          [
            -87.09130304866027,
            30.48882991530315
          ],
          [
            -87.09130636571575,
            30.48882583093282
          ],
          [
            -87.09131506661622,
            30.48882790230113
          ],
          [
            -87.09131593132298,
            30.488825158742504
          ],
          [
            -87.09132044933149,
            30.48882792030172
          ],
          [
            -87.09132528276976,
            30.48882223685331
          ],
          [
            -87.0913305435276,
            30.488820616411836
          ],
          [
            -87.09133475152491,
            30.48881987630885
          ],
          [
            -87.09133332720168,
            30.48882236686973
          ],
          [
            -87.09133365054286,
            30.488824425423328
          ],
          [
            -87.09133752241621,
            30.488819436625484
          ],
          [
            -87.09133461439941,
            30.48881711879094
          ],
          [
            -87.09133788396124,
            30.488808323600733
          ],
          [
            -87.09134400314849,
            30.488812249869092
          ],
          [
            -87.09134400314849,
            30.488812249869092
          ],
          [
            -87.09134686427142,
            30.48881350168424
          ],
          [
            -87.09134523841091,
            30.48881536980618
          ],
          [
            -87.09134642534225,
            30.488815910388347
          ],
          [
            -87.09134583637923,
            30.488816141167483
          ],
          [
            -87.09134555891058,
            30.488816537324613
          ],
          [
            -87.09134901351696,
            30.488816360211437
          ],
          [
            -87.09134901351696,
            30.488816360211437
          ],
          [
            -87.09134694509932,
            30.488814531299635
          ],
          [
            -87.09134460838749,
            30.488816138295483
          ],
          [
            -87.09134457292636,
            30.488815944476915
          ],
          [
            -87.0913449889798,
            30.488818879604565
          ],
          [
            -87.09134947336867,
            30.48882255124745
          ],
          [
            -87.09135116719584,
            30.48882267540252
          ],
          [
            -87.09134782501,
            30.488823318313
          ],
          [
            -87.09135577554527,
            30.488821672477282
          ],
          [
            -87.09136332292333,
            30.488816098363895
          ],
          [
            -87.09137139084233,
            30.488813524833997
          ],
          [
            -87.09136778162808,
            30.488815021444186
          ],
          [
            -87.09136924019401,
            30.488818548583097
          ],
          [
            -87.09136566647236,
            30.488817508667825
          ],
          [
            -87.09135927170672,
            30.48881521595813
          ],
          [
            -87.09135779628538,
            30.488820776645177
          ],
          [
            -87.0913551332899,
            30.48882305259826
          ],
          [
            -87.09135726568657,
            30.48882291555789
          ],
          [
            -87.09135803606608,
            30.488819208636052
          ],
          [
            -87.09135846252973,
            30.488823246609797
          ],
          [
            -87.09135525068363,
            30.4888263303336
          ],
          [
            -87.09135848422396,
            30.488822027366272
          ],
          [
            -87.09135821174162,
            30.48882669812295
          ],
          [
            -87.09136247874875,
            30.488824028325066
          ],
          [
            -87.0913647573084,
            30.48883014440114
          ],
          [
            -87.09136631230044,
            30.488821646946597
          ],
          [
            -87.09136193265651,
            30.488816418885857
          ],
          [
            -87.09136895031723,
            30.4888128978602
          ],
          [
            -87.09137473077934,
            30.488797327878828
          ],
          [
            -87.09138127217409,
            30.488802192188
          ],
          [
            -87.09137894866376,
            30.488794771502832
          ],
          [
            -87.09137353496811,
            30.488797047850383
          ],
          [
            -87.09137780977254,
            30.48879518817571
          ],
          [
            -87.09137780977254,
            30.48879518817571
          ],
          [
            -87.09137206051172,
            30.488796605219743
          ],
          [
            -87.09137206051172,
            30.488796605219743
          ],
          [
            -87.09137206051172,
            30.488796605219743
          ],
          [
            -87.09138250614579,
            30.48879025522118
          ],
          [
            -87.09138231939914,
            30.4887881704545
          ],
          [
            -87.09137895377145,
            30.488785661528297
          ],
          [
            -87.09137622298172,
            30.48878218540075
          ],
          [
            -87.09137487705354,
            30.488779906843973
          ],
          [
            -87.09136434687387,
            30.488780236607884
          ],
          [
            -87.09135686824918,
            30.488778630303297
          ],
          [
            -87.0913607874828,
            30.488774457265876
          ],
          [
            -87.0913536688624,
            30.48876442173815
          ],
          [
            -87.0913534009652,
            30.48876440738443
          ],
          [
            -87.09135125099671,
            30.488758516553414
          ],
          [
            -87.0913541273804,
            30.488750258667743
          ],
          [
            -87.09135887541463,
            30.488745710998316
          ],
          [
            -87.09137838524606,
            30.48874349872966
          ],
          [
            -87.09138047461157,
            30.488741785081288
          ],
          [
            -87.09137944928308,
            30.488743092573678
          ],
          [
            -87.09137657441748,
            30.48874523126157
          ],
          [
            -87.09137857309531,
            30.488739889464767
          ],
          [
            -87.0913819671845,
            30.48873743340416
          ],
          [
            -87.09138089067423,
            30.488736364375317
          ],
          [
            -87.09137806020563,
            30.488735026313954
          ],
          [
            -87.09137649883618,
            30.488730798990485
          ],
          [
            -87.09137670900347,
            30.488730132861892
          ],
          [
            -87.09136848248612,
            30.488731347985546
          ],
          [
            -87.09135792119001,
            30.488727195752457
          ],
          [
            -87.09135107139932,
            30.488728239353673
          ],
          [
            -87.09134440034309,
            30.488731844046377
          ],
          [
            -87.09134627492867,
            30.488735401352034
          ],
          [
            -87.09134330469003,
            30.488736007174914
          ],
          [
            -87.09133628376227,
            30.488739741388315
          ],
          [
            -87.09133241773799,
            30.48874328723224
          ],
          [
            -87.0913310218177,
            30.488748041666554
          ],
          [
            -87.09132659603756,
            30.48875180979728
          ],
          [
            -87.09132469514249,
            30.48875318946629
          ],
          [
            -87.09132479813722,
            30.488751209268944
          ],
          [
            -87.09132391770416,
            30.48875473797728
          ],
          [
            -87.09131665282315,
            30.488759052078798
          ],
          [
            -87.0913114616735,
            30.488760586831436
          ],
          [
            -87.09130636161916,
            30.488779466833037
          ],
          [
            -87.09130187752055,
            30.48877860249402
          ],
          [
            -87.09128688973657,
            30.4887672808071
          ],
          [
            -87.09128306509895,
            30.488763850339645
          ],
          [
            -87.091279315073,
            30.48876158766056
          ],
          [
            -87.09127648594607,
            30.488758599735135
          ],
          [
            -87.09128005045832,
            30.488758243738918
          ],
          [
            -87.09128015898263,
            30.48876185911817
          ],
          [
            -87.09127918721177,
            30.488760554202678
          ],
          [
            -87.09127867336792,
            30.488757531822458
          ],
          [
            -87.09127306975401,
            30.488756178675953
          ],
          [
            -87.09127172691981,
            30.488754867194654
          ],
          [
            -87.09127448812899,
            30.488747456005985
          ],
          [
            -87.09127401928146,
            30.488750119886664
          ],
          [
            -87.09127401928146,
            30.488750119886664
          ],
          [
            -87.0912719858061,
            30.48874669373591
          ],
          [
            -87.09127357404196,
            30.4887495924074
          ],
          [
            -87.09127717832031,
            30.488747863258386
          ],
          [
            -87.09127724633427,
            30.488748283612093
          ],
          [
            -87.09127292229121,
            30.488745844920704
          ],
          [
            -87.09126647320417,
            30.48874647637683
          ],
          [
            -87.09126117634489,
            30.488746186927855
          ],
          [
            -87.09126015945401,
            30.488743929566198
          ],
          [
            -87.09126141642727,
            30.488745215253548
          ],
          [
            -87.0912601138914,
            30.48874113432766
          ],
          [
            -87.0912601138914,
            30.48874113432766
          ],
          [
            -87.09126552526163,
            30.488742406698787
          ],
          [
            -87.09126864733147,
            30.488743356983967
          ],
          [
            -87.09126927283158,
            30.488747384749036
          ],
          [
            -87.09126931149201,
            30.488748269982686
          ],
          [
            -87.09127324267885,
            30.48874726328107
          ],
          [
            -87.09127738697464,
            30.488748028065714
          ],
          [
            -87.09127292660085,
            30.488756789301085
          ],
          [
            -87.0912710384636,
            30.48876271691569
          ],
          [
            -87.09126605877137,
            30.48876691239595
          ],
          [
            -87.09127018906725,
            30.48877217974047
          ],
          [
            -87.09126030407285,
            30.488770644280805
          ],
          [
            -87.09126043086832,
            30.488778045944223
          ],
          [
            -87.09125338488245,
            30.488782786223798
          ],
          [
            -87.09125781696194,
            30.48878524305509
          ],
          [
            -87.0912515390896,
            30.488789768613195
          ],
          [
            -87.09124673218545,
            30.488790423331476
          ],
          [
            -87.09122533046842,
            30.48877559948081
          ],
          [
            -87.09122480261404,
            30.488780321504002
          ],
          [
            -87.09122322871575,
            30.488777129084465
          ],
          [
            -87.09122874371306,
            30.488771405025815
          ],
          [
            -87.09122477370184,
            30.48876639617859
          ],
          [
            -87.09123380943255,
            30.488765663156638
          ],
          [
            -87.09124514688929,
            30.48876309279185
          ],
          [
            -87.09122351998866,
            30.488765009457783
          ],
          [
            -87.0912459367616,
            30.48876258552204
          ],
          [
            -87.09123403916881,
            30.48875384977521
          ],
          [
            -87.09123822058429,
            30.488752777712296
          ],
          [
            -87.09123624985261,
            30.488751114476386
          ],
          [
            -87.09123957415544,
            30.488749054596422
          ],
          [
            -87.09124440598536,
            30.48875160946118
          ],
          [
            -87.0912451807506,
            30.48875406747325
          ],
          [
            -87.09124109621752,
            30.488753299668545
          ],
          [
            -87.09124109621752,
            30.488753299668545
          ],
          [
            -87.09124497018531,
            30.488764208328213
          ],
          [
            -87.0912439301537,
            30.488765456976946
          ],
          [
            -87.09124496155698,
            30.48876521264215
          ],
          [
            -87.09124496155698,
            30.48876521264215
          ],
          [
            -87.09124890293788,
            30.488748069726306
          ],
          [
            -87.09124933620572,
            30.48874645498454
          ],
          [
            -87.09125009688061,
            30.48874539902892
          ],
          [
            -87.09125314814925,
            30.488747102858923
          ],
          [
            -87.0912577121643,
            30.488745608729552
          ],
          [
            -87.09125327925479,
            30.488739060460492
          ],
          [
            -87.09126141224185,
            30.488739050902907
          ],
          [
            -87.09127003175294,
            30.488730891637868
          ],
          [
            -87.09127903358845,
            30.48872441817853
          ],
          [
            -87.09127186009817,
            30.488732928249487
          ],
          [
            -87.09126766952046,
            30.488726833420404
          ],
          [
            -87.09128805366545,
            30.488699370425635
          ],
          [
            -87.09128930182318,
            30.488708413099392
          ],
          [
            -87.09127186760078,
            30.48871822756936
          ],
          [
            -87.09126212536522,
            30.488713160088093
          ],
          [
            -87.09125853666559,
            30.488717870056696
          ],
          [
            -87.09125534823195,
            30.488726107770603
          ],
          [
            -87.09124079754613,
            30.488735756521187
          ],
          [
            -87.09124120645787,
            30.48873674230817
          ],
          [
            -87.0912426608774,
            30.488741422883777
          ],
          [
            -87.09123797804281,
            30.488741438189148
          ],
          [
            -87.09123843833297,
            30.48874386107516
          ],
          [
            -87.09123734673902,
            30.48874841813044
          ],
          [
            -87.09123139080418,
            30.488755695574618
          ],
          [
            -87.09123036766714,
            30.488764622283878
          ],
          [
            -87.09122533241974,
            30.488770300976643
          ],
          [
            -87.09122080603825,
            30.48878128836695
          ],
          [
            -87.09121367587184,
            30.488790432935023
          ],
          [
            -87.09121318075263,
            30.488796251869793
          ],
          [
            -87.09120959782766,
            30.488801984952225
          ],
          [
            -87.09120923383148,
            30.488809916438203
          ],
          [
            -87.0912165152375,
            30.488817606180806
          ],
          [
            -87.09122931661645,
            30.48883362579098
          ],
          [
            -87.09123188706428,
            30.488832248892525
          ],
          [
            -87.0912342824019,
            30.48884373480653
          ],
          [
            -87.09123257921419,
            30.488851095127348
          ],
          [
            -87.09123137745756,
            30.488858096724865
          ],
          [
            -87.09122907383167,
            30.488858464326714
          ],
          [
            -87.09122846640696,
            30.488867180373923
          ],
          [
            -87.09122206833784,
            30.48886819707243
          ],
          [
            -87.09121908752326,
            30.488869685542525
          ],
          [
            -87.09121155756807,
            30.48886854092232
          ],
          [
            -87.09120487307712,
            30.488875217116714
          ],
          [
            -87.0911930051895,
            30.48887876069649
          ],
          [
            -87.09119032451106,
            30.488886045694496
          ],
          [
            -87.0911872505923,
            30.48889048557186
          ],
          [
            -87.09118815609904,
            30.48889191681786
          ],
          [
            -87.09119422447482,
            30.48890325669014
          ],
          [
            -87.09119921889352,
            30.488905464684592
          ],
          [
            -87.09119434765121,
            30.488903376008132
          ],
          [
            -87.09119536630193,
            30.488914278255308
          ],
          [
            -87.09119568368547,
            30.488906779635844
          ],
          [
            -87.09120083338078,
            30.488916535717607
          ],
          [
            -87.09120271552646,
            30.48891140213931
          ],
          [
            -87.0912019927283,
            30.48891574238784
          ],
          [
            -87.09120089509746,
            30.48892210518731
          ],
          [
            -87.09119470588927,
            30.488915000022622
          ],
          [
            -87.09118518853869,
            30.488914716521872
          ],
          [
            -87.09118461676198,
            30.48892050997614
          ],
          [
            -87.09117467369887,
            30.48892543787542
          ],
          [
            -87.09115524739846,
            30.488906621657815
          ],
          [
            -87.0911529142952,
            30.488916489608137
          ],
          [
            -87.09116067795577,
            30.488932183160728
          ],
          [
            -87.09116067795577,
            30.488932183160728
          ],
          [
            -87.09115432128732,
            30.488927571673564
          ],
          [
            -87.09115429829941,
            30.488924460098087
          ],
          [
            -87.0911580289661,
            30.488925056930153
          ],
          [
            -87.09115806185686,
            30.488925627721986
          ],
          [
            -87.09115425242065,
            30.48892732504683
          ],
          [
            -87.09114926941957,
            30.488928726001607
          ],
          [
            -87.09114926941957,
            30.488928726001607
          ],
          [
            -87.0911468407703,
            30.488925956547593
          ],
          [
            -87.0911474903556,
            30.48893260876772
          ],
          [
            -87.09114371883206,
            30.4889349415408
          ],
          [
            -87.09115256032847,
            30.488940217571695
          ],
          [
            -87.09115361976086,
            30.488938547658602
          ],
          [
            -87.09115708707195,
            30.48893922395874
          ],
          [
            -87.09115645343093,
            30.488941482216113
          ],
          [
            -87.09115257130448,
            30.488933677883786
          ],
          [
            -87.09114951832164,
            30.488932341844922
          ],
          [
            -87.09114834966118,
            30.488930328717952
          ],
          [
            -87.09115138148391,
            30.48892795210571
          ],
          [
            -87.09115002063388,
            30.488928753122657
          ],
          [
            -87.09114553638804,
            30.48893053810487
          ],
          [
            -87.09114668694257,
            30.488932980271457
          ],
          [
            -87.09114724906719,
            30.48893717585519
          ],
          [
            -87.09115107020813,
            30.488935423615775
          ],
          [
            -87.09115724858172,
            30.488942785779475
          ],
          [
            -87.0911568493332,
            30.488947976404315
          ],
          [
            -87.0911533041324,
            30.488939439590247
          ],
          [
            -87.09115629842758,
            30.488948141851363
          ],
          [
            -87.09114815819477,
            30.488943145651135
          ],
          [
            -87.09114076691475,
            30.48893794433297
          ],
          [
            -87.09114081085367,
            30.48893697767381
          ],
          [
            -87.09113836593751,
            30.488936539466547
          ],
          [
            -87.09113583273039,
            30.4889298767774
          ],
          [
            -87.09113745239895,
            30.488928949878677
          ],
          [
            -87.09113492874084,
            30.48893052935795
          ],
          [
            -87.09113310063769,
            30.488928405875363
          ],
          [
            -87.09113310063769,
            30.488928405875363
          ],
          [
            -87.09113310063769,
            30.488928405875363
          ],
          [
            -87.09112757757403,
            30.488933443507374
          ],
          [
            -87.09112488089639,
            30.488931613572987
          ],
          [
            -87.09112998428603,
            30.48893505161686
          ],
          [
            -87.09112634706105,
            30.488939604726504
          ],
          [
            -87.09112330744063,
            30.488941014500693
          ],
          [
            -87.09112035751728,
            30.48893683818934
          ],
          [
            -87.09111935967995,
            30.488935704346716
          ],
          [
            -87.09111804793476,
            30.48893649092676
          ],
          [
            -87.09112224125872,
            30.48893691901792
          ],
          [
            -87.09111909529787,
            30.488945042508597
          ],
          [
            -87.09111897212512,
            30.488946857713557
          ],
          [
            -87.09112207045095,
            30.48895248652832
          ],
          [
            -87.09112860229075,
            30.488953286261186
          ],
          [
            -87.09114139159043,
            30.48895640742836
          ],
          [
            -87.09114407036841,
            30.488958504256303
          ],
          [
            -87.09114539162465,
            30.488958466939447
          ],
          [
            -87.09115028509298,
            30.48895740986346
          ],
          [
            -87.09115556113343,
            30.48895711956033
          ],
          [
            -87.09115749092634,
            30.48895751863478
          ],
          [
            -87.09116142695851,
            30.488951733672632
          ],
          [
            -87.09116548481713,
            30.488954355634643
          ],
          [
            -87.09116959858217,
            30.488952169426113
          ],
          [
            -87.09116807163096,
            30.488949258102238
          ],
          [
            -87.09116955021659,
            30.488946360464563
          ],
          [
            -87.09117066853086,
            30.48894907240524
          ],
          [
            -87.09117238690511,
            30.488952970031967
          ],
          [
            -87.09117416143647,
            30.4889515663646
          ],
          [
            -87.09117608463083,
            30.488953448613728
          ],
          [
            -87.0911743364932,
            30.488955544547974
          ],
          [
            -87.09117408216788,
            30.488955125819487
          ],
          [
            -87.09117408216788,
            30.488955125819487
          ],
          [
            -87.09117692473973,
            30.488954420444294
          ],
          [
            -87.09117838066771,
            30.488956006914794
          ],
          [
            -87.09117368294125,
            30.488952913874638
          ],
          [
            -87.09117371800876,
            30.488952691986725
          ],
          [
            -87.09117102141845,
            30.488957388936065
          ],
          [
            -87.09117370477219,
            30.488960494468614
          ],
          [
            -87.09117445571634,
            30.48896163625732
          ],
          [
            -87.09117291902284,
            30.48896221460961
          ],
          [
            -87.09116964342329,
            30.488961586230882
          ],
          [
            -87.09117328978165,
            30.488967896828004
          ],
          [
            -87.09117360465886,
            30.48896813432001
          ],
          [
            -87.09117242409233,
            30.48896998528633
          ],
          [
            -87.09116979043856,
            30.488972071211105
          ],
          [
            -87.09116564494093,
            30.488973215912186
          ],
          [
            -87.09116415908169,
            30.48897597565928
          ],
          [
            -87.09116533557449,
            30.488968281383364
          ],
          [
            -87.09115923192694,
            30.488969750044557
          ],
          [
            -87.09115704387932,
            30.488967236518924
          ],
          [
            -87.09115508091287,
            30.488968742343328
          ],
          [
            -87.09115169666129,
            30.48896396169682
          ],
          [
            -87.09114763820875,
            30.48896364337768
          ],
          [
            -87.0911455981887,
            30.488967138042725
          ],
          [
            -87.09113651014336,
            30.48899189236411
          ],
          [
            -87.09114140830212,
            30.488984777966674
          ],
          [
            -87.09113386767679,
            30.48898202327734
          ],
          [
            -87.0911293290251,
            30.48898180219881
          ],
          [
            -87.09113893829003,
            30.488978551166543
          ],
          [
            -87.09113933973634,
            30.4889792048634
          ],
          [
            -87.09113507885415,
            30.488992127931485
          ],
          [
            -87.09113668911733,
            30.488986741912395
          ],
          [
            -87.09113240769386,
            30.48898952474294
          ],
          [
            -87.09113309695755,
            30.488995052315254
          ],
          [
            -87.09113110616163,
            30.488996630347064
          ],
          [
            -87.09113604721709,
            30.48899956509426
          ],
          [
            -87.09113926310526,
            30.488998538838224
          ],
          [
            -87.09113257095417,
            30.489006075720535
          ],
          [
            -87.0911266138794,
            30.489014290188706
          ],
          [
            -87.0911243816497,
            30.48902100781163
          ],
          [
            -87.09112452556688,
            30.489018982242634
          ],
          [
            -87.09112243953284,
            30.489020309012556
          ],
          [
            -87.09111387368237,
            30.48902625347483
          ],
          [
            -87.09111568231452,
            30.48903579800033
          ],
          [
            -87.09112269570095,
            30.489035381840647
          ],
          [
            -87.09111693402676,
            30.48903577787898
          ],
          [
            -87.09110751172778,
            30.489040188214116
          ],
          [
            -87.09110791191391,
            30.489054966008396
          ],
          [
            -87.09109829153931,
            30.489051028128724
          ],
          [
            -87.09109363800694,
            30.48904727500305
          ],
          [
            -87.09109229940728,
            30.489047221273328
          ],
          [
            -87.09109243930872,
            30.489052053249978
          ],
          [
            -87.09109859976209,
            30.4890616111489
          ],
          [
            -87.09109603095668,
            30.489067057295753
          ],
          [
            -87.0910894622016,
            30.48906391496382
          ],
          [
            -87.09108392706685,
            30.489072625461205
          ],
          [
            -87.09107567696675,
            30.48907332778089
          ],
          [
            -87.0910700288877,
            30.48907587452172
          ],
          [
            -87.09107203496,
            30.489073129709055
          ],
          [
            -87.09106814299248,
            30.4890732652665
          ],
          [
            -87.09106814299248,
            30.4890732652665
          ],
          [
            -87.09106757497098,
            30.48907099678119
          ],
          [
            -87.09106738494266,
            30.489068216034592
          ],
          [
            -87.09106902069227,
            30.489069209657828
          ],
          [
            -87.0910707541163,
            30.48906477790599
          ],
          [
            -87.09107124882061,
            30.489071154761874
          ],
          [
            -87.09107151945136,
            30.48907276934088
          ],
          [
            -87.09107151945136,
            30.48907276934088
          ],
          [
            -87.09107242070704,
            30.489077692016718
          ],
          [
            -87.09106845233153,
            30.489077702233054
          ],
          [
            -87.09107544088806,
            30.4890859648203
          ],
          [
            -87.09107099044584,
            30.489078675377776
          ],
          [
            -87.09107150037521,
            30.48908091906782
          ],
          [
            -87.09106925607432,
            30.489081261984527
          ],
          [
            -87.09106925607432,
            30.489081261984527
          ],
          [
            -87.09106529314384,
            30.489079452988854
          ],
          [
            -87.09107097132609,
            30.489080373129983
          ],
          [
            -87.0910720759796,
            30.48908105373279
          ],
          [
            -87.09107311265953,
            30.489081559412977
          ],
          [
            -87.09106625035791,
            30.489081056386983
          ],
          [
            -87.09106153762664,
            30.489076563079646
          ],
          [
            -87.09105713650352,
            30.489078001318777
          ],
          [
            -87.091055820574,
            30.48908313399236
          ],
          [
            -87.091055820574,
            30.48908313399236
          ],
          [
            -87.09105214824824,
            30.48908143138233
          ],
          [
            -87.09105226348146,
            30.489079570246925
          ],
          [
            -87.0910520420212,
            30.489080967049578
          ],
          [
            -87.09105486484194,
            30.48908247422283
          ],
          [
            -87.0910545445575,
            30.489079782051547
          ],
          [
            -87.09105513561853,
            30.48908323380676
          ],
          [
            -87.09104620490166,
            30.489092587753486
          ],
          [
            -87.09105035858411,
            30.489092810864104
          ],
          [
            -87.09105146286488,
            30.489094801063196
          ],
          [
            -87.09105147731067,
            30.489093802870734
          ],
          [
            -87.09104313858695,
            30.489090781441085
          ],
          [
            -87.09104264593205,
            30.48908673511867
          ],
          [
            -87.09104512576715,
            30.489082917684858
          ],
          [
            -87.09104337530803,
            30.489080521849566
          ],
          [
            -87.09104631107355,
            30.489080917213332
          ],
          [
            -87.09104735752074,
            30.489080674745775
          ],
          [
            -87.0910478306118,
            30.489079828535655
          ],
          [
            -87.09104849116642,
            30.48907767755562
          ],
          [
            -87.09104883246009,
            30.48907739624573
          ],
          [
            -87.09105073326779,
            30.4890763231055
          ],
          [
            -87.09104558880973,
            30.489076606843483
          ],
          [
            -87.09104400046883,
            30.48908400146224
          ],
          [
            -87.09105086343743,
            30.489104763652094
          ],
          [
            -87.09105509265066,
            30.489099946421764
          ],
          [
            -87.09105702300907,
            30.48909422754391
          ],
          [
            -87.09106077373504,
            30.48909846963077
          ],
          [
            -87.09106142896084,
            30.489095630647324
          ],
          [
            -87.09106350245841,
            30.48909816059662
          ],
          [
            -87.0910673385196,
            30.48910141621442
          ],
          [
            -87.09107238409085,
            30.489089371499272
          ],
          [
            -87.09107553105268,
            30.489097710111277
          ],
          [
            -87.09107996797908,
            30.489099387594802
          ],
          [
            -87.0910867384583,
            30.489105114714906
          ],
          [
            -87.09108993182932,
            30.4891040078117
          ],
          [
            -87.09109122542766,
            30.489102159319586
          ],
          [
            -87.09109368616943,
            30.48910771676722
          ],
          [
            -87.09109090753493,
            30.489106072786335
          ],
          [
            -87.09109256239933,
            30.489102524223842
          ],
          [
            -87.09109814307027,
            30.489106461176167
          ],
          [
            -87.09109964515115,
            30.489106944981383
          ],
          [
            -87.09110086331309,
            30.489108556785684
          ],
          [
            -87.09110256985745,
            30.489102978080687
          ],
          [
            -87.09110298826235,
            30.489101638944142
          ],
          [
            -87.09110974071582,
            30.489102861518862
          ],
          [
            -87.09110557106246,
            30.48910675002954
          ],
          [
            -87.09110404172053,
            30.48911026449874
          ],
          [
            -87.09110350456315,
            30.489113226786674
          ],
          [
            -87.09110335325424,
            30.489113088188418
          ],
          [
            -87.09110928693659,
            30.489119607133834
          ],
          [
            -87.0911181101216,
            30.48911483798487
          ],
          [
            -87.09111948774365,
            30.48912426059512
          ],
          [
            -87.09112267225906,
            30.489120980510297
          ],
          [
            -87.09112356404079,
            30.489118798020144
          ],
          [
            -87.09112383611169,
            30.48911599098783
          ],
          [
            -87.09112515656022,
            30.489112530386347
          ],
          [
            -87.0911316521836,
            30.48911737502505
          ],
          [
            -87.09113472645556,
            30.48911223549536
          ],
          [
            -87.09113539488855,
            30.489109601539713
          ],
          [
            -87.09113440608839,
            30.489107400453626
          ],
          [
            -87.09113085045246,
            30.48911036487073
          ],
          [
            -87.09112693631609,
            30.48911178319836
          ],
          [
            -87.09112632642481,
            30.48911000596354
          ],
          [
            -87.09112032901744,
            30.489108707952507
          ],
          [
            -87.0911156867985,
            30.48910928583467
          ],
          [
            -87.0911087421891,
            30.489112882126822
          ],
          [
            -87.09111169297779,
            30.489112288802463
          ],
          [
            -87.09111121853472,
            30.48911168991642
          ],
          [
            -87.09110986992705,
            30.489118685942394
          ],
          [
            -87.09111065385825,
            30.48911292196368
          ],
          [
            -87.0911102340852,
            30.48911681925923
          ],
          [
            -87.09110755778514,
            30.489118538098037
          ],
          [
            -87.09110575206735,
            30.489116680383972
          ],
          [
            -87.09110178327637,
            30.489114473876995
          ],
          [
            -87.09110688983527,
            30.489120691303356
          ],
          [
            -87.09110785435207,
            30.48911941384139
          ],
          [
            -87.09110927724095,
            30.489129183365257
          ],
          [
            -87.09110960129081,
            30.489127165724582
          ],
          [
            -87.09111326783291,
            30.489130480381768
          ],
          [
            -87.0911137633328,
            30.489133513988172
          ],
          [
            -87.09112008807305,
            30.489132159786198
          ],
          [
            -87.09112132648539,
            30.489139922856392
          ],
          [
            -87.09112153326318,
            30.489141229612606
          ],
          [
            -87.09112480493852,
            30.48914006936208
          ],
          [
            -87.0911300319938,
            30.48914130998826
          ],
          [
            -87.09113217670051,
            30.48914193985901
          ],
          [
            -87.09113205564769,
            30.489144685569514
          ],
          [
            -87.09113205564769,
            30.489144685569514
          ],
          [
            -87.09114412139442,
            30.48914485753119
          ],
          [
            -87.09114527471081,
            30.489146051386815
          ],
          [
            -87.09114431007164,
            30.489144442032682
          ],
          [
            -87.09114372094692,
            30.489140144013685
          ],
          [
            -87.09113970539286,
            30.489136358918675
          ],
          [
            -87.09113278627926,
            30.489123790771767
          ],
          [
            -87.0911338076202,
            30.489128994302128
          ],
          [
            -87.0911352422046,
            30.48913131822411
          ],
          [
            -87.09113708068793,
            30.4891395858452
          ],
          [
            -87.09113994570767,
            30.489136675378756
          ],
          [
            -87.09114300651052,
            30.489137376502452
          ],
          [
            -87.09114493608081,
            30.489134724074873
          ],
          [
            -87.0911471056497,
            30.48913757921965
          ],
          [
            -87.09114666531657,
            30.48913743773069
          ],
          [
            -87.09114406579978,
            30.48913878318753
          ],
          [
            -87.09114488096972,
            30.48914079218486
          ],
          [
            -87.09114362679699,
            30.48913951696388
          ],
          [
            -87.09114362679699,
            30.48913951696388
          ],
          [
            -87.09113923580381,
            30.48914169944609
          ],
          [
            -87.09113871344736,
            30.489142093508725
          ],
          [
            -87.09113437712752,
            30.48914290052681
          ],
          [
            -87.09113641655951,
            30.48914262315777
          ],
          [
            -87.09113024338431,
            30.489137222876757
          ],
          [
            -87.09113659601194,
            30.489138894704148
          ],
          [
            -87.09113300576108,
            30.48913325775673
          ],
          [
            -87.09113297664193,
            30.48913215535136
          ],
          [
            -87.09113174878921,
            30.489132301465144
          ],
          [
            -87.09113174878921,
            30.489132301465144
          ],
          [
            -87.09113407917005,
            30.489134821934567
          ],
          [
            -87.0911339845296,
            30.48913454718554
          ],
          [
            -87.0911339845296,
            30.48913454718554
          ],
          [
            -87.0911339845296,
            30.48913454718554
          ],
          [
            -87.09113699336254,
            30.48914280601755
          ],
          [
            -87.09113776011763,
            30.48914261893384
          ],
          [
            -87.09113880870743,
            30.489143757856738
          ],
          [
            -87.09113873068588,
            30.48914365417231
          ],
          [
            -87.09113873068588,
            30.48914365417231
          ],
          [
            -87.09113854692157,
            30.489145887288164
          ],
          [
            -87.09113623363133,
            30.489145309581136
          ],
          [
            -87.09113885573329,
            30.489142719220386
          ],
          [
            -87.09114032852187,
            30.489143030483824
          ],
          [
            -87.09114338009495,
            30.489142153686128
          ],
          [
            -87.09114311741027,
            30.489141804599107
          ],
          [
            -87.09114552926283,
            30.489144385945163
          ],
          [
            -87.09114868808474,
            30.489144696679887
          ],
          [
            -87.09114774499245,
            30.48914195084445
          ],
          [
            -87.09115095686198,
            30.48914506456962
          ],
          [
            -87.0911541499572,
            30.489140465483842
          ],
          [
            -87.09115193999915,
            30.489136932544746
          ],
          [
            -87.09115037295078,
            30.489136246993766
          ],
          [
            -87.0911521126599,
            30.489140008330473
          ],
          [
            -87.09116194146982,
            30.489140790178265
          ],
          [
            -87.09116068921035,
            30.48914099290637
          ],
          [
            -87.09116422847877,
            30.489141174728356
          ],
          [
            -87.09116315965446,
            30.489144065092326
          ],
          [
            -87.09116680790692,
            30.4891403962805
          ],
          [
            -87.09116202357795,
            30.489141489527587
          ],
          [
            -87.09115997494044,
            30.489137188153013
          ],
          [
            -87.0911578485714,
            30.489134619125544
          ],
          [
            -87.09115848302913,
            30.48913808746765
          ],
          [
            -87.09116058435687,
            30.48913746278778
          ],
          [
            -87.09116048071846,
            30.489135770865683
          ],
          [
            -87.09115581867962,
            30.48913883345116
          ],
          [
            -87.09115730339072,
            30.489139616553533
          ],
          [
            -87.0911551947174,
            30.489139827281868
          ],
          [
            -87.09115988724383,
            30.48914110306399
          ],
          [
            -87.09115889630037,
            30.48913988771031
          ],
          [
            -87.09116023866045,
            30.489134270276747
          ],
          [
            -87.09116232267336,
            30.48913575161824
          ],
          [
            -87.09116196084497,
            30.489138783123412
          ],
          [
            -87.09117144412797,
            30.48914185799423
          ],
          [
            -87.09117473104904,
            30.489145741147237
          ],
          [
            -87.09117905919315,
            30.489143899647015
          ],
          [
            -87.09118375200308,
            30.489135832871703
          ],
          [
            -87.09117987348237,
            30.489137409591013
          ],
          [
            -87.09118068133189,
            30.489137685974875
          ],
          [
            -87.09117900344386,
            30.489137358071115
          ],
          [
            -87.09117510053602,
            30.489136224022623
          ],
          [
            -87.09117474098068,
            30.489138998236335
          ],
          [
            -87.09117685531687,
            30.489148322949085
          ],
          [
            -87.09117606962741,
            30.48915042728203
          ],
          [
            -87.09117417523512,
            30.48915861727214
          ],
          [
            -87.09117875429841,
            30.489160882501146
          ],
          [
            -87.09118531313243,
            30.489158396795204
          ],
          [
            -87.09119395711208,
            30.48913974467665
          ],
          [
            -87.0911911953906,
            30.489142943146092
          ],
          [
            -87.09118360085772,
            30.48914701299886
          ],
          [
            -87.09118474589935,
            30.489147668104025
          ],
          [
            -87.0911859358786,
            30.48914768195234
          ],
          [
            -87.09118575116999,
            30.489143338388118
          ],
          [
            -87.09118681645204,
            30.489149068856484
          ],
          [
            -87.09118681645204,
            30.489149068856484
          ],
          [
            -87.09119007230024,
            30.489147232284182
          ],
          [
            -87.09119128779525,
            30.489153107349697
          ],
          [
            -87.09118873246126,
            30.489156208988987
          ],
          [
            -87.09119169173586,
            30.48915947844116
          ],
          [
            -87.09119113777092,
            30.48916062688475
          ],
          [
            -87.09119509289197,
            30.489157989401
          ],
          [
            -87.09119701151657,
            30.489163550645525
          ],
          [
            -87.0911969317298,
            30.489164052753004
          ],
          [
            -87.09119946705589,
            30.489160098981813
          ],
          [
            -87.0912028342059,
            30.48916268713563
          ],
          [
            -87.0912017440913,
            30.48916148884711
          ],
          [
            -87.09120095183748,
            30.489162359052475
          ],
          [
            -87.09120159262959,
            30.489161878196594
          ],
          [
            -87.09120159262959,
            30.489161878196594
          ],
          [
            -87.09120159262959,
            30.489161878196594
          ],
          [
            -87.09120159262959,
            30.489161878196594
          ],
          [
            -87.0911987714825,
            30.489154467629508
          ],
          [
            -87.09120075378972,
            30.48915503474355
          ],
          [
            -87.091201304777,
            30.48915252803607
          ],
          [
            -87.091201304777,
            30.48915252803607
          ],
          [
            -87.091201304777,
            30.48915252803607
          ],
          [
            -87.091201304777,
            30.48915252803607
          ],
          [
            -87.091201304777,
            30.48915252803607
          ],
          [
            -87.091201304777,
            30.48915252803607
          ],
          [
            -87.091201304777,
            30.48915252803607
          ],
          [
            -87.091201304777,
            30.48915252803607
          ],
          [
            -87.09120273868956,
            30.48914720483293
          ],
          [
            -87.09120273868956,
            30.48914720483293
          ],
          [
            -87.09120273868956,
            30.48914720483293
          ],
          [
            -87.09120800176218,
            30.489152156510297
          ],
          [
            -87.09120772826932,
            30.489152790250333
          ],
          [
            -87.09120772826932,
            30.489152790250333
          ],
          [
            -87.09120772826932,
            30.489152790250333
          ],
          [
            -87.09120772826932,
            30.489152790250333
          ],
          [
            -87.09120772826932,
            30.489152790250333
          ],
          [
            -87.09120772826932,
            30.489152790250333
          ],
          [
            -87.09120772826932,
            30.489152790250333
          ],
          [
            -87.09120772826932,
            30.489152790250333
          ],
          [
            -87.09120772826932,
            30.489152790250333
          ],
          [
            -87.09120772826932,
            30.489152790250333
          ],
          [
            -87.09120772826932,
            30.489152790250333
          ],
          [
            -87.09120772826932,
            30.489152790250333
          ],
          [
            -87.09120772826932,
            30.489152790250333
          ],
          [
            -87.09120772826932,
            30.489152790250333
          ],
          [
            -87.09120772826932,
            30.489152790250333
          ],
          [
            -87.09120772826932,
            30.489152790250333
          ],
          [
            -87.09120772826932,
            30.489152790250333
          ],
          [
            -87.09120772826932,
            30.489152790250333
          ],
          [
            -87.09120772826932,
            30.489152790250333
          ],
          [
            -87.09120772826932,
            30.489152790250333
          ],
          [
            -87.09123560818557,
            30.48914691999964
          ],
          [
            -87.09123560818557,
            30.48914691999964
          ],
          [
            -87.09123560818557,
            30.48914691999964
          ],
          [
            -87.09123560818557,
            30.48914691999964
          ],
          [
            -87.09123560818557,
            30.48914691999964
          ],
          [
            -87.09123560818557,
            30.48914691999964
          ],
          [
            -87.09123560818557,
            30.48914691999964
          ],
          [
            -87.09123560818557,
            30.48914691999964
          ],
          [
            -87.09123560818557,
            30.48914691999964
          ],
          [
            -87.09123560818557,
            30.48914691999964
          ],
          [
            -87.09123560818557,
            30.48914691999964
          ],
          [
            -87.09123560818557,
            30.48914691999964
          ],
          [
            -87.09123560818557,
            30.48914691999964
          ],
          [
            -87.09121608566774,
            30.489144440017512
          ],
          [
            -87.0912233209687,
            30.489142954127974
          ],
          [
            -87.09122312580604,
            30.489143899399767
          ],
          [
            -87.09122312580604,
            30.489143899399767
          ],
          [
            -87.09122312580604,
            30.489143899399767
          ],
          [
            -87.09122312580604,
            30.489143899399767
          ],
          [
            -87.09122312580604,
            30.489143899399767
          ],
          [
            -87.09122312580604,
            30.489143899399767
          ],
          [
            -87.09122312580604,
            30.489143899399767
          ],
          [
            -87.09122312580604,
            30.489143899399767
          ],
          [
            -87.09122312580604,
            30.489143899399767
          ],
          [
            -87.09122312580604,
            30.489143899399767
          ],
          [
            -87.09122312580604,
            30.489143899399767
          ],
          [
            -87.09122312580604,
            30.489143899399767
          ],
          [
            -87.09122963034736,
            30.489145403453865
          ],
          [
            -87.09123029878204,
            30.4891462085758
          ],
          [
            -87.09123252952796,
            30.489145220918488
          ],
          [
            -87.09123252564804,
            30.489145449965854
          ],
          [
            -87.09123252564804,
            30.489145449965854
          ],
          [
            -87.09123252564804,
            30.489145449965854
          ],
          [
            -87.09123952216484,
            30.489148727049706
          ],
          [
            -87.09123634079002,
            30.489146036048513
          ],
          [
            -87.0912673685423,
            30.489083713635544
          ],
          [
            -87.09124106315402,
            30.4891943726234
          ],
          [
            -87.09125971624272,
            30.489219701773028
          ],
          [
            -87.09125899151907,
            30.48922268569306
          ],
          [
            -87.09126199069917,
            30.489231709110665
          ],
          [
            -87.09125220401012,
            30.489234747840882
          ],
          [
            -87.09125446363548,
            30.48923496892831
          ],
          [
            -87.09125882089388,
            30.48923627358122
          ],
          [
            -87.09125882089388,
            30.48923627358122
          ],
          [
            -87.09126393341663,
            30.48923887490755
          ],
          [
            -87.0912625083828,
            30.489238624935627
          ],
          [
            -87.09126267596258,
            30.489235440513575
          ],
          [
            -87.09125940699072,
            30.489232716761627
          ],
          [
            -87.09125974976827,
            30.4892293318594
          ],
          [
            -87.09125974912689,
            30.489229338195088
          ],
          [
            -87.0912592425115,
            30.489228822769746
          ],
          [
            -87.09125724027062,
            30.489231651564193
          ],
          [
            -87.09126405790683,
            30.489238124597208
          ],
          [
            -87.09125860310942,
            30.4892390813339
          ],
          [
            -87.09125373789462,
            30.489241877690322
          ],
          [
            -87.09125429052075,
            30.489243477782818
          ],
          [
            -87.09125446056728,
            30.489244653918345
          ],
          [
            -87.0912537463355,
            30.489251728213937
          ],
          [
            -87.09125849288567,
            30.489253446778868
          ],
          [
            -87.09125932314161,
            30.48925023528798
          ],
          [
            -87.09126016133193,
            30.489256018801164
          ],
          [
            -87.091261964869,
            30.489264376723824
          ],
          [
            -87.091261964869,
            30.489264376723824
          ],
          [
            -87.09127164453928,
            30.4892616346763
          ],
          [
            -87.09127583549088,
            30.489262221409504
          ],
          [
            -87.09127809860472,
            30.489262850052253
          ],
          [
            -87.09127994262342,
            30.48926406542821
          ],
          [
            -87.09128312774662,
            30.48926590944691
          ],
          [
            -87.09128547467951,
            30.489267669646573
          ],
          [
            -87.09128371447984,
            30.489268507836893
          ],
          [
            -87.09126695630408,
            30.489277277463902
          ],
          [
            -87.09126939573113,
            30.489283267560552
          ],
          [
            -87.09126818424477,
            30.489288562613414
          ],
          [
            -87.09127861126099,
            30.489293844801182
          ],
          [
            -87.0912853119789,
            30.489293915100543
          ],
          [
            -87.0912950117756,
            30.489295391871384
          ],
          [
            -87.09130374653024,
            30.489301414876522
          ],
          [
            -87.09131006262112,
            30.48930288354119
          ],
          [
            -87.0913203726826,
            30.48929386548315
          ],
          [
            -87.09132583585354,
            30.48927723719368
          ],
          [
            -87.0913282618847,
            30.489272123045104
          ],
          [
            -87.09134222926203,
            30.489268832354433
          ],
          [
            -87.09134638723636,
            30.489264862803225
          ],
          [
            -87.09135131301436,
            30.48925512197212
          ],
          [
            -87.09135360074507,
            30.48925424347294
          ],
          [
            -87.09136522196773,
            30.489244262474358
          ],
          [
            -87.09136638593199,
            30.48924171901635
          ],
          [
            -87.0913661699871,
            30.48925474375709
          ],
          [
            -87.09135860987834,
            30.489259511965663
          ],
          [
            -87.0913414609807,
            30.4892726102744
          ],
          [
            -87.09133176201489,
            30.489277907905063
          ],
          [
            -87.09131955813025,
            30.489282877192238
          ],
          [
            -87.09132253619897,
            30.489295807834083
          ],
          [
            -87.09133025086481,
            30.489309434501017
          ],
          [
            -87.09133890555718,
            30.48931654159593
          ],
          [
            -87.09135189512703,
            30.489316402783082
          ],
          [
            -87.09136719959895,
            30.48931018297266
          ],
          [
            -87.09137447230236,
            30.48931729248905
          ],
          [
            -87.09138238337613,
            30.48931323504785
          ],
          [
            -87.09139214431524,
            30.48932520846853
          ],
          [
            -87.09139462855798,
            30.489319553934134
          ],
          [
            -87.09140335075027,
            30.489323014619274
          ],
          [
            -87.09140553189458,
            30.48931974362117
          ],
          [
            -87.09139838823639,
            30.489324030426953
          ],
          [
            -87.0914072383306,
            30.48932177834639
          ],
          [
            -87.09142462829037,
            30.48932591561281
          ],
          [
            -87.09143199251348,
            30.48932779721071
          ],
          [
            -87.09144045425525,
            30.489334031401572
          ],
          [
            -87.09145523969913,
            30.489341685435672
          ],
          [
            -87.09145935085715,
            30.48933952895901
          ],
          [
            -87.09146341871536,
            30.489339988670924
          ],
          [
            -87.09146777235775,
            30.489333295554943
          ],
          [
            -87.09146754331867,
            30.489329267156897
          ],
          [
            -87.09145456084917,
            30.48933245234127
          ],
          [
            -87.09145466411135,
            30.489337198902206
          ],
          [
            -87.0914675620052,
            30.489341698667584
          ],
          [
            -87.09146278755547,
            30.489338901886757
          ],
          [
            -87.09146672862272,
            30.489339340750806
          ],
          [
            -87.09146521612092,
            30.489335384924587
          ],
          [
            -87.09146521612092,
            30.489335384924587
          ],
          [
            -87.09146332741908,
            30.489332410931066
          ],
          [
            -87.09146684947233,
            30.489333826858186
          ],
          [
            -87.09147042813443,
            30.489336734279643
          ],
          [
            -87.09147316491186,
            30.48933239448198
          ],
          [
            -87.09147162075455,
            30.48932628204335
          ],
          [
            -87.09146795105512,
            30.489320693280714
          ],
          [
            -87.09146751264053,
            30.489315665316507
          ],
          [
            -87.09146673013836,
            30.489315725034373
          ],
          [
            -87.09146795685415,
            30.489316389737855
          ],
          [
            -87.09147089078694,
            30.489312356552254
          ],
          [
            -87.09146963319553,
            30.489311703828545
          ],
          [
            -87.0914725677278,
            30.489305864204834
          ],
          [
            -87.0914720127828,
            30.48930565245046
          ],
          [
            -87.09147283030048,
            30.489301402133616
          ],
          [
            -87.0914729529702,
            30.48929598165579
          ],
          [
            -87.09148143835964,
            30.489289273524452
          ],
          [
            -87.09148159601332,
            30.489287278610398
          ],
          [
            -87.09147792028536,
            30.489287773640708
          ],
          [
            -87.09148630467836,
            30.48928436816751
          ],
          [
            -87.09148990878869,
            30.48928145154822
          ],
          [
            -87.09149263204382,
            30.489281515709767
          ],
          [
            -87.09150142809818,
            30.489286687994415
          ],
          [
            -87.09149959955816,
            30.489294575837555
          ],
          [
            -87.09150023554187,
            30.489295227081175
          ],
          [
            -87.09150023554187,
            30.489295227081175
          ],
          [
            -87.09150023554187,
            30.489295227081175
          ],
          [
            -87.09150023554187,
            30.489295227081175
          ],
          [
            -87.09150023554187,
            30.489295227081175
          ],
          [
            -87.09150023554187,
            30.489295227081175
          ],
          [
            -87.09150023554187,
            30.489295227081175
          ],
          [
            -87.09150023554187,
            30.489295227081175
          ],
          [
            -87.09150023554187,
            30.489295227081175
          ],
          [
            -87.09150023554187,
            30.489295227081175
          ],
          [
            -87.09150023554187,
            30.489295227081175
          ],
          [
            -87.09150023554187,
            30.489295227081175
          ],
          [
            -87.09150023554187,
            30.489295227081175
          ],
          [
            -87.09150023554187,
            30.489295227081175
          ],
          [
            -87.09150023554187,
            30.489295227081175
          ],
          [
            -87.09150023554187,
            30.489295227081175
          ],
          [
            -87.09150023554187,
            30.489295227081175
          ],
          [
            -87.09150023554187,
            30.489295227081175
          ],
          [
            -87.09150023554187,
            30.489295227081175
          ],
          [
            -87.09150023554187,
            30.489295227081175
          ],
          [
            -87.09150023554187,
            30.489295227081175
          ],
          [
            -87.09150023554187,
            30.489295227081175
          ],
          [
            -87.09150023554187,
            30.489295227081175
          ],
          [
            -87.09150023554187,
            30.489295227081175
          ],
          [
            -87.09150023554187,
            30.489295227081175
          ],
          [
            -87.09150023554187,
            30.489295227081175
          ],
          [
            -87.09150023554187,
            30.489295227081175
          ],
          [
            -87.09150023554187,
            30.489295227081175
          ],
          [
            -87.09150023554187,
            30.489295227081175
          ],
          [
            -87.09150023554187,
            30.489295227081175
          ],
          [
            -87.09150023554187,
            30.489295227081175
          ],
          [
            -87.09150023554187,
            30.489295227081175
          ],
          [
            -87.09150023554187,
            30.489295227081175
          ],
          [
            -87.09150023554187,
            30.489295227081175
          ],
          [
            -87.09150023554187,
            30.489295227081175
          ],
          [
            -87.09150023554187,
            30.489295227081175
          ],
          [
            -87.09150023554187,
            30.489295227081175
          ],
          [
            -87.09150023554187,
            30.489295227081175
          ],
          [
            -87.09150023554187,
            30.489295227081175
          ],
          [
            -87.09150023554187,
            30.489295227081175
          ],
          [
            -87.09150023554187,
            30.489295227081175
          ],
          [
            -87.09150023554187,
            30.489295227081175
          ],
          [
            -87.09150023554187,
            30.489295227081175
          ],
          [
            -87.09150023554187,
            30.489295227081175
          ],
          [
            -87.09150023554187,
            30.489295227081175
          ],
          [
            -87.09150023554187,
            30.489295227081175
          ],
          [
            -87.09150023554187,
            30.489295227081175
          ],
          [
            -87.09150023554187,
            30.489295227081175
          ],
          [
            -87.09150023554187,
            30.489295227081175
          ],
          [
            -87.09150023554187,
            30.489295227081175
          ],
          [
            -87.09150023554187,
            30.489295227081175
          ],
          [
            -87.09150023554187,
            30.489295227081175
          ],
          [
            -87.09150023554187,
            30.489295227081175
          ],
          [
            -87.09150023554187,
            30.489295227081175
          ],
          [
            -87.09150023554187,
            30.489295227081175
          ],
          [
            -87.09150023554187,
            30.489295227081175
          ],
          [
            -87.09150023554187,
            30.489295227081175
          ],
          [
            -87.09150023554187,
            30.489295227081175
          ],
          [
            -87.09150023554187,
            30.489295227081175
          ],
          [
            -87.09150023554187,
            30.489295227081175
          ],
          [
            -87.09150023554187,
            30.489295227081175
          ],
          [
            -87.09150023554187,
            30.489295227081175
          ],
          [
            -87.09150023554187,
            30.489295227081175
          ],
          [
            -87.09150023554187,
            30.489295227081175
          ],
          [
            -87.09150023554187,
            30.489295227081175
          ],
          [
            -87.09150023554187,
            30.489295227081175
          ],
          [
            -87.09150023554187,
            30.489295227081175
          ],
          [
            -87.09150023554187,
            30.489295227081175
          ],
          [
            -87.09150023554187,
            30.489295227081175
          ],
          [
            -87.09150023554187,
            30.489295227081175
          ],
          [
            -87.09150023554187,
            30.489295227081175
          ],
          [
            -87.09150023554187,
            30.489295227081175
          ],
          [
            -87.09150023554187,
            30.489295227081175
          ],
          [
            -87.09150023554187,
            30.489295227081175
          ],
          [
            -87.09150023554187,
            30.489295227081175
          ],
          [
            -87.09150023554187,
            30.489295227081175
          ],
          [
            -87.09150023554187,
            30.489295227081175
          ],
          [
            -87.09150023554187,
            30.489295227081175
          ],
          [
            -87.09150023554187,
            30.489295227081175
          ],
          [
            -87.09150023554187,
            30.489295227081175
          ],
          [
            -87.09150023554187,
            30.489295227081175
          ],
          [
            -87.09150023554187,
            30.489295227081175
          ],
          [
            -87.09150023554187,
            30.489295227081175
          ],
          [
            -87.09150023554187,
            30.489295227081175
          ],
          [
            -87.09150023554187,
            30.489295227081175
          ],
          [
            -87.09150023554187,
            30.489295227081175
          ],
          [
            -87.09150023554187,
            30.489295227081175
          ],
          [
            -87.09150023554187,
            30.489295227081175
          ],
          [
            -87.09150023554187,
            30.489295227081175
          ],
          [
            -87.09150023554187,
            30.489295227081175
          ],
          [
            -87.09150023554187,
            30.489295227081175
          ],
          [
            -87.09150023554187,
            30.489295227081175
          ],
          [
            -87.09150023554187,
            30.489295227081175
          ],
          [
            -87.09151380271777,
            30.489259007387755
          ],
          [
            -87.09151765943359,
            30.489257821055897
          ],
          [
            -87.09151648965398,
            30.489262013773526
          ],
          [
            -87.09151512479356,
            30.48926262073667
          ],
          [
            -87.09151512479356,
            30.48926262073667
          ],
          [
            -87.09151512479356,
            30.48926262073667
          ],
          [
            -87.09151512479356,
            30.48926262073667
          ],
          [
            -87.09151512479356,
            30.48926262073667
          ],
          [
            -87.09150702179875,
            30.489268017675847
          ],
          [
            -87.09150702179875,
            30.489268017675847
          ],
          [
            -87.09150702179875,
            30.489268017675847
          ],
          [
            -87.09150702179875,
            30.489268017675847
          ],
          [
            -87.0915011001826,
            30.489283313810674
          ],
          [
            -87.09149846714197,
            30.48928870584979
          ],
          [
            -87.0914953932488,
            30.489285724933318
          ],
          [
            -87.09148715341153,
            30.4892892474665
          ],
          [
            -87.09148881826997,
            30.489297872328354
          ],
          [
            -87.09148210515708,
            30.489300616338195
          ],
          [
            -87.09146860548792,
            30.48930725341434
          ],
          [
            -87.09146487652924,
            30.48930304522007
          ],
          [
            -87.09145134898408,
            30.48930361177565
          ],
          [
            -87.0914535392357,
            30.48930194186748
          ],
          [
            -87.09146171718633,
            30.489300959692045
          ],
          [
            -87.09145593102029,
            30.489300606965617
          ],
          [
            -87.09145120826855,
            30.48930313939822
          ],
          [
            -87.09144942766973,
            30.489306222564974
          ],
          [
            -87.0914448859623,
            30.48930964379905
          ],
          [
            -87.09144579176085,
            30.4893139616426
          ],
          [
            -87.09144201390349,
            30.489313897974977
          ],
          [
            -87.0914388865709,
            30.489301379696318
          ],
          [
            -87.09143810057117,
            30.48930109038809
          ],
          [
            -87.09143810057117,
            30.48930109038809
          ],
          [
            -87.09143810057117,
            30.48930109038809
          ],
          [
            -87.09143810057117,
            30.48930109038809
          ],
          [
            -87.09143810057117,
            30.48930109038809
          ],
          [
            -87.09143810057117,
            30.48930109038809
          ],
          [
            -87.09143810057117,
            30.48930109038809
          ],
          [
            -87.09143810057117,
            30.48930109038809
          ],
          [
            -87.09143810057117,
            30.48930109038809
          ],
          [
            -87.09143810057117,
            30.48930109038809
          ],
          [
            -87.09143810057117,
            30.48930109038809
          ],
          [
            -87.09143810057117,
            30.48930109038809
          ],
          [
            -87.09143810057117,
            30.48930109038809
          ],
          [
            -87.09143810057117,
            30.48930109038809
          ],
          [
            -87.09143810057117,
            30.48930109038809
          ],
          [
            -87.09143810057117,
            30.48930109038809
          ],
          [
            -87.09143810057117,
            30.48930109038809
          ],
          [
            -87.09143810057117,
            30.48930109038809
          ],
          [
            -87.09143810057117,
            30.48930109038809
          ],
          [
            -87.09143810057117,
            30.48930109038809
          ],
          [
            -87.09143810057117,
            30.48930109038809
          ],
          [
            -87.09143810057117,
            30.48930109038809
          ],
          [
            -87.09143810057117,
            30.48930109038809
          ],
          [
            -87.09143810057117,
            30.48930109038809
          ],
          [
            -87.09143810057117,
            30.48930109038809
          ],
          [
            -87.09143810057117,
            30.48930109038809
          ],
          [
            -87.09143810057117,
            30.48930109038809
          ],
          [
            -87.09143810057117,
            30.48930109038809
          ],
          [
            -87.09143810057117,
            30.48930109038809
          ],
          [
            -87.09143810057117,
            30.48930109038809
          ],
          [
            -87.09143810057117,
            30.48930109038809
          ],
          [
            -87.09142865566834,
            30.489347851947862
          ],
          [
            -87.09142865566834,
            30.489347851947862
          ],
          [
            -87.09142865566834,
            30.489347851947862
          ],
          [
            -87.09142865566834,
            30.489347851947862
          ],
          [
            -87.09142865566834,
            30.489347851947862
          ],
          [
            -87.09142865566834,
            30.489347851947862
          ],
          [
            -87.09142865566834,
            30.489347851947862
          ],
          [
            -87.09142865566834,
            30.489347851947862
          ],
          [
            -87.09142865566834,
            30.489347851947862
          ],
          [
            -87.09142865566834,
            30.489347851947862
          ],
          [
            -87.09142865566834,
            30.489347851947862
          ],
          [
            -87.09142865566834,
            30.489347851947862
          ],
          [
            -87.09142865566834,
            30.489347851947862
          ],
          [
            -87.09142865566834,
            30.489347851947862
          ],
          [
            -87.09142865566834,
            30.489347851947862
          ],
          [
            -87.09142865566834,
            30.489347851947862
          ],
          [
            -87.09142865566834,
            30.489347851947862
          ],
          [
            -87.09142865566834,
            30.489347851947862
          ],
          [
            -87.09142865566834,
            30.489347851947862
          ],
          [
            -87.09142865566834,
            30.489347851947862
          ],
          [
            -87.09142865566834,
            30.489347851947862
          ],
          [
            -87.09142865566834,
            30.489347851947862
          ],
          [
            -87.09142865566834,
            30.489347851947862
          ],
          [
            -87.09142865566834,
            30.489347851947862
          ],
          [
            -87.09142865566834,
            30.489347851947862
          ],
          [
            -87.09142865566834,
            30.489347851947862
          ],
          [
            -87.09142865566834,
            30.489347851947862
          ],
          [
            -87.09142865566834,
            30.489347851947862
          ],
          [
            -87.09142865566834,
            30.489347851947862
          ],
          [
            -87.09142865566834,
            30.489347851947862
          ],
          [
            -87.09142865566834,
            30.489347851947862
          ],
          [
            -87.09142865566834,
            30.489347851947862
          ],
          [
            -87.09142865566834,
            30.489347851947862
          ],
          [
            -87.09142865566834,
            30.489347851947862
          ],
          [
            -87.09142865566834,
            30.489347851947862
          ],
          [
            -87.09142385882126,
            30.489328009915337
          ],
          [
            -87.09141433699656,
            30.489321477202534
          ],
          [
            -87.09142506172927,
            30.48932865910115
          ],
          [
            -87.09142539774182,
            30.489329001864313
          ],
          [
            -87.09142539774182,
            30.489329001864313
          ],
          [
            -87.09142609498731,
            30.48932614930425
          ],
          [
            -87.09142518872002,
            30.48932617690131
          ],
          [
            -87.09142452600364,
            30.48932344675553
          ],
          [
            -87.09142115212421,
            30.48932493602042
          ],
          [
            -87.09141877071873,
            30.489325725141267
          ],
          [
            -87.09141841752034,
            30.48932602006776
          ],
          [
            -87.09141715263144,
            30.489324782899136
          ],
          [
            -87.09141812199948,
            30.489326906254853
          ],
          [
            -87.09142032929437,
            30.489326500938034
          ],
          [
            -87.09142224641253,
            30.489322834508425
          ],
          [
            -87.09142290305111,
            30.489321868211473
          ],
          [
            -87.09142487188174,
            30.489323353675612
          ],
          [
            -87.09142533523405,
            30.48932312820926
          ],
          [
            -87.09142437454577,
            30.48932416897851
          ],
          [
            -87.09142437454577,
            30.48932416897851
          ],
          [
            -87.09142437454577,
            30.48932416897851
          ],
          [
            -87.09142437454577,
            30.48932416897851
          ],
          [
            -87.09142437454577,
            30.48932416897851
          ],
          [
            -87.09142437454577,
            30.48932416897851
          ],
          [
            -87.0914172574691,
            30.489329675671776
          ],
          [
            -87.0914172574691,
            30.489329675671776
          ],
          [
            -87.0914172574691,
            30.489329675671776
          ],
          [
            -87.09141340305115,
            30.48932963832763
          ],
          [
            -87.09141362610947,
            30.489329696981503
          ],
          [
            -87.09141362610947,
            30.489329696981503
          ],
          [
            -87.09141238676422,
            30.48932657099322
          ],
          [
            -87.09141238676422,
            30.48932657099322
          ],
          [
            -87.09140610044693,
            30.489326377105314
          ],
          [
            -87.09140998867444,
            30.489322198345373
          ],
          [
            -87.09140585135113,
            30.489322521558847
          ],
          [
            -87.0914109799995,
            30.489322733086656
          ],
          [
            -87.09141597342109,
            30.48932258550856
          ],
          [
            -87.09142123034563,
            30.48932319050702
          ],
          [
            -87.09142154087486,
            30.48932362905403
          ],
          [
            -87.09142267422396,
            30.48932398538273
          ],
          [
            -87.09142187398508,
            30.48932222468772
          ],
          [
            -87.09142237856987,
            30.489322158640626
          ],
          [
            -87.09142237856987,
            30.489322158640626
          ],
          [
            -87.09142237856987,
            30.489322158640626
          ],
          [
            -87.09142452980119,
            30.489325085992053
          ],
          [
            -87.09142547926285,
            30.48932787641462
          ],
          [
            -87.09142547926285,
            30.48932787641462
          ],
          [
            -87.09142547926285,
            30.48932787641462
          ],
          [
            -87.09142547926285,
            30.48932787641462
          ],
          [
            -87.09143062930609,
            30.489331018828057
          ],
          [
            -87.09143321662117,
            30.48932988404986
          ],
          [
            -87.09143219279035,
            30.48932267580888
          ],
          [
            -87.091438644286,
            30.489317478065345
          ],
          [
            -87.09143836582649,
            30.48931734543751
          ],
          [
            -87.09144220809547,
            30.489312918305487
          ],
          [
            -87.09144220809547,
            30.489312918305487
          ],
          [
            -87.09144544890373,
            30.48931060456447
          ],
          [
            -87.09144544890373,
            30.48931060456447
          ],
          [
            -87.09144179407221,
            30.489311629733592
          ],
          [
            -87.0914437867745,
            30.4893093949093
          ],
          [
            -87.09144498330824,
            30.48930955238764
          ],
          [
            -87.09144429343925,
            30.489313440580286
          ],
          [
            -87.09144429343925,
            30.489313440580286
          ],
          [
            -87.09144049040698,
            30.489314337146602
          ],
          [
            -87.09143845976111,
            30.489314030488234
          ],
          [
            -87.09143587709836,
            30.48931617135401
          ],
          [
            -87.09143625381202,
            30.489314095121824
          ],
          [
            -87.09143169664877,
            30.489314173192135
          ],
          [
            -87.09143200022608,
            30.489314308254666
          ],
          [
            -87.09143200022608,
            30.489314308254666
          ],
          [
            -87.09143200022608,
            30.489314308254666
          ],
          [
            -87.09143200022608,
            30.489314308254666
          ],
          [
            -87.09143200022608,
            30.489314308254666
          ],
          [
            -87.09143200022608,
            30.489314308254666
          ],
          [
            -87.09143200022608,
            30.489314308254666
          ],
          [
            -87.09143200022608,
            30.489314308254666
          ],
          [
            -87.09143200022608,
            30.489314308254666
          ],
          [
            -87.09143200022608,
            30.489314308254666
          ],
          [
            -87.09143200022608,
            30.489314308254666
          ],
          [
            -87.09143200022608,
            30.489314308254666
          ],
          [
            -87.09143200022608,
            30.489314308254666
          ],
          [
            -87.09143200022608,
            30.489314308254666
          ],
          [
            -87.09143200022608,
            30.489314308254666
          ],
          [
            -87.09143200022608,
            30.489314308254666
          ],
          [
            -87.09139491032711,
            30.489333047856675
          ],
          [
            -87.09139241268882,
            30.489331494648265
          ],
          [
            -87.09139241268882,
            30.489331494648265
          ],
          [
            -87.09139241268882,
            30.489331494648265
          ],
          [
            -87.09139049773702,
            30.489329631143463
          ],
          [
            -87.09138833021412,
            30.489330141874024
          ],
          [
            -87.09138986226766,
            30.48933450275232
          ],
          [
            -87.09139005056522,
            30.489334750402246
          ],
          [
            -87.0913882138117,
            30.48933910385357
          ],
          [
            -87.0913921649521,
            30.48933836255185
          ],
          [
            -87.09139577716826,
            30.489337518958703
          ],
          [
            -87.09140451319153,
            30.489334478863576
          ],
          [
            -87.09140755089254,
            30.489333236117268
          ],
          [
            -87.09140937083961,
            30.489334394576744
          ],
          [
            -87.09140937083961,
            30.489334394576744
          ],
          [
            -87.09140937083961,
            30.489334394576744
          ],
          [
            -87.09140937083961,
            30.489334394576744
          ],
          [
            -87.09140937083961,
            30.489334394576744
          ],
          [
            -87.09140937083961,
            30.489334394576744
          ],
          [
            -87.09140937083961,
            30.489334394576744
          ],
          [
            -87.09140937083961,
            30.489334394576744
          ],
          [
            -87.09140937083961,
            30.489334394576744
          ],
          [
            -87.09140937083961,
            30.489334394576744
          ],
          [
            -87.09140937083961,
            30.489334394576744
          ],
          [
            -87.09140937083961,
            30.489334394576744
          ],
          [
            -87.09140937083961,
            30.489334394576744
          ],
          [
            -87.09140937083961,
            30.489334394576744
          ],
          [
            -87.09140937083961,
            30.489334394576744
          ],
          [
            -87.09141766617596,
            30.489332426684246
          ],
          [
            -87.09141775557669,
            30.4893324711338
          ],
          [
            -87.09141775557669,
            30.4893324711338
          ],
          [
            -87.09141775557669,
            30.4893324711338
          ],
          [
            -87.09141775557669,
            30.4893324711338
          ],
          [
            -87.09141775557669,
            30.4893324711338
          ],
          [
            -87.09141775557669,
            30.4893324711338
          ],
          [
            -87.09141775557669,
            30.4893324711338
          ],
          [
            -87.0914283574358,
            30.48933661783934
          ],
          [
            -87.0914283574358,
            30.48933661783934
          ],
          [
            -87.0914283574358,
            30.48933661783934
          ],
          [
            -87.0914283574358,
            30.48933661783934
          ],
          [
            -87.0914283574358,
            30.48933661783934
          ],
          [
            -87.09143565656925,
            30.489337060936837
          ],
          [
            -87.09143565656925,
            30.489337060936837
          ],
          [
            -87.09143565656925,
            30.489337060936837
          ],
          [
            -87.09143565656925,
            30.489337060936837
          ],
          [
            -87.09143565656925,
            30.489337060936837
          ],
          [
            -87.09143565656925,
            30.489337060936837
          ],
          [
            -87.09143565656925,
            30.489337060936837
          ],
          [
            -87.09143565656925,
            30.489337060936837
          ],
          [
            -87.09143565656925,
            30.489337060936837
          ],
          [
            -87.09143565656925,
            30.489337060936837
          ],
          [
            -87.09143565656925,
            30.489337060936837
          ],
          [
            -87.09143565656925,
            30.489337060936837
          ],
          [
            -87.09143565656925,
            30.489337060936837
          ],
          [
            -87.09143798028425,
            30.48933166374992
          ],
          [
            -87.09143408267006,
            30.489331059954836
          ],
          [
            -87.09143562861378,
            30.489332230173005
          ],
          [
            -87.09143453111876,
            30.48933434728823
          ],
          [
            -87.09143531251021,
            30.48933533920945
          ],
          [
            -87.09143428978575,
            30.489333523553366
          ],
          [
            -87.09143256661709,
            30.489332805384603
          ],
          [
            -87.09143193360323,
            30.48933495681213
          ],
          [
            -87.0914298166525,
            30.489336836602323
          ],
          [
            -87.09142987401063,
            30.489338591325044
          ],
          [
            -87.09143192862417,
            30.489333856332525
          ],
          [
            -87.09143135668876,
            30.489332560956445
          ],
          [
            -87.0914315798772,
            30.48933130871629
          ],
          [
            -87.0914267888905,
            30.489328118205698
          ],
          [
            -87.09142249008751,
            30.489327873037645
          ],
          [
            -87.09142346034609,
            30.489325463907974
          ],
          [
            -87.09142055932116,
            30.4893234261146
          ],
          [
            -87.09142055932116,
            30.4893234261146
          ],
          [
            -87.09142055932116,
            30.4893234261146
          ],
          [
            -87.09142055932116,
            30.4893234261146
          ],
          [
            -87.09142055932116,
            30.4893234261146
          ],
          [
            -87.09142055932116,
            30.4893234261146
          ],
          [
            -87.09142055932116,
            30.4893234261146
          ],
          [
            -87.09142055932116,
            30.4893234261146
          ],
          [
            -87.09142055932116,
            30.4893234261146
          ],
          [
            -87.09142055932116,
            30.4893234261146
          ],
          [
            -87.09140397262534,
            30.489315574070847
          ],
          [
            -87.091401811734,
            30.48931669348268
          ],
          [
            -87.09140003762059,
            30.489313148552824
          ],
          [
            -87.09140003762059,
            30.489313148552824
          ],
          [
            -87.09140003762059,
            30.489313148552824
          ],
          [
            -87.09140003762059,
            30.489313148552824
          ],
          [
            -87.09140003762059,
            30.489313148552824
          ],
          [
            -87.09140003762059,
            30.489313148552824
          ],
          [
            -87.09140003762059,
            30.489313148552824
          ],
          [
            -87.09140003762059,
            30.489313148552824
          ],
          [
            -87.09140003762059,
            30.489313148552824
          ],
          [
            -87.09140003762059,
            30.489313148552824
          ],
          [
            -87.09140003762059,
            30.489313148552824
          ],
          [
            -87.09140003762059,
            30.489313148552824
          ],
          [
            -87.09140003762059,
            30.489313148552824
          ],
          [
            -87.09140003762059,
            30.489313148552824
          ],
          [
            -87.09140003762059,
            30.489313148552824
          ],
          [
            -87.09140003762059,
            30.489313148552824
          ],
          [
            -87.09140003762059,
            30.489313148552824
          ],
          [
            -87.09140003762059,
            30.489313148552824
          ],
          [
            -87.09141474623016,
            30.48932305650185
          ],
          [
            -87.09141754014925,
            30.489324513518408
          ],
          [
            -87.09141838243411,
            30.489326185602557
          ],
          [
            -87.09141785289773,
            30.48932520019211
          ],
          [
            -87.09141889049413,
            30.48932721039316
          ],
          [
            -87.09141614167552,
            30.48932614917592
          ],
          [
            -87.09141660038517,
            30.489325975632187
          ],
          [
            -87.09141660038517,
            30.489325975632187
          ],
          [
            -87.09141660038517,
            30.489325975632187
          ],
          [
            -87.09141660038517,
            30.489325975632187
          ],
          [
            -87.09141660038517,
            30.489325975632187
          ],
          [
            -87.09141660038517,
            30.489325975632187
          ],
          [
            -87.09141660038517,
            30.489325975632187
          ],
          [
            -87.09140978903939,
            30.489328293825814
          ],
          [
            -87.09140978903939,
            30.489328293825814
          ],
          [
            -87.09140978903939,
            30.489328293825814
          ],
          [
            -87.09140978903939,
            30.489328293825814
          ],
          [
            -87.09140978903939,
            30.489328293825814
          ],
          [
            -87.09140978903939,
            30.489328293825814
          ],
          [
            -87.09140978903939,
            30.489328293825814
          ],
          [
            -87.09140978903939,
            30.489328293825814
          ],
          [
            -87.09140978903939,
            30.489328293825814
          ],
          [
            -87.09140978903939,
            30.489328293825814
          ],
          [
            -87.09140978903939,
            30.489328293825814
          ],
          [
            -87.09140978903939,
            30.489328293825814
          ],
          [
            -87.09140978903939,
            30.489328293825814
          ],
          [
            -87.09140978903939,
            30.489328293825814
          ],
          [
            -87.09140978903939,
            30.489328293825814
          ],
          [
            -87.09140978903939,
            30.489328293825814
          ],
          [
            -87.09140978903939,
            30.489328293825814
          ],
          [
            -87.09140978903939,
            30.489328293825814
          ],
          [
            -87.09140978903939,
            30.489328293825814
          ],
          [
            -87.09140978903939,
            30.489328293825814
          ],
          [
            -87.09140978903939,
            30.489328293825814
          ],
          [
            -87.09140978903939,
            30.489328293825814
          ],
          [
            -87.09140978903939,
            30.489328293825814
          ],
          [
            -87.09140978903939,
            30.489328293825814
          ],
          [
            -87.09140978903939,
            30.489328293825814
          ],
          [
            -87.09140978903939,
            30.489328293825814
          ],
          [
            -87.09140978903939,
            30.489328293825814
          ],
          [
            -87.09140978903939,
            30.489328293825814
          ],
          [
            -87.09140978903939,
            30.489328293825814
          ],
          [
            -87.09140978903939,
            30.489328293825814
          ],
          [
            -87.09140978903939,
            30.489328293825814
          ],
          [
            -87.09140978903939,
            30.489328293825814
          ],
          [
            -87.09140978903939,
            30.489328293825814
          ],
          [
            -87.09140978903939,
            30.489328293825814
          ],
          [
            -87.09140978903939,
            30.489328293825814
          ],
          [
            -87.09140978903939,
            30.489328293825814
          ],
          [
            -87.09140978903939,
            30.489328293825814
          ],
          [
            -87.09140978903939,
            30.489328293825814
          ],
          [
            -87.09140978903939,
            30.489328293825814
          ],
          [
            -87.09140978903939,
            30.489328293825814
          ],
          [
            -87.09140978903939,
            30.489328293825814
          ],
          [
            -87.09140978903939,
            30.489328293825814
          ],
          [
            -87.09140978903939,
            30.489328293825814
          ],
          [
            -87.09140978903939,
            30.489328293825814
          ],
          [
            -87.09140978903939,
            30.489328293825814
          ],
          [
            -87.09140978903939,
            30.489328293825814
          ],
          [
            -87.09140978903939,
            30.489328293825814
          ],
          [
            -87.09140978903939,
            30.489328293825814
          ],
          [
            -87.09140978903939,
            30.489328293825814
          ],
          [
            -87.09140978903939,
            30.489328293825814
          ],
          [
            -87.09140978903939,
            30.489328293825814
          ],
          [
            -87.09140978903939,
            30.489328293825814
          ],
          [
            -87.09140978903939,
            30.489328293825814
          ],
          [
            -87.09140978903939,
            30.489328293825814
          ],
          [
            -87.09140978903939,
            30.489328293825814
          ],
          [
            -87.09140978903939,
            30.489328293825814
          ],
          [
            -87.09140978903939,
            30.489328293825814
          ],
          [
            -87.09140978903939,
            30.489328293825814
          ],
          [
            -87.09140978903939,
            30.489328293825814
          ],
          [
            -87.09140978903939,
            30.489328293825814
          ],
          [
            -87.09140978903939,
            30.489328293825814
          ],
          [
            -87.09140978903939,
            30.489328293825814
          ],
          [
            -87.09140978903939,
            30.489328293825814
          ],
          [
            -87.09140978903939,
            30.489328293825814
          ],
          [
            -87.09140978903939,
            30.489328293825814
          ],
          [
            -87.09140978903939,
            30.489328293825814
          ],
          [
            -87.09140978903939,
            30.489328293825814
          ],
          [
            -87.09140978903939,
            30.489328293825814
          ],
          [
            -87.09140978903939,
            30.489328293825814
          ],
          [
            -87.09140978903939,
            30.489328293825814
          ],
          [
            -87.09140978903939,
            30.489328293825814
          ],
          [
            -87.09140978903939,
            30.489328293825814
          ],
          [
            -87.09140978903939,
            30.489328293825814
          ],
          [
            -87.09140978903939,
            30.489328293825814
          ],
          [
            -87.09140978903939,
            30.489328293825814
          ],
          [
            -87.09140978903939,
            30.489328293825814
          ],
          [
            -87.09140978903939,
            30.489328293825814
          ],
          [
            -87.09140978903939,
            30.489328293825814
          ],
          [
            -87.09140978903939,
            30.489328293825814
          ],
          [
            -87.09140978903939,
            30.489328293825814
          ],
          [
            -87.09140978903939,
            30.489328293825814
          ],
          [
            -87.09140978903939,
            30.489328293825814
          ],
          [
            -87.09140978903939,
            30.489328293825814
          ],
          [
            -87.09140978903939,
            30.489328293825814
          ],
          [
            -87.09140978903939,
            30.489328293825814
          ],
          [
            -87.09140978903939,
            30.489328293825814
          ],
          [
            -87.09140978903939,
            30.489328293825814
          ],
          [
            -87.09140978903939,
            30.489328293825814
          ],
          [
            -87.09140978903939,
            30.489328293825814
          ],
          [
            -87.09140978903939,
            30.489328293825814
          ],
          [
            -87.09140978903939,
            30.489328293825814
          ],
          [
            -87.09140978903939,
            30.489328293825814
          ],
          [
            -87.09140978903939,
            30.489328293825814
          ],
          [
            -87.09140978903939,
            30.489328293825814
          ],
          [
            -87.09140978903939,
            30.489328293825814
          ],
          [
            -87.09140978903939,
            30.489328293825814
          ],
          [
            -87.09140978903939,
            30.489328293825814
          ],
          [
            -87.09140978903939,
            30.489328293825814
          ],
          [
            -87.09140978903939,
            30.489328293825814
          ],
          [
            -87.09140978903939,
            30.489328293825814
          ],
          [
            -87.09140978903939,
            30.489328293825814
          ],
          [
            -87.09140978903939,
            30.489328293825814
          ],
          [
            -87.09140978903939,
            30.489328293825814
          ],
          [
            -87.09140978903939,
            30.489328293825814
          ],
          [
            -87.09140978903939,
            30.489328293825814
          ],
          [
            -87.09140978903939,
            30.489328293825814
          ],
          [
            -87.09140978903939,
            30.489328293825814
          ],
          [
            -87.09140978903939,
            30.489328293825814
          ],
          [
            -87.09140978903939,
            30.489328293825814
          ],
          [
            -87.09140978903939,
            30.489328293825814
          ],
          [
            -87.09140978903939,
            30.489328293825814
          ],
          [
            -87.09140978903939,
            30.489328293825814
          ],
          [
            -87.09140978903939,
            30.489328293825814
          ],
          [
            -87.09140978903939,
            30.489328293825814
          ],
          [
            -87.09140978903939,
            30.489328293825814
          ],
          [
            -87.09140978903939,
            30.489328293825814
          ],
          [
            -87.09140978903939,
            30.489328293825814
          ],
          [
            -87.09140978903939,
            30.489328293825814
          ],
          [
            -87.09140978903939,
            30.489328293825814
          ],
          [
            -87.09140978903939,
            30.489328293825814
          ],
          [
            -87.09140978903939,
            30.489328293825814
          ],
          [
            -87.09140978903939,
            30.489328293825814
          ],
          [
            -87.09140978903939,
            30.489328293825814
          ],
          [
            -87.09140978903939,
            30.489328293825814
          ],
          [
            -87.09140978903939,
            30.489328293825814
          ],
          [
            -87.09140978903939,
            30.489328293825814
          ],
          [
            -87.09140978903939,
            30.489328293825814
          ],
          [
            -87.09140978903939,
            30.489328293825814
          ],
          [
            -87.09140978903939,
            30.489328293825814
          ],
          [
            -87.09140978903939,
            30.489328293825814
          ],
          [
            -87.09140978903939,
            30.489328293825814
          ],
          [
            -87.09140978903939,
            30.489328293825814
          ],
          [
            -87.09140978903939,
            30.489328293825814
          ],
          [
            -87.09140978903939,
            30.489328293825814
          ],
          [
            -87.09140978903939,
            30.489328293825814
          ],
          [
            -87.09140978903939,
            30.489328293825814
          ],
          [
            -87.09140978903939,
            30.489328293825814
          ],
          [
            -87.09140978903939,
            30.489328293825814
          ],
          [
            -87.09140978903939,
            30.489328293825814
          ],
          [
            -87.09140978903939,
            30.489328293825814
          ],
          [
            -87.09140978903939,
            30.489328293825814
          ],
          [
            -87.09140978903939,
            30.489328293825814
          ],
          [
            -87.09140978903939,
            30.489328293825814
          ],
          [
            -87.09140978903939,
            30.489328293825814
          ],
          [
            -87.09140978903939,
            30.489328293825814
          ],
          [
            -87.09140978903939,
            30.489328293825814
          ],
          [
            -87.09140978903939,
            30.489328293825814
          ],
          [
            -87.09140978903939,
            30.489328293825814
          ],
          [
            -87.09140978903939,
            30.489328293825814
          ],
          [
            -87.09140978903939,
            30.489328293825814
          ],
          [
            -87.09140978903939,
            30.489328293825814
          ],
          [
            -87.09140978903939,
            30.489328293825814
          ],
          [
            -87.09140978903939,
            30.489328293825814
          ],
          [
            -87.09140978903939,
            30.489328293825814
          ],
          [
            -87.09140978903939,
            30.489328293825814
          ],
          [
            -87.09140978903939,
            30.489328293825814
          ],
          [
            -87.09140978903939,
            30.489328293825814
          ],
          [
            -87.09141801111397,
            30.489336479528173
          ],
          [
            -87.09141337488954,
            30.489335537175297
          ],
          [
            -87.09141127402306,
            30.489334341479662
          ],
          [
            -87.09141151031274,
            30.48933411426761
          ],
          [
            -87.09141151031274,
            30.48933411426761
          ],
          [
            -87.09141151031274,
            30.48933411426761
          ],
          [
            -87.09141151031274,
            30.48933411426761
          ],
          [
            -87.09141151031274,
            30.48933411426761
          ],
          [
            -87.09141151031274,
            30.48933411426761
          ],
          [
            -87.09141151031274,
            30.48933411426761
          ],
          [
            -87.09141151031274,
            30.48933411426761
          ],
          [
            -87.09141151031274,
            30.48933411426761
          ],
          [
            -87.09141151031274,
            30.48933411426761
          ],
          [
            -87.09141151031274,
            30.48933411426761
          ],
          [
            -87.09141151031274,
            30.48933411426761
          ],
          [
            -87.09138971824756,
            30.489329914058125
          ],
          [
            -87.09138991423767,
            30.48932998925468
          ],
          [
            -87.09138991423767,
            30.48932998925468
          ],
          [
            -87.09138665262229,
            30.48932786521273
          ],
          [
            -87.09138694139038,
            30.489327936851844
          ],
          [
            -87.09138567819326,
            30.489330108528804
          ],
          [
            -87.0913825308443,
            30.489328948349375
          ],
          [
            -87.09138284510125,
            30.489329111951548
          ],
          [
            -87.09138394360275,
            30.489324455830722
          ],
          [
            -87.09138562196154,
            30.48932557284457
          ],
          [
            -87.09138441011818,
            30.4893248514563
          ],
          [
            -87.09138475510152,
            30.489324756033348
          ],
          [
            -87.09138519710248,
            30.489325579933514
          ],
          [
            -87.09138555037481,
            30.489325900447326
          ],
          [
            -87.09138328465032,
            30.489327086229878
          ],
          [
            -87.09138165136129,
            30.489325911830203
          ],
          [
            -87.09138012556289,
            30.48932172363461
          ],
          [
            -87.09138032538223,
            30.4893216548192
          ],
          [
            -87.09138032538223,
            30.4893216548192
          ],
          [
            -87.09138047080981,
            30.48932105772566
          ],
          [
            -87.09138060890147,
            30.489321137481447
          ],
          [
            -87.09138060890147,
            30.489321137481447
          ],
          [
            -87.09138060890147,
            30.489321137481447
          ],
          [
            -87.09138060890147,
            30.489321137481447
          ],
          [
            -87.09137943160103,
            30.48932638768679
          ],
          [
            -87.09138122355039,
            30.489330565289777
          ],
          [
            -87.09138125085508,
            30.4893305810598
          ],
          [
            -87.09138125085508,
            30.4893305810598
          ],
          [
            -87.0913795936033,
            30.489328493472392
          ],
          [
            -87.0913795936033,
            30.489328493472392
          ],
          [
            -87.0913795936033,
            30.489328493472392
          ],
          [
            -87.0913795936033,
            30.489328493472392
          ],
          [
            -87.09138041707656,
            30.489320910238952
          ],
          [
            -87.09138041707656,
            30.489320910238952
          ],
          [
            -87.09138041707656,
            30.489320910238952
          ],
          [
            -87.09138041707656,
            30.489320910238952
          ],
          [
            -87.09138041707656,
            30.489320910238952
          ],
          [
            -87.09138278204634,
            30.489321350193535
          ],
          [
            -87.09138595444837,
            30.489322396040496
          ],
          [
            -87.0913877620868,
            30.48932278234607
          ],
          [
            -87.0913883799199,
            30.489323620922644
          ],
          [
            -87.0913925314847,
            30.489324438771906
          ],
          [
            -87.09139303055255,
            30.489324568898887
          ],
          [
            -87.09139303055255,
            30.489324568898887
          ],
          [
            -87.09139303055255,
            30.489324568898887
          ],
          [
            -87.09139303055255,
            30.489324568898887
          ],
          [
            -87.09139303055255,
            30.489324568898887
          ],
          [
            -87.09139303055255,
            30.489324568898887
          ],
          [
            -87.09140473673531,
            30.489333332142024
          ],
          [
            -87.09140585503651,
            30.48933516198707
          ],
          [
            -87.09140710959639,
            30.489338114212696
          ],
          [
            -87.09139521806689,
            30.489328306861914
          ],
          [
            -87.09139521806689,
            30.489328306861914
          ],
          [
            -87.09139521806689,
            30.489328306861914
          ],
          [
            -87.09139521806689,
            30.489328306861914
          ],
          [
            -87.09139521806689,
            30.489328306861914
          ],
          [
            -87.09139521806689,
            30.489328306861914
          ],
          [
            -87.09139521806689,
            30.489328306861914
          ],
          [
            -87.09139521806689,
            30.489328306861914
          ],
          [
            -87.09139521806689,
            30.489328306861914
          ],
          [
            -87.09139521806689,
            30.489328306861914
          ],
          [
            -87.09139521806689,
            30.489328306861914
          ],
          [
            -87.09139521806689,
            30.489328306861914
          ],
          [
            -87.09139521806689,
            30.489328306861914
          ],
          [
            -87.09139521806689,
            30.489328306861914
          ],
          [
            -87.09139521806689,
            30.489328306861914
          ],
          [
            -87.09139521806689,
            30.489328306861914
          ],
          [
            -87.09139521806689,
            30.489328306861914
          ],
          [
            -87.09139521806689,
            30.489328306861914
          ],
          [
            -87.09139521806689,
            30.489328306861914
          ],
          [
            -87.09139521806689,
            30.489328306861914
          ],
          [
            -87.09139521806689,
            30.489328306861914
          ],
          [
            -87.09139521806689,
            30.489328306861914
          ],
          [
            -87.09139521806689,
            30.489328306861914
          ],
          [
            -87.09139521806689,
            30.489328306861914
          ],
          [
            -87.09139521806689,
            30.489328306861914
          ],
          [
            -87.09139521806689,
            30.489328306861914
          ],
          [
            -87.09139521806689,
            30.489328306861914
          ],
          [
            -87.09139521806689,
            30.489328306861914
          ],
          [
            -87.09139521806689,
            30.489328306861914
          ],
          [
            -87.09139521806689,
            30.489328306861914
          ],
          [
            -87.09139521806689,
            30.489328306861914
          ],
          [
            -87.09139521806689,
            30.489328306861914
          ],
          [
            -87.09139521806689,
            30.489328306861914
          ],
          [
            -87.09139521806689,
            30.489328306861914
          ],
          [
            -87.09139521806689,
            30.489328306861914
          ],
          [
            -87.09139521806689,
            30.489328306861914
          ],
          [
            -87.09139521806689,
            30.489328306861914
          ],
          [
            -87.09139521806689,
            30.489328306861914
          ],
          [
            -87.09139521806689,
            30.489328306861914
          ],
          [
            -87.09139521806689,
            30.489328306861914
          ],
          [
            -87.09139521806689,
            30.489328306861914
          ],
          [
            -87.09139521806689,
            30.489328306861914
          ],
          [
            -87.09139521806689,
            30.489328306861914
          ]
        ]
      },
      "properties": {
        "record_type": "display_route_segment",
        "inspection_date": "2026-08-07",
        "point_count": 1880,
        "start_time": "2026-08-07T15:21:58.663Z",
        "end_time": "2026-08-07T15:56:39.961Z",
        "source_point_ids": [
          "gps-009178",
          "gps-009179",
          "gps-009180",
          "gps-009181",
          "gps-009182",
          "gps-009184",
          "gps-009183",
          "gps-009185",
          "gps-009186",
          "gps-009187",
          "gps-009188",
          "gps-009189",
          "gps-009190",
          "gps-009191",
          "gps-009192",
          "gps-009193",
          "gps-009194",
          "gps-009195",
          "gps-009196",
          "gps-009197",
          "gps-009198",
          "gps-009199",
          "gps-009200",
          "gps-009201",
          "gps-009202",
          "gps-009203",
          "gps-009204",
          "gps-009205",
          "gps-009206",
          "gps-009207",
          "gps-009208",
          "gps-009209",
          "gps-009210",
          "gps-009211",
          "gps-009212",
          "gps-009213",
          "gps-009214",
          "gps-009215",
          "gps-009216",
          "gps-009217",
          "gps-009218",
          "gps-009219",
          "gps-009220",
          "gps-009221",
          "gps-009222",
          "gps-009223",
          "gps-009224",
          "gps-009225",
          "gps-009226",
          "gps-009227",
          "gps-009228",
          "gps-009229",
          "gps-009230",
          "gps-009231",
          "gps-009232",
          "gps-009233",
          "gps-009234",
          "gps-009235",
          "gps-009236",
          "gps-009237",
          "gps-009238",
          "gps-009239",
          "gps-009240",
          "gps-009241",
          "gps-009242",
          "gps-009243",
          "gps-009244",
          "gps-009245",
          "gps-009246",
          "gps-009247",
          "gps-009248",
          "gps-009249",
          "gps-009250",
          "gps-009251",
          "gps-009252",
          "gps-009253",
          "gps-009254",
          "gps-009255",
          "gps-009256",
          "gps-009257",
          "gps-009258",
          "gps-009259",
          "gps-009260",
          "gps-009261",
          "gps-009262",
          "gps-009263",
          "gps-009264",
          "gps-009265",
          "gps-009266",
          "gps-009267",
          "gps-009268",
          "gps-009269",
          "gps-009270",
          "gps-009271",
          "gps-009272",
          "gps-009273",
          "gps-009274",
          "gps-009275",
          "gps-009276",
          "gps-009277",
          "gps-009278",
          "gps-009279",
          "gps-009280",
          "gps-009281",
          "gps-009282",
          "gps-009283",
          "gps-009284",
          "gps-009285",
          "gps-009286",
          "gps-009287",
          "gps-009288",
          "gps-009289",
          "gps-009290",
          "gps-009291",
          "gps-009292",
          "gps-009293",
          "gps-009294",
          "gps-009295",
          "gps-009296",
          "gps-009298",
          "gps-009299",
          "gps-009300",
          "gps-009301",
          "gps-009302",
          "gps-009303",
          "gps-009304",
          "gps-009305",
          "gps-009306",
          "gps-009307",
          "gps-009308",
          "gps-009309",
          "gps-009310",
          "gps-009311",
          "gps-009312",
          "gps-009313",
          "gps-009314",
          "gps-009315",
          "gps-009316",
          "gps-009317",
          "gps-009318",
          "gps-009319",
          "gps-009320",
          "gps-009321",
          "gps-009322",
          "gps-009323",
          "gps-009324",
          "gps-009325",
          "gps-009326",
          "gps-009327",
          "gps-009328",
          "gps-009329",
          "gps-009330",
          "gps-009331",
          "gps-009332",
          "gps-009333",
          "gps-009334",
          "gps-009335",
          "gps-009336",
          "gps-009337",
          "gps-009338",
          "gps-009339",
          "gps-009340",
          "gps-009341",
          "gps-009342",
          "gps-009343",
          "gps-009344",
          "gps-009345",
          "gps-009346",
          "gps-009347",
          "gps-009348",
          "gps-009349",
          "gps-009350",
          "gps-009351",
          "gps-009352",
          "gps-009353",
          "gps-009354",
          "gps-009355",
          "gps-009356",
          "gps-009357",
          "gps-009358",
          "gps-009359",
          "gps-009360",
          "gps-009361",
          "gps-009362",
          "gps-009363",
          "gps-009364",
          "gps-009365",
          "gps-009366",
          "gps-009367",
          "gps-009368",
          "gps-009369",
          "gps-009370",
          "gps-009371",
          "gps-009372",
          "gps-009373",
          "gps-009374",
          "gps-009375",
          "gps-009376",
          "gps-009377",
          "gps-009378",
          "gps-009379",
          "gps-009380",
          "gps-009381",
          "gps-009382",
          "gps-009383",
          "gps-009384",
          "gps-009385",
          "gps-009386",
          "gps-009387",
          "gps-009388",
          "gps-009389",
          "gps-009390",
          "gps-009391",
          "gps-009392",
          "gps-009393",
          "gps-009394",
          "gps-009395",
          "gps-009396",
          "gps-009397",
          "gps-009398",
          "gps-009399",
          "gps-009400",
          "gps-009401",
          "gps-009402",
          "gps-009403",
          "gps-009404",
          "gps-009405",
          "gps-009406",
          "gps-009407",
          "gps-009408",
          "gps-009409",
          "gps-009410",
          "gps-009411",
          "gps-009412",
          "gps-009413",
          "gps-009414",
          "gps-009415",
          "gps-009416",
          "gps-009417",
          "gps-009418",
          "gps-009419",
          "gps-009420",
          "gps-009421",
          "gps-009422",
          "gps-009423",
          "gps-009424",
          "gps-009425",
          "gps-009426",
          "gps-009427",
          "gps-009428",
          "gps-009429",
          "gps-009430",
          "gps-009431",
          "gps-009432",
          "gps-009433",
          "gps-009434",
          "gps-009435",
          "gps-009436",
          "gps-009437",
          "gps-009438",
          "gps-009439",
          "gps-009440",
          "gps-009441",
          "gps-009442",
          "gps-009443",
          "gps-009444",
          "gps-009445",
          "gps-009446",
          "gps-009447",
          "gps-009448",
          "gps-009449",
          "gps-009450",
          "gps-009451",
          "gps-009452",
          "gps-009453",
          "gps-009454",
          "gps-009455",
          "gps-009456",
          "gps-009457",
          "gps-009458",
          "gps-009459",
          "gps-009460",
          "gps-009461",
          "gps-009462",
          "gps-009463",
          "gps-009464",
          "gps-009465",
          "gps-009466",
          "gps-009467",
          "gps-009468",
          "gps-009469",
          "gps-009470",
          "gps-009471",
          "gps-009472",
          "gps-009473",
          "gps-009474",
          "gps-009475",
          "gps-009476",
          "gps-009477",
          "gps-009478",
          "gps-009479",
          "gps-009480",
          "gps-009481",
          "gps-009482",
          "gps-009483",
          "gps-009484",
          "gps-009485",
          "gps-009486",
          "gps-009487",
          "gps-009488",
          "gps-009489",
          "gps-009490",
          "gps-009491",
          "gps-009492",
          "gps-009493",
          "gps-009494",
          "gps-009495",
          "gps-009496",
          "gps-009497",
          "gps-009498",
          "gps-009499",
          "gps-009500",
          "gps-009501",
          "gps-009502",
          "gps-009503",
          "gps-009504",
          "gps-009505",
          "gps-009506",
          "gps-009507",
          "gps-009508",
          "gps-009509",
          "gps-009510",
          "gps-009511",
          "gps-009512",
          "gps-009513",
          "gps-009514",
          "gps-009515",
          "gps-009516",
          "gps-009517",
          "gps-009518",
          "gps-009519",
          "gps-009520",
          "gps-009521",
          "gps-009522",
          "gps-009523",
          "gps-009524",
          "gps-009525",
          "gps-009526",
          "gps-009527",
          "gps-009528",
          "gps-009529",
          "gps-009530",
          "gps-009531",
          "gps-009532",
          "gps-009533",
          "gps-009534",
          "gps-009535",
          "gps-009536",
          "gps-009537",
          "gps-009538",
          "gps-009539",
          "gps-009540",
          "gps-009541",
          "gps-009542",
          "gps-009543",
          "gps-009544",
          "gps-009545",
          "gps-009546",
          "gps-009547",
          "gps-009548",
          "gps-009549",
          "gps-009550",
          "gps-009551",
          "gps-009552",
          "gps-009553",
          "gps-009554",
          "gps-009555",
          "gps-009556",
          "gps-009557",
          "gps-009558",
          "gps-009559",
          "gps-009560",
          "gps-009561",
          "gps-009562",
          "gps-009563",
          "gps-009564",
          "gps-009565",
          "gps-009566",
          "gps-009567",
          "gps-009568",
          "gps-009569",
          "gps-009570",
          "gps-009571",
          "gps-009572",
          "gps-009573",
          "gps-009574",
          "gps-009575",
          "gps-009576",
          "gps-009577",
          "gps-009578",
          "gps-009579",
          "gps-009580",
          "gps-009581",
          "gps-009582",
          "gps-009583",
          "gps-009584",
          "gps-009585",
          "gps-009586",
          "gps-009587",
          "gps-009588",
          "gps-009589",
          "gps-009590",
          "gps-009591",
          "gps-009592",
          "gps-009593",
          "gps-009594",
          "gps-009595",
          "gps-009596",
          "gps-009597",
          "gps-009598",
          "gps-009599",
          "gps-009600",
          "gps-009601",
          "gps-009602",
          "gps-009603",
          "gps-009604",
          "gps-009605",
          "gps-009606",
          "gps-009607",
          "gps-009608",
          "gps-009609",
          "gps-009610",
          "gps-009611",
          "gps-009612",
          "gps-009613",
          "gps-009614",
          "gps-009615",
          "gps-009616",
          "gps-009617",
          "gps-009618",
          "gps-009619",
          "gps-009620",
          "gps-009621",
          "gps-009622",
          "gps-009623",
          "gps-009624",
          "gps-009625",
          "gps-009626",
          "gps-009627",
          "gps-009628",
          "gps-009629",
          "gps-009630",
          "gps-009631",
          "gps-009632",
          "gps-009633",
          "gps-009634",
          "gps-009635",
          "gps-009636",
          "gps-009637",
          "gps-009638",
          "gps-009639",
          "gps-009640",
          "gps-009641",
          "gps-009642",
          "gps-009643",
          "gps-009644",
          "gps-009645",
          "gps-009646",
          "gps-009647",
          "gps-009648",
          "gps-009649",
          "gps-009650",
          "gps-009651",
          "gps-009652",
          "gps-009653",
          "gps-009654",
          "gps-009655",
          "gps-009656",
          "gps-009657",
          "gps-009658",
          "gps-009659",
          "gps-009660",
          "gps-009661",
          "gps-009662",
          "gps-009663",
          "gps-009664",
          "gps-009665",
          "gps-009666",
          "gps-009667",
          "gps-009668",
          "gps-009669",
          "gps-009670",
          "gps-009671",
          "gps-009672",
          "gps-009673",
          "gps-009674",
          "gps-009675",
          "gps-009676",
          "gps-009677",
          "gps-009678",
          "gps-009679",
          "gps-009680",
          "gps-009681",
          "gps-009682",
          "gps-009683",
          "gps-009684",
          "gps-009685",
          "gps-009686",
          "gps-009687",
          "gps-009688",
          "gps-009689",
          "gps-009690",
          "gps-009691",
          "gps-009692",
          "gps-009693",
          "gps-009694",
          "gps-009695",
          "gps-009696",
          "gps-009697",
          "gps-009698",
          "gps-009699",
          "gps-009700",
          "gps-009701",
          "gps-009702",
          "gps-009703",
          "gps-009704",
          "gps-009705",
          "gps-009706",
          "gps-009707",
          "gps-009708",
          "gps-009709",
          "gps-009710",
          "gps-009711",
          "gps-009712",
          "gps-009713",
          "gps-009714",
          "gps-009715",
          "gps-009716",
          "gps-009717",
          "gps-009718",
          "gps-009719",
          "gps-009720",
          "gps-009721",
          "gps-009722",
          "gps-009723",
          "gps-009724",
          "gps-009725",
          "gps-009726",
          "gps-009727",
          "gps-009728",
          "gps-009729",
          "gps-009730",
          "gps-009731",
          "gps-009732",
          "gps-009733",
          "gps-009734",
          "gps-009735",
          "gps-009736",
          "gps-009737",
          "gps-009738",
          "gps-009739",
          "gps-009740",
          "gps-009741",
          "gps-009742",
          "gps-009743",
          "gps-009744",
          "gps-009745",
          "gps-009746",
          "gps-009747",
          "gps-009748",
          "gps-009749",
          "gps-009750",
          "gps-009751",
          "gps-009752",
          "gps-009753",
          "gps-009754",
          "gps-009755",
          "gps-009756",
          "gps-009757",
          "gps-009758",
          "gps-009759",
          "gps-009760",
          "gps-009761",
          "gps-009762",
          "gps-009763",
          "gps-009764",
          "gps-009765",
          "gps-009766",
          "gps-009767",
          "gps-009768",
          "gps-009769",
          "gps-009770",
          "gps-009771",
          "gps-009772",
          "gps-009773",
          "gps-009774",
          "gps-009775",
          "gps-009776",
          "gps-009777",
          "gps-009778",
          "gps-009779",
          "gps-009780",
          "gps-009781",
          "gps-009782",
          "gps-009783",
          "gps-009784",
          "gps-009785",
          "gps-009786",
          "gps-009787",
          "gps-009788",
          "gps-009789",
          "gps-009790",
          "gps-009791",
          "gps-009792",
          "gps-009793",
          "gps-009794",
          "gps-009795",
          "gps-009796",
          "gps-009797",
          "gps-009798",
          "gps-009799",
          "gps-009800",
          "gps-009801",
          "gps-009802",
          "gps-009803",
          "gps-009804",
          "gps-009805",
          "gps-009806",
          "gps-009807",
          "gps-009808",
          "gps-009809",
          "gps-009810",
          "gps-009811",
          "gps-009812",
          "gps-009813",
          "gps-009814",
          "gps-009815",
          "gps-009816",
          "gps-009817",
          "gps-009818",
          "gps-009819",
          "gps-009820",
          "gps-009821",
          "gps-009822",
          "gps-009823",
          "gps-009824",
          "gps-009825",
          "gps-009826",
          "gps-009827",
          "gps-009828",
          "gps-009829",
          "gps-009830",
          "gps-009831",
          "gps-009832",
          "gps-009833",
          "gps-009834",
          "gps-009835",
          "gps-009836",
          "gps-009837",
          "gps-009838",
          "gps-009839",
          "gps-009840",
          "gps-009841",
          "gps-009842",
          "gps-009843",
          "gps-009844",
          "gps-009845",
          "gps-009846",
          "gps-009847",
          "gps-009848",
          "gps-009849",
          "gps-009850",
          "gps-009851",
          "gps-009852",
          "gps-009853",
          "gps-009854",
          "gps-009855",
          "gps-009856",
          "gps-009857",
          "gps-009858",
          "gps-009859",
          "gps-009860",
          "gps-009861",
          "gps-009862",
          "gps-009863",
          "gps-009864",
          "gps-009865",
          "gps-009866",
          "gps-009867",
          "gps-009868",
          "gps-009869",
          "gps-009870",
          "gps-009871",
          "gps-009872",
          "gps-009873",
          "gps-009874",
          "gps-009875",
          "gps-009876",
          "gps-009877",
          "gps-009878",
          "gps-009879",
          "gps-009880",
          "gps-009881",
          "gps-009882",
          "gps-009883",
          "gps-009884",
          "gps-009885",
          "gps-009886",
          "gps-009887",
          "gps-009888",
          "gps-009889",
          "gps-009890",
          "gps-009891",
          "gps-009892",
          "gps-009893",
          "gps-009894",
          "gps-009895",
          "gps-009896",
          "gps-009897",
          "gps-009898",
          "gps-009899",
          "gps-009900",
          "gps-009901",
          "gps-009902",
          "gps-009903",
          "gps-009904",
          "gps-009905",
          "gps-009906",
          "gps-009907",
          "gps-009908",
          "gps-009909",
          "gps-009910",
          "gps-009911",
          "gps-009912",
          "gps-009913",
          "gps-009914",
          "gps-009915",
          "gps-009916",
          "gps-009917",
          "gps-009918",
          "gps-009919",
          "gps-009920",
          "gps-009921",
          "gps-009922",
          "gps-009923",
          "gps-009924",
          "gps-009925",
          "gps-009926",
          "gps-009927",
          "gps-009928",
          "gps-009929",
          "gps-009930",
          "gps-009931",
          "gps-009932",
          "gps-009933",
          "gps-009934",
          "gps-009935",
          "gps-009936",
          "gps-009937",
          "gps-009938",
          "gps-009939",
          "gps-009940",
          "gps-009941",
          "gps-009942",
          "gps-009943",
          "gps-009944",
          "gps-009945",
          "gps-009946",
          "gps-009947",
          "gps-009948",
          "gps-009949",
          "gps-009950",
          "gps-009951",
          "gps-009952",
          "gps-009953",
          "gps-009954",
          "gps-009955",
          "gps-009956",
          "gps-009957",
          "gps-009958",
          "gps-009959",
          "gps-009960",
          "gps-009961",
          "gps-009962",
          "gps-009963",
          "gps-009964",
          "gps-009965",
          "gps-009966",
          "gps-009967",
          "gps-009968",
          "gps-009969",
          "gps-009970",
          "gps-009971",
          "gps-009972",
          "gps-009973",
          "gps-009974",
          "gps-009975",
          "gps-009976",
          "gps-009977",
          "gps-009978",
          "gps-009979",
          "gps-009980",
          "gps-009981",
          "gps-009982",
          "gps-009983",
          "gps-009984",
          "gps-009985",
          "gps-009986",
          "gps-009987",
          "gps-009988",
          "gps-009989",
          "gps-009990",
          "gps-009991",
          "gps-009992",
          "gps-009993",
          "gps-009994",
          "gps-009995",
          "gps-009996",
          "gps-009997",
          "gps-009998",
          "gps-009999",
          "gps-010000",
          "gps-010001",
          "gps-010002",
          "gps-010003",
          "gps-010004",
          "gps-010005",
          "gps-010006",
          "gps-010007",
          "gps-010008",
          "gps-010009",
          "gps-010010",
          "gps-010011",
          "gps-010012",
          "gps-010013",
          "gps-010014",
          "gps-010015",
          "gps-010016",
          "gps-010017",
          "gps-010018",
          "gps-010019",
          "gps-010020",
          "gps-010021",
          "gps-010022",
          "gps-010023",
          "gps-010024",
          "gps-010025",
          "gps-010026",
          "gps-010027",
          "gps-010028",
          "gps-010029",
          "gps-010030",
          "gps-010031",
          "gps-010032",
          "gps-010033",
          "gps-010034",
          "gps-010035",
          "gps-010036",
          "gps-010037",
          "gps-010038",
          "gps-010039",
          "gps-010040",
          "gps-010041",
          "gps-010042",
          "gps-010043",
          "gps-010044",
          "gps-010045",
          "gps-010046",
          "gps-010047",
          "gps-010048",
          "gps-010049",
          "gps-010050",
          "gps-010051",
          "gps-010052",
          "gps-010053",
          "gps-010054",
          "gps-010055",
          "gps-010056",
          "gps-010057",
          "gps-010058",
          "gps-010059",
          "gps-010060",
          "gps-010061",
          "gps-010062",
          "gps-010063",
          "gps-010064",
          "gps-010065",
          "gps-010066",
          "gps-010067",
          "gps-010068",
          "gps-010069",
          "gps-010070",
          "gps-010071",
          "gps-010072",
          "gps-010073",
          "gps-010074",
          "gps-010075",
          "gps-010076",
          "gps-010077",
          "gps-010078",
          "gps-010079",
          "gps-010080",
          "gps-010081",
          "gps-010082",
          "gps-010083",
          "gps-010084",
          "gps-010085",
          "gps-010086",
          "gps-010087",
          "gps-010088",
          "gps-010089",
          "gps-010090",
          "gps-010091",
          "gps-010092",
          "gps-010093",
          "gps-010094",
          "gps-010095",
          "gps-010096",
          "gps-010097",
          "gps-010098",
          "gps-010099",
          "gps-010100",
          "gps-010101",
          "gps-010102",
          "gps-010103",
          "gps-010104",
          "gps-010105",
          "gps-010106",
          "gps-010107",
          "gps-010108",
          "gps-010109",
          "gps-010110",
          "gps-010111",
          "gps-010112",
          "gps-010113",
          "gps-010114",
          "gps-010115",
          "gps-010116",
          "gps-010117",
          "gps-010118",
          "gps-010119",
          "gps-010120",
          "gps-010121",
          "gps-010122",
          "gps-010123",
          "gps-010124",
          "gps-010125",
          "gps-010126",
          "gps-010127",
          "gps-010128",
          "gps-010129",
          "gps-010130",
          "gps-010131",
          "gps-010132",
          "gps-010133",
          "gps-010134",
          "gps-010135",
          "gps-010136",
          "gps-010137",
          "gps-010138",
          "gps-010139",
          "gps-010140",
          "gps-010141",
          "gps-010142",
          "gps-010143",
          "gps-010144",
          "gps-010145",
          "gps-010146",
          "gps-010147",
          "gps-010148",
          "gps-010149",
          "gps-010150",
          "gps-010151",
          "gps-010152",
          "gps-010153",
          "gps-010154",
          "gps-010155",
          "gps-010156",
          "gps-010157",
          "gps-010158",
          "gps-010159",
          "gps-010160",
          "gps-010161",
          "gps-010162",
          "gps-010163",
          "gps-010164",
          "gps-010165",
          "gps-010166",
          "gps-010167",
          "gps-010168",
          "gps-010169",
          "gps-010170",
          "gps-010171",
          "gps-010172",
          "gps-010173",
          "gps-010174",
          "gps-010175",
          "gps-010176",
          "gps-010177",
          "gps-010178",
          "gps-010179",
          "gps-010180",
          "gps-010181",
          "gps-010182",
          "gps-010183",
          "gps-010184",
          "gps-010185",
          "gps-010186",
          "gps-010187",
          "gps-010188",
          "gps-010189",
          "gps-010190",
          "gps-010191",
          "gps-010192",
          "gps-010193",
          "gps-010194",
          "gps-010195",
          "gps-010196",
          "gps-010197",
          "gps-010198",
          "gps-010199",
          "gps-010200",
          "gps-010201",
          "gps-010202",
          "gps-010203",
          "gps-010204",
          "gps-010205",
          "gps-010206",
          "gps-010207",
          "gps-010208",
          "gps-010209",
          "gps-010210",
          "gps-010211",
          "gps-010212",
          "gps-010213",
          "gps-010214",
          "gps-010215",
          "gps-010216",
          "gps-010217",
          "gps-010218",
          "gps-010219",
          "gps-010220",
          "gps-010221",
          "gps-010222",
          "gps-010223",
          "gps-010224",
          "gps-010225",
          "gps-010226",
          "gps-010227",
          "gps-010228",
          "gps-010229",
          "gps-010230",
          "gps-010231",
          "gps-010232",
          "gps-010233",
          "gps-010234",
          "gps-010235",
          "gps-010236",
          "gps-010237",
          "gps-010238",
          "gps-010239",
          "gps-010240",
          "gps-010241",
          "gps-010242",
          "gps-010243",
          "gps-010244",
          "gps-010245",
          "gps-010246",
          "gps-010247",
          "gps-010248",
          "gps-010249",
          "gps-010250",
          "gps-010251",
          "gps-010252",
          "gps-010253",
          "gps-010254",
          "gps-010255",
          "gps-010256",
          "gps-010257",
          "gps-010258",
          "gps-010259",
          "gps-010260",
          "gps-010261",
          "gps-010262",
          "gps-010263",
          "gps-010264",
          "gps-010265",
          "gps-010266",
          "gps-010267",
          "gps-010268",
          "gps-010269",
          "gps-010270",
          "gps-010271",
          "gps-010272",
          "gps-010273",
          "gps-010274",
          "gps-010275",
          "gps-010276",
          "gps-010277",
          "gps-010278",
          "gps-010279",
          "gps-010280",
          "gps-010281",
          "gps-010282",
          "gps-010283",
          "gps-010284",
          "gps-010285",
          "gps-010286",
          "gps-010287",
          "gps-010288",
          "gps-010289",
          "gps-010290",
          "gps-010291",
          "gps-010292",
          "gps-010293",
          "gps-010294",
          "gps-010295",
          "gps-010296",
          "gps-010297",
          "gps-010298",
          "gps-010300",
          "gps-010301",
          "gps-010302",
          "gps-010303",
          "gps-010304",
          "gps-010305",
          "gps-010306",
          "gps-010307",
          "gps-010308",
          "gps-010309",
          "gps-010310",
          "gps-010311",
          "gps-010312",
          "gps-010313",
          "gps-010314",
          "gps-010315",
          "gps-010316",
          "gps-010317",
          "gps-010318",
          "gps-010319",
          "gps-010320",
          "gps-010321",
          "gps-010322",
          "gps-010323",
          "gps-010324",
          "gps-010325",
          "gps-010326",
          "gps-010327",
          "gps-010328",
          "gps-010329",
          "gps-010330",
          "gps-010331",
          "gps-010332",
          "gps-010333",
          "gps-010334",
          "gps-010335",
          "gps-010336",
          "gps-010337",
          "gps-010338",
          "gps-010339",
          "gps-010340",
          "gps-010341",
          "gps-010342",
          "gps-010343",
          "gps-010344",
          "gps-010345",
          "gps-010346",
          "gps-010347",
          "gps-010348",
          "gps-010349",
          "gps-010350",
          "gps-010351",
          "gps-010352",
          "gps-010353",
          "gps-010354",
          "gps-010355",
          "gps-010356",
          "gps-010357",
          "gps-010358",
          "gps-010359",
          "gps-010360",
          "gps-010361",
          "gps-010362",
          "gps-010363",
          "gps-010364",
          "gps-010365",
          "gps-010366",
          "gps-010367",
          "gps-010368",
          "gps-010369",
          "gps-010370",
          "gps-010371",
          "gps-010372",
          "gps-010373",
          "gps-010374",
          "gps-010375",
          "gps-010376",
          "gps-010377",
          "gps-010378",
          "gps-010379",
          "gps-010380",
          "gps-010381",
          "gps-010382",
          "gps-010383",
          "gps-010384",
          "gps-010385",
          "gps-010386",
          "gps-010387",
          "gps-010388",
          "gps-010389",
          "gps-010390",
          "gps-010391",
          "gps-010392",
          "gps-010393",
          "gps-010394",
          "gps-010395",
          "gps-010396",
          "gps-010397",
          "gps-010398",
          "gps-010399",
          "gps-010400",
          "gps-010401",
          "gps-010402",
          "gps-010403",
          "gps-010404",
          "gps-010405",
          "gps-010406",
          "gps-010407",
          "gps-010408",
          "gps-010409",
          "gps-010410",
          "gps-010411",
          "gps-010412",
          "gps-010413",
          "gps-010414",
          "gps-010415",
          "gps-010416",
          "gps-010417",
          "gps-010418",
          "gps-010419",
          "gps-010420",
          "gps-010421",
          "gps-010422",
          "gps-010423",
          "gps-010424",
          "gps-010425",
          "gps-010426",
          "gps-010427",
          "gps-010428",
          "gps-010429",
          "gps-010430",
          "gps-010431",
          "gps-010432",
          "gps-010433",
          "gps-010434",
          "gps-010435",
          "gps-010436",
          "gps-010437",
          "gps-010438",
          "gps-010439",
          "gps-010440",
          "gps-010441",
          "gps-010442",
          "gps-010443",
          "gps-010444",
          "gps-010445",
          "gps-010446",
          "gps-010447",
          "gps-010448",
          "gps-010449",
          "gps-010450",
          "gps-010451",
          "gps-010452",
          "gps-010453",
          "gps-010454",
          "gps-010455",
          "gps-010456",
          "gps-010457",
          "gps-010458",
          "gps-010459",
          "gps-010460",
          "gps-010461",
          "gps-010462",
          "gps-010463",
          "gps-010464",
          "gps-010465",
          "gps-010466",
          "gps-010467",
          "gps-010468",
          "gps-010469",
          "gps-010470",
          "gps-010471",
          "gps-010472",
          "gps-010473",
          "gps-010474",
          "gps-010475",
          "gps-010476",
          "gps-010477",
          "gps-010478",
          "gps-010479",
          "gps-010480",
          "gps-010481",
          "gps-010482",
          "gps-010483",
          "gps-010484",
          "gps-010485",
          "gps-010486",
          "gps-010487",
          "gps-010488",
          "gps-010489",
          "gps-010490",
          "gps-010491",
          "gps-010492",
          "gps-010493",
          "gps-010494",
          "gps-010495",
          "gps-010496",
          "gps-010497",
          "gps-010498",
          "gps-010499",
          "gps-010500",
          "gps-010501",
          "gps-010502",
          "gps-010503",
          "gps-010504",
          "gps-010505",
          "gps-010506",
          "gps-010507",
          "gps-010508",
          "gps-010509",
          "gps-010510",
          "gps-010511",
          "gps-010512",
          "gps-010513",
          "gps-010514",
          "gps-010515",
          "gps-010516",
          "gps-010517",
          "gps-010518",
          "gps-010519",
          "gps-010520",
          "gps-010521",
          "gps-010522",
          "gps-010523",
          "gps-010524",
          "gps-010525",
          "gps-010526",
          "gps-010527",
          "gps-010528",
          "gps-010529",
          "gps-010530",
          "gps-010531",
          "gps-010532",
          "gps-010533",
          "gps-010534",
          "gps-010535",
          "gps-010536",
          "gps-010537",
          "gps-010538",
          "gps-010539",
          "gps-010540",
          "gps-010541",
          "gps-010542",
          "gps-010543",
          "gps-010544",
          "gps-010545",
          "gps-010546",
          "gps-010547",
          "gps-010548",
          "gps-010549",
          "gps-010550",
          "gps-010551",
          "gps-010552",
          "gps-010553",
          "gps-010554",
          "gps-010555",
          "gps-010556",
          "gps-010557",
          "gps-010558",
          "gps-010559",
          "gps-010560",
          "gps-010561",
          "gps-010562",
          "gps-010563",
          "gps-010564",
          "gps-010565",
          "gps-010566",
          "gps-010567",
          "gps-010568",
          "gps-010569",
          "gps-010570",
          "gps-010571",
          "gps-010572",
          "gps-010573",
          "gps-010574",
          "gps-010575",
          "gps-010576",
          "gps-010577",
          "gps-010578",
          "gps-010579",
          "gps-010580",
          "gps-010581",
          "gps-010582",
          "gps-010583",
          "gps-010584",
          "gps-010585",
          "gps-010586",
          "gps-010587",
          "gps-010588",
          "gps-010589",
          "gps-010590",
          "gps-010591",
          "gps-010592",
          "gps-010593",
          "gps-010594",
          "gps-010595",
          "gps-010596",
          "gps-010597",
          "gps-010598",
          "gps-010599",
          "gps-010600",
          "gps-010601",
          "gps-010602",
          "gps-010603",
          "gps-010604",
          "gps-010605",
          "gps-010606",
          "gps-010607",
          "gps-010608",
          "gps-010609",
          "gps-010610",
          "gps-010611",
          "gps-010612",
          "gps-010613",
          "gps-010614",
          "gps-010615",
          "gps-010616",
          "gps-010617",
          "gps-010618",
          "gps-010619",
          "gps-010620",
          "gps-010621",
          "gps-010622",
          "gps-010623",
          "gps-010624",
          "gps-010625",
          "gps-010626",
          "gps-010627",
          "gps-010628",
          "gps-010629",
          "gps-010630",
          "gps-010631",
          "gps-010632",
          "gps-010633",
          "gps-010634",
          "gps-010635",
          "gps-010636",
          "gps-010637",
          "gps-010638",
          "gps-010639",
          "gps-010640",
          "gps-010641",
          "gps-010642",
          "gps-010643",
          "gps-010644",
          "gps-010645",
          "gps-010646",
          "gps-010647",
          "gps-010648",
          "gps-010649",
          "gps-010650",
          "gps-010651",
          "gps-010652",
          "gps-010653",
          "gps-010654",
          "gps-010655",
          "gps-010656",
          "gps-010657",
          "gps-010658",
          "gps-010659",
          "gps-010660",
          "gps-010661",
          "gps-010662",
          "gps-010663",
          "gps-010664",
          "gps-010665",
          "gps-010666",
          "gps-010667",
          "gps-010668",
          "gps-010669",
          "gps-010670",
          "gps-010671",
          "gps-010672",
          "gps-010673",
          "gps-010674",
          "gps-010675",
          "gps-010676",
          "gps-010677",
          "gps-010678",
          "gps-010679",
          "gps-010680",
          "gps-010681",
          "gps-010682",
          "gps-010683",
          "gps-010684",
          "gps-010685",
          "gps-010686",
          "gps-010687",
          "gps-010688",
          "gps-010689",
          "gps-010690",
          "gps-010691",
          "gps-010692",
          "gps-010693",
          "gps-010694",
          "gps-010695",
          "gps-010696",
          "gps-010697",
          "gps-010698",
          "gps-010699",
          "gps-010700",
          "gps-010701",
          "gps-010702",
          "gps-010703",
          "gps-010704",
          "gps-010705",
          "gps-010706",
          "gps-010707",
          "gps-010708",
          "gps-010709",
          "gps-010710",
          "gps-010711",
          "gps-010712",
          "gps-010713",
          "gps-010714",
          "gps-010715",
          "gps-010716",
          "gps-010717",
          "gps-010718",
          "gps-010719",
          "gps-010720",
          "gps-010721",
          "gps-010722",
          "gps-010723",
          "gps-010724",
          "gps-010725",
          "gps-010726",
          "gps-010727",
          "gps-010728",
          "gps-010729",
          "gps-010730",
          "gps-010731",
          "gps-010732",
          "gps-010733",
          "gps-010734",
          "gps-010735",
          "gps-010736",
          "gps-010737",
          "gps-010738",
          "gps-010739",
          "gps-010740",
          "gps-010741",
          "gps-010742",
          "gps-010743",
          "gps-010744",
          "gps-010745",
          "gps-010746",
          "gps-010747",
          "gps-010748",
          "gps-010749",
          "gps-010750",
          "gps-010751",
          "gps-010752",
          "gps-010753",
          "gps-010754",
          "gps-010755",
          "gps-010756",
          "gps-010757",
          "gps-010758",
          "gps-010759",
          "gps-010760",
          "gps-010761",
          "gps-010762",
          "gps-010763",
          "gps-010764",
          "gps-010765",
          "gps-010766",
          "gps-010767",
          "gps-010768",
          "gps-010769",
          "gps-010770",
          "gps-010771",
          "gps-010772",
          "gps-010773",
          "gps-010774",
          "gps-010775",
          "gps-010776",
          "gps-010777",
          "gps-010778",
          "gps-010779",
          "gps-010780",
          "gps-010781",
          "gps-010782",
          "gps-010783",
          "gps-010784",
          "gps-010785",
          "gps-010786",
          "gps-010787",
          "gps-010788",
          "gps-010789",
          "gps-010790",
          "gps-010791",
          "gps-010792",
          "gps-010793",
          "gps-010794",
          "gps-010795",
          "gps-010796",
          "gps-010797",
          "gps-010798",
          "gps-010799",
          "gps-010800",
          "gps-010801",
          "gps-010802",
          "gps-010803",
          "gps-010804",
          "gps-010805",
          "gps-010806",
          "gps-010807",
          "gps-010808",
          "gps-010809",
          "gps-010810",
          "gps-010811",
          "gps-010812",
          "gps-010813",
          "gps-010814",
          "gps-010815",
          "gps-010816",
          "gps-010817",
          "gps-010818",
          "gps-010819",
          "gps-010820",
          "gps-010821",
          "gps-010822",
          "gps-010823",
          "gps-010824",
          "gps-010825",
          "gps-010826",
          "gps-010827",
          "gps-010828",
          "gps-010829",
          "gps-010830",
          "gps-010831",
          "gps-010832",
          "gps-010833",
          "gps-010834",
          "gps-010835",
          "gps-010836",
          "gps-010837",
          "gps-010838",
          "gps-010839",
          "gps-010840",
          "gps-010841",
          "gps-010842",
          "gps-010843",
          "gps-010844",
          "gps-010845",
          "gps-010846",
          "gps-010847",
          "gps-010848",
          "gps-010849",
          "gps-010850",
          "gps-010851",
          "gps-010852",
          "gps-010853",
          "gps-010854",
          "gps-010855",
          "gps-010856",
          "gps-010857",
          "gps-010858",
          "gps-010859",
          "gps-010860",
          "gps-010861",
          "gps-010862",
          "gps-010863",
          "gps-010864",
          "gps-010865",
          "gps-010866",
          "gps-010867",
          "gps-010868",
          "gps-010869",
          "gps-010870",
          "gps-010871",
          "gps-010872",
          "gps-010873",
          "gps-010874",
          "gps-010875",
          "gps-010876",
          "gps-010877",
          "gps-010878",
          "gps-010879",
          "gps-010880",
          "gps-010881",
          "gps-010882",
          "gps-010883",
          "gps-010884",
          "gps-010885",
          "gps-010886",
          "gps-010887",
          "gps-010888",
          "gps-010889",
          "gps-010890",
          "gps-010891",
          "gps-010892",
          "gps-010893",
          "gps-010894",
          "gps-010895",
          "gps-010896",
          "gps-010897",
          "gps-010898",
          "gps-010899",
          "gps-010900",
          "gps-010901",
          "gps-010902",
          "gps-010903",
          "gps-010904",
          "gps-010905",
          "gps-010906",
          "gps-010907",
          "gps-010908",
          "gps-010909",
          "gps-010910",
          "gps-010911",
          "gps-010912",
          "gps-010913",
          "gps-010914",
          "gps-010915",
          "gps-010916",
          "gps-010917",
          "gps-010918",
          "gps-010919",
          "gps-010920",
          "gps-010921",
          "gps-010922",
          "gps-010923",
          "gps-010924",
          "gps-010925",
          "gps-010926",
          "gps-010927",
          "gps-010928",
          "gps-010929",
          "gps-010930",
          "gps-010931",
          "gps-010932",
          "gps-010933",
          "gps-010934",
          "gps-010935",
          "gps-010936",
          "gps-010937",
          "gps-010938",
          "gps-010939",
          "gps-010940",
          "gps-010941",
          "gps-010942",
          "gps-010943",
          "gps-010944",
          "gps-010945",
          "gps-010946",
          "gps-010947",
          "gps-010948",
          "gps-010949",
          "gps-010950",
          "gps-010951",
          "gps-010952",
          "gps-010953",
          "gps-010954",
          "gps-010955",
          "gps-010956",
          "gps-010957",
          "gps-010958",
          "gps-010959",
          "gps-010960",
          "gps-010961",
          "gps-010962",
          "gps-010963",
          "gps-010964",
          "gps-010965",
          "gps-010966",
          "gps-010967",
          "gps-010968",
          "gps-010969",
          "gps-010970",
          "gps-010971",
          "gps-010972",
          "gps-010973",
          "gps-010974",
          "gps-010975",
          "gps-010976",
          "gps-010977",
          "gps-010978",
          "gps-010979",
          "gps-010980",
          "gps-010981",
          "gps-010982",
          "gps-010983",
          "gps-010984",
          "gps-010985",
          "gps-010986",
          "gps-010987",
          "gps-010988",
          "gps-010989",
          "gps-010990",
          "gps-010991",
          "gps-010992",
          "gps-010993",
          "gps-010994",
          "gps-010995",
          "gps-010996",
          "gps-010997",
          "gps-010998",
          "gps-010999",
          "gps-011000",
          "gps-011001",
          "gps-011002",
          "gps-011003",
          "gps-011004",
          "gps-011005",
          "gps-011006",
          "gps-011007",
          "gps-011008",
          "gps-011009",
          "gps-011010",
          "gps-011011",
          "gps-011012",
          "gps-011013",
          "gps-011014",
          "gps-011015",
          "gps-011016",
          "gps-011017",
          "gps-011018",
          "gps-011019",
          "gps-011020",
          "gps-011021",
          "gps-011022",
          "gps-011023",
          "gps-011024",
          "gps-011025",
          "gps-011026",
          "gps-011027",
          "gps-011028",
          "gps-011029",
          "gps-011030",
          "gps-011031",
          "gps-011032",
          "gps-011033",
          "gps-011034",
          "gps-011035",
          "gps-011036",
          "gps-011037",
          "gps-011038",
          "gps-011039",
          "gps-011040",
          "gps-011041",
          "gps-011042",
          "gps-011043",
          "gps-011044",
          "gps-011045",
          "gps-011047",
          "gps-011048",
          "gps-011049",
          "gps-011050",
          "gps-011051",
          "gps-011052",
          "gps-011053",
          "gps-011054",
          "gps-011055",
          "gps-011056",
          "gps-011057",
          "gps-011058",
          "gps-011059",
          "gps-011060"
        ],
        "no_artificial_relocation_connector": true
      }
    },
    {
      "type": "Feature",
      "geometry": {
        "type": "LineString",
        "coordinates": [
          [
            -87.09174726863914,
            30.48944230063079
          ],
          [
            -87.09172802670847,
            30.48936628455317
          ],
          [
            -87.09166695578008,
            30.489411473113492
          ],
          [
            -87.0916562441089,
            30.489421818198657
          ],
          [
            -87.09164734483737,
            30.489431302004576
          ],
          [
            -87.09165467069367,
            30.48943349756265
          ],
          [
            -87.09165837160944,
            30.489432712278322
          ],
          [
            -87.09166047345543,
            30.489429493881627
          ],
          [
            -87.09166332027236,
            30.48942906479012
          ],
          [
            -87.09166282985734,
            30.489431609827655
          ],
          [
            -87.09166190957507,
            30.48943103520225
          ],
          [
            -87.09166090286604,
            30.48943153642828
          ],
          [
            -87.0916603149345,
            30.489432248422318
          ],
          [
            -87.0916603148043,
            30.48943224841334
          ],
          [
            -87.09166039669289,
            30.489430915600845
          ],
          [
            -87.09166048049983,
            30.4894311155
          ],
          [
            -87.09166048102412,
            30.489430825219216
          ],
          [
            -87.0916604810274,
            30.489430615166555
          ],
          [
            -87.09166039773274,
            30.48943057220517
          ],
          [
            -87.09166039721164,
            30.489430571936392
          ],
          [
            -87.09166048050308,
            30.48943061358206
          ],
          [
            -87.09166048102414,
            30.489430613842586
          ],
          [
            -87.0916603977327,
            30.489430613844213
          ],
          [
            -87.09166039721165,
            30.489430613844227
          ],
          [
            -87.0916603972084,
            30.489430572196884
          ],
          [
            -87.09166039720836,
            30.489430571936342
          ],
          [
            -87.09166039720837,
            30.489430530025192
          ],
          [
            -87.09166039720837,
            30.4894305300252
          ],
          [
            -87.09166039720837,
            30.4894305300252
          ],
          [
            -87.09166039720837,
            30.4894305300252
          ],
          [
            -87.09166039720837,
            30.4894305300252
          ],
          [
            -87.09166039720837,
            30.4894305300252
          ],
          [
            -87.09166039720837,
            30.4894305300252
          ],
          [
            -87.09166039720837,
            30.4894305300252
          ],
          [
            -87.09166039720837,
            30.4894305300252
          ],
          [
            -87.09166039720837,
            30.4894305300252
          ],
          [
            -87.09166039720837,
            30.4894305300252
          ],
          [
            -87.09166039720837,
            30.4894305300252
          ],
          [
            -87.09166039720837,
            30.4894305300252
          ],
          [
            -87.09166039720837,
            30.4894305300252
          ],
          [
            -87.09166039720837,
            30.4894305300252
          ],
          [
            -87.09166039720837,
            30.4894305300252
          ],
          [
            -87.09166039720837,
            30.4894305300252
          ],
          [
            -87.09166039720837,
            30.4894305300252
          ],
          [
            -87.09166039720837,
            30.4894305300252
          ],
          [
            -87.09166039720837,
            30.4894305300252
          ],
          [
            -87.09166039720837,
            30.4894305300252
          ],
          [
            -87.09166039720837,
            30.4894305300252
          ]
        ]
      },
      "properties": {
        "record_type": "display_route_segment",
        "inspection_date": "2026-08-07",
        "point_count": 48,
        "start_time": "2026-08-07T16:02:33.720Z",
        "end_time": "2026-08-07T16:03:10.000Z",
        "source_point_ids": [
          "gps-011063",
          "gps-011064",
          "gps-011065",
          "gps-011066",
          "gps-011067",
          "gps-011068",
          "gps-011069",
          "gps-011070",
          "gps-011071",
          "gps-011072",
          "gps-011073",
          "gps-011074",
          "gps-011075",
          "gps-011076",
          "gps-011077",
          "gps-011078",
          "gps-011079",
          "gps-011080",
          "gps-011081",
          "gps-011082",
          "gps-011083",
          "gps-011084",
          "gps-011085",
          "gps-011086",
          "gps-011087",
          "gps-011088",
          "gps-011089",
          "gps-011090",
          "gps-011091",
          "gps-011092",
          "gps-011093",
          "gps-011094",
          "gps-011095",
          "gps-011096",
          "gps-011097",
          "gps-011098",
          "gps-011099",
          "gps-011100",
          "gps-011101",
          "gps-011102",
          "gps-011103",
          "gps-011104",
          "gps-011105",
          "gps-011106",
          "gps-011107",
          "gps-011108",
          "gps-011109",
          "gps-011110"
        ],
        "no_artificial_relocation_connector": true
      }
    },
    {
      "type": "Feature",
      "geometry": {
        "type": "LineString",
        "coordinates": [
          [
            -87.09202753920547,
            30.48962629947741
          ],
          [
            -87.09202452497476,
            30.48963836978558
          ],
          [
            -87.09201592763058,
            30.489636962154275
          ],
          [
            -87.09200517379419,
            30.489630495213596
          ],
          [
            -87.09200449057273,
            30.48962793220843
          ],
          [
            -87.09200449057273,
            30.48962793220843
          ],
          [
            -87.09189066909899,
            30.489727898895527
          ],
          [
            -87.09193960206659,
            30.48969703578683
          ],
          [
            -87.09189224322571,
            30.489736376941224
          ],
          [
            -87.09189208432602,
            30.489742167864087
          ],
          [
            -87.09189753138901,
            30.48974216647534
          ],
          [
            -87.09190908147511,
            30.489749586320293
          ],
          [
            -87.09193062782568,
            30.4897710012354
          ],
          [
            -87.09192620816277,
            30.489775382690198
          ],
          [
            -87.09193364741407,
            30.489768278631804
          ],
          [
            -87.09193854914429,
            30.48976546022039
          ],
          [
            -87.09194520983952,
            30.489774818158505
          ],
          [
            -87.0919473911293,
            30.489781564754804
          ],
          [
            -87.09194672165347,
            30.48978604876509
          ],
          [
            -87.09194672233265,
            30.489786048607684
          ],
          [
            -87.09194543367978,
            30.48978927165946
          ],
          [
            -87.09194555231319,
            30.48978989702159
          ],
          [
            -87.09194555231319,
            30.48978989702159
          ],
          [
            -87.09194001749817,
            30.489788102014447
          ],
          [
            -87.09194001749817,
            30.489788102014447
          ],
          [
            -87.09193710490044,
            30.489789892048464
          ],
          [
            -87.09193363513242,
            30.489792554598132
          ],
          [
            -87.09193153604053,
            30.489794870901218
          ],
          [
            -87.09192611604678,
            30.489799690973456
          ],
          [
            -87.09192188025266,
            30.489806347414522
          ],
          [
            -87.09191898969753,
            30.48981363963288
          ],
          [
            -87.09191881190533,
            30.489814627281827
          ],
          [
            -87.09192056534688,
            30.48981108083941
          ],
          [
            -87.09192215846953,
            30.489809397937567
          ],
          [
            -87.09192525451444,
            30.48981127142072
          ],
          [
            -87.09192584605181,
            30.48981085592844
          ],
          [
            -87.09192584656375,
            30.48981085617921
          ],
          [
            -87.09192584656375,
            30.48981085617921
          ],
          [
            -87.09192326991192,
            30.48980898473417
          ],
          [
            -87.09192217096253,
            30.489808181727682
          ],
          [
            -87.0919222473824,
            30.489808218351552
          ],
          [
            -87.09192208127112,
            30.489808135285998
          ],
          [
            -87.09192199693727,
            30.48980805147167
          ],
          [
            -87.09192174652567,
            30.489808259184027
          ],
          [
            -87.09192157836979,
            30.489808135541445
          ],
          [
            -87.09192141072846,
            30.489808134767948
          ],
          [
            -87.0919213258541,
            30.489808134763088
          ],
          [
            -87.091921074397,
            30.48980813476308
          ],
          [
            -87.09192099057798,
            30.489808134763077
          ],
          [
            -87.09192099057798,
            30.48980817667259
          ],
          [
            -87.09192090675896,
            30.48980821858211
          ],
          [
            -87.09192090675896,
            30.48980821858211
          ],
          [
            -87.09187153857889,
            30.489812601279677
          ],
          [
            -87.0918714882801,
            30.489791914742106
          ],
          [
            -87.09186204494883,
            30.489791957405416
          ],
          [
            -87.09185055565658,
            30.489791874282417
          ],
          [
            -87.09182889033634,
            30.48978874520012
          ],
          [
            -87.09183037512871,
            30.489785018470556
          ],
          [
            -87.09183154694385,
            30.489783917398736
          ],
          [
            -87.09183473582728,
            30.48978181911782
          ],
          [
            -87.09183549257682,
            30.489781859285113
          ],
          [
            -87.09183683492523,
            30.489782193672813
          ],
          [
            -87.0918421926849,
            30.489785934681247
          ],
          [
            -87.0918427441243,
            30.48978510881197
          ],
          [
            -87.09184274069199,
            30.489785106755203
          ],
          [
            -87.09184578573826,
            30.489785751025995
          ],
          [
            -87.09184280617839,
            30.489782756447987
          ],
          [
            -87.09184228777069,
            30.4897810718209
          ],
          [
            -87.09184195134894,
            30.489780478219483
          ],
          [
            -87.0918423657177,
            30.48977922508587
          ],
          [
            -87.0918427014886,
            30.4897785508891
          ],
          [
            -87.09184278688379,
            30.489778463376766
          ],
          [
            -87.09184345377543,
            30.48977800470858
          ],
          [
            -87.0918437078314,
            30.489777710307873
          ],
          [
            -87.09184429616396,
            30.48977707981183
          ],
          [
            -87.09184429616396,
            30.489777079811823
          ],
          [
            -87.09184220068816,
            30.48977896574004
          ],
          [
            -87.09183130421404,
            30.48978407870097
          ],
          [
            -87.0918317233092,
            30.48978185749663
          ],
          [
            -87.09183499225144,
            30.489784623524677
          ],
          [
            -87.09184077576462,
            30.489785964629185
          ],
          [
            -87.09185524678387,
            30.48978291091872
          ],
          [
            -87.09183666863207,
            30.489757508067918
          ],
          [
            -87.09183641717497,
            30.489753107568745
          ],
          [
            -87.09186070921552,
            30.489748021438675
          ],
          [
            -87.09185126281072,
            30.48975061616146
          ],
          [
            -87.09184048155838,
            30.489751636788256
          ],
          [
            -87.0918377116509,
            30.489762326226757
          ],
          [
            -87.09182842277774,
            30.4897675071568
          ],
          [
            -87.09182981099495,
            30.489774977838156
          ],
          [
            -87.09182602515453,
            30.489778386241777
          ],
          [
            -87.09182602515453,
            30.489778386241777
          ],
          [
            -87.09182680131491,
            30.489785686876463
          ],
          [
            -87.09182869897012,
            30.489791163897628
          ],
          [
            -87.09183438451079,
            30.48978917918486
          ],
          [
            -87.09183479378332,
            30.48978975998679
          ],
          [
            -87.09183582639987,
            30.489794541163548
          ],
          [
            -87.09183107074968,
            30.48978876868224
          ],
          [
            -87.09183107074968,
            30.48978876868224
          ],
          [
            -87.09183107074968,
            30.48978876868224
          ],
          [
            -87.09183107074968,
            30.48978876868224
          ],
          [
            -87.09183107074968,
            30.48978876868224
          ],
          [
            -87.09183107074968,
            30.48978876868224
          ],
          [
            -87.09183107074968,
            30.48978876868224
          ],
          [
            -87.09183107074968,
            30.48978876868224
          ],
          [
            -87.09183107074968,
            30.48978876868224
          ],
          [
            -87.09183107074968,
            30.48978876868224
          ],
          [
            -87.09183107074968,
            30.48978876868224
          ],
          [
            -87.09183107074968,
            30.48978876868224
          ],
          [
            -87.09183107074968,
            30.48978876868224
          ],
          [
            -87.09183107074968,
            30.48978876868224
          ],
          [
            -87.09183107074968,
            30.48978876868224
          ],
          [
            -87.09183107074968,
            30.48978876868224
          ],
          [
            -87.09183107074968,
            30.48978876868224
          ],
          [
            -87.09183107074968,
            30.48978876868224
          ],
          [
            -87.09183107074968,
            30.48978876868224
          ],
          [
            -87.09183107074968,
            30.48978876868224
          ],
          [
            -87.09183107074968,
            30.48978876868224
          ],
          [
            -87.09183107074968,
            30.48978876868224
          ],
          [
            -87.09183107074968,
            30.48978876868224
          ],
          [
            -87.09183107074968,
            30.48978876868224
          ],
          [
            -87.09183107074968,
            30.48978876868224
          ],
          [
            -87.09183107074968,
            30.48978876868224
          ],
          [
            -87.09183107074968,
            30.48978876868224
          ],
          [
            -87.09183107074968,
            30.48978876868224
          ],
          [
            -87.09183107074968,
            30.48978876868224
          ],
          [
            -87.09183107074968,
            30.48978876868224
          ],
          [
            -87.09183107074968,
            30.48978876868224
          ],
          [
            -87.09183107074968,
            30.48978876868224
          ],
          [
            -87.09183107074968,
            30.48978876868224
          ],
          [
            -87.09183107074968,
            30.48978876868224
          ],
          [
            -87.09183107074968,
            30.48978876868224
          ],
          [
            -87.09164588626982,
            30.48972188268546
          ],
          [
            -87.09162644113268,
            30.489735244863617
          ],
          [
            -87.09162803749051,
            30.48973471115401
          ],
          [
            -87.09162720782177,
            30.489733331183817
          ],
          [
            -87.09162461558323,
            30.489737168479866
          ],
          [
            -87.09162477357641,
            30.489738560179333
          ],
          [
            -87.09162494113438,
            30.489739358277447
          ],
          [
            -87.09162644523713,
            30.48973877654995
          ],
          [
            -87.09162695164262,
            30.489740779163185
          ],
          [
            -87.0916249487667,
            30.4897443360332
          ],
          [
            -87.09162527588937,
            30.48974434843648
          ],
          [
            -87.09162277122783,
            30.48974501669367
          ],
          [
            -87.09162042374486,
            30.48974435081004
          ],
          [
            -87.09162041558179,
            30.489744348494572
          ],
          [
            -87.09161833316372,
            30.48974584778416
          ],
          [
            -87.0916135178061,
            30.48975167999509
          ],
          [
            -87.09161447240773,
            30.489753796530184
          ],
          [
            -87.09161421454516,
            30.489756776844885
          ],
          [
            -87.09161587882558,
            30.48975975244982
          ],
          [
            -87.09161997067595,
            30.4897672259378
          ],
          [
            -87.09162124569406,
            30.489770396241084
          ],
          [
            -87.09161873914961,
            30.489773433683947
          ],
          [
            -87.09161488347415,
            30.489773098407817
          ],
          [
            -87.09161379382674,
            30.489767482532695
          ],
          [
            -87.09161488347415,
            30.489763920223847
          ],
          [
            -87.09161446437899,
            30.48976299821449
          ],
          [
            -87.09161228508417,
            30.48976257911934
          ],
          [
            -87.09161102779869,
            30.4897635430382
          ],
          [
            -87.09160985433225,
            30.489765345147386
          ],
          [
            -87.0916086808658,
            30.489766644342378
          ],
          [
            -87.09160792649452,
            30.48976773398979
          ],
          [
            -87.0916073397613,
            30.48976853027059
          ],
          [
            -87.09160539669752,
            30.489772666368413
          ],
          [
            -87.09159643854129,
            30.489781802757438
          ],
          [
            -87.09160217027285,
            30.489785513343193
          ],
          [
            -87.09160609154485,
            30.489784861569394
          ],
          [
            -87.09160631853362,
            30.48978667396195
          ],
          [
            -87.09160222196176,
            30.489786591045057
          ],
          [
            -87.09159427466344,
            30.48979338729334
          ],
          [
            -87.09160211343278,
            30.48979574105193
          ],
          [
            -87.09160701280669,
            30.489792715028358
          ],
          [
            -87.09160701280669,
            30.489792715028358
          ],
          [
            -87.09160298709845,
            30.489797777567873
          ],
          [
            -87.09160472850527,
            30.48979412192137
          ],
          [
            -87.09161110093088,
            30.489792385377115
          ],
          [
            -87.09160721061926,
            30.489790910538577
          ],
          [
            -87.09160883552508,
            30.489789931258965
          ],
          [
            -87.09161041888858,
            30.48978227751019
          ],
          [
            -87.09161258966681,
            30.489779308527584
          ],
          [
            -87.09160520627594,
            30.489775496907804
          ],
          [
            -87.09160520627594,
            30.489775496907804
          ],
          [
            -87.09160201020217,
            30.489780072349514
          ],
          [
            -87.09159747351896,
            30.48978326774142
          ],
          [
            -87.09159351133593,
            30.48977888990335
          ],
          [
            -87.09158896749685,
            30.489783971214273
          ],
          [
            -87.09159235900454,
            30.48978115172888
          ],
          [
            -87.09159621124559,
            30.489779233086235
          ],
          [
            -87.09159460536742,
            30.48978485302127
          ],
          [
            -87.09159533476881,
            30.48978736684843
          ],
          [
            -87.0915886709184,
            30.489791527325313
          ],
          [
            -87.09158885720923,
            30.489780352472366
          ],
          [
            -87.09158063872219,
            30.4897847157826
          ],
          [
            -87.0915872045604,
            30.489782076770407
          ],
          [
            -87.09159430598072,
            30.489786719386558
          ],
          [
            -87.09160686733509,
            30.489789295267357
          ],
          [
            -87.09160869655531,
            30.48978974081701
          ],
          [
            -87.09161569038872,
            30.489786521256246
          ],
          [
            -87.09161692733431,
            30.489783209625156
          ],
          [
            -87.09161515943543,
            30.489780372325765
          ],
          [
            -87.091611337682,
            30.48977979261318
          ],
          [
            -87.09161031701603,
            30.4897771390579
          ],
          [
            -87.09161031701603,
            30.4897771390579
          ],
          [
            -87.09160466240472,
            30.48978188100962
          ],
          [
            -87.09160562238534,
            30.489790160920574
          ],
          [
            -87.09160244688526,
            30.489799054809282
          ],
          [
            -87.09160274546458,
            30.489801364835035
          ],
          [
            -87.09159947217694,
            30.489803298298703
          ],
          [
            -87.09159712784532,
            30.4898004238146
          ],
          [
            -87.09159411474538,
            30.48979833889517
          ],
          [
            -87.09159438878207,
            30.48979652949712
          ],
          [
            -87.09160927538777,
            30.48976946852913
          ],
          [
            -87.09160240612704,
            30.489776416556563
          ],
          [
            -87.09160517265356,
            30.489787571318296
          ],
          [
            -87.0916023196851,
            30.489790414324364
          ],
          [
            -87.09160528270945,
            30.489795373111825
          ],
          [
            -87.09159921923597,
            30.489797133263274
          ],
          [
            -87.09159142011757,
            30.489795064934164
          ],
          [
            -87.09158381814352,
            30.489801061358563
          ],
          [
            -87.09157990410105,
            30.489796675580767
          ],
          [
            -87.09158245500825,
            30.489795053109056
          ],
          [
            -87.09158326303665,
            30.489799056990496
          ],
          [
            -87.09157842025363,
            30.48980176625706
          ],
          [
            -87.09158354744402,
            30.48980295156373
          ],
          [
            -87.0915813814248,
            30.489805102684677
          ],
          [
            -87.0915751049864,
            30.489798793159743
          ],
          [
            -87.09157145163879,
            30.48980225911255
          ],
          [
            -87.09156369762802,
            30.489809880929496
          ],
          [
            -87.09156887993372,
            30.48981347728039
          ],
          [
            -87.09158017628573,
            30.489818146484456
          ],
          [
            -87.09157764062718,
            30.489828338643655
          ],
          [
            -87.0915839257211,
            30.48983301907594
          ],
          [
            -87.09159741902437,
            30.489834847709396
          ],
          [
            -87.0916013153019,
            30.48983216657256
          ],
          [
            -87.09160683183119,
            30.489825547185877
          ],
          [
            -87.09161950796613,
            30.489820881881364
          ],
          [
            -87.0916277262925,
            30.489814596947653
          ],
          [
            -87.09162748807245,
            30.489815927382722
          ],
          [
            -87.09162995367498,
            30.489815900756813
          ],
          [
            -87.09163028770145,
            30.489821307621234
          ],
          [
            -87.09162154775696,
            30.489825059454784
          ],
          [
            -87.09162223941053,
            30.489826084762704
          ],
          [
            -87.09163281082695,
            30.48982401513721
          ],
          [
            -87.09163268751342,
            30.489822206002792
          ],
          [
            -87.09162829253961,
            30.489823861451658
          ],
          [
            -87.09163475172151,
            30.48982208732774
          ],
          [
            -87.09164062526823,
            30.489818297953185
          ],
          [
            -87.09163329100522,
            30.489811861327166
          ],
          [
            -87.09163200732078,
            30.48980877866889
          ],
          [
            -87.09161964542753,
            30.489793207069926
          ],
          [
            -87.09161265303896,
            30.489784302703075
          ],
          [
            -87.09161233997607,
            30.489778408993313
          ],
          [
            -87.09161481079924,
            30.48977606783212
          ],
          [
            -87.09162051888475,
            30.489775432047217
          ],
          [
            -87.09163413013643,
            30.48976910401192
          ],
          [
            -87.09163495155167,
            30.48977431418031
          ],
          [
            -87.09163113336614,
            30.489772907892185
          ],
          [
            -87.09161898487791,
            30.48977706581821
          ],
          [
            -87.09161998888608,
            30.489781467390085
          ],
          [
            -87.09161601052742,
            30.48979014819716
          ],
          [
            -87.09161901067877,
            30.4897921251319
          ],
          [
            -87.09161206320131,
            30.489796794148184
          ],
          [
            -87.09161274969344,
            30.489802516830572
          ],
          [
            -87.09161879292046,
            30.489808365673166
          ],
          [
            -87.09163703685546,
            30.48984711389626
          ],
          [
            -87.09162724363522,
            30.489823950409534
          ],
          [
            -87.09163533636777,
            30.489824004952172
          ],
          [
            -87.0916214945672,
            30.48981747213101
          ],
          [
            -87.09162236800908,
            30.489812849882014
          ],
          [
            -87.0916310477546,
            30.48981127843116
          ],
          [
            -87.09164362833685,
            30.4897994970072
          ],
          [
            -87.09164583637622,
            30.489804483279144
          ],
          [
            -87.09165127194285,
            30.489801904928314
          ],
          [
            -87.09165643484661,
            30.489795469273563
          ],
          [
            -87.09166220654268,
            30.489796363992838
          ],
          [
            -87.09166606362749,
            30.48979331050931
          ],
          [
            -87.09166898000214,
            30.48977800553632
          ],
          [
            -87.09167862989777,
            30.489776530836547
          ],
          [
            -87.0916857385898,
            30.489771802585715
          ],
          [
            -87.09168642439336,
            30.48977468130238
          ],
          [
            -87.09169404302476,
            30.489772789360387
          ],
          [
            -87.09168832803432,
            30.48977184926627
          ],
          [
            -87.09168814249209,
            30.48976496431032
          ],
          [
            -87.09169647091879,
            30.489755800131515
          ],
          [
            -87.09169947289406,
            30.48975623076458
          ],
          [
            -87.09170572873099,
            30.489769470019116
          ],
          [
            -87.09170706699516,
            30.489770531628594
          ],
          [
            -87.09171435228382,
            30.489775300732063
          ],
          [
            -87.09171621443862,
            30.489772832165805
          ],
          [
            -87.09171613851274,
            30.489780258577927
          ],
          [
            -87.09171856057,
            30.489781549484476
          ],
          [
            -87.09171548316434,
            30.48978375411246
          ],
          [
            -87.09172473242299,
            30.48977985347761
          ],
          [
            -87.0917321867478,
            30.48978345002114
          ],
          [
            -87.0917358257006,
            30.489781882912524
          ],
          [
            -87.09173703451717,
            30.489783012146773
          ],
          [
            -87.0917415475797,
            30.48979298568337
          ],
          [
            -87.0917352638848,
            30.48979906908764
          ],
          [
            -87.09172139564302,
            30.489799175229194
          ],
          [
            -87.09171508905244,
            30.489791545296335
          ],
          [
            -87.09170728139017,
            30.48980350961712
          ],
          [
            -87.09170380828763,
            30.489810141573336
          ],
          [
            -87.09169492387802,
            30.48981309556379
          ],
          [
            -87.0917006274236,
            30.489817295774902
          ],
          [
            -87.09171426011073,
            30.489813676682044
          ],
          [
            -87.09171671878208,
            30.489816918956173
          ],
          [
            -87.09171679035272,
            30.48981589616255
          ],
          [
            -87.09171190681415,
            30.489823550611366
          ],
          [
            -87.09171666338788,
            30.489823208167557
          ],
          [
            -87.09170759658876,
            30.48981897958147
          ],
          [
            -87.09169918301771,
            30.489828441356998
          ],
          [
            -87.09169446083716,
            30.489842364608073
          ],
          [
            -87.09169399810625,
            30.48984522358091
          ],
          [
            -87.09169666548928,
            30.489847907769704
          ],
          [
            -87.09170625833913,
            30.48985647534327
          ],
          [
            -87.09170625833913,
            30.48985647534327
          ],
          [
            -87.09171494654625,
            30.48984974930745
          ],
          [
            -87.09172085073283,
            30.489847021082955
          ],
          [
            -87.09172310088522,
            30.489850687816002
          ],
          [
            -87.09172788339814,
            30.48984864476199
          ],
          [
            -87.09173435913661,
            30.48985438789432
          ],
          [
            -87.09173872896199,
            30.489851788037605
          ],
          [
            -87.09173566239065,
            30.489852802506405
          ],
          [
            -87.0917357844787,
            30.489842311042125
          ],
          [
            -87.0917461861575,
            30.489834855473728
          ],
          [
            -87.09174256811964,
            30.489832561105132
          ],
          [
            -87.09173966185875,
            30.489830531699614
          ],
          [
            -87.09173966185875,
            30.489830531699614
          ],
          [
            -87.09173209053554,
            30.489843817108664
          ],
          [
            -87.09172724799132,
            30.489835659489625
          ],
          [
            -87.0917293950869,
            30.489843159383053
          ],
          [
            -87.09172740110569,
            30.489842388228094
          ],
          [
            -87.09172714254015,
            30.489847890529916
          ],
          [
            -87.09171801176957,
            30.489849661985506
          ],
          [
            -87.09171195558372,
            30.489856146179932
          ],
          [
            -87.09170506557957,
            30.489861512947336
          ],
          [
            -87.09169651164588,
            30.489861610638016
          ],
          [
            -87.09169058389772,
            30.48986282240271
          ],
          [
            -87.09170415225533,
            30.489863230144177
          ],
          [
            -87.09170415225533,
            30.489863230144177
          ],
          [
            -87.09170933837328,
            30.489867342035122
          ],
          [
            -87.09171489200908,
            30.489871947693363
          ],
          [
            -87.09171704010507,
            30.48987405180566
          ],
          [
            -87.09172244836897,
            30.489865661118753
          ],
          [
            -87.09172845380844,
            30.489867275813644
          ],
          [
            -87.09172846192,
            30.489867304975437
          ],
          [
            -87.0917308665995,
            30.489857605776237
          ],
          [
            -87.09173086659948,
            30.489857605776198
          ],
          [
            -87.09173341832856,
            30.489853572038104
          ],
          [
            -87.09174905033751,
            30.489857972252285
          ],
          [
            -87.09174074129955,
            30.489859412612475
          ],
          [
            -87.09174564708287,
            30.489858291098255
          ],
          [
            -87.09174858246868,
            30.48987041261888
          ],
          [
            -87.0917537910008,
            30.489874399621375
          ],
          [
            -87.09176038718778,
            30.489886370611725
          ],
          [
            -87.09175513009912,
            30.489885030952085
          ],
          [
            -87.0917599187631,
            30.489881316220817
          ],
          [
            -87.09175688653903,
            30.489880117737528
          ],
          [
            -87.09176030418195,
            30.48987752882272
          ],
          [
            -87.09175992464337,
            30.48987276814802
          ],
          [
            -87.09175584578563,
            30.489856847534156
          ],
          [
            -87.09175445255829,
            30.489842016725856
          ],
          [
            -87.09176137578366,
            30.489841194733124
          ],
          [
            -87.09176571449699,
            30.48984343985735
          ],
          [
            -87.09176943256185,
            30.489844267906854
          ],
          [
            -87.09176643476066,
            30.489835456388416
          ],
          [
            -87.09176024659715,
            30.48983114590558
          ],
          [
            -87.09176228560752,
            30.48982471347809
          ],
          [
            -87.0917684476966,
            30.489821603808362
          ],
          [
            -87.09177386863452,
            30.48982590984741
          ],
          [
            -87.09177386863452,
            30.48982590984741
          ],
          [
            -87.09177164781306,
            30.48983336843474
          ],
          [
            -87.0917720067465,
            30.489826970106165
          ],
          [
            -87.09176805902607,
            30.48982967961442
          ],
          [
            -87.0917604005232,
            30.489833124430877
          ],
          [
            -87.0917560777468,
            30.4898345196088
          ],
          [
            -87.09174957048083,
            30.489841310417145
          ],
          [
            -87.09174414062264,
            30.489851136979922
          ],
          [
            -87.0917426291848,
            30.489853625273128
          ],
          [
            -87.09174450885733,
            30.489854865625272
          ],
          [
            -87.09174450885733,
            30.489854865625272
          ],
          [
            -87.09174450885733,
            30.489854865625272
          ],
          [
            -87.09174450885733,
            30.489854865625272
          ],
          [
            -87.09174450885733,
            30.489854865625272
          ],
          [
            -87.09174450885733,
            30.489854865625272
          ],
          [
            -87.09174450885733,
            30.489854865625272
          ],
          [
            -87.09174450885733,
            30.489854865625272
          ],
          [
            -87.09174450885733,
            30.489854865625272
          ],
          [
            -87.09175362625784,
            30.48986006944394
          ],
          [
            -87.09175362625784,
            30.48986006944394
          ],
          [
            -87.09175362625784,
            30.48986006944394
          ],
          [
            -87.09173831855828,
            30.489859222298268
          ],
          [
            -87.09173814736964,
            30.489860281207996
          ],
          [
            -87.09173814736964,
            30.489860281207996
          ],
          [
            -87.09173814736964,
            30.489860281207996
          ],
          [
            -87.09173238522285,
            30.48986234684045
          ],
          [
            -87.09173859130252,
            30.48987432555073
          ],
          [
            -87.09173945503288,
            30.48987998387143
          ],
          [
            -87.09173829277847,
            30.489871352438005
          ],
          [
            -87.09173841389418,
            30.489868662914372
          ],
          [
            -87.09173809388561,
            30.48986764212842
          ],
          [
            -87.09173809388561,
            30.48986764212842
          ],
          [
            -87.09173809388561,
            30.48986764212842
          ],
          [
            -87.09173809388561,
            30.48986764212842
          ],
          [
            -87.09173809388561,
            30.48986764212842
          ],
          [
            -87.09173809388561,
            30.48986764212842
          ],
          [
            -87.09173809388561,
            30.48986764212842
          ],
          [
            -87.09173809388561,
            30.48986764212842
          ],
          [
            -87.09173809388561,
            30.48986764212842
          ],
          [
            -87.09172854962098,
            30.489834778001523
          ],
          [
            -87.09172848248443,
            30.489834663416637
          ],
          [
            -87.09172848248443,
            30.489834663416637
          ],
          [
            -87.09172848248443,
            30.489834663416637
          ],
          [
            -87.09172848248443,
            30.489834663416637
          ],
          [
            -87.09172848248443,
            30.489834663416637
          ],
          [
            -87.09172848248443,
            30.489834663416637
          ],
          [
            -87.09172848248443,
            30.489834663416637
          ],
          [
            -87.09172848248443,
            30.489834663416637
          ],
          [
            -87.09172848248443,
            30.489834663416637
          ],
          [
            -87.09172848248443,
            30.489834663416637
          ],
          [
            -87.09172848248443,
            30.489834663416637
          ],
          [
            -87.09172848248443,
            30.489834663416637
          ],
          [
            -87.09172848248443,
            30.489834663416637
          ],
          [
            -87.09172848248443,
            30.489834663416637
          ],
          [
            -87.09172848248443,
            30.489834663416637
          ],
          [
            -87.09172848248443,
            30.489834663416637
          ],
          [
            -87.09172848248443,
            30.489834663416637
          ],
          [
            -87.09172848248443,
            30.489834663416637
          ],
          [
            -87.09172848248443,
            30.489834663416637
          ],
          [
            -87.09172848248443,
            30.489834663416637
          ],
          [
            -87.09172848248443,
            30.489834663416637
          ],
          [
            -87.09172848248443,
            30.489834663416637
          ],
          [
            -87.09172848248443,
            30.489834663416637
          ],
          [
            -87.09172848248443,
            30.489834663416637
          ],
          [
            -87.09172848248443,
            30.489834663416637
          ],
          [
            -87.09172848248443,
            30.489834663416637
          ],
          [
            -87.09172848248443,
            30.489834663416637
          ],
          [
            -87.09172848248443,
            30.489834663416637
          ],
          [
            -87.09172848248443,
            30.489834663416637
          ],
          [
            -87.09172848248443,
            30.489834663416637
          ],
          [
            -87.09172848248443,
            30.489834663416637
          ],
          [
            -87.09172848248443,
            30.489834663416637
          ],
          [
            -87.09172848248443,
            30.489834663416637
          ],
          [
            -87.09172848248443,
            30.489834663416637
          ],
          [
            -87.09172848248443,
            30.489834663416637
          ],
          [
            -87.09172848248443,
            30.489834663416637
          ],
          [
            -87.09172848248443,
            30.489834663416637
          ],
          [
            -87.09172848248443,
            30.489834663416637
          ],
          [
            -87.09172848248443,
            30.489834663416637
          ],
          [
            -87.09172848248443,
            30.489834663416637
          ],
          [
            -87.09172848248443,
            30.489834663416637
          ],
          [
            -87.09172848248443,
            30.489834663416637
          ],
          [
            -87.09172848248443,
            30.489834663416637
          ],
          [
            -87.09172848248443,
            30.489834663416637
          ],
          [
            -87.09172848248443,
            30.489834663416637
          ],
          [
            -87.09172848248443,
            30.489834663416637
          ],
          [
            -87.09172848248443,
            30.489834663416637
          ],
          [
            -87.09172848248443,
            30.489834663416637
          ],
          [
            -87.09172848248443,
            30.489834663416637
          ],
          [
            -87.09172848248443,
            30.489834663416637
          ],
          [
            -87.09172848248443,
            30.489834663416637
          ],
          [
            -87.09172848248443,
            30.489834663416637
          ],
          [
            -87.09172848248443,
            30.489834663416637
          ],
          [
            -87.09172848248443,
            30.489834663416637
          ],
          [
            -87.09172848248443,
            30.489834663416637
          ],
          [
            -87.09172848248443,
            30.489834663416637
          ],
          [
            -87.09172848248443,
            30.489834663416637
          ],
          [
            -87.09172848248443,
            30.489834663416637
          ],
          [
            -87.09172848248443,
            30.489834663416637
          ],
          [
            -87.09172848248443,
            30.489834663416637
          ],
          [
            -87.09172848248443,
            30.489834663416637
          ],
          [
            -87.09172848248443,
            30.489834663416637
          ],
          [
            -87.09172848248443,
            30.489834663416637
          ],
          [
            -87.09172848248443,
            30.489834663416637
          ],
          [
            -87.09172848248443,
            30.489834663416637
          ],
          [
            -87.09172848248443,
            30.489834663416637
          ],
          [
            -87.09172848248443,
            30.489834663416637
          ],
          [
            -87.09172848248443,
            30.489834663416637
          ],
          [
            -87.09172848248443,
            30.489834663416637
          ],
          [
            -87.09172848248443,
            30.489834663416637
          ],
          [
            -87.09172848248443,
            30.489834663416637
          ],
          [
            -87.09172848248443,
            30.489834663416637
          ],
          [
            -87.09172848248443,
            30.489834663416637
          ],
          [
            -87.09172848248443,
            30.489834663416637
          ],
          [
            -87.09172848248443,
            30.489834663416637
          ],
          [
            -87.09172848248443,
            30.489834663416637
          ],
          [
            -87.09172848248443,
            30.489834663416637
          ],
          [
            -87.09172848248443,
            30.489834663416637
          ],
          [
            -87.09172848248443,
            30.489834663416637
          ],
          [
            -87.09172848248443,
            30.489834663416637
          ],
          [
            -87.09172848248443,
            30.489834663416637
          ],
          [
            -87.09172848248443,
            30.489834663416637
          ],
          [
            -87.09172848248443,
            30.489834663416637
          ],
          [
            -87.09172848248443,
            30.489834663416637
          ],
          [
            -87.09172848248443,
            30.489834663416637
          ],
          [
            -87.09172848248443,
            30.489834663416637
          ],
          [
            -87.09172848248443,
            30.489834663416637
          ],
          [
            -87.09172848248443,
            30.489834663416637
          ],
          [
            -87.09172848248443,
            30.489834663416637
          ],
          [
            -87.09172848248443,
            30.489834663416637
          ],
          [
            -87.09172848248443,
            30.489834663416637
          ],
          [
            -87.09172848248443,
            30.489834663416637
          ],
          [
            -87.09172848248443,
            30.489834663416637
          ],
          [
            -87.09172848248443,
            30.489834663416637
          ],
          [
            -87.09172848248443,
            30.489834663416637
          ],
          [
            -87.09172848248443,
            30.489834663416637
          ],
          [
            -87.09172848248443,
            30.489834663416637
          ],
          [
            -87.09172848248443,
            30.489834663416637
          ],
          [
            -87.09172848248443,
            30.489834663416637
          ],
          [
            -87.09172848248443,
            30.489834663416637
          ],
          [
            -87.09172848248443,
            30.489834663416637
          ],
          [
            -87.09172848248443,
            30.489834663416637
          ],
          [
            -87.09172848248443,
            30.489834663416637
          ],
          [
            -87.09172848248443,
            30.489834663416637
          ],
          [
            -87.09172848248443,
            30.489834663416637
          ],
          [
            -87.09172848248443,
            30.489834663416637
          ],
          [
            -87.09172848248443,
            30.489834663416637
          ],
          [
            -87.09172848248443,
            30.489834663416637
          ],
          [
            -87.09172848248443,
            30.489834663416637
          ],
          [
            -87.09172848248443,
            30.489834663416637
          ],
          [
            -87.09172848248443,
            30.489834663416637
          ],
          [
            -87.09172848248443,
            30.489834663416637
          ],
          [
            -87.09172848248443,
            30.489834663416637
          ],
          [
            -87.09172848248443,
            30.489834663416637
          ],
          [
            -87.09172848248443,
            30.489834663416637
          ],
          [
            -87.09172848248443,
            30.489834663416637
          ],
          [
            -87.09172848248443,
            30.489834663416637
          ],
          [
            -87.09172848248443,
            30.489834663416637
          ],
          [
            -87.09172848248443,
            30.489834663416637
          ],
          [
            -87.09172848248443,
            30.489834663416637
          ],
          [
            -87.09172848248443,
            30.489834663416637
          ],
          [
            -87.09172848248443,
            30.489834663416637
          ],
          [
            -87.09172848248443,
            30.489834663416637
          ],
          [
            -87.09172848248443,
            30.489834663416637
          ],
          [
            -87.09172848248443,
            30.489834663416637
          ],
          [
            -87.09172848248443,
            30.489834663416637
          ],
          [
            -87.09172848248443,
            30.489834663416637
          ],
          [
            -87.09172848248443,
            30.489834663416637
          ],
          [
            -87.09172848248443,
            30.489834663416637
          ],
          [
            -87.09172848248443,
            30.489834663416637
          ],
          [
            -87.09172848248443,
            30.489834663416637
          ],
          [
            -87.09172848248443,
            30.489834663416637
          ],
          [
            -87.09172848248443,
            30.489834663416637
          ],
          [
            -87.09172848248443,
            30.489834663416637
          ],
          [
            -87.09172848248443,
            30.489834663416637
          ],
          [
            -87.09172848248443,
            30.489834663416637
          ],
          [
            -87.09172848248443,
            30.489834663416637
          ],
          [
            -87.09172848248443,
            30.489834663416637
          ],
          [
            -87.09172848248443,
            30.489834663416637
          ],
          [
            -87.09172848248443,
            30.489834663416637
          ],
          [
            -87.09172848248443,
            30.489834663416637
          ],
          [
            -87.09172848248443,
            30.489834663416637
          ],
          [
            -87.09172848248443,
            30.489834663416637
          ],
          [
            -87.09172848248443,
            30.489834663416637
          ],
          [
            -87.09172848248443,
            30.489834663416637
          ],
          [
            -87.09172848248443,
            30.489834663416637
          ],
          [
            -87.09172848248443,
            30.489834663416637
          ],
          [
            -87.09172848248443,
            30.489834663416637
          ],
          [
            -87.09172848248443,
            30.489834663416637
          ],
          [
            -87.09172848248443,
            30.489834663416637
          ],
          [
            -87.09172848248443,
            30.489834663416637
          ],
          [
            -87.09172848248443,
            30.489834663416637
          ],
          [
            -87.09172848248443,
            30.489834663416637
          ],
          [
            -87.09172848248443,
            30.489834663416637
          ],
          [
            -87.09172848248443,
            30.489834663416637
          ],
          [
            -87.09172848248443,
            30.489834663416637
          ],
          [
            -87.09172848248443,
            30.489834663416637
          ],
          [
            -87.09172848248443,
            30.489834663416637
          ],
          [
            -87.09172848248443,
            30.489834663416637
          ],
          [
            -87.09172848248443,
            30.489834663416637
          ],
          [
            -87.09172848248443,
            30.489834663416637
          ],
          [
            -87.09172848248443,
            30.489834663416637
          ],
          [
            -87.09172848248443,
            30.489834663416637
          ],
          [
            -87.09172848248443,
            30.489834663416637
          ],
          [
            -87.09172848248443,
            30.489834663416637
          ],
          [
            -87.09172848248443,
            30.489834663416637
          ],
          [
            -87.09172848248443,
            30.489834663416637
          ],
          [
            -87.09172848248443,
            30.489834663416637
          ],
          [
            -87.09172848248443,
            30.489834663416637
          ],
          [
            -87.09172848248443,
            30.489834663416637
          ],
          [
            -87.09172848248443,
            30.489834663416637
          ],
          [
            -87.09172848248443,
            30.489834663416637
          ],
          [
            -87.09172848248443,
            30.489834663416637
          ],
          [
            -87.09172848248443,
            30.489834663416637
          ],
          [
            -87.09172848248443,
            30.489834663416637
          ],
          [
            -87.09172848248443,
            30.489834663416637
          ],
          [
            -87.09172848248443,
            30.489834663416637
          ],
          [
            -87.09172848248443,
            30.489834663416637
          ],
          [
            -87.09172848248443,
            30.489834663416637
          ],
          [
            -87.09172917250397,
            30.489879100688018
          ],
          [
            -87.09173802977011,
            30.489869181925283
          ],
          [
            -87.09173802977011,
            30.489869181925283
          ]
        ]
      },
      "properties": {
        "record_type": "display_route_segment",
        "inspection_date": "2026-08-07",
        "point_count": 593,
        "start_time": "2026-08-07T16:10:13.152Z",
        "end_time": "2026-08-07T16:27:44.048Z",
        "source_point_ids": [
          "gps-011111",
          "gps-011112",
          "gps-011113",
          "gps-011114",
          "gps-011115",
          "gps-011116",
          "gps-011119",
          "gps-011120",
          "gps-011121",
          "gps-011122",
          "gps-011123",
          "gps-011124",
          "gps-011125",
          "gps-011126",
          "gps-011127",
          "gps-011128",
          "gps-011129",
          "gps-011130",
          "gps-011131",
          "gps-011132",
          "gps-011133",
          "gps-011134",
          "gps-011135",
          "gps-011136",
          "gps-011137",
          "gps-011138",
          "gps-011139",
          "gps-011140",
          "gps-011141",
          "gps-011142",
          "gps-011143",
          "gps-011144",
          "gps-011145",
          "gps-011146",
          "gps-011147",
          "gps-011148",
          "gps-011149",
          "gps-011150",
          "gps-011151",
          "gps-011152",
          "gps-011153",
          "gps-011154",
          "gps-011155",
          "gps-011156",
          "gps-011157",
          "gps-011158",
          "gps-011159",
          "gps-011160",
          "gps-011161",
          "gps-011162",
          "gps-011163",
          "gps-011164",
          "gps-011166",
          "gps-011167",
          "gps-011168",
          "gps-011169",
          "gps-011170",
          "gps-011171",
          "gps-011172",
          "gps-011173",
          "gps-011174",
          "gps-011175",
          "gps-011176",
          "gps-011177",
          "gps-011178",
          "gps-011179",
          "gps-011180",
          "gps-011181",
          "gps-011182",
          "gps-011183",
          "gps-011184",
          "gps-011185",
          "gps-011186",
          "gps-011187",
          "gps-011188",
          "gps-011189",
          "gps-011190",
          "gps-011191",
          "gps-011192",
          "gps-011193",
          "gps-011194",
          "gps-011195",
          "gps-011196",
          "gps-011197",
          "gps-011198",
          "gps-011199",
          "gps-011200",
          "gps-011201",
          "gps-011202",
          "gps-011203",
          "gps-011204",
          "gps-011205",
          "gps-011206",
          "gps-011207",
          "gps-011208",
          "gps-011209",
          "gps-011210",
          "gps-011211",
          "gps-011212",
          "gps-011214",
          "gps-011215",
          "gps-011216",
          "gps-011217",
          "gps-011218",
          "gps-011219",
          "gps-011220",
          "gps-011221",
          "gps-011222",
          "gps-011223",
          "gps-011224",
          "gps-011225",
          "gps-011226",
          "gps-011227",
          "gps-011228",
          "gps-011229",
          "gps-011230",
          "gps-011231",
          "gps-011232",
          "gps-011233",
          "gps-011234",
          "gps-011235",
          "gps-011237",
          "gps-011238",
          "gps-011239",
          "gps-011240",
          "gps-011241",
          "gps-011242",
          "gps-011243",
          "gps-011244",
          "gps-011245",
          "gps-011246",
          "gps-011247",
          "gps-011250",
          "gps-011251",
          "gps-011252",
          "gps-011253",
          "gps-011254",
          "gps-011255",
          "gps-011256",
          "gps-011257",
          "gps-011258",
          "gps-011259",
          "gps-011260",
          "gps-011261",
          "gps-011262",
          "gps-011263",
          "gps-011264",
          "gps-011265",
          "gps-011266",
          "gps-011267",
          "gps-011268",
          "gps-011269",
          "gps-011270",
          "gps-011271",
          "gps-011272",
          "gps-011273",
          "gps-011274",
          "gps-011275",
          "gps-011276",
          "gps-011277",
          "gps-011278",
          "gps-011279",
          "gps-011280",
          "gps-011281",
          "gps-011282",
          "gps-011283",
          "gps-011284",
          "gps-011285",
          "gps-011286",
          "gps-011287",
          "gps-011288",
          "gps-011289",
          "gps-011290",
          "gps-011291",
          "gps-011292",
          "gps-011293",
          "gps-011294",
          "gps-011295",
          "gps-011296",
          "gps-011297",
          "gps-011298",
          "gps-011299",
          "gps-011300",
          "gps-011301",
          "gps-011302",
          "gps-011303",
          "gps-011304",
          "gps-011305",
          "gps-011306",
          "gps-011307",
          "gps-011308",
          "gps-011309",
          "gps-011310",
          "gps-011311",
          "gps-011312",
          "gps-011313",
          "gps-011314",
          "gps-011315",
          "gps-011316",
          "gps-011317",
          "gps-011318",
          "gps-011319",
          "gps-011320",
          "gps-011321",
          "gps-011322",
          "gps-011323",
          "gps-011324",
          "gps-011325",
          "gps-011326",
          "gps-011327",
          "gps-011328",
          "gps-011329",
          "gps-011330",
          "gps-011331",
          "gps-011332",
          "gps-011333",
          "gps-011334",
          "gps-011335",
          "gps-011336",
          "gps-011337",
          "gps-011338",
          "gps-011339",
          "gps-011340",
          "gps-011341",
          "gps-011342",
          "gps-011343",
          "gps-011344",
          "gps-011345",
          "gps-011346",
          "gps-011347",
          "gps-011348",
          "gps-011349",
          "gps-011350",
          "gps-011351",
          "gps-011352",
          "gps-011353",
          "gps-011354",
          "gps-011355",
          "gps-011356",
          "gps-011357",
          "gps-011358",
          "gps-011359",
          "gps-011360",
          "gps-011361",
          "gps-011362",
          "gps-011363",
          "gps-011364",
          "gps-011365",
          "gps-011366",
          "gps-011367",
          "gps-011368",
          "gps-011369",
          "gps-011370",
          "gps-011371",
          "gps-011372",
          "gps-011373",
          "gps-011374",
          "gps-011375",
          "gps-011376",
          "gps-011377",
          "gps-011378",
          "gps-011379",
          "gps-011380",
          "gps-011381",
          "gps-011382",
          "gps-011383",
          "gps-011384",
          "gps-011385",
          "gps-011386",
          "gps-011387",
          "gps-011388",
          "gps-011389",
          "gps-011390",
          "gps-011391",
          "gps-011392",
          "gps-011393",
          "gps-011394",
          "gps-011395",
          "gps-011396",
          "gps-011397",
          "gps-011398",
          "gps-011399",
          "gps-011400",
          "gps-011401",
          "gps-011402",
          "gps-011403",
          "gps-011404",
          "gps-011405",
          "gps-011406",
          "gps-011407",
          "gps-011408",
          "gps-011409",
          "gps-011410",
          "gps-011411",
          "gps-011412",
          "gps-011413",
          "gps-011414",
          "gps-011415",
          "gps-011416",
          "gps-011417",
          "gps-011418",
          "gps-011419",
          "gps-011420",
          "gps-011421",
          "gps-011422",
          "gps-011423",
          "gps-011424",
          "gps-011425",
          "gps-011426",
          "gps-011427",
          "gps-011428",
          "gps-011429",
          "gps-011430",
          "gps-011431",
          "gps-011432",
          "gps-011433",
          "gps-011434",
          "gps-011435",
          "gps-011436",
          "gps-011437",
          "gps-011438",
          "gps-011439",
          "gps-011440",
          "gps-011441",
          "gps-011442",
          "gps-011443",
          "gps-011444",
          "gps-011445",
          "gps-011446",
          "gps-011447",
          "gps-011448",
          "gps-011449",
          "gps-011450",
          "gps-011451",
          "gps-011452",
          "gps-011453",
          "gps-011454",
          "gps-011455",
          "gps-011456",
          "gps-011457",
          "gps-011458",
          "gps-011459",
          "gps-011460",
          "gps-011461",
          "gps-011462",
          "gps-011463",
          "gps-011464",
          "gps-011465",
          "gps-011466",
          "gps-011467",
          "gps-011468",
          "gps-011469",
          "gps-011470",
          "gps-011471",
          "gps-011472",
          "gps-011473",
          "gps-011474",
          "gps-011475",
          "gps-011476",
          "gps-011477",
          "gps-011478",
          "gps-011479",
          "gps-011480",
          "gps-011481",
          "gps-011482",
          "gps-011483",
          "gps-011484",
          "gps-011485",
          "gps-011486",
          "gps-011487",
          "gps-011488",
          "gps-011489",
          "gps-011490",
          "gps-011491",
          "gps-011492",
          "gps-011493",
          "gps-011494",
          "gps-011495",
          "gps-011496",
          "gps-011497",
          "gps-011498",
          "gps-011499",
          "gps-011500",
          "gps-011501",
          "gps-011502",
          "gps-011503",
          "gps-011504",
          "gps-011505",
          "gps-011506",
          "gps-011507",
          "gps-011508",
          "gps-011509",
          "gps-011510",
          "gps-011511",
          "gps-011512",
          "gps-011513",
          "gps-011514",
          "gps-011515",
          "gps-011516",
          "gps-011517",
          "gps-011518",
          "gps-011519",
          "gps-011520",
          "gps-011521",
          "gps-011522",
          "gps-011523",
          "gps-011524",
          "gps-011525",
          "gps-011526",
          "gps-011527",
          "gps-011528",
          "gps-011529",
          "gps-011530",
          "gps-011531",
          "gps-011532",
          "gps-011533",
          "gps-011534",
          "gps-011535",
          "gps-011536",
          "gps-011537",
          "gps-011538",
          "gps-011539",
          "gps-011540",
          "gps-011541",
          "gps-011542",
          "gps-011543",
          "gps-011544",
          "gps-011545",
          "gps-011546",
          "gps-011547",
          "gps-011548",
          "gps-011549",
          "gps-011550",
          "gps-011551",
          "gps-011552",
          "gps-011553",
          "gps-011554",
          "gps-011555",
          "gps-011556",
          "gps-011557",
          "gps-011558",
          "gps-011559",
          "gps-011560",
          "gps-011561",
          "gps-011562",
          "gps-011563",
          "gps-011564",
          "gps-011565",
          "gps-011566",
          "gps-011567",
          "gps-011568",
          "gps-011569",
          "gps-011570",
          "gps-011571",
          "gps-011572",
          "gps-011573",
          "gps-011574",
          "gps-011575",
          "gps-011576",
          "gps-011577",
          "gps-011578",
          "gps-011579",
          "gps-011580",
          "gps-011581",
          "gps-011582",
          "gps-011583",
          "gps-011584",
          "gps-011585",
          "gps-011586",
          "gps-011587",
          "gps-011588",
          "gps-011589",
          "gps-011590",
          "gps-011591",
          "gps-011592",
          "gps-011593",
          "gps-011594",
          "gps-011595",
          "gps-011596",
          "gps-011597",
          "gps-011598",
          "gps-011599",
          "gps-011600",
          "gps-011601",
          "gps-011602",
          "gps-011603",
          "gps-011604",
          "gps-011605",
          "gps-011606",
          "gps-011607",
          "gps-011608",
          "gps-011609",
          "gps-011610",
          "gps-011611",
          "gps-011612",
          "gps-011613",
          "gps-011614",
          "gps-011615",
          "gps-011616",
          "gps-011617",
          "gps-011618",
          "gps-011619",
          "gps-011620",
          "gps-011621",
          "gps-011622",
          "gps-011623",
          "gps-011624",
          "gps-011625",
          "gps-011626",
          "gps-011627",
          "gps-011628",
          "gps-011629",
          "gps-011630",
          "gps-011631",
          "gps-011632",
          "gps-011633",
          "gps-011634",
          "gps-011635",
          "gps-011636",
          "gps-011637",
          "gps-011638",
          "gps-011639",
          "gps-011640",
          "gps-011641",
          "gps-011642",
          "gps-011643",
          "gps-011644",
          "gps-011645",
          "gps-011646",
          "gps-011647",
          "gps-011648",
          "gps-011649",
          "gps-011650",
          "gps-011651",
          "gps-011652",
          "gps-011653",
          "gps-011654",
          "gps-011655",
          "gps-011656",
          "gps-011657",
          "gps-011658",
          "gps-011659",
          "gps-011660",
          "gps-011661",
          "gps-011662",
          "gps-011663",
          "gps-011664",
          "gps-011665",
          "gps-011666",
          "gps-011667",
          "gps-011668",
          "gps-011669",
          "gps-011670",
          "gps-011671",
          "gps-011672",
          "gps-011673",
          "gps-011674",
          "gps-011675",
          "gps-011676",
          "gps-011677",
          "gps-011678",
          "gps-011679",
          "gps-011680",
          "gps-011681",
          "gps-011682",
          "gps-011683",
          "gps-011684",
          "gps-011685",
          "gps-011686",
          "gps-011687",
          "gps-011688",
          "gps-011689",
          "gps-011690",
          "gps-011691",
          "gps-011692",
          "gps-011693",
          "gps-011694",
          "gps-011695",
          "gps-011696",
          "gps-011697",
          "gps-011698",
          "gps-011699",
          "gps-011700",
          "gps-011701",
          "gps-011702",
          "gps-011703",
          "gps-011704",
          "gps-011705",
          "gps-011706",
          "gps-011707",
          "gps-011708",
          "gps-011709",
          "gps-011710"
        ],
        "no_artificial_relocation_connector": true
      }
    },
    {
      "type": "Feature",
      "geometry": {
        "type": "LineString",
        "coordinates": [
          [
            -87.09187061533991,
            30.48890146429696
          ],
          [
            -87.09184957676295,
            30.488889226718328
          ]
        ]
      },
      "properties": {
        "record_type": "display_route_segment",
        "inspection_date": "2026-08-07",
        "point_count": 2,
        "start_time": "2026-08-07T16:33:33.118Z",
        "end_time": "2026-08-07T16:33:33.713Z",
        "source_point_ids": [
          "gps-011712",
          "gps-011713"
        ],
        "no_artificial_relocation_connector": true
      }
    }
  ]
}