{
  "type": "FeatureCollection",
  "name": "AUG7 inspector wet dry interpretation",
  "properties": {
    "controlling_annotation": "August 7 western dry/wet transition: within the area actually walked and observed during the mapped sections, the inspector states that the ground west and north of the walked transition was dry, and the ground east and south was wet. This does not classify unwalked or visually unobserved acreage.",
    "inspector_clarification": "The area described as dry was dry when observed on August 7. The inspector states that it was not necessarily dry continuously since the prior rain; it dried during the intervening days. Do not interpret 'dry' as proof that the area does not become wet after rain or remains dry year-round.",
    "temporal_interpretation": "OBSERVED_DRY_ON_AUGUST_7_AFTER_INTERVENING_DRYING_TIME",
    "interpretation_is_separate_from_source_evidence": true,
    "no_original_records_rewritten": true,
    "limitation": "The same filtered walked-line geometry carries both directional side annotations. It is not a surveyed wet/dry boundary or an acreage classification."
  },
  "features": [
    {
      "type": "Feature",
      "geometry": {
        "type": "Polygon",
        "coordinates": [
          [
            [
              -87.0845120224395,
              30.4865310697842
            ],
            [
              -87.088708310752,
              30.4865755960689
            ],
            [
              -87.0886939257085,
              30.4871893100922
            ],
            [
              -87.0886797017473,
              30.4877932408389
            ],
            [
              -87.0886654764524,
              30.4883971670039
            ],
            [
              -87.0927457387322,
              30.4884323968728
            ],
            [
              -87.0927582509167,
              30.4894435197364
            ],
            [
              -87.0919148386255,
              30.4898722015236
            ],
            [
              -87.09092662576,
              30.4903692059014
            ],
            [
              -87.090841104479,
              30.4904299698723
            ],
            [
              -87.0908024577721,
              30.490480980405
            ],
            [
              -87.0907699144708,
              30.4905350910986
            ],
            [
              -87.0907438030326,
              30.4905917559189
            ],
            [
              -87.0907243877091,
              30.4906504039282
            ],
            [
              -87.0907118623679,
              30.4907104421136
            ],
            [
              -87.090628463883,
              30.4912977550218
            ],
            [
              -87.0843454344172,
              30.4918175810789
            ],
            [
              -87.0843257444383,
              30.4911001628273
            ],
            [
              -87.0843614864852,
              30.4901542322454
            ],
            [
              -87.0845120224395,
              30.4865310697842
            ]
          ],
          [
            [
              -87.0927527771255,
              30.4896057047166
            ],
            [
              -87.0927269139185,
              30.4905143999548
            ],
            [
              -87.0927096037795,
              30.4911226029213
            ],
            [
              -87.0927095218051,
              30.4911255117403
            ],
            [
              -87.0907903068713,
              30.4912843629312
            ],
            [
              -87.0908684165086,
              30.4907342772378
            ],
            [
              -87.0908802286263,
              30.4906779524956
            ],
            [
              -87.0908998966531,
              30.4906232993744
            ],
            [
              -87.0909271263499,
              30.4905711357302
            ],
            [
              -87.0909615089563,
              30.4905222428735
            ],
            [
              -87.0910174168417,
              30.4904825204399
            ],
            [
              -87.0919948733335,
              30.4899909253571
            ],
            [
              -87.0927527771255,
              30.4896057047166
            ]
          ]
        ]
      },
      "properties": {
        "record_type": "unobserved_unknown_land_context",
        "interpretation_class": "UNOBSERVED_OR_UNKNOWN",
        "information_class": "INTERPRETATION_DISPLAY_CONTEXT",
        "statement": "Land outside the area actually walked or visually observed remains unclassified by the August 7 wet/dry interpretation.",
        "render_order": 0
      }
    },
    {
      "type": "Feature",
      "geometry": {
        "type": "MultiLineString",
        "coordinates": [
          [
            [
              -87.0922078519752,
              30.48870712476228
            ],
            [
              -87.09219465127144,
              30.488708938691808
            ],
            [
              -87.09220099476212,
              30.488701476514535
            ],
            [
              -87.09220296333189,
              30.488711738505724
            ],
            [
              -87.09219954641706,
              30.48872530245303
            ],
            [
              -87.09218666394698,
              30.48873400991564
            ],
            [
              -87.09217239607523,
              30.48873271791223
            ],
            [
              -87.09216181674128,
              30.488744344392877
            ],
            [
              -87.09215058966491,
              30.48875049221303
            ],
            [
              -87.09213403436816,
              30.488763682394413
            ],
            [
              -87.09211992530311,
              30.488755407562607
            ],
            [
              -87.09210731303375,
              30.48876191937864
            ],
            [
              -87.09212011417054,
              30.488769691019993
            ],
            [
              -87.0921310998643,
              30.48877351147022
            ],
            [
              -87.09211953290702,
              30.48878069082018
            ],
            [
              -87.09210322424032,
              30.48878049826622
            ],
            [
              -87.09211261558058,
              30.48879094394646
            ],
            [
              -87.09210113752955,
              30.488790900468864
            ],
            [
              -87.09208860685486,
              30.48879397704394
            ]
          ],
          [
            [
              -87.09213643714696,
              30.488959856716587
            ],
            [
              -87.09211697671482,
              30.488980882887432
            ],
            [
              -87.09211285430895,
              30.489018993959206
            ],
            [
              -87.09211000547859,
              30.489064460665077
            ],
            [
              -87.09210876166594,
              30.489094522112875
            ],
            [
              -87.09210489031199,
              30.48911703313047
            ],
            [
              -87.0921025427628,
              30.48912597262812
            ],
            [
              -87.09209500226937,
              30.489137116684518
            ],
            [
              -87.09209166947232,
              30.489146735376092
            ],
            [
              -87.0920878746827,
              30.489157907439278
            ],
            [
              -87.09208678476391,
              30.489168594757306
            ],
            [
              -87.09209483124975,
              30.489176977454257
            ],
            [
              -87.09209533416396,
              30.4891860718192
            ],
            [
              -87.09208951208733,
              30.489210813014584
            ],
            [
              -87.09211049305472,
              30.489211936464464
            ],
            [
              -87.09209819677078,
              30.4892010841698
            ],
            [
              -87.09212277603481,
              30.489207861574528
            ],
            [
              -87.09211469549271,
              30.48921545640365
            ],
            [
              -87.09210659137331,
              30.489209433692345
            ],
            [
              -87.09211140464312,
              30.48921914773503
            ],
            [
              -87.0921136805347,
              30.489228833289495
            ],
            [
              -87.09210502429552,
              30.489234510370217
            ]
          ],
          [
            [
              -87.09201068546203,
              30.489137347674152
            ],
            [
              -87.09186340483144,
              30.489269473217128
            ],
            [
              -87.09193456138102,
              30.489276888514425
            ],
            [
              -87.09188897072316,
              30.48924646415
            ],
            [
              -87.0918738620146,
              30.48924741817112
            ],
            [
              -87.0918635781077,
              30.489252164702446
            ],
            [
              -87.09185178593043,
              30.489253798837282
            ],
            [
              -87.09184088090322,
              30.489250955298004
            ],
            [
              -87.09183088985762,
              30.489248144010734
            ],
            [
              -87.09182822307763,
              30.48923417359426
            ],
            [
              -87.09181822844509,
              30.48923003490133
            ],
            [
              -87.09180036606799,
              30.489197185178025
            ],
            [
              -87.09181184483269,
              30.48920317500359
            ],
            [
              -87.0917999071876,
              30.489214670167623
            ],
            [
              -87.09179509079677,
              30.489226138881335
            ],
            [
              -87.0917986839298,
              30.489235562382582
            ],
            [
              -87.0918072297665,
              30.489242113010487
            ],
            [
              -87.09180788933588,
              30.489253597323128
            ],
            [
              -87.09181025942615,
              30.48926352933834
            ],
            [
              -87.09181638083442,
              30.489280590529845
            ],
            [
              -87.091796917147,
              30.48928055469856
            ],
            [
              -87.09178455329169,
              30.489278484995253
            ],
            [
              -87.09177486200468,
              30.489267511810294
            ],
            [
              -87.09177133828624,
              30.48925662651792
            ],
            [
              -87.09175609248541,
              30.48925268836161
            ],
            [
              -87.09174562390946,
              30.489253434811847
            ],
            [
              -87.09175373304163,
              30.48924679450714
            ],
            [
              -87.09175074364444,
              30.489232146266314
            ],
            [
              -87.0917419469513,
              30.489226607079964
            ],
            [
              -87.09174896005943,
              30.489216460847484
            ],
            [
              -87.09176006760526,
              30.489213251258015
            ],
            [
              -87.0917704949369,
              30.489206177936172
            ],
            [
              -87.09177003450705,
              30.48919603475643
            ],
            [
              -87.09177552299583,
              30.489204794810654
            ],
            [
              -87.09178344981112,
              30.489213125900065
            ],
            [
              -87.09177111919772,
              30.48921708240853
            ],
            [
              -87.09178274386886,
              30.489220136189786
            ],
            [
              -87.09169512619756,
              30.489122261875075
            ],
            [
              -87.09169174786116,
              30.489158789444286
            ],
            [
              -87.09168032469572,
              30.489154328763924
            ],
            [
              -87.0916736786514,
              30.489145984608992
            ],
            [
              -87.09168473003778,
              30.48914809064789
            ],
            [
              -87.09169532122404,
              30.4891387238587
            ],
            [
              -87.09168401176984,
              30.489145261375857
            ],
            [
              -87.0916692353684,
              30.489144376934167
            ],
            [
              -87.09167183244043,
              30.48913501347385
            ],
            [
              -87.09166507687515,
              30.48912790130595
            ],
            [
              -87.09166297841031,
              30.489116714583872
            ],
            [
              -87.0916570773773,
              30.489107769775348
            ],
            [
              -87.09165255007275,
              30.489099537462003
            ],
            [
              -87.09164676093708,
              30.489090817842293
            ],
            [
              -87.09164698504262,
              30.489073697136334
            ],
            [
              -87.09163634529511,
              30.48906373681055
            ],
            [
              -87.09162424640618,
              30.489057032463347
            ],
            [
              -87.0916076032656,
              30.48906404080896
            ],
            [
              -87.09160579749856,
              30.489073963254864
            ],
            [
              -87.09161644193466,
              30.489098472324102
            ],
            [
              -87.09160394952923,
              30.489099818019586
            ],
            [
              -87.09160933674336,
              30.489080263568948
            ],
            [
              -87.09160340458537,
              30.48906493619594
            ],
            [
              -87.09159265546425,
              30.48906824865374
            ],
            [
              -87.09158800481481,
              30.489057059832643
            ],
            [
              -87.09160609851942,
              30.489044157314048
            ],
            [
              -87.09159815376546,
              30.48902740671688
            ],
            [
              -87.09158099093634,
              30.489028447077867
            ],
            [
              -87.09159550587918,
              30.489005233529525
            ],
            [
              -87.09157577411462,
              30.489010715983063
            ],
            [
              -87.09156651800652,
              30.489017091255082
            ],
            [
              -87.0915538899176,
              30.489014589723098
            ],
            [
              -87.09154952629886,
              30.48900206746867
            ],
            [
              -87.09156100365578,
              30.489003346085525
            ],
            [
              -87.0915493409379,
              30.489003750313014
            ],
            [
              -87.09154377194382,
              30.489014749270684
            ],
            [
              -87.09152576564394,
              30.489022760020397
            ],
            [
              -87.09152803867062,
              30.48903352637332
            ],
            [
              -87.09155034864513,
              30.489029894851353
            ],
            [
              -87.0915537587798,
              30.489017872594705
            ],
            [
              -87.09155401140256,
              30.489008142969205
            ],
            [
              -87.09155731818299,
              30.488997668393456
            ],
            [
              -87.09155032729868,
              30.489004742642635
            ],
            [
              -87.09153657417063,
              30.488999755051847
            ],
            [
              -87.09153862551572,
              30.48898630615873
            ],
            [
              -87.09152747349525,
              30.48898024176644
            ],
            [
              -87.0915095816165,
              30.488991559124113
            ],
            [
              -87.09150767874272,
              30.488981268404768
            ],
            [
              -87.0915021523668,
              30.48899336818753
            ],
            [
              -87.09149098974265,
              30.488988510034904
            ],
            [
              -87.09150874259642,
              30.48899236814583
            ],
            [
              -87.09152225074088,
              30.48899523254791
            ],
            [
              -87.09152662628046,
              30.489003468165674
            ],
            [
              -87.09153929523333,
              30.4889992268574
            ],
            [
              -87.09152102024441,
              30.48900922194664
            ],
            [
              -87.0915053366292,
              30.4890110206311
            ],
            [
              -87.0914897633409,
              30.48900470945333
            ],
            [
              -87.0914718569946,
              30.489013081009563
            ],
            [
              -87.09148058114467,
              30.489028499721485
            ],
            [
              -87.09147005145252,
              30.48903179022434
            ],
            [
              -87.09146087698998,
              30.489038217365472
            ],
            [
              -87.09145315109761,
              30.489028575962173
            ],
            [
              -87.09146325696798,
              30.489034998907265
            ],
            [
              -87.09145193470744,
              30.48902975576913
            ],
            [
              -87.09144302396051,
              30.4890232032906
            ],
            [
              -87.09142941612487,
              30.489013961728965
            ],
            [
              -87.09141785198359,
              30.48901209641185
            ],
            [
              -87.0914283460326,
              30.489017784452997
            ],
            [
              -87.0914337939142,
              30.489026261314915
            ],
            [
              -87.0914239882034,
              30.48901724567606
            ],
            [
              -87.09141134516793,
              30.489018433838257
            ],
            [
              -87.0914094577473,
              30.489030668921743
            ],
            [
              -87.0913985137656,
              30.489032898034445
            ],
            [
              -87.09139672511614,
              30.48902125057169
            ],
            [
              -87.09137945720343,
              30.489013222064656
            ],
            [
              -87.09139528348211,
              30.489010204136513
            ],
            [
              -87.09139784221358,
              30.48900067673421
            ],
            [
              -87.09139107742419,
              30.48899232887237
            ],
            [
              -87.09138083301674,
              30.48898054171536
            ],
            [
              -87.09137899946522,
              30.488970850589197
            ],
            [
              -87.09139055946721,
              30.488971229111893
            ],
            [
              -87.09139888720657,
              30.488965260538354
            ],
            [
              -87.09139167302556,
              30.488971901417376
            ],
            [
              -87.09138617687165,
              30.488980947072456
            ],
            [
              -87.09139672497321,
              30.488982338081346
            ],
            [
              -87.09140899996814,
              30.488985040827362
            ],
            [
              -87.09140021931827,
              30.488976435445476
            ],
            [
              -87.09140614958287,
              30.488985034235597
            ],
            [
              -87.09139227643944,
              30.488984830926885
            ],
            [
              -87.09137726220507,
              30.48898428554651
            ],
            [
              -87.09136998209269,
              30.488977330684886
            ],
            [
              -87.09135512289619,
              30.48896463508553
            ],
            [
              -87.09135175452683,
              30.48897443161945
            ],
            [
              -87.09134126794234,
              30.4889687061834
            ],
            [
              -87.09133711243913,
              30.48895588734402
            ],
            [
              -87.09134108677263,
              30.48894734789401
            ],
            [
              -87.09132790028296,
              30.488938011665606
            ],
            [
              -87.09133765446931,
              30.488930630772483
            ],
            [
              -87.09134691714895,
              30.48892523783021
            ],
            [
              -87.09134056174759,
              30.48890824517713
            ],
            [
              -87.09135021883989,
              30.488897302267077
            ],
            [
              -87.09133703819984,
              30.488895635047843
            ],
            [
              -87.09132641223462,
              30.488898220506577
            ],
            [
              -87.09132631082893,
              30.488882262243393
            ],
            [
              -87.0913192872789,
              30.488868806702442
            ],
            [
              -87.09132946628667,
              30.48886004193631
            ],
            [
              -87.0913132262939,
              30.48885675523499
            ],
            [
              -87.09130057821564,
              30.488850860800877
            ],
            [
              -87.09130807603674,
              30.488843328232306
            ],
            [
              -87.09131499350165,
              30.488833529406982
            ],
            [
              -87.09132882554634,
              30.488840796340703
            ],
            [
              -87.09133960372966,
              30.4888465615326
            ],
            [
              -87.09134836604726,
              30.48885295295717
            ],
            [
              -87.0913369994114,
              30.488844852859913
            ],
            [
              -87.09131835090412,
              30.488842551158708
            ],
            [
              -87.09130446710526,
              30.488841711574242
            ],
            [
              -87.09129900266794,
              30.48883268954545
            ],
            [
              -87.09130636571575,
              30.48882583093282
            ],
            [
              -87.09132044933149,
              30.48882792030172
            ],
            [
              -87.0913305435276,
              30.488820616411836
            ],
            [
              -87.09133788396124,
              30.488808323600733
            ],
            [
              -87.09134686427142,
              30.48881350168424
            ],
            [
              -87.09134947336867,
              30.48882255124745
            ],
            [
              -87.09136332292333,
              30.488816098363895
            ],
            [
              -87.0913551332899,
              30.48882305259826
            ],
            [
              -87.0913647573084,
              30.48883014440114
            ],
            [
              -87.09136193265651,
              30.488816418885857
            ],
            [
              -87.09137473077934,
              30.488797327878828
            ],
            [
              -87.09138250614579,
              30.48879025522118
            ],
            [
              -87.09137622298172,
              30.48878218540075
            ],
            [
              -87.09136434687387,
              30.488780236607884
            ],
            [
              -87.0913536688624,
              30.48876442173815
            ],
            [
              -87.0913541273804,
              30.488750258667743
            ],
            [
              -87.09137838524606,
              30.48874349872966
            ],
            [
              -87.09137649883618,
              30.488730798990485
            ],
            [
              -87.09135792119001,
              30.488727195752457
            ],
            [
              -87.09134440034309,
              30.488731844046377
            ],
            [
              -87.09133628376227,
              30.488739741388315
            ],
            [
              -87.0913310218177,
              30.488748041666554
            ],
            [
              -87.09132391770416,
              30.48875473797728
            ],
            [
              -87.0913114616735,
              30.488760586831436
            ],
            [
              -87.09130636161916,
              30.488779466833037
            ],
            [
              -87.09128688973657,
              30.4887672808071
            ],
            [
              -87.09127648594607,
              30.488758599735135
            ],
            [
              -87.09127448812899,
              30.488747456005985
            ],
            [
              -87.09126117634489,
              30.488746186927855
            ],
            [
              -87.09127324267885,
              30.48874726328107
            ],
            [
              -87.09127292660085,
              30.488756789301085
            ],
            [
              -87.09126605877137,
              30.48876691239595
            ],
            [
              -87.09126043086832,
              30.488778045944223
            ],
            [
              -87.0912515390896,
              30.488789768613195
            ],
            [
              -87.09122533046842,
              30.48877559948081
            ],
            [
              -87.09122477370184,
              30.48876639617859
            ],
            [
              -87.09124514688929,
              30.48876309279185
            ],
            [
              -87.09122351998866,
              30.488765009457783
            ],
            [
              -87.0912459367616,
              30.48876258552204
            ],
            [
              -87.09123403916881,
              30.48875384977521
            ],
            [
              -87.09124440598536,
              30.48875160946118
            ],
            [
              -87.09124497018531,
              30.488764208328213
            ],
            [
              -87.09124890293788,
              30.488748069726306
            ],
            [
              -87.09125327925479,
              30.488739060460492
            ],
            [
              -87.09127003175294,
              30.488730891637868
            ],
            [
              -87.09127903358845,
              30.48872441817853
            ],
            [
              -87.09127186009817,
              30.488732928249487
            ],
            [
              -87.09128805366545,
              30.488699370425635
            ],
            [
              -87.09128930182318,
              30.488708413099392
            ],
            [
              -87.09127186760078,
              30.48871822756936
            ],
            [
              -87.09126212536522,
              30.488713160088093
            ],
            [
              -87.09125534823195,
              30.488726107770603
            ],
            [
              -87.09124079754613,
              30.488735756521187
            ],
            [
              -87.09123734673902,
              30.48874841813044
            ],
            [
              -87.09123036766714,
              30.488764622283878
            ],
            [
              -87.09122080603825,
              30.48878128836695
            ],
            [
              -87.09121367587184,
              30.488790432935023
            ],
            [
              -87.09120959782766,
              30.488801984952225
            ],
            [
              -87.0912165152375,
              30.488817606180806
            ],
            [
              -87.09122931661645,
              30.48883362579098
            ],
            [
              -87.0912342824019,
              30.48884373480653
            ],
            [
              -87.09123137745756,
              30.488858096724865
            ],
            [
              -87.09122846640696,
              30.488867180373923
            ],
            [
              -87.09121155756807,
              30.48886854092232
            ],
            [
              -87.0911930051895,
              30.48887876069649
            ],
            [
              -87.0911872505923,
              30.48889048557186
            ],
            [
              -87.09119422447482,
              30.48890325669014
            ],
            [
              -87.09119536630193,
              30.488914278255308
            ],
            [
              -87.09120089509746,
              30.48892210518731
            ],
            [
              -87.09118518853869,
              30.488914716521872
            ],
            [
              -87.09117467369887,
              30.48892543787542
            ],
            [
              -87.09115524739846,
              30.488906621657815
            ],
            [
              -87.0911529142952,
              30.488916489608137
            ],
            [
              -87.09116067795577,
              30.488932183160728
            ],
            [
              -87.09115429829941,
              30.488924460098087
            ],
            [
              -87.0911474903556,
              30.48893260876772
            ],
            [
              -87.09115708707195,
              30.48893922395874
            ],
            [
              -87.09114951832164,
              30.488932341844922
            ],
            [
              -87.09115724858172,
              30.488942785779475
            ],
            [
              -87.09114076691475,
              30.48893794433297
            ],
            [
              -87.09113583273039,
              30.4889298767774
            ],
            [
              -87.09112488089639,
              30.488931613572987
            ],
            [
              -87.09112330744063,
              30.488941014500693
            ],
            [
              -87.09112207045095,
              30.48895248652832
            ],
            [
              -87.09114139159043,
              30.48895640742836
            ],
            [
              -87.09115556113343,
              30.48895711956033
            ],
            [
              -87.09116959858217,
              30.488952169426113
            ],
            [
              -87.09117370477219,
              30.488960494468614
            ],
            [
              -87.09117242409233,
              30.48896998528633
            ],
            [
              -87.09116415908169,
              30.48897597565928
            ],
            [
              -87.09115704387932,
              30.488967236518924
            ],
            [
              -87.0911455981887,
              30.488967138042725
            ],
            [
              -87.09113651014336,
              30.48899189236411
            ],
            [
              -87.09113386767679,
              30.48898202327734
            ],
            [
              -87.09113507885415,
              30.488992127931485
            ],
            [
              -87.09113257095417,
              30.489006075720535
            ],
            [
              -87.0911266138794,
              30.489014290188706
            ],
            [
              -87.09111387368237,
              30.48902625347483
            ],
            [
              -87.09111568231452,
              30.48903579800033
            ],
            [
              -87.09110791191391,
              30.489054966008396
            ],
            [
              -87.09109829153931,
              30.489051028128724
            ],
            [
              -87.09109859976209,
              30.4890616111489
            ],
            [
              -87.09108392706685,
              30.489072625461205
            ],
            [
              -87.0910700288877,
              30.48907587452172
            ],
            [
              -87.0910707541163,
              30.48906477790599
            ],
            [
              -87.09107242070704,
              30.489077692016718
            ],
            [
              -87.09106153762664,
              30.489076563079646
            ],
            [
              -87.09105214824824,
              30.48908143138233
            ],
            [
              -87.09104620490166,
              30.489092587753486
            ],
            [
              -87.09104512576715,
              30.489082917684858
            ],
            [
              -87.09105086343743,
              30.489104763652094
            ],
            [
              -87.09105702300907,
              30.48909422754391
            ],
            [
              -87.0910673385196,
              30.48910141621442
            ],
            [
              -87.09107238409085,
              30.489089371499272
            ],
            [
              -87.09107996797908,
              30.489099387594802
            ],
            [
              -87.09108993182932,
              30.4891040078117
            ],
            [
              -87.09110086331309,
              30.489108556785684
            ],
            [
              -87.09110974071582,
              30.489102861518862
            ],
            [
              -87.09110350456315,
              30.489113226786674
            ],
            [
              -87.0911181101216,
              30.48911483798487
            ],
            [
              -87.09111948774365,
              30.48912426059512
            ],
            [
              -87.09112383611169,
              30.48911599098783
            ],
            [
              -87.09113472645556,
              30.48911223549536
            ],
            [
              -87.09112032901744,
              30.489108707952507
            ],
            [
              -87.0911087421891,
              30.489112882126822
            ],
            [
              -87.09110927724095,
              30.489129183365257
            ],
            [
              -87.09112008807305,
              30.489132159786198
            ],
            [
              -87.09112153326318,
              30.489141229612606
            ],
            [
              -87.09113217670051,
              30.48914193985901
            ],
            [
              -87.09114412139442,
              30.48914485753119
            ],
            [
              -87.09113970539286,
              30.489136358918675
            ],
            [
              -87.09113278627926,
              30.489123790771767
            ],
            [
              -87.09113708068793,
              30.4891395858452
            ],
            [
              -87.09114868808474,
              30.489144696679887
            ],
            [
              -87.09116194146982,
              30.489140790178265
            ],
            [
              -87.09117473104904,
              30.489145741147237
            ],
            [
              -87.09118375200308,
              30.489135832871703
            ],
            [
              -87.09117685531687,
              30.489148322949085
            ],
            [
              -87.09117417523512,
              30.48915861727214
            ],
            [
              -87.09118531313243,
              30.489158396795204
            ],
            [
              -87.09119395711208,
              30.48913974467665
            ],
            [
              -87.09118360085772,
              30.48914701299886
            ],
            [
              -87.09119128779525,
              30.489153107349697
            ],
            [
              -87.09119701151657,
              30.489163550645525
            ],
            [
              -87.0911987714825,
              30.489154467629508
            ]
          ],
          [
            [
              -87.09123252564804,
              30.489145449965854
            ],
            [
              -87.0912673685423,
              30.489083713635544
            ],
            [
              -87.09124106315402,
              30.4891943726234
            ],
            [
              -87.09125971624272,
              30.489219701773028
            ],
            [
              -87.09126199069917,
              30.489231709110665
            ],
            [
              -87.09125373789462,
              30.489241877690322
            ],
            [
              -87.0912537463355,
              30.489251728213937
            ],
            [
              -87.091261964869,
              30.489264376723824
            ],
            [
              -87.09127583549088,
              30.489262221409504
            ],
            [
              -87.09128547467951,
              30.489267669646573
            ],
            [
              -87.09126695630408,
              30.489277277463902
            ],
            [
              -87.09126818424477,
              30.489288562613414
            ],
            [
              -87.09127861126099,
              30.489293844801182
            ],
            [
              -87.0912950117756,
              30.489295391871384
            ],
            [
              -87.09130374653024,
              30.489301414876522
            ],
            [
              -87.0913203726826,
              30.48929386548315
            ],
            [
              -87.09132583585354,
              30.48927723719368
            ],
            [
              -87.09134222926203,
              30.489268832354433
            ],
            [
              -87.09135131301436,
              30.48925512197212
            ],
            [
              -87.09136522196773,
              30.489244262474358
            ],
            [
              -87.0913661699871,
              30.48925474375709
            ],
            [
              -87.0913414609807,
              30.4892726102744
            ],
            [
              -87.09133176201489,
              30.489277907905063
            ],
            [
              -87.09131955813025,
              30.489282877192238
            ],
            [
              -87.09132253619897,
              30.489295807834083
            ],
            [
              -87.09133025086481,
              30.489309434501017
            ],
            [
              -87.09133890555718,
              30.48931654159593
            ],
            [
              -87.09135189512703,
              30.489316402783082
            ],
            [
              -87.09136719959895,
              30.48931018297266
            ],
            [
              -87.09137447230236,
              30.48931729248905
            ],
            [
              -87.09139214431524,
              30.48932520846853
            ],
            [
              -87.09140335075027,
              30.489323014619274
            ],
            [
              -87.09142462829037,
              30.48932591561281
            ],
            [
              -87.09144045425525,
              30.489334031401572
            ],
            [
              -87.09145523969913,
              30.489341685435672
            ],
            [
              -87.09146777235775,
              30.489333295554943
            ],
            [
              -87.09145456084917,
              30.48933245234127
            ],
            [
              -87.0914675620052,
              30.489341698667584
            ],
            [
              -87.09146332741908,
              30.489332410931066
            ],
            [
              -87.09147162075455,
              30.48932628204335
            ],
            [
              -87.09146751264053,
              30.489315665316507
            ],
            [
              -87.0914725677278,
              30.489305864204834
            ],
            [
              -87.0914729529702,
              30.48929598165579
            ],
            [
              -87.09148143835964,
              30.489289273524452
            ],
            [
              -87.09148990878869,
              30.48928145154822
            ],
            [
              -87.09150142809818,
              30.489286687994415
            ],
            [
              -87.09151380271777,
              30.489259007387755
            ],
            [
              -87.09150702179875,
              30.489268017675847
            ],
            [
              -87.0915011001826,
              30.489283313810674
            ],
            [
              -87.09148715341153,
              30.4892892474665
            ],
            [
              -87.09148210515708,
              30.489300616338195
            ],
            [
              -87.09146860548792,
              30.48930725341434
            ],
            [
              -87.09145134898408,
              30.48930361177565
            ],
            [
              -87.09146171718633,
              30.489300959692045
            ],
            [
              -87.09145120826855,
              30.48930313939822
            ],
            [
              -87.09144579176085,
              30.4893139616426
            ],
            [
              -87.0914388865709,
              30.489301379696318
            ],
            [
              -87.09142865566834,
              30.489347851947862
            ],
            [
              -87.09142385882126,
              30.489328009915337
            ],
            [
              -87.09141433699656,
              30.489321477202534
            ],
            [
              -87.09142506172927,
              30.48932865910115
            ]
          ],
          [
            [
              -87.09139303055255,
              30.489324568898887
            ],
            [
              -87.09140473673531,
              30.489333332142024
            ],
            [
              -87.09139521806689,
              30.489328306861914
            ],
            [
              -87.09139521806689,
              30.489328306861914
            ]
          ],
          [
            [
              -87.09174726863914,
              30.48944230063079
            ],
            [
              -87.09172802670847,
              30.48936628455317
            ],
            [
              -87.09166695578008,
              30.489411473113492
            ],
            [
              -87.0916562441089,
              30.489421818198657
            ],
            [
              -87.09164734483737,
              30.489431302004576
            ],
            [
              -87.09165837160944,
              30.489432712278322
            ]
          ],
          [
            [
              -87.09202753920547,
              30.48962629947741
            ],
            [
              -87.09202452497476,
              30.48963836978558
            ],
            [
              -87.09200517379419,
              30.489630495213596
            ],
            [
              -87.09189066909899,
              30.489727898895527
            ],
            [
              -87.09193960206659,
              30.48969703578683
            ],
            [
              -87.09189224322571,
              30.489736376941224
            ],
            [
              -87.09190908147511,
              30.489749586320293
            ],
            [
              -87.09193062782568,
              30.4897710012354
            ],
            [
              -87.09194520983952,
              30.489774818158505
            ],
            [
              -87.09194672165347,
              30.48978604876509
            ],
            [
              -87.09193710490044,
              30.489789892048464
            ],
            [
              -87.09192611604678,
              30.489799690973456
            ],
            [
              -87.09191898969753,
              30.48981363963288
            ],
            [
              -87.09187153857889,
              30.489812601279677
            ],
            [
              -87.0918714882801,
              30.489791914742106
            ],
            [
              -87.09185055565658,
              30.489791874282417
            ],
            [
              -87.09182889033634,
              30.48978874520012
            ],
            [
              -87.09183683492523,
              30.489782193672813
            ],
            [
              -87.09185524678387,
              30.48978291091872
            ],
            [
              -87.09183666863207,
              30.489757508067918
            ],
            [
              -87.09186070921552,
              30.489748021438675
            ],
            [
              -87.09184048155838,
              30.489751636788256
            ],
            [
              -87.0918377116509,
              30.489762326226757
            ],
            [
              -87.09182842277774,
              30.4897675071568
            ],
            [
              -87.09182602515453,
              30.489778386241777
            ],
            [
              -87.09182869897012,
              30.489791163897628
            ],
            [
              -87.09183107074968,
              30.48978876868224
            ],
            [
              -87.09183107074968,
              30.48978876868224
            ]
          ],
          [
            [
              -87.09164588626982,
              30.48972188268546
            ],
            [
              -87.09162644113268,
              30.489735244863617
            ],
            [
              -87.0916249487667,
              30.4897443360332
            ],
            [
              -87.0916135178061,
              30.48975167999509
            ],
            [
              -87.09161997067595,
              30.4897672259378
            ],
            [
              -87.0916086808658,
              30.489766644342378
            ],
            [
              -87.09159643854129,
              30.489781802757438
            ],
            [
              -87.09160631853362,
              30.48978667396195
            ],
            [
              -87.09159427466344,
              30.48979338729334
            ],
            [
              -87.09160701280669,
              30.489792715028358
            ],
            [
              -87.09161041888858,
              30.48978227751019
            ],
            [
              -87.09159747351896,
              30.48978326774142
            ],
            [
              -87.0915886709184,
              30.489791527325313
            ],
            [
              -87.09158885720923,
              30.489780352472366
            ],
            [
              -87.09160686733509,
              30.489789295267357
            ],
            [
              -87.09161692733431,
              30.489783209625156
            ],
            [
              -87.09160466240472,
              30.48978188100962
            ],
            [
              -87.09160244688526,
              30.489799054809282
            ],
            [
              -87.09160927538777,
              30.48976946852913
            ],
            [
              -87.09160240612704,
              30.489776416556563
            ],
            [
              -87.09160517265356,
              30.489787571318296
            ],
            [
              -87.09159921923597,
              30.489797133263274
            ],
            [
              -87.09158381814352,
              30.489801061358563
            ],
            [
              -87.09157145163879,
              30.48980225911255
            ],
            [
              -87.09156369762802,
              30.489809880929496
            ],
            [
              -87.09158017628573,
              30.489818146484456
            ],
            [
              -87.09157764062718,
              30.489828338643655
            ],
            [
              -87.09159741902437,
              30.489834847709396
            ],
            [
              -87.09160683183119,
              30.489825547185877
            ],
            [
              -87.09161950796613,
              30.489820881881364
            ],
            [
              -87.0916277262925,
              30.489814596947653
            ],
            [
              -87.09162154775696,
              30.489825059454784
            ],
            [
              -87.09163281082695,
              30.48982401513721
            ],
            [
              -87.09163329100522,
              30.489811861327166
            ],
            [
              -87.09161964542753,
              30.489793207069926
            ],
            [
              -87.09161265303896,
              30.489784302703075
            ],
            [
              -87.09162051888475,
              30.489775432047217
            ],
            [
              -87.09163413013643,
              30.48976910401192
            ],
            [
              -87.09161898487791,
              30.48977706581821
            ],
            [
              -87.09161601052742,
              30.48979014819716
            ],
            [
              -87.09161274969344,
              30.489802516830572
            ],
            [
              -87.09163703685546,
              30.48984711389626
            ],
            [
              -87.09162724363522,
              30.489823950409534
            ],
            [
              -87.09162236800908,
              30.489812849882014
            ],
            [
              -87.09164362833685,
              30.4897994970072
            ],
            [
              -87.09165643484661,
              30.489795469273563
            ],
            [
              -87.09166898000214,
              30.48977800553632
            ],
            [
              -87.0916857385898,
              30.489771802585715
            ],
            [
              -87.09169647091879,
              30.489755800131515
            ],
            [
              -87.09170572873099,
              30.489769470019116
            ],
            [
              -87.09171435228382,
              30.489775300732063
            ],
            [
              -87.09172473242299,
              30.48977985347761
            ],
            [
              -87.0917358257006,
              30.489781882912524
            ],
            [
              -87.0917415475797,
              30.48979298568337
            ],
            [
              -87.09172139564302,
              30.489799175229194
            ],
            [
              -87.09171508905244,
              30.489791545296335
            ],
            [
              -87.09170728139017,
              30.48980350961712
            ],
            [
              -87.09169492387802,
              30.48981309556379
            ],
            [
              -87.09171426011073,
              30.489813676682044
            ],
            [
              -87.09171190681415,
              30.489823550611366
            ],
            [
              -87.09169918301771,
              30.489828441356998
            ],
            [
              -87.09169446083716,
              30.489842364608073
            ],
            [
              -87.09170625833913,
              30.48985647534327
            ],
            [
              -87.09171494654625,
              30.48984974930745
            ],
            [
              -87.09172788339814,
              30.48984864476199
            ],
            [
              -87.09173872896199,
              30.489851788037605
            ],
            [
              -87.0917357844787,
              30.489842311042125
            ],
            [
              -87.0917461861575,
              30.489834855473728
            ],
            [
              -87.09173209053554,
              30.489843817108664
            ],
            [
              -87.09172724799132,
              30.489835659489625
            ],
            [
              -87.09172714254015,
              30.489847890529916
            ],
            [
              -87.09171195558372,
              30.489856146179932
            ],
            [
              -87.09169651164588,
              30.489861610638016
            ],
            [
              -87.09170933837328,
              30.489867342035122
            ],
            [
              -87.09171704010507,
              30.48987405180566
            ],
            [
              -87.09172244836897,
              30.489865661118753
            ],
            [
              -87.0917308665995,
              30.489857605776237
            ],
            [
              -87.09174905033751,
              30.489857972252285
            ],
            [
              -87.09174858246868,
              30.48987041261888
            ],
            [
              -87.09176038718778,
              30.489886370611725
            ],
            [
              -87.09175992464337,
              30.48987276814802
            ],
            [
              -87.09175584578563,
              30.489856847534156
            ],
            [
              -87.09175445255829,
              30.489842016725856
            ],
            [
              -87.09176571449699,
              30.48984343985735
            ],
            [
              -87.09176024659715,
              30.48983114590558
            ],
            [
              -87.0917684476966,
              30.489821603808362
            ],
            [
              -87.09177164781306,
              30.48983336843474
            ]
          ]
        ]
      },
      "properties": {
        "record_type": "source_gps_evidence_display",
        "interpretation_class": "SOURCE_GPS_EVIDENCE",
        "information_class": "SOURCE_GPS_EVIDENCE_FILTERED_FOR_DISPLAY",
        "statement": "Filtered walked section lines. Every original point remains in AUG7_MAPPED_SECTIONS_FILTERED.geojson.",
        "render_order": 1
      }
    },
    {
      "type": "Feature",
      "geometry": {
        "type": "MultiPoint",
        "coordinates": [
          [
            -87.0920692219877,
            30.489679670486368
          ],
          [
            -87.09212728178065,
            30.489639061447793
          ],
          [
            -87.0921695688854,
            30.48957445170828
          ],
          [
            -87.09228191805425,
            30.488774476009134
          ],
          [
            -87.09228263828494,
            30.488768652250325
          ],
          [
            -87.0923010171493,
            30.48871176817641
          ],
          [
            -87.09228286048152,
            30.48869592841245
          ],
          [
            -87.09225549045358,
            30.48869601994706
          ],
          [
            -87.09228467655143,
            30.48869780162199
          ],
          [
            -87.09228113898178,
            30.488673943774298
          ],
          [
            -87.09220816032125,
            30.488711866386122
          ]
        ]
      },
      "properties": {
        "record_type": "photographed_water_locations",
        "interpretation_class": "PHOTOGRAPHED_WATER",
        "information_class": "SOURCE_PHOTOGRAPH_EVIDENCE",
        "photo_count": 11,
        "statement": "Locations of August 7 photographs recorded by the app with category WATER.",
        "render_order": 2
      }
    },
    {
      "type": "Feature",
      "geometry": {
        "type": "MultiLineString",
        "coordinates": [
          [
            [
              -87.0922078519752,
              30.48870712476228
            ],
            [
              -87.09219465127144,
              30.488708938691808
            ],
            [
              -87.09220099476212,
              30.488701476514535
            ],
            [
              -87.09220296333189,
              30.488711738505724
            ],
            [
              -87.09219954641706,
              30.48872530245303
            ],
            [
              -87.09218666394698,
              30.48873400991564
            ],
            [
              -87.09217239607523,
              30.48873271791223
            ],
            [
              -87.09216181674128,
              30.488744344392877
            ],
            [
              -87.09215058966491,
              30.48875049221303
            ],
            [
              -87.09213403436816,
              30.488763682394413
            ],
            [
              -87.09211992530311,
              30.488755407562607
            ],
            [
              -87.09210731303375,
              30.48876191937864
            ],
            [
              -87.09212011417054,
              30.488769691019993
            ],
            [
              -87.0921310998643,
              30.48877351147022
            ],
            [
              -87.09211953290702,
              30.48878069082018
            ],
            [
              -87.09210322424032,
              30.48878049826622
            ],
            [
              -87.09211261558058,
              30.48879094394646
            ],
            [
              -87.09210113752955,
              30.488790900468864
            ],
            [
              -87.09208860685486,
              30.48879397704394
            ]
          ],
          [
            [
              -87.09213643714696,
              30.488959856716587
            ],
            [
              -87.09211697671482,
              30.488980882887432
            ],
            [
              -87.09211285430895,
              30.489018993959206
            ],
            [
              -87.09211000547859,
              30.489064460665077
            ],
            [
              -87.09210876166594,
              30.489094522112875
            ],
            [
              -87.09210489031199,
              30.48911703313047
            ],
            [
              -87.0921025427628,
              30.48912597262812
            ],
            [
              -87.09209500226937,
              30.489137116684518
            ],
            [
              -87.09209166947232,
              30.489146735376092
            ],
            [
              -87.0920878746827,
              30.489157907439278
            ],
            [
              -87.09208678476391,
              30.489168594757306
            ],
            [
              -87.09209483124975,
              30.489176977454257
            ],
            [
              -87.09209533416396,
              30.4891860718192
            ],
            [
              -87.09208951208733,
              30.489210813014584
            ],
            [
              -87.09211049305472,
              30.489211936464464
            ],
            [
              -87.09209819677078,
              30.4892010841698
            ],
            [
              -87.09212277603481,
              30.489207861574528
            ],
            [
              -87.09211469549271,
              30.48921545640365
            ],
            [
              -87.09210659137331,
              30.489209433692345
            ],
            [
              -87.09211140464312,
              30.48921914773503
            ],
            [
              -87.0921136805347,
              30.489228833289495
            ],
            [
              -87.09210502429552,
              30.489234510370217
            ]
          ],
          [
            [
              -87.09201068546203,
              30.489137347674152
            ],
            [
              -87.09186340483144,
              30.489269473217128
            ],
            [
              -87.09193456138102,
              30.489276888514425
            ],
            [
              -87.09188897072316,
              30.48924646415
            ],
            [
              -87.0918738620146,
              30.48924741817112
            ],
            [
              -87.0918635781077,
              30.489252164702446
            ],
            [
              -87.09185178593043,
              30.489253798837282
            ],
            [
              -87.09184088090322,
              30.489250955298004
            ],
            [
              -87.09183088985762,
              30.489248144010734
            ],
            [
              -87.09182822307763,
              30.48923417359426
            ],
            [
              -87.09181822844509,
              30.48923003490133
            ],
            [
              -87.09180036606799,
              30.489197185178025
            ],
            [
              -87.09181184483269,
              30.48920317500359
            ],
            [
              -87.0917999071876,
              30.489214670167623
            ],
            [
              -87.09179509079677,
              30.489226138881335
            ],
            [
              -87.0917986839298,
              30.489235562382582
            ],
            [
              -87.0918072297665,
              30.489242113010487
            ],
            [
              -87.09180788933588,
              30.489253597323128
            ],
            [
              -87.09181025942615,
              30.48926352933834
            ],
            [
              -87.09181638083442,
              30.489280590529845
            ],
            [
              -87.091796917147,
              30.48928055469856
            ],
            [
              -87.09178455329169,
              30.489278484995253
            ],
            [
              -87.09177486200468,
              30.489267511810294
            ],
            [
              -87.09177133828624,
              30.48925662651792
            ],
            [
              -87.09175609248541,
              30.48925268836161
            ],
            [
              -87.09174562390946,
              30.489253434811847
            ],
            [
              -87.09175373304163,
              30.48924679450714
            ],
            [
              -87.09175074364444,
              30.489232146266314
            ],
            [
              -87.0917419469513,
              30.489226607079964
            ],
            [
              -87.09174896005943,
              30.489216460847484
            ],
            [
              -87.09176006760526,
              30.489213251258015
            ],
            [
              -87.0917704949369,
              30.489206177936172
            ],
            [
              -87.09177003450705,
              30.48919603475643
            ],
            [
              -87.09177552299583,
              30.489204794810654
            ],
            [
              -87.09178344981112,
              30.489213125900065
            ],
            [
              -87.09177111919772,
              30.48921708240853
            ],
            [
              -87.09178274386886,
              30.489220136189786
            ],
            [
              -87.09169512619756,
              30.489122261875075
            ],
            [
              -87.09169174786116,
              30.489158789444286
            ],
            [
              -87.09168032469572,
              30.489154328763924
            ],
            [
              -87.0916736786514,
              30.489145984608992
            ],
            [
              -87.09168473003778,
              30.48914809064789
            ],
            [
              -87.09169532122404,
              30.4891387238587
            ],
            [
              -87.09168401176984,
              30.489145261375857
            ],
            [
              -87.0916692353684,
              30.489144376934167
            ],
            [
              -87.09167183244043,
              30.48913501347385
            ],
            [
              -87.09166507687515,
              30.48912790130595
            ],
            [
              -87.09166297841031,
              30.489116714583872
            ],
            [
              -87.0916570773773,
              30.489107769775348
            ],
            [
              -87.09165255007275,
              30.489099537462003
            ],
            [
              -87.09164676093708,
              30.489090817842293
            ],
            [
              -87.09164698504262,
              30.489073697136334
            ],
            [
              -87.09163634529511,
              30.48906373681055
            ],
            [
              -87.09162424640618,
              30.489057032463347
            ],
            [
              -87.0916076032656,
              30.48906404080896
            ],
            [
              -87.09160579749856,
              30.489073963254864
            ],
            [
              -87.09161644193466,
              30.489098472324102
            ],
            [
              -87.09160394952923,
              30.489099818019586
            ],
            [
              -87.09160933674336,
              30.489080263568948
            ],
            [
              -87.09160340458537,
              30.48906493619594
            ],
            [
              -87.09159265546425,
              30.48906824865374
            ],
            [
              -87.09158800481481,
              30.489057059832643
            ],
            [
              -87.09160609851942,
              30.489044157314048
            ],
            [
              -87.09159815376546,
              30.48902740671688
            ],
            [
              -87.09158099093634,
              30.489028447077867
            ],
            [
              -87.09159550587918,
              30.489005233529525
            ],
            [
              -87.09157577411462,
              30.489010715983063
            ],
            [
              -87.09156651800652,
              30.489017091255082
            ],
            [
              -87.0915538899176,
              30.489014589723098
            ],
            [
              -87.09154952629886,
              30.48900206746867
            ],
            [
              -87.09156100365578,
              30.489003346085525
            ],
            [
              -87.0915493409379,
              30.489003750313014
            ],
            [
              -87.09154377194382,
              30.489014749270684
            ],
            [
              -87.09152576564394,
              30.489022760020397
            ],
            [
              -87.09152803867062,
              30.48903352637332
            ],
            [
              -87.09155034864513,
              30.489029894851353
            ],
            [
              -87.0915537587798,
              30.489017872594705
            ],
            [
              -87.09155401140256,
              30.489008142969205
            ],
            [
              -87.09155731818299,
              30.488997668393456
            ],
            [
              -87.09155032729868,
              30.489004742642635
            ],
            [
              -87.09153657417063,
              30.488999755051847
            ],
            [
              -87.09153862551572,
              30.48898630615873
            ],
            [
              -87.09152747349525,
              30.48898024176644
            ],
            [
              -87.0915095816165,
              30.488991559124113
            ],
            [
              -87.09150767874272,
              30.488981268404768
            ],
            [
              -87.0915021523668,
              30.48899336818753
            ],
            [
              -87.09149098974265,
              30.488988510034904
            ],
            [
              -87.09150874259642,
              30.48899236814583
            ],
            [
              -87.09152225074088,
              30.48899523254791
            ],
            [
              -87.09152662628046,
              30.489003468165674
            ],
            [
              -87.09153929523333,
              30.4889992268574
            ],
            [
              -87.09152102024441,
              30.48900922194664
            ],
            [
              -87.0915053366292,
              30.4890110206311
            ],
            [
              -87.0914897633409,
              30.48900470945333
            ],
            [
              -87.0914718569946,
              30.489013081009563
            ],
            [
              -87.09148058114467,
              30.489028499721485
            ],
            [
              -87.09147005145252,
              30.48903179022434
            ],
            [
              -87.09146087698998,
              30.489038217365472
            ],
            [
              -87.09145315109761,
              30.489028575962173
            ],
            [
              -87.09146325696798,
              30.489034998907265
            ],
            [
              -87.09145193470744,
              30.48902975576913
            ],
            [
              -87.09144302396051,
              30.4890232032906
            ],
            [
              -87.09142941612487,
              30.489013961728965
            ],
            [
              -87.09141785198359,
              30.48901209641185
            ],
            [
              -87.0914283460326,
              30.489017784452997
            ],
            [
              -87.0914337939142,
              30.489026261314915
            ],
            [
              -87.0914239882034,
              30.48901724567606
            ],
            [
              -87.09141134516793,
              30.489018433838257
            ],
            [
              -87.0914094577473,
              30.489030668921743
            ],
            [
              -87.0913985137656,
              30.489032898034445
            ],
            [
              -87.09139672511614,
              30.48902125057169
            ],
            [
              -87.09137945720343,
              30.489013222064656
            ],
            [
              -87.09139528348211,
              30.489010204136513
            ],
            [
              -87.09139784221358,
              30.48900067673421
            ],
            [
              -87.09139107742419,
              30.48899232887237
            ],
            [
              -87.09138083301674,
              30.48898054171536
            ],
            [
              -87.09137899946522,
              30.488970850589197
            ],
            [
              -87.09139055946721,
              30.488971229111893
            ],
            [
              -87.09139888720657,
              30.488965260538354
            ],
            [
              -87.09139167302556,
              30.488971901417376
            ],
            [
              -87.09138617687165,
              30.488980947072456
            ],
            [
              -87.09139672497321,
              30.488982338081346
            ],
            [
              -87.09140899996814,
              30.488985040827362
            ],
            [
              -87.09140021931827,
              30.488976435445476
            ],
            [
              -87.09140614958287,
              30.488985034235597
            ],
            [
              -87.09139227643944,
              30.488984830926885
            ],
            [
              -87.09137726220507,
              30.48898428554651
            ],
            [
              -87.09136998209269,
              30.488977330684886
            ],
            [
              -87.09135512289619,
              30.48896463508553
            ],
            [
              -87.09135175452683,
              30.48897443161945
            ],
            [
              -87.09134126794234,
              30.4889687061834
            ],
            [
              -87.09133711243913,
              30.48895588734402
            ],
            [
              -87.09134108677263,
              30.48894734789401
            ],
            [
              -87.09132790028296,
              30.488938011665606
            ],
            [
              -87.09133765446931,
              30.488930630772483
            ],
            [
              -87.09134691714895,
              30.48892523783021
            ],
            [
              -87.09134056174759,
              30.48890824517713
            ],
            [
              -87.09135021883989,
              30.488897302267077
            ],
            [
              -87.09133703819984,
              30.488895635047843
            ],
            [
              -87.09132641223462,
              30.488898220506577
            ],
            [
              -87.09132631082893,
              30.488882262243393
            ],
            [
              -87.0913192872789,
              30.488868806702442
            ],
            [
              -87.09132946628667,
              30.48886004193631
            ],
            [
              -87.0913132262939,
              30.48885675523499
            ],
            [
              -87.09130057821564,
              30.488850860800877
            ],
            [
              -87.09130807603674,
              30.488843328232306
            ],
            [
              -87.09131499350165,
              30.488833529406982
            ],
            [
              -87.09132882554634,
              30.488840796340703
            ],
            [
              -87.09133960372966,
              30.4888465615326
            ],
            [
              -87.09134836604726,
              30.48885295295717
            ],
            [
              -87.0913369994114,
              30.488844852859913
            ],
            [
              -87.09131835090412,
              30.488842551158708
            ],
            [
              -87.09130446710526,
              30.488841711574242
            ],
            [
              -87.09129900266794,
              30.48883268954545
            ],
            [
              -87.09130636571575,
              30.48882583093282
            ],
            [
              -87.09132044933149,
              30.48882792030172
            ],
            [
              -87.0913305435276,
              30.488820616411836
            ],
            [
              -87.09133788396124,
              30.488808323600733
            ],
            [
              -87.09134686427142,
              30.48881350168424
            ],
            [
              -87.09134947336867,
              30.48882255124745
            ],
            [
              -87.09136332292333,
              30.488816098363895
            ],
            [
              -87.0913551332899,
              30.48882305259826
            ],
            [
              -87.0913647573084,
              30.48883014440114
            ],
            [
              -87.09136193265651,
              30.488816418885857
            ],
            [
              -87.09137473077934,
              30.488797327878828
            ],
            [
              -87.09138250614579,
              30.48879025522118
            ],
            [
              -87.09137622298172,
              30.48878218540075
            ],
            [
              -87.09136434687387,
              30.488780236607884
            ],
            [
              -87.0913536688624,
              30.48876442173815
            ],
            [
              -87.0913541273804,
              30.488750258667743
            ],
            [
              -87.09137838524606,
              30.48874349872966
            ],
            [
              -87.09137649883618,
              30.488730798990485
            ],
            [
              -87.09135792119001,
              30.488727195752457
            ],
            [
              -87.09134440034309,
              30.488731844046377
            ],
            [
              -87.09133628376227,
              30.488739741388315
            ],
            [
              -87.0913310218177,
              30.488748041666554
            ],
            [
              -87.09132391770416,
              30.48875473797728
            ],
            [
              -87.0913114616735,
              30.488760586831436
            ],
            [
              -87.09130636161916,
              30.488779466833037
            ],
            [
              -87.09128688973657,
              30.4887672808071
            ],
            [
              -87.09127648594607,
              30.488758599735135
            ],
            [
              -87.09127448812899,
              30.488747456005985
            ],
            [
              -87.09126117634489,
              30.488746186927855
            ],
            [
              -87.09127324267885,
              30.48874726328107
            ],
            [
              -87.09127292660085,
              30.488756789301085
            ],
            [
              -87.09126605877137,
              30.48876691239595
            ],
            [
              -87.09126043086832,
              30.488778045944223
            ],
            [
              -87.0912515390896,
              30.488789768613195
            ],
            [
              -87.09122533046842,
              30.48877559948081
            ],
            [
              -87.09122477370184,
              30.48876639617859
            ],
            [
              -87.09124514688929,
              30.48876309279185
            ],
            [
              -87.09122351998866,
              30.488765009457783
            ],
            [
              -87.0912459367616,
              30.48876258552204
            ],
            [
              -87.09123403916881,
              30.48875384977521
            ],
            [
              -87.09124440598536,
              30.48875160946118
            ],
            [
              -87.09124497018531,
              30.488764208328213
            ],
            [
              -87.09124890293788,
              30.488748069726306
            ],
            [
              -87.09125327925479,
              30.488739060460492
            ],
            [
              -87.09127003175294,
              30.488730891637868
            ],
            [
              -87.09127903358845,
              30.48872441817853
            ],
            [
              -87.09127186009817,
              30.488732928249487
            ],
            [
              -87.09128805366545,
              30.488699370425635
            ],
            [
              -87.09128930182318,
              30.488708413099392
            ],
            [
              -87.09127186760078,
              30.48871822756936
            ],
            [
              -87.09126212536522,
              30.488713160088093
            ],
            [
              -87.09125534823195,
              30.488726107770603
            ],
            [
              -87.09124079754613,
              30.488735756521187
            ],
            [
              -87.09123734673902,
              30.48874841813044
            ],
            [
              -87.09123036766714,
              30.488764622283878
            ],
            [
              -87.09122080603825,
              30.48878128836695
            ],
            [
              -87.09121367587184,
              30.488790432935023
            ],
            [
              -87.09120959782766,
              30.488801984952225
            ],
            [
              -87.0912165152375,
              30.488817606180806
            ],
            [
              -87.09122931661645,
              30.48883362579098
            ],
            [
              -87.0912342824019,
              30.48884373480653
            ],
            [
              -87.09123137745756,
              30.488858096724865
            ],
            [
              -87.09122846640696,
              30.488867180373923
            ],
            [
              -87.09121155756807,
              30.48886854092232
            ],
            [
              -87.0911930051895,
              30.48887876069649
            ],
            [
              -87.0911872505923,
              30.48889048557186
            ],
            [
              -87.09119422447482,
              30.48890325669014
            ],
            [
              -87.09119536630193,
              30.488914278255308
            ],
            [
              -87.09120089509746,
              30.48892210518731
            ],
            [
              -87.09118518853869,
              30.488914716521872
            ],
            [
              -87.09117467369887,
              30.48892543787542
            ],
            [
              -87.09115524739846,
              30.488906621657815
            ],
            [
              -87.0911529142952,
              30.488916489608137
            ],
            [
              -87.09116067795577,
              30.488932183160728
            ],
            [
              -87.09115429829941,
              30.488924460098087
            ],
            [
              -87.0911474903556,
              30.48893260876772
            ],
            [
              -87.09115708707195,
              30.48893922395874
            ],
            [
              -87.09114951832164,
              30.488932341844922
            ],
            [
              -87.09115724858172,
              30.488942785779475
            ],
            [
              -87.09114076691475,
              30.48893794433297
            ],
            [
              -87.09113583273039,
              30.4889298767774
            ],
            [
              -87.09112488089639,
              30.488931613572987
            ],
            [
              -87.09112330744063,
              30.488941014500693
            ],
            [
              -87.09112207045095,
              30.48895248652832
            ],
            [
              -87.09114139159043,
              30.48895640742836
            ],
            [
              -87.09115556113343,
              30.48895711956033
            ],
            [
              -87.09116959858217,
              30.488952169426113
            ],
            [
              -87.09117370477219,
              30.488960494468614
            ],
            [
              -87.09117242409233,
              30.48896998528633
            ],
            [
              -87.09116415908169,
              30.48897597565928
            ],
            [
              -87.09115704387932,
              30.488967236518924
            ],
            [
              -87.0911455981887,
              30.488967138042725
            ],
            [
              -87.09113651014336,
              30.48899189236411
            ],
            [
              -87.09113386767679,
              30.48898202327734
            ],
            [
              -87.09113507885415,
              30.488992127931485
            ],
            [
              -87.09113257095417,
              30.489006075720535
            ],
            [
              -87.0911266138794,
              30.489014290188706
            ],
            [
              -87.09111387368237,
              30.48902625347483
            ],
            [
              -87.09111568231452,
              30.48903579800033
            ],
            [
              -87.09110791191391,
              30.489054966008396
            ],
            [
              -87.09109829153931,
              30.489051028128724
            ],
            [
              -87.09109859976209,
              30.4890616111489
            ],
            [
              -87.09108392706685,
              30.489072625461205
            ],
            [
              -87.0910700288877,
              30.48907587452172
            ],
            [
              -87.0910707541163,
              30.48906477790599
            ],
            [
              -87.09107242070704,
              30.489077692016718
            ],
            [
              -87.09106153762664,
              30.489076563079646
            ],
            [
              -87.09105214824824,
              30.48908143138233
            ],
            [
              -87.09104620490166,
              30.489092587753486
            ],
            [
              -87.09104512576715,
              30.489082917684858
            ],
            [
              -87.09105086343743,
              30.489104763652094
            ],
            [
              -87.09105702300907,
              30.48909422754391
            ],
            [
              -87.0910673385196,
              30.48910141621442
            ],
            [
              -87.09107238409085,
              30.489089371499272
            ],
            [
              -87.09107996797908,
              30.489099387594802
            ],
            [
              -87.09108993182932,
              30.4891040078117
            ],
            [
              -87.09110086331309,
              30.489108556785684
            ],
            [
              -87.09110974071582,
              30.489102861518862
            ],
            [
              -87.09110350456315,
              30.489113226786674
            ],
            [
              -87.0911181101216,
              30.48911483798487
            ],
            [
              -87.09111948774365,
              30.48912426059512
            ],
            [
              -87.09112383611169,
              30.48911599098783
            ],
            [
              -87.09113472645556,
              30.48911223549536
            ],
            [
              -87.09112032901744,
              30.489108707952507
            ],
            [
              -87.0911087421891,
              30.489112882126822
            ],
            [
              -87.09110927724095,
              30.489129183365257
            ],
            [
              -87.09112008807305,
              30.489132159786198
            ],
            [
              -87.09112153326318,
              30.489141229612606
            ],
            [
              -87.09113217670051,
              30.48914193985901
            ],
            [
              -87.09114412139442,
              30.48914485753119
            ],
            [
              -87.09113970539286,
              30.489136358918675
            ],
            [
              -87.09113278627926,
              30.489123790771767
            ],
            [
              -87.09113708068793,
              30.4891395858452
            ],
            [
              -87.09114868808474,
              30.489144696679887
            ],
            [
              -87.09116194146982,
              30.489140790178265
            ],
            [
              -87.09117473104904,
              30.489145741147237
            ],
            [
              -87.09118375200308,
              30.489135832871703
            ],
            [
              -87.09117685531687,
              30.489148322949085
            ],
            [
              -87.09117417523512,
              30.48915861727214
            ],
            [
              -87.09118531313243,
              30.489158396795204
            ],
            [
              -87.09119395711208,
              30.48913974467665
            ],
            [
              -87.09118360085772,
              30.48914701299886
            ],
            [
              -87.09119128779525,
              30.489153107349697
            ],
            [
              -87.09119701151657,
              30.489163550645525
            ],
            [
              -87.0911987714825,
              30.489154467629508
            ]
          ],
          [
            [
              -87.09123252564804,
              30.489145449965854
            ],
            [
              -87.0912673685423,
              30.489083713635544
            ],
            [
              -87.09124106315402,
              30.4891943726234
            ],
            [
              -87.09125971624272,
              30.489219701773028
            ],
            [
              -87.09126199069917,
              30.489231709110665
            ],
            [
              -87.09125373789462,
              30.489241877690322
            ],
            [
              -87.0912537463355,
              30.489251728213937
            ],
            [
              -87.091261964869,
              30.489264376723824
            ],
            [
              -87.09127583549088,
              30.489262221409504
            ],
            [
              -87.09128547467951,
              30.489267669646573
            ],
            [
              -87.09126695630408,
              30.489277277463902
            ],
            [
              -87.09126818424477,
              30.489288562613414
            ],
            [
              -87.09127861126099,
              30.489293844801182
            ],
            [
              -87.0912950117756,
              30.489295391871384
            ],
            [
              -87.09130374653024,
              30.489301414876522
            ],
            [
              -87.0913203726826,
              30.48929386548315
            ],
            [
              -87.09132583585354,
              30.48927723719368
            ],
            [
              -87.09134222926203,
              30.489268832354433
            ],
            [
              -87.09135131301436,
              30.48925512197212
            ],
            [
              -87.09136522196773,
              30.489244262474358
            ],
            [
              -87.0913661699871,
              30.48925474375709
            ],
            [
              -87.0913414609807,
              30.4892726102744
            ],
            [
              -87.09133176201489,
              30.489277907905063
            ],
            [
              -87.09131955813025,
              30.489282877192238
            ],
            [
              -87.09132253619897,
              30.489295807834083
            ],
            [
              -87.09133025086481,
              30.489309434501017
            ],
            [
              -87.09133890555718,
              30.48931654159593
            ],
            [
              -87.09135189512703,
              30.489316402783082
            ],
            [
              -87.09136719959895,
              30.48931018297266
            ],
            [
              -87.09137447230236,
              30.48931729248905
            ],
            [
              -87.09139214431524,
              30.48932520846853
            ],
            [
              -87.09140335075027,
              30.489323014619274
            ],
            [
              -87.09142462829037,
              30.48932591561281
            ],
            [
              -87.09144045425525,
              30.489334031401572
            ],
            [
              -87.09145523969913,
              30.489341685435672
            ],
            [
              -87.09146777235775,
              30.489333295554943
            ],
            [
              -87.09145456084917,
              30.48933245234127
            ],
            [
              -87.0914675620052,
              30.489341698667584
            ],
            [
              -87.09146332741908,
              30.489332410931066
            ],
            [
              -87.09147162075455,
              30.48932628204335
            ],
            [
              -87.09146751264053,
              30.489315665316507
            ],
            [
              -87.0914725677278,
              30.489305864204834
            ],
            [
              -87.0914729529702,
              30.48929598165579
            ],
            [
              -87.09148143835964,
              30.489289273524452
            ],
            [
              -87.09148990878869,
              30.48928145154822
            ],
            [
              -87.09150142809818,
              30.489286687994415
            ],
            [
              -87.09151380271777,
              30.489259007387755
            ],
            [
              -87.09150702179875,
              30.489268017675847
            ],
            [
              -87.0915011001826,
              30.489283313810674
            ],
            [
              -87.09148715341153,
              30.4892892474665
            ],
            [
              -87.09148210515708,
              30.489300616338195
            ],
            [
              -87.09146860548792,
              30.48930725341434
            ],
            [
              -87.09145134898408,
              30.48930361177565
            ],
            [
              -87.09146171718633,
              30.489300959692045
            ],
            [
              -87.09145120826855,
              30.48930313939822
            ],
            [
              -87.09144579176085,
              30.4893139616426
            ],
            [
              -87.0914388865709,
              30.489301379696318
            ],
            [
              -87.09142865566834,
              30.489347851947862
            ],
            [
              -87.09142385882126,
              30.489328009915337
            ],
            [
              -87.09141433699656,
              30.489321477202534
            ],
            [
              -87.09142506172927,
              30.48932865910115
            ]
          ],
          [
            [
              -87.09139303055255,
              30.489324568898887
            ],
            [
              -87.09140473673531,
              30.489333332142024
            ],
            [
              -87.09139521806689,
              30.489328306861914
            ],
            [
              -87.09139521806689,
              30.489328306861914
            ]
          ],
          [
            [
              -87.09174726863914,
              30.48944230063079
            ],
            [
              -87.09172802670847,
              30.48936628455317
            ],
            [
              -87.09166695578008,
              30.489411473113492
            ],
            [
              -87.0916562441089,
              30.489421818198657
            ],
            [
              -87.09164734483737,
              30.489431302004576
            ],
            [
              -87.09165837160944,
              30.489432712278322
            ]
          ],
          [
            [
              -87.09202753920547,
              30.48962629947741
            ],
            [
              -87.09202452497476,
              30.48963836978558
            ],
            [
              -87.09200517379419,
              30.489630495213596
            ],
            [
              -87.09189066909899,
              30.489727898895527
            ],
            [
              -87.09193960206659,
              30.48969703578683
            ],
            [
              -87.09189224322571,
              30.489736376941224
            ],
            [
              -87.09190908147511,
              30.489749586320293
            ],
            [
              -87.09193062782568,
              30.4897710012354
            ],
            [
              -87.09194520983952,
              30.489774818158505
            ],
            [
              -87.09194672165347,
              30.48978604876509
            ],
            [
              -87.09193710490044,
              30.489789892048464
            ],
            [
              -87.09192611604678,
              30.489799690973456
            ],
            [
              -87.09191898969753,
              30.48981363963288
            ],
            [
              -87.09187153857889,
              30.489812601279677
            ],
            [
              -87.0918714882801,
              30.489791914742106
            ],
            [
              -87.09185055565658,
              30.489791874282417
            ],
            [
              -87.09182889033634,
              30.48978874520012
            ],
            [
              -87.09183683492523,
              30.489782193672813
            ],
            [
              -87.09185524678387,
              30.48978291091872
            ],
            [
              -87.09183666863207,
              30.489757508067918
            ],
            [
              -87.09186070921552,
              30.489748021438675
            ],
            [
              -87.09184048155838,
              30.489751636788256
            ],
            [
              -87.0918377116509,
              30.489762326226757
            ],
            [
              -87.09182842277774,
              30.4897675071568
            ],
            [
              -87.09182602515453,
              30.489778386241777
            ],
            [
              -87.09182869897012,
              30.489791163897628
            ],
            [
              -87.09183107074968,
              30.48978876868224
            ],
            [
              -87.09183107074968,
              30.48978876868224
            ]
          ],
          [
            [
              -87.09164588626982,
              30.48972188268546
            ],
            [
              -87.09162644113268,
              30.489735244863617
            ],
            [
              -87.0916249487667,
              30.4897443360332
            ],
            [
              -87.0916135178061,
              30.48975167999509
            ],
            [
              -87.09161997067595,
              30.4897672259378
            ],
            [
              -87.0916086808658,
              30.489766644342378
            ],
            [
              -87.09159643854129,
              30.489781802757438
            ],
            [
              -87.09160631853362,
              30.48978667396195
            ],
            [
              -87.09159427466344,
              30.48979338729334
            ],
            [
              -87.09160701280669,
              30.489792715028358
            ],
            [
              -87.09161041888858,
              30.48978227751019
            ],
            [
              -87.09159747351896,
              30.48978326774142
            ],
            [
              -87.0915886709184,
              30.489791527325313
            ],
            [
              -87.09158885720923,
              30.489780352472366
            ],
            [
              -87.09160686733509,
              30.489789295267357
            ],
            [
              -87.09161692733431,
              30.489783209625156
            ],
            [
              -87.09160466240472,
              30.48978188100962
            ],
            [
              -87.09160244688526,
              30.489799054809282
            ],
            [
              -87.09160927538777,
              30.48976946852913
            ],
            [
              -87.09160240612704,
              30.489776416556563
            ],
            [
              -87.09160517265356,
              30.489787571318296
            ],
            [
              -87.09159921923597,
              30.489797133263274
            ],
            [
              -87.09158381814352,
              30.489801061358563
            ],
            [
              -87.09157145163879,
              30.48980225911255
            ],
            [
              -87.09156369762802,
              30.489809880929496
            ],
            [
              -87.09158017628573,
              30.489818146484456
            ],
            [
              -87.09157764062718,
              30.489828338643655
            ],
            [
              -87.09159741902437,
              30.489834847709396
            ],
            [
              -87.09160683183119,
              30.489825547185877
            ],
            [
              -87.09161950796613,
              30.489820881881364
            ],
            [
              -87.0916277262925,
              30.489814596947653
            ],
            [
              -87.09162154775696,
              30.489825059454784
            ],
            [
              -87.09163281082695,
              30.48982401513721
            ],
            [
              -87.09163329100522,
              30.489811861327166
            ],
            [
              -87.09161964542753,
              30.489793207069926
            ],
            [
              -87.09161265303896,
              30.489784302703075
            ],
            [
              -87.09162051888475,
              30.489775432047217
            ],
            [
              -87.09163413013643,
              30.48976910401192
            ],
            [
              -87.09161898487791,
              30.48977706581821
            ],
            [
              -87.09161601052742,
              30.48979014819716
            ],
            [
              -87.09161274969344,
              30.489802516830572
            ],
            [
              -87.09163703685546,
              30.48984711389626
            ],
            [
              -87.09162724363522,
              30.489823950409534
            ],
            [
              -87.09162236800908,
              30.489812849882014
            ],
            [
              -87.09164362833685,
              30.4897994970072
            ],
            [
              -87.09165643484661,
              30.489795469273563
            ],
            [
              -87.09166898000214,
              30.48977800553632
            ],
            [
              -87.0916857385898,
              30.489771802585715
            ],
            [
              -87.09169647091879,
              30.489755800131515
            ],
            [
              -87.09170572873099,
              30.489769470019116
            ],
            [
              -87.09171435228382,
              30.489775300732063
            ],
            [
              -87.09172473242299,
              30.48977985347761
            ],
            [
              -87.0917358257006,
              30.489781882912524
            ],
            [
              -87.0917415475797,
              30.48979298568337
            ],
            [
              -87.09172139564302,
              30.489799175229194
            ],
            [
              -87.09171508905244,
              30.489791545296335
            ],
            [
              -87.09170728139017,
              30.48980350961712
            ],
            [
              -87.09169492387802,
              30.48981309556379
            ],
            [
              -87.09171426011073,
              30.489813676682044
            ],
            [
              -87.09171190681415,
              30.489823550611366
            ],
            [
              -87.09169918301771,
              30.489828441356998
            ],
            [
              -87.09169446083716,
              30.489842364608073
            ],
            [
              -87.09170625833913,
              30.48985647534327
            ],
            [
              -87.09171494654625,
              30.48984974930745
            ],
            [
              -87.09172788339814,
              30.48984864476199
            ],
            [
              -87.09173872896199,
              30.489851788037605
            ],
            [
              -87.0917357844787,
              30.489842311042125
            ],
            [
              -87.0917461861575,
              30.489834855473728
            ],
            [
              -87.09173209053554,
              30.489843817108664
            ],
            [
              -87.09172724799132,
              30.489835659489625
            ],
            [
              -87.09172714254015,
              30.489847890529916
            ],
            [
              -87.09171195558372,
              30.489856146179932
            ],
            [
              -87.09169651164588,
              30.489861610638016
            ],
            [
              -87.09170933837328,
              30.489867342035122
            ],
            [
              -87.09171704010507,
              30.48987405180566
            ],
            [
              -87.09172244836897,
              30.489865661118753
            ],
            [
              -87.0917308665995,
              30.489857605776237
            ],
            [
              -87.09174905033751,
              30.489857972252285
            ],
            [
              -87.09174858246868,
              30.48987041261888
            ],
            [
              -87.09176038718778,
              30.489886370611725
            ],
            [
              -87.09175992464337,
              30.48987276814802
            ],
            [
              -87.09175584578563,
              30.489856847534156
            ],
            [
              -87.09175445255829,
              30.489842016725856
            ],
            [
              -87.09176571449699,
              30.48984343985735
            ],
            [
              -87.09176024659715,
              30.48983114590558
            ],
            [
              -87.0917684476966,
              30.489821603808362
            ],
            [
              -87.09177164781306,
              30.48983336843474
            ]
          ]
        ]
      },
      "properties": {
        "record_type": "inspector_confirmed_directional_annotation",
        "interpretation_class": "INSPECTOR_CONFIRMED_DRY_SIDE",
        "information_class": "INSPECTOR_INTERPRETATION",
        "direction_from_walked_transition": "west_and_north",
        "statement": "Within the area actually walked and observed during the mapped sections, the inspector states that the ground west and north of the walked transition was dry.",
        "same_source_line_used_for_both_directional_sides": true,
        "not_a_polygon_boundary": true,
        "render_order": 3
      }
    },
    {
      "type": "Feature",
      "geometry": {
        "type": "MultiLineString",
        "coordinates": [
          [
            [
              -87.0922078519752,
              30.48870712476228
            ],
            [
              -87.09219465127144,
              30.488708938691808
            ],
            [
              -87.09220099476212,
              30.488701476514535
            ],
            [
              -87.09220296333189,
              30.488711738505724
            ],
            [
              -87.09219954641706,
              30.48872530245303
            ],
            [
              -87.09218666394698,
              30.48873400991564
            ],
            [
              -87.09217239607523,
              30.48873271791223
            ],
            [
              -87.09216181674128,
              30.488744344392877
            ],
            [
              -87.09215058966491,
              30.48875049221303
            ],
            [
              -87.09213403436816,
              30.488763682394413
            ],
            [
              -87.09211992530311,
              30.488755407562607
            ],
            [
              -87.09210731303375,
              30.48876191937864
            ],
            [
              -87.09212011417054,
              30.488769691019993
            ],
            [
              -87.0921310998643,
              30.48877351147022
            ],
            [
              -87.09211953290702,
              30.48878069082018
            ],
            [
              -87.09210322424032,
              30.48878049826622
            ],
            [
              -87.09211261558058,
              30.48879094394646
            ],
            [
              -87.09210113752955,
              30.488790900468864
            ],
            [
              -87.09208860685486,
              30.48879397704394
            ]
          ],
          [
            [
              -87.09213643714696,
              30.488959856716587
            ],
            [
              -87.09211697671482,
              30.488980882887432
            ],
            [
              -87.09211285430895,
              30.489018993959206
            ],
            [
              -87.09211000547859,
              30.489064460665077
            ],
            [
              -87.09210876166594,
              30.489094522112875
            ],
            [
              -87.09210489031199,
              30.48911703313047
            ],
            [
              -87.0921025427628,
              30.48912597262812
            ],
            [
              -87.09209500226937,
              30.489137116684518
            ],
            [
              -87.09209166947232,
              30.489146735376092
            ],
            [
              -87.0920878746827,
              30.489157907439278
            ],
            [
              -87.09208678476391,
              30.489168594757306
            ],
            [
              -87.09209483124975,
              30.489176977454257
            ],
            [
              -87.09209533416396,
              30.4891860718192
            ],
            [
              -87.09208951208733,
              30.489210813014584
            ],
            [
              -87.09211049305472,
              30.489211936464464
            ],
            [
              -87.09209819677078,
              30.4892010841698
            ],
            [
              -87.09212277603481,
              30.489207861574528
            ],
            [
              -87.09211469549271,
              30.48921545640365
            ],
            [
              -87.09210659137331,
              30.489209433692345
            ],
            [
              -87.09211140464312,
              30.48921914773503
            ],
            [
              -87.0921136805347,
              30.489228833289495
            ],
            [
              -87.09210502429552,
              30.489234510370217
            ]
          ],
          [
            [
              -87.09201068546203,
              30.489137347674152
            ],
            [
              -87.09186340483144,
              30.489269473217128
            ],
            [
              -87.09193456138102,
              30.489276888514425
            ],
            [
              -87.09188897072316,
              30.48924646415
            ],
            [
              -87.0918738620146,
              30.48924741817112
            ],
            [
              -87.0918635781077,
              30.489252164702446
            ],
            [
              -87.09185178593043,
              30.489253798837282
            ],
            [
              -87.09184088090322,
              30.489250955298004
            ],
            [
              -87.09183088985762,
              30.489248144010734
            ],
            [
              -87.09182822307763,
              30.48923417359426
            ],
            [
              -87.09181822844509,
              30.48923003490133
            ],
            [
              -87.09180036606799,
              30.489197185178025
            ],
            [
              -87.09181184483269,
              30.48920317500359
            ],
            [
              -87.0917999071876,
              30.489214670167623
            ],
            [
              -87.09179509079677,
              30.489226138881335
            ],
            [
              -87.0917986839298,
              30.489235562382582
            ],
            [
              -87.0918072297665,
              30.489242113010487
            ],
            [
              -87.09180788933588,
              30.489253597323128
            ],
            [
              -87.09181025942615,
              30.48926352933834
            ],
            [
              -87.09181638083442,
              30.489280590529845
            ],
            [
              -87.091796917147,
              30.48928055469856
            ],
            [
              -87.09178455329169,
              30.489278484995253
            ],
            [
              -87.09177486200468,
              30.489267511810294
            ],
            [
              -87.09177133828624,
              30.48925662651792
            ],
            [
              -87.09175609248541,
              30.48925268836161
            ],
            [
              -87.09174562390946,
              30.489253434811847
            ],
            [
              -87.09175373304163,
              30.48924679450714
            ],
            [
              -87.09175074364444,
              30.489232146266314
            ],
            [
              -87.0917419469513,
              30.489226607079964
            ],
            [
              -87.09174896005943,
              30.489216460847484
            ],
            [
              -87.09176006760526,
              30.489213251258015
            ],
            [
              -87.0917704949369,
              30.489206177936172
            ],
            [
              -87.09177003450705,
              30.48919603475643
            ],
            [
              -87.09177552299583,
              30.489204794810654
            ],
            [
              -87.09178344981112,
              30.489213125900065
            ],
            [
              -87.09177111919772,
              30.48921708240853
            ],
            [
              -87.09178274386886,
              30.489220136189786
            ],
            [
              -87.09169512619756,
              30.489122261875075
            ],
            [
              -87.09169174786116,
              30.489158789444286
            ],
            [
              -87.09168032469572,
              30.489154328763924
            ],
            [
              -87.0916736786514,
              30.489145984608992
            ],
            [
              -87.09168473003778,
              30.48914809064789
            ],
            [
              -87.09169532122404,
              30.4891387238587
            ],
            [
              -87.09168401176984,
              30.489145261375857
            ],
            [
              -87.0916692353684,
              30.489144376934167
            ],
            [
              -87.09167183244043,
              30.48913501347385
            ],
            [
              -87.09166507687515,
              30.48912790130595
            ],
            [
              -87.09166297841031,
              30.489116714583872
            ],
            [
              -87.0916570773773,
              30.489107769775348
            ],
            [
              -87.09165255007275,
              30.489099537462003
            ],
            [
              -87.09164676093708,
              30.489090817842293
            ],
            [
              -87.09164698504262,
              30.489073697136334
            ],
            [
              -87.09163634529511,
              30.48906373681055
            ],
            [
              -87.09162424640618,
              30.489057032463347
            ],
            [
              -87.0916076032656,
              30.48906404080896
            ],
            [
              -87.09160579749856,
              30.489073963254864
            ],
            [
              -87.09161644193466,
              30.489098472324102
            ],
            [
              -87.09160394952923,
              30.489099818019586
            ],
            [
              -87.09160933674336,
              30.489080263568948
            ],
            [
              -87.09160340458537,
              30.48906493619594
            ],
            [
              -87.09159265546425,
              30.48906824865374
            ],
            [
              -87.09158800481481,
              30.489057059832643
            ],
            [
              -87.09160609851942,
              30.489044157314048
            ],
            [
              -87.09159815376546,
              30.48902740671688
            ],
            [
              -87.09158099093634,
              30.489028447077867
            ],
            [
              -87.09159550587918,
              30.489005233529525
            ],
            [
              -87.09157577411462,
              30.489010715983063
            ],
            [
              -87.09156651800652,
              30.489017091255082
            ],
            [
              -87.0915538899176,
              30.489014589723098
            ],
            [
              -87.09154952629886,
              30.48900206746867
            ],
            [
              -87.09156100365578,
              30.489003346085525
            ],
            [
              -87.0915493409379,
              30.489003750313014
            ],
            [
              -87.09154377194382,
              30.489014749270684
            ],
            [
              -87.09152576564394,
              30.489022760020397
            ],
            [
              -87.09152803867062,
              30.48903352637332
            ],
            [
              -87.09155034864513,
              30.489029894851353
            ],
            [
              -87.0915537587798,
              30.489017872594705
            ],
            [
              -87.09155401140256,
              30.489008142969205
            ],
            [
              -87.09155731818299,
              30.488997668393456
            ],
            [
              -87.09155032729868,
              30.489004742642635
            ],
            [
              -87.09153657417063,
              30.488999755051847
            ],
            [
              -87.09153862551572,
              30.48898630615873
            ],
            [
              -87.09152747349525,
              30.48898024176644
            ],
            [
              -87.0915095816165,
              30.488991559124113
            ],
            [
              -87.09150767874272,
              30.488981268404768
            ],
            [
              -87.0915021523668,
              30.48899336818753
            ],
            [
              -87.09149098974265,
              30.488988510034904
            ],
            [
              -87.09150874259642,
              30.48899236814583
            ],
            [
              -87.09152225074088,
              30.48899523254791
            ],
            [
              -87.09152662628046,
              30.489003468165674
            ],
            [
              -87.09153929523333,
              30.4889992268574
            ],
            [
              -87.09152102024441,
              30.48900922194664
            ],
            [
              -87.0915053366292,
              30.4890110206311
            ],
            [
              -87.0914897633409,
              30.48900470945333
            ],
            [
              -87.0914718569946,
              30.489013081009563
            ],
            [
              -87.09148058114467,
              30.489028499721485
            ],
            [
              -87.09147005145252,
              30.48903179022434
            ],
            [
              -87.09146087698998,
              30.489038217365472
            ],
            [
              -87.09145315109761,
              30.489028575962173
            ],
            [
              -87.09146325696798,
              30.489034998907265
            ],
            [
              -87.09145193470744,
              30.48902975576913
            ],
            [
              -87.09144302396051,
              30.4890232032906
            ],
            [
              -87.09142941612487,
              30.489013961728965
            ],
            [
              -87.09141785198359,
              30.48901209641185
            ],
            [
              -87.0914283460326,
              30.489017784452997
            ],
            [
              -87.0914337939142,
              30.489026261314915
            ],
            [
              -87.0914239882034,
              30.48901724567606
            ],
            [
              -87.09141134516793,
              30.489018433838257
            ],
            [
              -87.0914094577473,
              30.489030668921743
            ],
            [
              -87.0913985137656,
              30.489032898034445
            ],
            [
              -87.09139672511614,
              30.48902125057169
            ],
            [
              -87.09137945720343,
              30.489013222064656
            ],
            [
              -87.09139528348211,
              30.489010204136513
            ],
            [
              -87.09139784221358,
              30.48900067673421
            ],
            [
              -87.09139107742419,
              30.48899232887237
            ],
            [
              -87.09138083301674,
              30.48898054171536
            ],
            [
              -87.09137899946522,
              30.488970850589197
            ],
            [
              -87.09139055946721,
              30.488971229111893
            ],
            [
              -87.09139888720657,
              30.488965260538354
            ],
            [
              -87.09139167302556,
              30.488971901417376
            ],
            [
              -87.09138617687165,
              30.488980947072456
            ],
            [
              -87.09139672497321,
              30.488982338081346
            ],
            [
              -87.09140899996814,
              30.488985040827362
            ],
            [
              -87.09140021931827,
              30.488976435445476
            ],
            [
              -87.09140614958287,
              30.488985034235597
            ],
            [
              -87.09139227643944,
              30.488984830926885
            ],
            [
              -87.09137726220507,
              30.48898428554651
            ],
            [
              -87.09136998209269,
              30.488977330684886
            ],
            [
              -87.09135512289619,
              30.48896463508553
            ],
            [
              -87.09135175452683,
              30.48897443161945
            ],
            [
              -87.09134126794234,
              30.4889687061834
            ],
            [
              -87.09133711243913,
              30.48895588734402
            ],
            [
              -87.09134108677263,
              30.48894734789401
            ],
            [
              -87.09132790028296,
              30.488938011665606
            ],
            [
              -87.09133765446931,
              30.488930630772483
            ],
            [
              -87.09134691714895,
              30.48892523783021
            ],
            [
              -87.09134056174759,
              30.48890824517713
            ],
            [
              -87.09135021883989,
              30.488897302267077
            ],
            [
              -87.09133703819984,
              30.488895635047843
            ],
            [
              -87.09132641223462,
              30.488898220506577
            ],
            [
              -87.09132631082893,
              30.488882262243393
            ],
            [
              -87.0913192872789,
              30.488868806702442
            ],
            [
              -87.09132946628667,
              30.48886004193631
            ],
            [
              -87.0913132262939,
              30.48885675523499
            ],
            [
              -87.09130057821564,
              30.488850860800877
            ],
            [
              -87.09130807603674,
              30.488843328232306
            ],
            [
              -87.09131499350165,
              30.488833529406982
            ],
            [
              -87.09132882554634,
              30.488840796340703
            ],
            [
              -87.09133960372966,
              30.4888465615326
            ],
            [
              -87.09134836604726,
              30.48885295295717
            ],
            [
              -87.0913369994114,
              30.488844852859913
            ],
            [
              -87.09131835090412,
              30.488842551158708
            ],
            [
              -87.09130446710526,
              30.488841711574242
            ],
            [
              -87.09129900266794,
              30.48883268954545
            ],
            [
              -87.09130636571575,
              30.48882583093282
            ],
            [
              -87.09132044933149,
              30.48882792030172
            ],
            [
              -87.0913305435276,
              30.488820616411836
            ],
            [
              -87.09133788396124,
              30.488808323600733
            ],
            [
              -87.09134686427142,
              30.48881350168424
            ],
            [
              -87.09134947336867,
              30.48882255124745
            ],
            [
              -87.09136332292333,
              30.488816098363895
            ],
            [
              -87.0913551332899,
              30.48882305259826
            ],
            [
              -87.0913647573084,
              30.48883014440114
            ],
            [
              -87.09136193265651,
              30.488816418885857
            ],
            [
              -87.09137473077934,
              30.488797327878828
            ],
            [
              -87.09138250614579,
              30.48879025522118
            ],
            [
              -87.09137622298172,
              30.48878218540075
            ],
            [
              -87.09136434687387,
              30.488780236607884
            ],
            [
              -87.0913536688624,
              30.48876442173815
            ],
            [
              -87.0913541273804,
              30.488750258667743
            ],
            [
              -87.09137838524606,
              30.48874349872966
            ],
            [
              -87.09137649883618,
              30.488730798990485
            ],
            [
              -87.09135792119001,
              30.488727195752457
            ],
            [
              -87.09134440034309,
              30.488731844046377
            ],
            [
              -87.09133628376227,
              30.488739741388315
            ],
            [
              -87.0913310218177,
              30.488748041666554
            ],
            [
              -87.09132391770416,
              30.48875473797728
            ],
            [
              -87.0913114616735,
              30.488760586831436
            ],
            [
              -87.09130636161916,
              30.488779466833037
            ],
            [
              -87.09128688973657,
              30.4887672808071
            ],
            [
              -87.09127648594607,
              30.488758599735135
            ],
            [
              -87.09127448812899,
              30.488747456005985
            ],
            [
              -87.09126117634489,
              30.488746186927855
            ],
            [
              -87.09127324267885,
              30.48874726328107
            ],
            [
              -87.09127292660085,
              30.488756789301085
            ],
            [
              -87.09126605877137,
              30.48876691239595
            ],
            [
              -87.09126043086832,
              30.488778045944223
            ],
            [
              -87.0912515390896,
              30.488789768613195
            ],
            [
              -87.09122533046842,
              30.48877559948081
            ],
            [
              -87.09122477370184,
              30.48876639617859
            ],
            [
              -87.09124514688929,
              30.48876309279185
            ],
            [
              -87.09122351998866,
              30.488765009457783
            ],
            [
              -87.0912459367616,
              30.48876258552204
            ],
            [
              -87.09123403916881,
              30.48875384977521
            ],
            [
              -87.09124440598536,
              30.48875160946118
            ],
            [
              -87.09124497018531,
              30.488764208328213
            ],
            [
              -87.09124890293788,
              30.488748069726306
            ],
            [
              -87.09125327925479,
              30.488739060460492
            ],
            [
              -87.09127003175294,
              30.488730891637868
            ],
            [
              -87.09127903358845,
              30.48872441817853
            ],
            [
              -87.09127186009817,
              30.488732928249487
            ],
            [
              -87.09128805366545,
              30.488699370425635
            ],
            [
              -87.09128930182318,
              30.488708413099392
            ],
            [
              -87.09127186760078,
              30.48871822756936
            ],
            [
              -87.09126212536522,
              30.488713160088093
            ],
            [
              -87.09125534823195,
              30.488726107770603
            ],
            [
              -87.09124079754613,
              30.488735756521187
            ],
            [
              -87.09123734673902,
              30.48874841813044
            ],
            [
              -87.09123036766714,
              30.488764622283878
            ],
            [
              -87.09122080603825,
              30.48878128836695
            ],
            [
              -87.09121367587184,
              30.488790432935023
            ],
            [
              -87.09120959782766,
              30.488801984952225
            ],
            [
              -87.0912165152375,
              30.488817606180806
            ],
            [
              -87.09122931661645,
              30.48883362579098
            ],
            [
              -87.0912342824019,
              30.48884373480653
            ],
            [
              -87.09123137745756,
              30.488858096724865
            ],
            [
              -87.09122846640696,
              30.488867180373923
            ],
            [
              -87.09121155756807,
              30.48886854092232
            ],
            [
              -87.0911930051895,
              30.48887876069649
            ],
            [
              -87.0911872505923,
              30.48889048557186
            ],
            [
              -87.09119422447482,
              30.48890325669014
            ],
            [
              -87.09119536630193,
              30.488914278255308
            ],
            [
              -87.09120089509746,
              30.48892210518731
            ],
            [
              -87.09118518853869,
              30.488914716521872
            ],
            [
              -87.09117467369887,
              30.48892543787542
            ],
            [
              -87.09115524739846,
              30.488906621657815
            ],
            [
              -87.0911529142952,
              30.488916489608137
            ],
            [
              -87.09116067795577,
              30.488932183160728
            ],
            [
              -87.09115429829941,
              30.488924460098087
            ],
            [
              -87.0911474903556,
              30.48893260876772
            ],
            [
              -87.09115708707195,
              30.48893922395874
            ],
            [
              -87.09114951832164,
              30.488932341844922
            ],
            [
              -87.09115724858172,
              30.488942785779475
            ],
            [
              -87.09114076691475,
              30.48893794433297
            ],
            [
              -87.09113583273039,
              30.4889298767774
            ],
            [
              -87.09112488089639,
              30.488931613572987
            ],
            [
              -87.09112330744063,
              30.488941014500693
            ],
            [
              -87.09112207045095,
              30.48895248652832
            ],
            [
              -87.09114139159043,
              30.48895640742836
            ],
            [
              -87.09115556113343,
              30.48895711956033
            ],
            [
              -87.09116959858217,
              30.488952169426113
            ],
            [
              -87.09117370477219,
              30.488960494468614
            ],
            [
              -87.09117242409233,
              30.48896998528633
            ],
            [
              -87.09116415908169,
              30.48897597565928
            ],
            [
              -87.09115704387932,
              30.488967236518924
            ],
            [
              -87.0911455981887,
              30.488967138042725
            ],
            [
              -87.09113651014336,
              30.48899189236411
            ],
            [
              -87.09113386767679,
              30.48898202327734
            ],
            [
              -87.09113507885415,
              30.488992127931485
            ],
            [
              -87.09113257095417,
              30.489006075720535
            ],
            [
              -87.0911266138794,
              30.489014290188706
            ],
            [
              -87.09111387368237,
              30.48902625347483
            ],
            [
              -87.09111568231452,
              30.48903579800033
            ],
            [
              -87.09110791191391,
              30.489054966008396
            ],
            [
              -87.09109829153931,
              30.489051028128724
            ],
            [
              -87.09109859976209,
              30.4890616111489
            ],
            [
              -87.09108392706685,
              30.489072625461205
            ],
            [
              -87.0910700288877,
              30.48907587452172
            ],
            [
              -87.0910707541163,
              30.48906477790599
            ],
            [
              -87.09107242070704,
              30.489077692016718
            ],
            [
              -87.09106153762664,
              30.489076563079646
            ],
            [
              -87.09105214824824,
              30.48908143138233
            ],
            [
              -87.09104620490166,
              30.489092587753486
            ],
            [
              -87.09104512576715,
              30.489082917684858
            ],
            [
              -87.09105086343743,
              30.489104763652094
            ],
            [
              -87.09105702300907,
              30.48909422754391
            ],
            [
              -87.0910673385196,
              30.48910141621442
            ],
            [
              -87.09107238409085,
              30.489089371499272
            ],
            [
              -87.09107996797908,
              30.489099387594802
            ],
            [
              -87.09108993182932,
              30.4891040078117
            ],
            [
              -87.09110086331309,
              30.489108556785684
            ],
            [
              -87.09110974071582,
              30.489102861518862
            ],
            [
              -87.09110350456315,
              30.489113226786674
            ],
            [
              -87.0911181101216,
              30.48911483798487
            ],
            [
              -87.09111948774365,
              30.48912426059512
            ],
            [
              -87.09112383611169,
              30.48911599098783
            ],
            [
              -87.09113472645556,
              30.48911223549536
            ],
            [
              -87.09112032901744,
              30.489108707952507
            ],
            [
              -87.0911087421891,
              30.489112882126822
            ],
            [
              -87.09110927724095,
              30.489129183365257
            ],
            [
              -87.09112008807305,
              30.489132159786198
            ],
            [
              -87.09112153326318,
              30.489141229612606
            ],
            [
              -87.09113217670051,
              30.48914193985901
            ],
            [
              -87.09114412139442,
              30.48914485753119
            ],
            [
              -87.09113970539286,
              30.489136358918675
            ],
            [
              -87.09113278627926,
              30.489123790771767
            ],
            [
              -87.09113708068793,
              30.4891395858452
            ],
            [
              -87.09114868808474,
              30.489144696679887
            ],
            [
              -87.09116194146982,
              30.489140790178265
            ],
            [
              -87.09117473104904,
              30.489145741147237
            ],
            [
              -87.09118375200308,
              30.489135832871703
            ],
            [
              -87.09117685531687,
              30.489148322949085
            ],
            [
              -87.09117417523512,
              30.48915861727214
            ],
            [
              -87.09118531313243,
              30.489158396795204
            ],
            [
              -87.09119395711208,
              30.48913974467665
            ],
            [
              -87.09118360085772,
              30.48914701299886
            ],
            [
              -87.09119128779525,
              30.489153107349697
            ],
            [
              -87.09119701151657,
              30.489163550645525
            ],
            [
              -87.0911987714825,
              30.489154467629508
            ]
          ],
          [
            [
              -87.09123252564804,
              30.489145449965854
            ],
            [
              -87.0912673685423,
              30.489083713635544
            ],
            [
              -87.09124106315402,
              30.4891943726234
            ],
            [
              -87.09125971624272,
              30.489219701773028
            ],
            [
              -87.09126199069917,
              30.489231709110665
            ],
            [
              -87.09125373789462,
              30.489241877690322
            ],
            [
              -87.0912537463355,
              30.489251728213937
            ],
            [
              -87.091261964869,
              30.489264376723824
            ],
            [
              -87.09127583549088,
              30.489262221409504
            ],
            [
              -87.09128547467951,
              30.489267669646573
            ],
            [
              -87.09126695630408,
              30.489277277463902
            ],
            [
              -87.09126818424477,
              30.489288562613414
            ],
            [
              -87.09127861126099,
              30.489293844801182
            ],
            [
              -87.0912950117756,
              30.489295391871384
            ],
            [
              -87.09130374653024,
              30.489301414876522
            ],
            [
              -87.0913203726826,
              30.48929386548315
            ],
            [
              -87.09132583585354,
              30.48927723719368
            ],
            [
              -87.09134222926203,
              30.489268832354433
            ],
            [
              -87.09135131301436,
              30.48925512197212
            ],
            [
              -87.09136522196773,
              30.489244262474358
            ],
            [
              -87.0913661699871,
              30.48925474375709
            ],
            [
              -87.0913414609807,
              30.4892726102744
            ],
            [
              -87.09133176201489,
              30.489277907905063
            ],
            [
              -87.09131955813025,
              30.489282877192238
            ],
            [
              -87.09132253619897,
              30.489295807834083
            ],
            [
              -87.09133025086481,
              30.489309434501017
            ],
            [
              -87.09133890555718,
              30.48931654159593
            ],
            [
              -87.09135189512703,
              30.489316402783082
            ],
            [
              -87.09136719959895,
              30.48931018297266
            ],
            [
              -87.09137447230236,
              30.48931729248905
            ],
            [
              -87.09139214431524,
              30.48932520846853
            ],
            [
              -87.09140335075027,
              30.489323014619274
            ],
            [
              -87.09142462829037,
              30.48932591561281
            ],
            [
              -87.09144045425525,
              30.489334031401572
            ],
            [
              -87.09145523969913,
              30.489341685435672
            ],
            [
              -87.09146777235775,
              30.489333295554943
            ],
            [
              -87.09145456084917,
              30.48933245234127
            ],
            [
              -87.0914675620052,
              30.489341698667584
            ],
            [
              -87.09146332741908,
              30.489332410931066
            ],
            [
              -87.09147162075455,
              30.48932628204335
            ],
            [
              -87.09146751264053,
              30.489315665316507
            ],
            [
              -87.0914725677278,
              30.489305864204834
            ],
            [
              -87.0914729529702,
              30.48929598165579
            ],
            [
              -87.09148143835964,
              30.489289273524452
            ],
            [
              -87.09148990878869,
              30.48928145154822
            ],
            [
              -87.09150142809818,
              30.489286687994415
            ],
            [
              -87.09151380271777,
              30.489259007387755
            ],
            [
              -87.09150702179875,
              30.489268017675847
            ],
            [
              -87.0915011001826,
              30.489283313810674
            ],
            [
              -87.09148715341153,
              30.4892892474665
            ],
            [
              -87.09148210515708,
              30.489300616338195
            ],
            [
              -87.09146860548792,
              30.48930725341434
            ],
            [
              -87.09145134898408,
              30.48930361177565
            ],
            [
              -87.09146171718633,
              30.489300959692045
            ],
            [
              -87.09145120826855,
              30.48930313939822
            ],
            [
              -87.09144579176085,
              30.4893139616426
            ],
            [
              -87.0914388865709,
              30.489301379696318
            ],
            [
              -87.09142865566834,
              30.489347851947862
            ],
            [
              -87.09142385882126,
              30.489328009915337
            ],
            [
              -87.09141433699656,
              30.489321477202534
            ],
            [
              -87.09142506172927,
              30.48932865910115
            ]
          ],
          [
            [
              -87.09139303055255,
              30.489324568898887
            ],
            [
              -87.09140473673531,
              30.489333332142024
            ],
            [
              -87.09139521806689,
              30.489328306861914
            ],
            [
              -87.09139521806689,
              30.489328306861914
            ]
          ],
          [
            [
              -87.09174726863914,
              30.48944230063079
            ],
            [
              -87.09172802670847,
              30.48936628455317
            ],
            [
              -87.09166695578008,
              30.489411473113492
            ],
            [
              -87.0916562441089,
              30.489421818198657
            ],
            [
              -87.09164734483737,
              30.489431302004576
            ],
            [
              -87.09165837160944,
              30.489432712278322
            ]
          ],
          [
            [
              -87.09202753920547,
              30.48962629947741
            ],
            [
              -87.09202452497476,
              30.48963836978558
            ],
            [
              -87.09200517379419,
              30.489630495213596
            ],
            [
              -87.09189066909899,
              30.489727898895527
            ],
            [
              -87.09193960206659,
              30.48969703578683
            ],
            [
              -87.09189224322571,
              30.489736376941224
            ],
            [
              -87.09190908147511,
              30.489749586320293
            ],
            [
              -87.09193062782568,
              30.4897710012354
            ],
            [
              -87.09194520983952,
              30.489774818158505
            ],
            [
              -87.09194672165347,
              30.48978604876509
            ],
            [
              -87.09193710490044,
              30.489789892048464
            ],
            [
              -87.09192611604678,
              30.489799690973456
            ],
            [
              -87.09191898969753,
              30.48981363963288
            ],
            [
              -87.09187153857889,
              30.489812601279677
            ],
            [
              -87.0918714882801,
              30.489791914742106
            ],
            [
              -87.09185055565658,
              30.489791874282417
            ],
            [
              -87.09182889033634,
              30.48978874520012
            ],
            [
              -87.09183683492523,
              30.489782193672813
            ],
            [
              -87.09185524678387,
              30.48978291091872
            ],
            [
              -87.09183666863207,
              30.489757508067918
            ],
            [
              -87.09186070921552,
              30.489748021438675
            ],
            [
              -87.09184048155838,
              30.489751636788256
            ],
            [
              -87.0918377116509,
              30.489762326226757
            ],
            [
              -87.09182842277774,
              30.4897675071568
            ],
            [
              -87.09182602515453,
              30.489778386241777
            ],
            [
              -87.09182869897012,
              30.489791163897628
            ],
            [
              -87.09183107074968,
              30.48978876868224
            ],
            [
              -87.09183107074968,
              30.48978876868224
            ]
          ],
          [
            [
              -87.09164588626982,
              30.48972188268546
            ],
            [
              -87.09162644113268,
              30.489735244863617
            ],
            [
              -87.0916249487667,
              30.4897443360332
            ],
            [
              -87.0916135178061,
              30.48975167999509
            ],
            [
              -87.09161997067595,
              30.4897672259378
            ],
            [
              -87.0916086808658,
              30.489766644342378
            ],
            [
              -87.09159643854129,
              30.489781802757438
            ],
            [
              -87.09160631853362,
              30.48978667396195
            ],
            [
              -87.09159427466344,
              30.48979338729334
            ],
            [
              -87.09160701280669,
              30.489792715028358
            ],
            [
              -87.09161041888858,
              30.48978227751019
            ],
            [
              -87.09159747351896,
              30.48978326774142
            ],
            [
              -87.0915886709184,
              30.489791527325313
            ],
            [
              -87.09158885720923,
              30.489780352472366
            ],
            [
              -87.09160686733509,
              30.489789295267357
            ],
            [
              -87.09161692733431,
              30.489783209625156
            ],
            [
              -87.09160466240472,
              30.48978188100962
            ],
            [
              -87.09160244688526,
              30.489799054809282
            ],
            [
              -87.09160927538777,
              30.48976946852913
            ],
            [
              -87.09160240612704,
              30.489776416556563
            ],
            [
              -87.09160517265356,
              30.489787571318296
            ],
            [
              -87.09159921923597,
              30.489797133263274
            ],
            [
              -87.09158381814352,
              30.489801061358563
            ],
            [
              -87.09157145163879,
              30.48980225911255
            ],
            [
              -87.09156369762802,
              30.489809880929496
            ],
            [
              -87.09158017628573,
              30.489818146484456
            ],
            [
              -87.09157764062718,
              30.489828338643655
            ],
            [
              -87.09159741902437,
              30.489834847709396
            ],
            [
              -87.09160683183119,
              30.489825547185877
            ],
            [
              -87.09161950796613,
              30.489820881881364
            ],
            [
              -87.0916277262925,
              30.489814596947653
            ],
            [
              -87.09162154775696,
              30.489825059454784
            ],
            [
              -87.09163281082695,
              30.48982401513721
            ],
            [
              -87.09163329100522,
              30.489811861327166
            ],
            [
              -87.09161964542753,
              30.489793207069926
            ],
            [
              -87.09161265303896,
              30.489784302703075
            ],
            [
              -87.09162051888475,
              30.489775432047217
            ],
            [
              -87.09163413013643,
              30.48976910401192
            ],
            [
              -87.09161898487791,
              30.48977706581821
            ],
            [
              -87.09161601052742,
              30.48979014819716
            ],
            [
              -87.09161274969344,
              30.489802516830572
            ],
            [
              -87.09163703685546,
              30.48984711389626
            ],
            [
              -87.09162724363522,
              30.489823950409534
            ],
            [
              -87.09162236800908,
              30.489812849882014
            ],
            [
              -87.09164362833685,
              30.4897994970072
            ],
            [
              -87.09165643484661,
              30.489795469273563
            ],
            [
              -87.09166898000214,
              30.48977800553632
            ],
            [
              -87.0916857385898,
              30.489771802585715
            ],
            [
              -87.09169647091879,
              30.489755800131515
            ],
            [
              -87.09170572873099,
              30.489769470019116
            ],
            [
              -87.09171435228382,
              30.489775300732063
            ],
            [
              -87.09172473242299,
              30.48977985347761
            ],
            [
              -87.0917358257006,
              30.489781882912524
            ],
            [
              -87.0917415475797,
              30.48979298568337
            ],
            [
              -87.09172139564302,
              30.489799175229194
            ],
            [
              -87.09171508905244,
              30.489791545296335
            ],
            [
              -87.09170728139017,
              30.48980350961712
            ],
            [
              -87.09169492387802,
              30.48981309556379
            ],
            [
              -87.09171426011073,
              30.489813676682044
            ],
            [
              -87.09171190681415,
              30.489823550611366
            ],
            [
              -87.09169918301771,
              30.489828441356998
            ],
            [
              -87.09169446083716,
              30.489842364608073
            ],
            [
              -87.09170625833913,
              30.48985647534327
            ],
            [
              -87.09171494654625,
              30.48984974930745
            ],
            [
              -87.09172788339814,
              30.48984864476199
            ],
            [
              -87.09173872896199,
              30.489851788037605
            ],
            [
              -87.0917357844787,
              30.489842311042125
            ],
            [
              -87.0917461861575,
              30.489834855473728
            ],
            [
              -87.09173209053554,
              30.489843817108664
            ],
            [
              -87.09172724799132,
              30.489835659489625
            ],
            [
              -87.09172714254015,
              30.489847890529916
            ],
            [
              -87.09171195558372,
              30.489856146179932
            ],
            [
              -87.09169651164588,
              30.489861610638016
            ],
            [
              -87.09170933837328,
              30.489867342035122
            ],
            [
              -87.09171704010507,
              30.48987405180566
            ],
            [
              -87.09172244836897,
              30.489865661118753
            ],
            [
              -87.0917308665995,
              30.489857605776237
            ],
            [
              -87.09174905033751,
              30.489857972252285
            ],
            [
              -87.09174858246868,
              30.48987041261888
            ],
            [
              -87.09176038718778,
              30.489886370611725
            ],
            [
              -87.09175992464337,
              30.48987276814802
            ],
            [
              -87.09175584578563,
              30.489856847534156
            ],
            [
              -87.09175445255829,
              30.489842016725856
            ],
            [
              -87.09176571449699,
              30.48984343985735
            ],
            [
              -87.09176024659715,
              30.48983114590558
            ],
            [
              -87.0917684476966,
              30.489821603808362
            ],
            [
              -87.09177164781306,
              30.48983336843474
            ]
          ]
        ]
      },
      "properties": {
        "record_type": "inspector_confirmed_directional_annotation",
        "interpretation_class": "INSPECTOR_CONFIRMED_WET_SIDE",
        "information_class": "INSPECTOR_INTERPRETATION",
        "direction_from_walked_transition": "east_and_south",
        "statement": "Within the area actually walked and observed during the mapped sections, the inspector states that the ground east and south of the walked transition was wet.",
        "same_source_line_used_for_both_directional_sides": true,
        "not_a_polygon_boundary": true,
        "render_order": 4
      }
    }
  ]
}
