{
  "type": "FeatureCollection",
  "name": "Pearson Road cleaned customer display walks",
  "generated_from": [
    "ALL_ROUTE_SEGMENTS.geojson",
    "ALL_GPS_POINTS.geojson"
  ],
  "source_evidence_modified": false,
  "features": [
    {
      "type": "Feature",
      "id": "DISPLAY-WALK-001",
      "geometry": {
        "type": "LineString",
        "coordinates": [
          [
            -87.09060936248365,
            30.491299180595593
          ],
          [
            -87.09061623291723,
            30.4912361057907
          ],
          [
            -87.09056396811988,
            30.491284711507785
          ],
          [
            -87.09062642202066,
            30.491296795699533
          ]
        ]
      },
      "properties": {
        "record_type": "derived_customer_display_walk",
        "inspection_date": "2026-08-03",
        "source_route_segment_index": 0,
        "source_start_time": "2026-08-03T13:04:25.999Z",
        "source_end_time": "2026-08-03T13:07:03.999Z",
        "source_point_count": 22,
        "display_point_count": 4,
        "retained_source_point_ids": [
          "gps-000354",
          "gps-000451",
          "gps-000455",
          "gps-000519"
        ],
        "suppressed_source_points": [
          {
            "gps_point_id": "gps-000356",
            "reason": "STATIONARY_JITTER"
          },
          {
            "gps_point_id": "gps-000401",
            "reason": "STATIONARY_JITTER"
          },
          {
            "gps_point_id": "gps-000402",
            "reason": "STATIONARY_JITTER"
          },
          {
            "gps_point_id": "gps-000403",
            "reason": "STATIONARY_JITTER"
          },
          {
            "gps_point_id": "gps-000404",
            "reason": "STATIONARY_JITTER"
          },
          {
            "gps_point_id": "gps-000405",
            "reason": "STATIONARY_JITTER"
          },
          {
            "gps_point_id": "gps-000453",
            "reason": "STATIONARY_JITTER"
          },
          {
            "gps_point_id": "gps-000456",
            "reason": "STATIONARY_JITTER"
          },
          {
            "gps_point_id": "gps-000457",
            "reason": "STATIONARY_JITTER"
          },
          {
            "gps_point_id": "gps-000458",
            "reason": "STATIONARY_JITTER"
          },
          {
            "gps_point_id": "gps-000459",
            "reason": "STATIONARY_JITTER"
          },
          {
            "gps_point_id": "gps-000460",
            "reason": "STATIONARY_JITTER"
          },
          {
            "gps_point_id": "gps-000461",
            "reason": "STATIONARY_JITTER"
          },
          {
            "gps_point_id": "gps-000462",
            "reason": "STATIONARY_JITTER"
          },
          {
            "gps_point_id": "gps-000463",
            "reason": "STATIONARY_JITTER"
          },
          {
            "gps_point_id": "gps-000450",
            "reason": "DISPLAY_SIMPLIFICATION"
          },
          {
            "gps_point_id": "gps-000452",
            "reason": "DISPLAY_SIMPLIFICATION"
          },
          {
            "gps_point_id": "gps-000454",
            "reason": "DISPLAY_SIMPLIFICATION"
          }
        ],
        "derivation_rules": {
          "max_accuracy_m": 40,
          "stationary_spacing_m": 1.5,
          "one_point_spike_leg_m": 8,
          "rdp_tolerance_m": 2.5
        },
        "raw_gps_preserved": true,
        "source_evidence_modified": false,
        "no_artificial_relocation_connector": true,
        "presentation_only": true,
        "limitation": "CLEANED CUSTOMER DISPLAY WALK - RAW PHONE GPS REMAINS CONTROLLING EVIDENCE AND IS NOT SURVEY-GRADE"
      }
    },
    {
      "type": "Feature",
      "id": "DISPLAY-WALK-002",
      "geometry": {
        "type": "LineString",
        "coordinates": [
          [
            -87.09062800313664,
            30.491287505623006
          ],
          [
            -87.09057445705886,
            30.49125894211878
          ],
          [
            -87.0906286463775,
            30.491294363980483
          ],
          [
            -87.09058120281006,
            30.49129664475049
          ]
        ]
      },
      "properties": {
        "record_type": "derived_customer_display_walk",
        "inspection_date": "2026-08-04",
        "source_route_segment_index": 1,
        "source_start_time": "2026-08-04T14:07:12.999Z",
        "source_end_time": "2026-08-04T14:17:37.000Z",
        "source_point_count": 213,
        "display_point_count": 4,
        "retained_source_point_ids": [
          "gps-007528",
          "gps-007673",
          "gps-007721",
          "gps-008145"
        ],
        "suppressed_source_points": [
          {
            "gps_point_id": "gps-007674",
            "reason": "STATIONARY_JITTER"
          },
          {
            "gps_point_id": "gps-007675",
            "reason": "STATIONARY_JITTER"
          },
          {
            "gps_point_id": "gps-007676",
            "reason": "STATIONARY_JITTER"
          },
          {
            "gps_point_id": "gps-007677",
            "reason": "STATIONARY_JITTER"
          },
          {
            "gps_point_id": "gps-007679",
            "reason": "STATIONARY_JITTER"
          },
          {
            "gps_point_id": "gps-007680",
            "reason": "STATIONARY_JITTER"
          },
          {
            "gps_point_id": "gps-007681",
            "reason": "STATIONARY_JITTER"
          },
          {
            "gps_point_id": "gps-007682",
            "reason": "STATIONARY_JITTER"
          },
          {
            "gps_point_id": "gps-007683",
            "reason": "STATIONARY_JITTER"
          },
          {
            "gps_point_id": "gps-007684",
            "reason": "STATIONARY_JITTER"
          },
          {
            "gps_point_id": "gps-007685",
            "reason": "STATIONARY_JITTER"
          },
          {
            "gps_point_id": "gps-007686",
            "reason": "STATIONARY_JITTER"
          },
          {
            "gps_point_id": "gps-007688",
            "reason": "STATIONARY_JITTER"
          },
          {
            "gps_point_id": "gps-007690",
            "reason": "STATIONARY_JITTER"
          },
          {
            "gps_point_id": "gps-007691",
            "reason": "STATIONARY_JITTER"
          },
          {
            "gps_point_id": "gps-007693",
            "reason": "STATIONARY_JITTER"
          },
          {
            "gps_point_id": "gps-007694",
            "reason": "STATIONARY_JITTER"
          },
          {
            "gps_point_id": "gps-007695",
            "reason": "STATIONARY_JITTER"
          },
          {
            "gps_point_id": "gps-007696",
            "reason": "STATIONARY_JITTER"
          },
          {
            "gps_point_id": "gps-007697",
            "reason": "STATIONARY_JITTER"
          },
          {
            "gps_point_id": "gps-007698",
            "reason": "STATIONARY_JITTER"
          },
          {
            "gps_point_id": "gps-007699",
            "reason": "STATIONARY_JITTER"
          },
          {
            "gps_point_id": "gps-007700",
            "reason": "STATIONARY_JITTER"
          },
          {
            "gps_point_id": "gps-007701",
            "reason": "STATIONARY_JITTER"
          },
          {
            "gps_point_id": "gps-007702",
            "reason": "STATIONARY_JITTER"
          },
          {
            "gps_point_id": "gps-007703",
            "reason": "STATIONARY_JITTER"
          },
          {
            "gps_point_id": "gps-007722",
            "reason": "STATIONARY_JITTER"
          },
          {
            "gps_point_id": "gps-007723",
            "reason": "STATIONARY_JITTER"
          },
          {
            "gps_point_id": "gps-007724",
            "reason": "STATIONARY_JITTER"
          },
          {
            "gps_point_id": "gps-007731",
            "reason": "STATIONARY_JITTER"
          },
          {
            "gps_point_id": "gps-007732",
            "reason": "STATIONARY_JITTER"
          },
          {
            "gps_point_id": "gps-007733",
            "reason": "STATIONARY_JITTER"
          },
          {
            "gps_point_id": "gps-007734",
            "reason": "STATIONARY_JITTER"
          },
          {
            "gps_point_id": "gps-007735",
            "reason": "STATIONARY_JITTER"
          },
          {
            "gps_point_id": "gps-007736",
            "reason": "STATIONARY_JITTER"
          },
          {
            "gps_point_id": "gps-007737",
            "reason": "STATIONARY_JITTER"
          },
          {
            "gps_point_id": "gps-007738",
            "reason": "STATIONARY_JITTER"
          },
          {
            "gps_point_id": "gps-007739",
            "reason": "STATIONARY_JITTER"
          },
          {
            "gps_point_id": "gps-007740",
            "reason": "STATIONARY_JITTER"
          },
          {
            "gps_point_id": "gps-007741",
            "reason": "STATIONARY_JITTER"
          },
          {
            "gps_point_id": "gps-007742",
            "reason": "STATIONARY_JITTER"
          },
          {
            "gps_point_id": "gps-007743",
            "reason": "STATIONARY_JITTER"
          },
          {
            "gps_point_id": "gps-007744",
            "reason": "STATIONARY_JITTER"
          },
          {
            "gps_point_id": "gps-007745",
            "reason": "STATIONARY_JITTER"
          },
          {
            "gps_point_id": "gps-007746",
            "reason": "STATIONARY_JITTER"
          },
          {
            "gps_point_id": "gps-007747",
            "reason": "STATIONARY_JITTER"
          },
          {
            "gps_point_id": "gps-007748",
            "reason": "STATIONARY_JITTER"
          },
          {
            "gps_point_id": "gps-007749",
            "reason": "STATIONARY_JITTER"
          },
          {
            "gps_point_id": "gps-007750",
            "reason": "STATIONARY_JITTER"
          },
          {
            "gps_point_id": "gps-007751",
            "reason": "STATIONARY_JITTER"
          },
          {
            "gps_point_id": "gps-007752",
            "reason": "STATIONARY_JITTER"
          },
          {
            "gps_point_id": "gps-007753",
            "reason": "STATIONARY_JITTER"
          },
          {
            "gps_point_id": "gps-007754",
            "reason": "STATIONARY_JITTER"
          },
          {
            "gps_point_id": "gps-007755",
            "reason": "STATIONARY_JITTER"
          },
          {
            "gps_point_id": "gps-007756",
            "reason": "STATIONARY_JITTER"
          },
          {
            "gps_point_id": "gps-007866",
            "reason": "STATIONARY_JITTER"
          },
          {
            "gps_point_id": "gps-007867",
            "reason": "STATIONARY_JITTER"
          },
          {
            "gps_point_id": "gps-007868",
            "reason": "STATIONARY_JITTER"
          },
          {
            "gps_point_id": "gps-007869",
            "reason": "STATIONARY_JITTER"
          },
          {
            "gps_point_id": "gps-007870",
            "reason": "STATIONARY_JITTER"
          },
          {
            "gps_point_id": "gps-007871",
            "reason": "STATIONARY_JITTER"
          },
          {
            "gps_point_id": "gps-007872",
            "reason": "STATIONARY_JITTER"
          },
          {
            "gps_point_id": "gps-007873",
            "reason": "STATIONARY_JITTER"
          },
          {
            "gps_point_id": "gps-007874",
            "reason": "STATIONARY_JITTER"
          },
          {
            "gps_point_id": "gps-007875",
            "reason": "STATIONARY_JITTER"
          },
          {
            "gps_point_id": "gps-007876",
            "reason": "STATIONARY_JITTER"
          },
          {
            "gps_point_id": "gps-007877",
            "reason": "STATIONARY_JITTER"
          },
          {
            "gps_point_id": "gps-007878",
            "reason": "STATIONARY_JITTER"
          },
          {
            "gps_point_id": "gps-007879",
            "reason": "STATIONARY_JITTER"
          },
          {
            "gps_point_id": "gps-007880",
            "reason": "STATIONARY_JITTER"
          },
          {
            "gps_point_id": "gps-007881",
            "reason": "STATIONARY_JITTER"
          },
          {
            "gps_point_id": "gps-007882",
            "reason": "STATIONARY_JITTER"
          },
          {
            "gps_point_id": "gps-007883",
            "reason": "STATIONARY_JITTER"
          },
          {
            "gps_point_id": "gps-007884",
            "reason": "STATIONARY_JITTER"
          },
          {
            "gps_point_id": "gps-007885",
            "reason": "STATIONARY_JITTER"
          },
          {
            "gps_point_id": "gps-007886",
            "reason": "STATIONARY_JITTER"
          },
          {
            "gps_point_id": "gps-007887",
            "reason": "STATIONARY_JITTER"
          },
          {
            "gps_point_id": "gps-007888",
            "reason": "STATIONARY_JITTER"
          },
          {
            "gps_point_id": "gps-007889",
            "reason": "STATIONARY_JITTER"
          },
          {
            "gps_point_id": "gps-007890",
            "reason": "STATIONARY_JITTER"
          },
          {
            "gps_point_id": "gps-007891",
            "reason": "STATIONARY_JITTER"
          },
          {
            "gps_point_id": "gps-007892",
            "reason": "STATIONARY_JITTER"
          },
          {
            "gps_point_id": "gps-007893",
            "reason": "STATIONARY_JITTER"
          },
          {
            "gps_point_id": "gps-007894",
            "reason": "STATIONARY_JITTER"
          },
          {
            "gps_point_id": "gps-007895",
            "reason": "STATIONARY_JITTER"
          },
          {
            "gps_point_id": "gps-007896",
            "reason": "STATIONARY_JITTER"
          },
          {
            "gps_point_id": "gps-007897",
            "reason": "STATIONARY_JITTER"
          },
          {
            "gps_point_id": "gps-007898",
            "reason": "STATIONARY_JITTER"
          },
          {
            "gps_point_id": "gps-007899",
            "reason": "STATIONARY_JITTER"
          },
          {
            "gps_point_id": "gps-007900",
            "reason": "STATIONARY_JITTER"
          },
          {
            "gps_point_id": "gps-007901",
            "reason": "STATIONARY_JITTER"
          },
          {
            "gps_point_id": "gps-007902",
            "reason": "STATIONARY_JITTER"
          },
          {
            "gps_point_id": "gps-007903",
            "reason": "STATIONARY_JITTER"
          },
          {
            "gps_point_id": "gps-007904",
            "reason": "STATIONARY_JITTER"
          },
          {
            "gps_point_id": "gps-007905",
            "reason": "STATIONARY_JITTER"
          },
          {
            "gps_point_id": "gps-007906",
            "reason": "STATIONARY_JITTER"
          },
          {
            "gps_point_id": "gps-007907",
            "reason": "STATIONARY_JITTER"
          },
          {
            "gps_point_id": "gps-007908",
            "reason": "STATIONARY_JITTER"
          },
          {
            "gps_point_id": "gps-007909",
            "reason": "STATIONARY_JITTER"
          },
          {
            "gps_point_id": "gps-007910",
            "reason": "STATIONARY_JITTER"
          },
          {
            "gps_point_id": "gps-007911",
            "reason": "STATIONARY_JITTER"
          },
          {
            "gps_point_id": "gps-007912",
            "reason": "STATIONARY_JITTER"
          },
          {
            "gps_point_id": "gps-007913",
            "reason": "STATIONARY_JITTER"
          },
          {
            "gps_point_id": "gps-007914",
            "reason": "STATIONARY_JITTER"
          },
          {
            "gps_point_id": "gps-007915",
            "reason": "STATIONARY_JITTER"
          },
          {
            "gps_point_id": "gps-007916",
            "reason": "STATIONARY_JITTER"
          },
          {
            "gps_point_id": "gps-007917",
            "reason": "STATIONARY_JITTER"
          },
          {
            "gps_point_id": "gps-007918",
            "reason": "STATIONARY_JITTER"
          },
          {
            "gps_point_id": "gps-007919",
            "reason": "STATIONARY_JITTER"
          },
          {
            "gps_point_id": "gps-007920",
            "reason": "STATIONARY_JITTER"
          },
          {
            "gps_point_id": "gps-007921",
            "reason": "STATIONARY_JITTER"
          },
          {
            "gps_point_id": "gps-007922",
            "reason": "STATIONARY_JITTER"
          },
          {
            "gps_point_id": "gps-007923",
            "reason": "STATIONARY_JITTER"
          },
          {
            "gps_point_id": "gps-007924",
            "reason": "STATIONARY_JITTER"
          },
          {
            "gps_point_id": "gps-007925",
            "reason": "STATIONARY_JITTER"
          },
          {
            "gps_point_id": "gps-007926",
            "reason": "STATIONARY_JITTER"
          },
          {
            "gps_point_id": "gps-007927",
            "reason": "STATIONARY_JITTER"
          },
          {
            "gps_point_id": "gps-007928",
            "reason": "STATIONARY_JITTER"
          },
          {
            "gps_point_id": "gps-007929",
            "reason": "STATIONARY_JITTER"
          },
          {
            "gps_point_id": "gps-007930",
            "reason": "STATIONARY_JITTER"
          },
          {
            "gps_point_id": "gps-007931",
            "reason": "STATIONARY_JITTER"
          },
          {
            "gps_point_id": "gps-007932",
            "reason": "STATIONARY_JITTER"
          },
          {
            "gps_point_id": "gps-007933",
            "reason": "STATIONARY_JITTER"
          },
          {
            "gps_point_id": "gps-007934",
            "reason": "STATIONARY_JITTER"
          },
          {
            "gps_point_id": "gps-007935",
            "reason": "STATIONARY_JITTER"
          },
          {
            "gps_point_id": "gps-007936",
            "reason": "STATIONARY_JITTER"
          },
          {
            "gps_point_id": "gps-007937",
            "reason": "STATIONARY_JITTER"
          },
          {
            "gps_point_id": "gps-007938",
            "reason": "STATIONARY_JITTER"
          },
          {
            "gps_point_id": "gps-007939",
            "reason": "STATIONARY_JITTER"
          },
          {
            "gps_point_id": "gps-007940",
            "reason": "STATIONARY_JITTER"
          },
          {
            "gps_point_id": "gps-007941",
            "reason": "STATIONARY_JITTER"
          },
          {
            "gps_point_id": "gps-007942",
            "reason": "STATIONARY_JITTER"
          },
          {
            "gps_point_id": "gps-007943",
            "reason": "STATIONARY_JITTER"
          },
          {
            "gps_point_id": "gps-007944",
            "reason": "STATIONARY_JITTER"
          },
          {
            "gps_point_id": "gps-007945",
            "reason": "STATIONARY_JITTER"
          },
          {
            "gps_point_id": "gps-007946",
            "reason": "STATIONARY_JITTER"
          },
          {
            "gps_point_id": "gps-007948",
            "reason": "STATIONARY_JITTER"
          },
          {
            "gps_point_id": "gps-007949",
            "reason": "STATIONARY_JITTER"
          },
          {
            "gps_point_id": "gps-007950",
            "reason": "STATIONARY_JITTER"
          },
          {
            "gps_point_id": "gps-007951",
            "reason": "STATIONARY_JITTER"
          },
          {
            "gps_point_id": "gps-007952",
            "reason": "STATIONARY_JITTER"
          },
          {
            "gps_point_id": "gps-007953",
            "reason": "STATIONARY_JITTER"
          },
          {
            "gps_point_id": "gps-007954",
            "reason": "STATIONARY_JITTER"
          },
          {
            "gps_point_id": "gps-007955",
            "reason": "STATIONARY_JITTER"
          },
          {
            "gps_point_id": "gps-007956",
            "reason": "STATIONARY_JITTER"
          },
          {
            "gps_point_id": "gps-007957",
            "reason": "STATIONARY_JITTER"
          },
          {
            "gps_point_id": "gps-007958",
            "reason": "STATIONARY_JITTER"
          },
          {
            "gps_point_id": "gps-007959",
            "reason": "STATIONARY_JITTER"
          },
          {
            "gps_point_id": "gps-007960",
            "reason": "STATIONARY_JITTER"
          },
          {
            "gps_point_id": "gps-007961",
            "reason": "STATIONARY_JITTER"
          },
          {
            "gps_point_id": "gps-007962",
            "reason": "STATIONARY_JITTER"
          },
          {
            "gps_point_id": "gps-007963",
            "reason": "STATIONARY_JITTER"
          },
          {
            "gps_point_id": "gps-007964",
            "reason": "STATIONARY_JITTER"
          },
          {
            "gps_point_id": "gps-007965",
            "reason": "STATIONARY_JITTER"
          },
          {
            "gps_point_id": "gps-007966",
            "reason": "STATIONARY_JITTER"
          },
          {
            "gps_point_id": "gps-007967",
            "reason": "STATIONARY_JITTER"
          },
          {
            "gps_point_id": "gps-007968",
            "reason": "STATIONARY_JITTER"
          },
          {
            "gps_point_id": "gps-007969",
            "reason": "STATIONARY_JITTER"
          },
          {
            "gps_point_id": "gps-007970",
            "reason": "STATIONARY_JITTER"
          },
          {
            "gps_point_id": "gps-007971",
            "reason": "STATIONARY_JITTER"
          },
          {
            "gps_point_id": "gps-007972",
            "reason": "STATIONARY_JITTER"
          },
          {
            "gps_point_id": "gps-007973",
            "reason": "STATIONARY_JITTER"
          },
          {
            "gps_point_id": "gps-007974",
            "reason": "STATIONARY_JITTER"
          },
          {
            "gps_point_id": "gps-007975",
            "reason": "STATIONARY_JITTER"
          },
          {
            "gps_point_id": "gps-007976",
            "reason": "STATIONARY_JITTER"
          },
          {
            "gps_point_id": "gps-007977",
            "reason": "STATIONARY_JITTER"
          },
          {
            "gps_point_id": "gps-007978",
            "reason": "STATIONARY_JITTER"
          },
          {
            "gps_point_id": "gps-007979",
            "reason": "STATIONARY_JITTER"
          },
          {
            "gps_point_id": "gps-007980",
            "reason": "STATIONARY_JITTER"
          },
          {
            "gps_point_id": "gps-007981",
            "reason": "STATIONARY_JITTER"
          },
          {
            "gps_point_id": "gps-007982",
            "reason": "STATIONARY_JITTER"
          },
          {
            "gps_point_id": "gps-007983",
            "reason": "STATIONARY_JITTER"
          },
          {
            "gps_point_id": "gps-007984",
            "reason": "STATIONARY_JITTER"
          },
          {
            "gps_point_id": "gps-007985",
            "reason": "STATIONARY_JITTER"
          },
          {
            "gps_point_id": "gps-007986",
            "reason": "STATIONARY_JITTER"
          },
          {
            "gps_point_id": "gps-007987",
            "reason": "STATIONARY_JITTER"
          },
          {
            "gps_point_id": "gps-007988",
            "reason": "STATIONARY_JITTER"
          },
          {
            "gps_point_id": "gps-007989",
            "reason": "STATIONARY_JITTER"
          },
          {
            "gps_point_id": "gps-007990",
            "reason": "STATIONARY_JITTER"
          },
          {
            "gps_point_id": "gps-007991",
            "reason": "STATIONARY_JITTER"
          },
          {
            "gps_point_id": "gps-008072",
            "reason": "STATIONARY_JITTER"
          },
          {
            "gps_point_id": "gps-008073",
            "reason": "STATIONARY_JITTER"
          },
          {
            "gps_point_id": "gps-008074",
            "reason": "STATIONARY_JITTER"
          },
          {
            "gps_point_id": "gps-008075",
            "reason": "STATIONARY_JITTER"
          },
          {
            "gps_point_id": "gps-008076",
            "reason": "STATIONARY_JITTER"
          },
          {
            "gps_point_id": "gps-008077",
            "reason": "STATIONARY_JITTER"
          },
          {
            "gps_point_id": "gps-008078",
            "reason": "STATIONARY_JITTER"
          },
          {
            "gps_point_id": "gps-008079",
            "reason": "STATIONARY_JITTER"
          },
          {
            "gps_point_id": "gps-008080",
            "reason": "STATIONARY_JITTER"
          },
          {
            "gps_point_id": "gps-008081",
            "reason": "STATIONARY_JITTER"
          },
          {
            "gps_point_id": "gps-008082",
            "reason": "STATIONARY_JITTER"
          },
          {
            "gps_point_id": "gps-008083",
            "reason": "STATIONARY_JITTER"
          },
          {
            "gps_point_id": "gps-008084",
            "reason": "STATIONARY_JITTER"
          },
          {
            "gps_point_id": "gps-008085",
            "reason": "STATIONARY_JITTER"
          },
          {
            "gps_point_id": "gps-008087",
            "reason": "STATIONARY_JITTER"
          },
          {
            "gps_point_id": "gps-008088",
            "reason": "STATIONARY_JITTER"
          },
          {
            "gps_point_id": "gps-008137",
            "reason": "STATIONARY_JITTER"
          },
          {
            "gps_point_id": "gps-008138",
            "reason": "STATIONARY_JITTER"
          },
          {
            "gps_point_id": "gps-008139",
            "reason": "STATIONARY_JITTER"
          },
          {
            "gps_point_id": "gps-008140",
            "reason": "STATIONARY_JITTER"
          },
          {
            "gps_point_id": "gps-008141",
            "reason": "STATIONARY_JITTER"
          },
          {
            "gps_point_id": "gps-008142",
            "reason": "STATIONARY_JITTER"
          },
          {
            "gps_point_id": "gps-008143",
            "reason": "STATIONARY_JITTER"
          },
          {
            "gps_point_id": "gps-008144",
            "reason": "STATIONARY_JITTER"
          },
          {
            "gps_point_id": "gps-007678",
            "reason": "DISPLAY_SIMPLIFICATION"
          },
          {
            "gps_point_id": "gps-007692",
            "reason": "DISPLAY_SIMPLIFICATION"
          },
          {
            "gps_point_id": "gps-008071",
            "reason": "DISPLAY_SIMPLIFICATION"
          },
          {
            "gps_point_id": "gps-008086",
            "reason": "DISPLAY_SIMPLIFICATION"
          },
          {
            "gps_point_id": "gps-008136",
            "reason": "DISPLAY_SIMPLIFICATION"
          }
        ],
        "derivation_rules": {
          "max_accuracy_m": 40,
          "stationary_spacing_m": 1.5,
          "one_point_spike_leg_m": 8,
          "rdp_tolerance_m": 2.5
        },
        "raw_gps_preserved": true,
        "source_evidence_modified": false,
        "no_artificial_relocation_connector": true,
        "presentation_only": true,
        "limitation": "CLEANED CUSTOMER DISPLAY WALK - RAW PHONE GPS REMAINS CONTROLLING EVIDENCE AND IS NOT SURVEY-GRADE"
      }
    },
    {
      "type": "Feature",
      "id": "DISPLAY-WALK-003",
      "geometry": {
        "type": "LineString",
        "coordinates": [
          [
            -87.09119331908398,
            30.49023305334407
          ],
          [
            -87.09102992353475,
            30.490092168455693
          ],
          [
            -87.09107995851775,
            30.49009191871564
          ],
          [
            -87.09101641926276,
            30.490065804749214
          ],
          [
            -87.09105272744246,
            30.49009021756496
          ],
          [
            -87.09101271904242,
            30.49012306332625
          ],
          [
            -87.09105597385873,
            30.49007021270745
          ],
          [
            -87.09106761423631,
            30.490104051229356
          ],
          [
            -87.09109297587028,
            30.489958214540486
          ],
          [
            -87.09111631833636,
            30.489995052456162
          ],
          [
            -87.09107815499227,
            30.4899835095161
          ],
          [
            -87.09105106918562,
            30.49008775278441
          ]
        ]
      },
      "properties": {
        "record_type": "derived_customer_display_walk",
        "inspection_date": "2026-08-04",
        "source_route_segment_index": 2,
        "source_start_time": "2026-08-04T14:30:58.999Z",
        "source_end_time": "2026-08-04T14:44:15.680Z",
        "source_point_count": 467,
        "display_point_count": 12,
        "retained_source_point_ids": [
          "gps-008940",
          "gps-009027",
          "gps-009039",
          "gps-009127",
          "gps-009205",
          "gps-009239",
          "gps-009298",
          "gps-009305",
          "gps-009392",
          "gps-009393",
          "gps-009394",
          "gps-009407"
        ],
        "suppressed_source_points": [
          {
            "gps_point_id": "gps-008982",
            "reason": "POOR_ACCURACY"
          },
          {
            "gps_point_id": "gps-008983",
            "reason": "POOR_ACCURACY"
          },
          {
            "gps_point_id": "gps-008995",
            "reason": "POOR_ACCURACY"
          },
          {
            "gps_point_id": "gps-008996",
            "reason": "POOR_ACCURACY"
          },
          {
            "gps_point_id": "gps-009177",
            "reason": "POOR_ACCURACY"
          },
          {
            "gps_point_id": "gps-009184",
            "reason": "POOR_ACCURACY"
          },
          {
            "gps_point_id": "gps-009297",
            "reason": "POOR_ACCURACY"
          },
          {
            "gps_point_id": "gps-008941",
            "reason": "STATIONARY_JITTER"
          },
          {
            "gps_point_id": "gps-008942",
            "reason": "STATIONARY_JITTER"
          },
          {
            "gps_point_id": "gps-008943",
            "reason": "STATIONARY_JITTER"
          },
          {
            "gps_point_id": "gps-008944",
            "reason": "STATIONARY_JITTER"
          },
          {
            "gps_point_id": "gps-008945",
            "reason": "STATIONARY_JITTER"
          },
          {
            "gps_point_id": "gps-008946",
            "reason": "STATIONARY_JITTER"
          },
          {
            "gps_point_id": "gps-008947",
            "reason": "STATIONARY_JITTER"
          },
          {
            "gps_point_id": "gps-008948",
            "reason": "STATIONARY_JITTER"
          },
          {
            "gps_point_id": "gps-008949",
            "reason": "STATIONARY_JITTER"
          },
          {
            "gps_point_id": "gps-008950",
            "reason": "STATIONARY_JITTER"
          },
          {
            "gps_point_id": "gps-008951",
            "reason": "STATIONARY_JITTER"
          },
          {
            "gps_point_id": "gps-008952",
            "reason": "STATIONARY_JITTER"
          },
          {
            "gps_point_id": "gps-008953",
            "reason": "STATIONARY_JITTER"
          },
          {
            "gps_point_id": "gps-008954",
            "reason": "STATIONARY_JITTER"
          },
          {
            "gps_point_id": "gps-008955",
            "reason": "STATIONARY_JITTER"
          },
          {
            "gps_point_id": "gps-008956",
            "reason": "STATIONARY_JITTER"
          },
          {
            "gps_point_id": "gps-008957",
            "reason": "STATIONARY_JITTER"
          },
          {
            "gps_point_id": "gps-008958",
            "reason": "STATIONARY_JITTER"
          },
          {
            "gps_point_id": "gps-008959",
            "reason": "STATIONARY_JITTER"
          },
          {
            "gps_point_id": "gps-008960",
            "reason": "STATIONARY_JITTER"
          },
          {
            "gps_point_id": "gps-008961",
            "reason": "STATIONARY_JITTER"
          },
          {
            "gps_point_id": "gps-008962",
            "reason": "STATIONARY_JITTER"
          },
          {
            "gps_point_id": "gps-008963",
            "reason": "STATIONARY_JITTER"
          },
          {
            "gps_point_id": "gps-008964",
            "reason": "STATIONARY_JITTER"
          },
          {
            "gps_point_id": "gps-008965",
            "reason": "STATIONARY_JITTER"
          },
          {
            "gps_point_id": "gps-008967",
            "reason": "STATIONARY_JITTER"
          },
          {
            "gps_point_id": "gps-008968",
            "reason": "STATIONARY_JITTER"
          },
          {
            "gps_point_id": "gps-008969",
            "reason": "STATIONARY_JITTER"
          },
          {
            "gps_point_id": "gps-008970",
            "reason": "STATIONARY_JITTER"
          },
          {
            "gps_point_id": "gps-008971",
            "reason": "STATIONARY_JITTER"
          },
          {
            "gps_point_id": "gps-008972",
            "reason": "STATIONARY_JITTER"
          },
          {
            "gps_point_id": "gps-008973",
            "reason": "STATIONARY_JITTER"
          },
          {
            "gps_point_id": "gps-008974",
            "reason": "STATIONARY_JITTER"
          },
          {
            "gps_point_id": "gps-008975",
            "reason": "STATIONARY_JITTER"
          },
          {
            "gps_point_id": "gps-008976",
            "reason": "STATIONARY_JITTER"
          },
          {
            "gps_point_id": "gps-008977",
            "reason": "STATIONARY_JITTER"
          },
          {
            "gps_point_id": "gps-008978",
            "reason": "STATIONARY_JITTER"
          },
          {
            "gps_point_id": "gps-008979",
            "reason": "STATIONARY_JITTER"
          },
          {
            "gps_point_id": "gps-008980",
            "reason": "STATIONARY_JITTER"
          },
          {
            "gps_point_id": "gps-008981",
            "reason": "STATIONARY_JITTER"
          },
          {
            "gps_point_id": "gps-008984",
            "reason": "STATIONARY_JITTER"
          },
          {
            "gps_point_id": "gps-008985",
            "reason": "STATIONARY_JITTER"
          },
          {
            "gps_point_id": "gps-008986",
            "reason": "STATIONARY_JITTER"
          },
          {
            "gps_point_id": "gps-008987",
            "reason": "STATIONARY_JITTER"
          },
          {
            "gps_point_id": "gps-008988",
            "reason": "STATIONARY_JITTER"
          },
          {
            "gps_point_id": "gps-008989",
            "reason": "STATIONARY_JITTER"
          },
          {
            "gps_point_id": "gps-008990",
            "reason": "STATIONARY_JITTER"
          },
          {
            "gps_point_id": "gps-008991",
            "reason": "STATIONARY_JITTER"
          },
          {
            "gps_point_id": "gps-008999",
            "reason": "STATIONARY_JITTER"
          },
          {
            "gps_point_id": "gps-009000",
            "reason": "STATIONARY_JITTER"
          },
          {
            "gps_point_id": "gps-009001",
            "reason": "STATIONARY_JITTER"
          },
          {
            "gps_point_id": "gps-009002",
            "reason": "STATIONARY_JITTER"
          },
          {
            "gps_point_id": "gps-009003",
            "reason": "STATIONARY_JITTER"
          },
          {
            "gps_point_id": "gps-009004",
            "reason": "STATIONARY_JITTER"
          },
          {
            "gps_point_id": "gps-009005",
            "reason": "STATIONARY_JITTER"
          },
          {
            "gps_point_id": "gps-009006",
            "reason": "STATIONARY_JITTER"
          },
          {
            "gps_point_id": "gps-009007",
            "reason": "STATIONARY_JITTER"
          },
          {
            "gps_point_id": "gps-009008",
            "reason": "STATIONARY_JITTER"
          },
          {
            "gps_point_id": "gps-009009",
            "reason": "STATIONARY_JITTER"
          },
          {
            "gps_point_id": "gps-009010",
            "reason": "STATIONARY_JITTER"
          },
          {
            "gps_point_id": "gps-009011",
            "reason": "STATIONARY_JITTER"
          },
          {
            "gps_point_id": "gps-009012",
            "reason": "STATIONARY_JITTER"
          },
          {
            "gps_point_id": "gps-009013",
            "reason": "STATIONARY_JITTER"
          },
          {
            "gps_point_id": "gps-009014",
            "reason": "STATIONARY_JITTER"
          },
          {
            "gps_point_id": "gps-009015",
            "reason": "STATIONARY_JITTER"
          },
          {
            "gps_point_id": "gps-009016",
            "reason": "STATIONARY_JITTER"
          },
          {
            "gps_point_id": "gps-009017",
            "reason": "STATIONARY_JITTER"
          },
          {
            "gps_point_id": "gps-009018",
            "reason": "STATIONARY_JITTER"
          },
          {
            "gps_point_id": "gps-009019",
            "reason": "STATIONARY_JITTER"
          },
          {
            "gps_point_id": "gps-009020",
            "reason": "STATIONARY_JITTER"
          },
          {
            "gps_point_id": "gps-009021",
            "reason": "STATIONARY_JITTER"
          },
          {
            "gps_point_id": "gps-009022",
            "reason": "STATIONARY_JITTER"
          },
          {
            "gps_point_id": "gps-009023",
            "reason": "STATIONARY_JITTER"
          },
          {
            "gps_point_id": "gps-009024",
            "reason": "STATIONARY_JITTER"
          },
          {
            "gps_point_id": "gps-009025",
            "reason": "STATIONARY_JITTER"
          },
          {
            "gps_point_id": "gps-009028",
            "reason": "STATIONARY_JITTER"
          },
          {
            "gps_point_id": "gps-009029",
            "reason": "STATIONARY_JITTER"
          },
          {
            "gps_point_id": "gps-009030",
            "reason": "STATIONARY_JITTER"
          },
          {
            "gps_point_id": "gps-009031",
            "reason": "STATIONARY_JITTER"
          },
          {
            "gps_point_id": "gps-009032",
            "reason": "STATIONARY_JITTER"
          },
          {
            "gps_point_id": "gps-009033",
            "reason": "STATIONARY_JITTER"
          },
          {
            "gps_point_id": "gps-009034",
            "reason": "STATIONARY_JITTER"
          },
          {
            "gps_point_id": "gps-009035",
            "reason": "STATIONARY_JITTER"
          },
          {
            "gps_point_id": "gps-009036",
            "reason": "STATIONARY_JITTER"
          },
          {
            "gps_point_id": "gps-009037",
            "reason": "STATIONARY_JITTER"
          },
          {
            "gps_point_id": "gps-009038",
            "reason": "STATIONARY_JITTER"
          },
          {
            "gps_point_id": "gps-009040",
            "reason": "STATIONARY_JITTER"
          },
          {
            "gps_point_id": "gps-009041",
            "reason": "STATIONARY_JITTER"
          },
          {
            "gps_point_id": "gps-009042",
            "reason": "STATIONARY_JITTER"
          },
          {
            "gps_point_id": "gps-009043",
            "reason": "STATIONARY_JITTER"
          },
          {
            "gps_point_id": "gps-009044",
            "reason": "STATIONARY_JITTER"
          },
          {
            "gps_point_id": "gps-009045",
            "reason": "STATIONARY_JITTER"
          },
          {
            "gps_point_id": "gps-009046",
            "reason": "STATIONARY_JITTER"
          },
          {
            "gps_point_id": "gps-009047",
            "reason": "STATIONARY_JITTER"
          },
          {
            "gps_point_id": "gps-009048",
            "reason": "STATIONARY_JITTER"
          },
          {
            "gps_point_id": "gps-009049",
            "reason": "STATIONARY_JITTER"
          },
          {
            "gps_point_id": "gps-009050",
            "reason": "STATIONARY_JITTER"
          },
          {
            "gps_point_id": "gps-009051",
            "reason": "STATIONARY_JITTER"
          },
          {
            "gps_point_id": "gps-009052",
            "reason": "STATIONARY_JITTER"
          },
          {
            "gps_point_id": "gps-009053",
            "reason": "STATIONARY_JITTER"
          },
          {
            "gps_point_id": "gps-009054",
            "reason": "STATIONARY_JITTER"
          },
          {
            "gps_point_id": "gps-009055",
            "reason": "STATIONARY_JITTER"
          },
          {
            "gps_point_id": "gps-009056",
            "reason": "STATIONARY_JITTER"
          },
          {
            "gps_point_id": "gps-009057",
            "reason": "STATIONARY_JITTER"
          },
          {
            "gps_point_id": "gps-009058",
            "reason": "STATIONARY_JITTER"
          },
          {
            "gps_point_id": "gps-009059",
            "reason": "STATIONARY_JITTER"
          },
          {
            "gps_point_id": "gps-009060",
            "reason": "STATIONARY_JITTER"
          },
          {
            "gps_point_id": "gps-009061",
            "reason": "STATIONARY_JITTER"
          },
          {
            "gps_point_id": "gps-009062",
            "reason": "STATIONARY_JITTER"
          },
          {
            "gps_point_id": "gps-009063",
            "reason": "STATIONARY_JITTER"
          },
          {
            "gps_point_id": "gps-009064",
            "reason": "STATIONARY_JITTER"
          },
          {
            "gps_point_id": "gps-009065",
            "reason": "STATIONARY_JITTER"
          },
          {
            "gps_point_id": "gps-009066",
            "reason": "STATIONARY_JITTER"
          },
          {
            "gps_point_id": "gps-009067",
            "reason": "STATIONARY_JITTER"
          },
          {
            "gps_point_id": "gps-009068",
            "reason": "STATIONARY_JITTER"
          },
          {
            "gps_point_id": "gps-009069",
            "reason": "STATIONARY_JITTER"
          },
          {
            "gps_point_id": "gps-009070",
            "reason": "STATIONARY_JITTER"
          },
          {
            "gps_point_id": "gps-009071",
            "reason": "STATIONARY_JITTER"
          },
          {
            "gps_point_id": "gps-009072",
            "reason": "STATIONARY_JITTER"
          },
          {
            "gps_point_id": "gps-009073",
            "reason": "STATIONARY_JITTER"
          },
          {
            "gps_point_id": "gps-009074",
            "reason": "STATIONARY_JITTER"
          },
          {
            "gps_point_id": "gps-009075",
            "reason": "STATIONARY_JITTER"
          },
          {
            "gps_point_id": "gps-009076",
            "reason": "STATIONARY_JITTER"
          },
          {
            "gps_point_id": "gps-009077",
            "reason": "STATIONARY_JITTER"
          },
          {
            "gps_point_id": "gps-009078",
            "reason": "STATIONARY_JITTER"
          },
          {
            "gps_point_id": "gps-009079",
            "reason": "STATIONARY_JITTER"
          },
          {
            "gps_point_id": "gps-009080",
            "reason": "STATIONARY_JITTER"
          },
          {
            "gps_point_id": "gps-009081",
            "reason": "STATIONARY_JITTER"
          },
          {
            "gps_point_id": "gps-009082",
            "reason": "STATIONARY_JITTER"
          },
          {
            "gps_point_id": "gps-009083",
            "reason": "STATIONARY_JITTER"
          },
          {
            "gps_point_id": "gps-009084",
            "reason": "STATIONARY_JITTER"
          },
          {
            "gps_point_id": "gps-009085",
            "reason": "STATIONARY_JITTER"
          },
          {
            "gps_point_id": "gps-009086",
            "reason": "STATIONARY_JITTER"
          },
          {
            "gps_point_id": "gps-009087",
            "reason": "STATIONARY_JITTER"
          },
          {
            "gps_point_id": "gps-009088",
            "reason": "STATIONARY_JITTER"
          },
          {
            "gps_point_id": "gps-009089",
            "reason": "STATIONARY_JITTER"
          },
          {
            "gps_point_id": "gps-009090",
            "reason": "STATIONARY_JITTER"
          },
          {
            "gps_point_id": "gps-009091",
            "reason": "STATIONARY_JITTER"
          },
          {
            "gps_point_id": "gps-009092",
            "reason": "STATIONARY_JITTER"
          },
          {
            "gps_point_id": "gps-009093",
            "reason": "STATIONARY_JITTER"
          },
          {
            "gps_point_id": "gps-009094",
            "reason": "STATIONARY_JITTER"
          },
          {
            "gps_point_id": "gps-009095",
            "reason": "STATIONARY_JITTER"
          },
          {
            "gps_point_id": "gps-009096",
            "reason": "STATIONARY_JITTER"
          },
          {
            "gps_point_id": "gps-009097",
            "reason": "STATIONARY_JITTER"
          },
          {
            "gps_point_id": "gps-009098",
            "reason": "STATIONARY_JITTER"
          },
          {
            "gps_point_id": "gps-009099",
            "reason": "STATIONARY_JITTER"
          },
          {
            "gps_point_id": "gps-009100",
            "reason": "STATIONARY_JITTER"
          },
          {
            "gps_point_id": "gps-009101",
            "reason": "STATIONARY_JITTER"
          },
          {
            "gps_point_id": "gps-009102",
            "reason": "STATIONARY_JITTER"
          },
          {
            "gps_point_id": "gps-009103",
            "reason": "STATIONARY_JITTER"
          },
          {
            "gps_point_id": "gps-009104",
            "reason": "STATIONARY_JITTER"
          },
          {
            "gps_point_id": "gps-009105",
            "reason": "STATIONARY_JITTER"
          },
          {
            "gps_point_id": "gps-009106",
            "reason": "STATIONARY_JITTER"
          },
          {
            "gps_point_id": "gps-009107",
            "reason": "STATIONARY_JITTER"
          },
          {
            "gps_point_id": "gps-009108",
            "reason": "STATIONARY_JITTER"
          },
          {
            "gps_point_id": "gps-009109",
            "reason": "STATIONARY_JITTER"
          },
          {
            "gps_point_id": "gps-009110",
            "reason": "STATIONARY_JITTER"
          },
          {
            "gps_point_id": "gps-009111",
            "reason": "STATIONARY_JITTER"
          },
          {
            "gps_point_id": "gps-009112",
            "reason": "STATIONARY_JITTER"
          },
          {
            "gps_point_id": "gps-009113",
            "reason": "STATIONARY_JITTER"
          },
          {
            "gps_point_id": "gps-009114",
            "reason": "STATIONARY_JITTER"
          },
          {
            "gps_point_id": "gps-009115",
            "reason": "STATIONARY_JITTER"
          },
          {
            "gps_point_id": "gps-009116",
            "reason": "STATIONARY_JITTER"
          },
          {
            "gps_point_id": "gps-009117",
            "reason": "STATIONARY_JITTER"
          },
          {
            "gps_point_id": "gps-009118",
            "reason": "STATIONARY_JITTER"
          },
          {
            "gps_point_id": "gps-009119",
            "reason": "STATIONARY_JITTER"
          },
          {
            "gps_point_id": "gps-009120",
            "reason": "STATIONARY_JITTER"
          },
          {
            "gps_point_id": "gps-009121",
            "reason": "STATIONARY_JITTER"
          },
          {
            "gps_point_id": "gps-009122",
            "reason": "STATIONARY_JITTER"
          },
          {
            "gps_point_id": "gps-009123",
            "reason": "STATIONARY_JITTER"
          },
          {
            "gps_point_id": "gps-009124",
            "reason": "STATIONARY_JITTER"
          },
          {
            "gps_point_id": "gps-009126",
            "reason": "STATIONARY_JITTER"
          },
          {
            "gps_point_id": "gps-009128",
            "reason": "STATIONARY_JITTER"
          },
          {
            "gps_point_id": "gps-009129",
            "reason": "STATIONARY_JITTER"
          },
          {
            "gps_point_id": "gps-009130",
            "reason": "STATIONARY_JITTER"
          },
          {
            "gps_point_id": "gps-009131",
            "reason": "STATIONARY_JITTER"
          },
          {
            "gps_point_id": "gps-009132",
            "reason": "STATIONARY_JITTER"
          },
          {
            "gps_point_id": "gps-009133",
            "reason": "STATIONARY_JITTER"
          },
          {
            "gps_point_id": "gps-009134",
            "reason": "STATIONARY_JITTER"
          },
          {
            "gps_point_id": "gps-009135",
            "reason": "STATIONARY_JITTER"
          },
          {
            "gps_point_id": "gps-009136",
            "reason": "STATIONARY_JITTER"
          },
          {
            "gps_point_id": "gps-009137",
            "reason": "STATIONARY_JITTER"
          },
          {
            "gps_point_id": "gps-009138",
            "reason": "STATIONARY_JITTER"
          },
          {
            "gps_point_id": "gps-009139",
            "reason": "STATIONARY_JITTER"
          },
          {
            "gps_point_id": "gps-009140",
            "reason": "STATIONARY_JITTER"
          },
          {
            "gps_point_id": "gps-009141",
            "reason": "STATIONARY_JITTER"
          },
          {
            "gps_point_id": "gps-009142",
            "reason": "STATIONARY_JITTER"
          },
          {
            "gps_point_id": "gps-009143",
            "reason": "STATIONARY_JITTER"
          },
          {
            "gps_point_id": "gps-009144",
            "reason": "STATIONARY_JITTER"
          },
          {
            "gps_point_id": "gps-009145",
            "reason": "STATIONARY_JITTER"
          },
          {
            "gps_point_id": "gps-009146",
            "reason": "STATIONARY_JITTER"
          },
          {
            "gps_point_id": "gps-009147",
            "reason": "STATIONARY_JITTER"
          },
          {
            "gps_point_id": "gps-009148",
            "reason": "STATIONARY_JITTER"
          },
          {
            "gps_point_id": "gps-009149",
            "reason": "STATIONARY_JITTER"
          },
          {
            "gps_point_id": "gps-009150",
            "reason": "STATIONARY_JITTER"
          },
          {
            "gps_point_id": "gps-009151",
            "reason": "STATIONARY_JITTER"
          },
          {
            "gps_point_id": "gps-009152",
            "reason": "STATIONARY_JITTER"
          },
          {
            "gps_point_id": "gps-009153",
            "reason": "STATIONARY_JITTER"
          },
          {
            "gps_point_id": "gps-009154",
            "reason": "STATIONARY_JITTER"
          },
          {
            "gps_point_id": "gps-009155",
            "reason": "STATIONARY_JITTER"
          },
          {
            "gps_point_id": "gps-009156",
            "reason": "STATIONARY_JITTER"
          },
          {
            "gps_point_id": "gps-009157",
            "reason": "STATIONARY_JITTER"
          },
          {
            "gps_point_id": "gps-009158",
            "reason": "STATIONARY_JITTER"
          },
          {
            "gps_point_id": "gps-009159",
            "reason": "STATIONARY_JITTER"
          },
          {
            "gps_point_id": "gps-009160",
            "reason": "STATIONARY_JITTER"
          },
          {
            "gps_point_id": "gps-009161",
            "reason": "STATIONARY_JITTER"
          },
          {
            "gps_point_id": "gps-009162",
            "reason": "STATIONARY_JITTER"
          },
          {
            "gps_point_id": "gps-009163",
            "reason": "STATIONARY_JITTER"
          },
          {
            "gps_point_id": "gps-009164",
            "reason": "STATIONARY_JITTER"
          },
          {
            "gps_point_id": "gps-009165",
            "reason": "STATIONARY_JITTER"
          },
          {
            "gps_point_id": "gps-009166",
            "reason": "STATIONARY_JITTER"
          },
          {
            "gps_point_id": "gps-009167",
            "reason": "STATIONARY_JITTER"
          },
          {
            "gps_point_id": "gps-009168",
            "reason": "STATIONARY_JITTER"
          },
          {
            "gps_point_id": "gps-009169",
            "reason": "STATIONARY_JITTER"
          },
          {
            "gps_point_id": "gps-009170",
            "reason": "STATIONARY_JITTER"
          },
          {
            "gps_point_id": "gps-009171",
            "reason": "STATIONARY_JITTER"
          },
          {
            "gps_point_id": "gps-009172",
            "reason": "STATIONARY_JITTER"
          },
          {
            "gps_point_id": "gps-009173",
            "reason": "STATIONARY_JITTER"
          },
          {
            "gps_point_id": "gps-009174",
            "reason": "STATIONARY_JITTER"
          },
          {
            "gps_point_id": "gps-009175",
            "reason": "STATIONARY_JITTER"
          },
          {
            "gps_point_id": "gps-009176",
            "reason": "STATIONARY_JITTER"
          },
          {
            "gps_point_id": "gps-009178",
            "reason": "STATIONARY_JITTER"
          },
          {
            "gps_point_id": "gps-009179",
            "reason": "STATIONARY_JITTER"
          },
          {
            "gps_point_id": "gps-009180",
            "reason": "STATIONARY_JITTER"
          },
          {
            "gps_point_id": "gps-009181",
            "reason": "STATIONARY_JITTER"
          },
          {
            "gps_point_id": "gps-009182",
            "reason": "STATIONARY_JITTER"
          },
          {
            "gps_point_id": "gps-009183",
            "reason": "STATIONARY_JITTER"
          },
          {
            "gps_point_id": "gps-009185",
            "reason": "STATIONARY_JITTER"
          },
          {
            "gps_point_id": "gps-009186",
            "reason": "STATIONARY_JITTER"
          },
          {
            "gps_point_id": "gps-009187",
            "reason": "STATIONARY_JITTER"
          },
          {
            "gps_point_id": "gps-009188",
            "reason": "STATIONARY_JITTER"
          },
          {
            "gps_point_id": "gps-009189",
            "reason": "STATIONARY_JITTER"
          },
          {
            "gps_point_id": "gps-009190",
            "reason": "STATIONARY_JITTER"
          },
          {
            "gps_point_id": "gps-009191",
            "reason": "STATIONARY_JITTER"
          },
          {
            "gps_point_id": "gps-009192",
            "reason": "STATIONARY_JITTER"
          },
          {
            "gps_point_id": "gps-009193",
            "reason": "STATIONARY_JITTER"
          },
          {
            "gps_point_id": "gps-009194",
            "reason": "STATIONARY_JITTER"
          },
          {
            "gps_point_id": "gps-009195",
            "reason": "STATIONARY_JITTER"
          },
          {
            "gps_point_id": "gps-009196",
            "reason": "STATIONARY_JITTER"
          },
          {
            "gps_point_id": "gps-009197",
            "reason": "STATIONARY_JITTER"
          },
          {
            "gps_point_id": "gps-009198",
            "reason": "STATIONARY_JITTER"
          },
          {
            "gps_point_id": "gps-009199",
            "reason": "STATIONARY_JITTER"
          },
          {
            "gps_point_id": "gps-009200",
            "reason": "STATIONARY_JITTER"
          },
          {
            "gps_point_id": "gps-009201",
            "reason": "STATIONARY_JITTER"
          },
          {
            "gps_point_id": "gps-009202",
            "reason": "STATIONARY_JITTER"
          },
          {
            "gps_point_id": "gps-009203",
            "reason": "STATIONARY_JITTER"
          },
          {
            "gps_point_id": "gps-009204",
            "reason": "STATIONARY_JITTER"
          },
          {
            "gps_point_id": "gps-009206",
            "reason": "STATIONARY_JITTER"
          },
          {
            "gps_point_id": "gps-009207",
            "reason": "STATIONARY_JITTER"
          },
          {
            "gps_point_id": "gps-009208",
            "reason": "STATIONARY_JITTER"
          },
          {
            "gps_point_id": "gps-009209",
            "reason": "STATIONARY_JITTER"
          },
          {
            "gps_point_id": "gps-009210",
            "reason": "STATIONARY_JITTER"
          },
          {
            "gps_point_id": "gps-009211",
            "reason": "STATIONARY_JITTER"
          },
          {
            "gps_point_id": "gps-009212",
            "reason": "STATIONARY_JITTER"
          },
          {
            "gps_point_id": "gps-009213",
            "reason": "STATIONARY_JITTER"
          },
          {
            "gps_point_id": "gps-009214",
            "reason": "STATIONARY_JITTER"
          },
          {
            "gps_point_id": "gps-009215",
            "reason": "STATIONARY_JITTER"
          },
          {
            "gps_point_id": "gps-009216",
            "reason": "STATIONARY_JITTER"
          },
          {
            "gps_point_id": "gps-009217",
            "reason": "STATIONARY_JITTER"
          },
          {
            "gps_point_id": "gps-009218",
            "reason": "STATIONARY_JITTER"
          },
          {
            "gps_point_id": "gps-009219",
            "reason": "STATIONARY_JITTER"
          },
          {
            "gps_point_id": "gps-009220",
            "reason": "STATIONARY_JITTER"
          },
          {
            "gps_point_id": "gps-009221",
            "reason": "STATIONARY_JITTER"
          },
          {
            "gps_point_id": "gps-009222",
            "reason": "STATIONARY_JITTER"
          },
          {
            "gps_point_id": "gps-009223",
            "reason": "STATIONARY_JITTER"
          },
          {
            "gps_point_id": "gps-009224",
            "reason": "STATIONARY_JITTER"
          },
          {
            "gps_point_id": "gps-009225",
            "reason": "STATIONARY_JITTER"
          },
          {
            "gps_point_id": "gps-009226",
            "reason": "STATIONARY_JITTER"
          },
          {
            "gps_point_id": "gps-009227",
            "reason": "STATIONARY_JITTER"
          },
          {
            "gps_point_id": "gps-009228",
            "reason": "STATIONARY_JITTER"
          },
          {
            "gps_point_id": "gps-009229",
            "reason": "STATIONARY_JITTER"
          },
          {
            "gps_point_id": "gps-009230",
            "reason": "STATIONARY_JITTER"
          },
          {
            "gps_point_id": "gps-009232",
            "reason": "STATIONARY_JITTER"
          },
          {
            "gps_point_id": "gps-009233",
            "reason": "STATIONARY_JITTER"
          },
          {
            "gps_point_id": "gps-009234",
            "reason": "STATIONARY_JITTER"
          },
          {
            "gps_point_id": "gps-009235",
            "reason": "STATIONARY_JITTER"
          },
          {
            "gps_point_id": "gps-009236",
            "reason": "STATIONARY_JITTER"
          },
          {
            "gps_point_id": "gps-009237",
            "reason": "STATIONARY_JITTER"
          },
          {
            "gps_point_id": "gps-009238",
            "reason": "STATIONARY_JITTER"
          },
          {
            "gps_point_id": "gps-009240",
            "reason": "STATIONARY_JITTER"
          },
          {
            "gps_point_id": "gps-009241",
            "reason": "STATIONARY_JITTER"
          },
          {
            "gps_point_id": "gps-009242",
            "reason": "STATIONARY_JITTER"
          },
          {
            "gps_point_id": "gps-009243",
            "reason": "STATIONARY_JITTER"
          },
          {
            "gps_point_id": "gps-009244",
            "reason": "STATIONARY_JITTER"
          },
          {
            "gps_point_id": "gps-009245",
            "reason": "STATIONARY_JITTER"
          },
          {
            "gps_point_id": "gps-009246",
            "reason": "STATIONARY_JITTER"
          },
          {
            "gps_point_id": "gps-009247",
            "reason": "STATIONARY_JITTER"
          },
          {
            "gps_point_id": "gps-009248",
            "reason": "STATIONARY_JITTER"
          },
          {
            "gps_point_id": "gps-009249",
            "reason": "STATIONARY_JITTER"
          },
          {
            "gps_point_id": "gps-009250",
            "reason": "STATIONARY_JITTER"
          },
          {
            "gps_point_id": "gps-009251",
            "reason": "STATIONARY_JITTER"
          },
          {
            "gps_point_id": "gps-009252",
            "reason": "STATIONARY_JITTER"
          },
          {
            "gps_point_id": "gps-009253",
            "reason": "STATIONARY_JITTER"
          },
          {
            "gps_point_id": "gps-009254",
            "reason": "STATIONARY_JITTER"
          },
          {
            "gps_point_id": "gps-009255",
            "reason": "STATIONARY_JITTER"
          },
          {
            "gps_point_id": "gps-009257",
            "reason": "STATIONARY_JITTER"
          },
          {
            "gps_point_id": "gps-009258",
            "reason": "STATIONARY_JITTER"
          },
          {
            "gps_point_id": "gps-009259",
            "reason": "STATIONARY_JITTER"
          },
          {
            "gps_point_id": "gps-009260",
            "reason": "STATIONARY_JITTER"
          },
          {
            "gps_point_id": "gps-009261",
            "reason": "STATIONARY_JITTER"
          },
          {
            "gps_point_id": "gps-009262",
            "reason": "STATIONARY_JITTER"
          },
          {
            "gps_point_id": "gps-009263",
            "reason": "STATIONARY_JITTER"
          },
          {
            "gps_point_id": "gps-009264",
            "reason": "STATIONARY_JITTER"
          },
          {
            "gps_point_id": "gps-009265",
            "reason": "STATIONARY_JITTER"
          },
          {
            "gps_point_id": "gps-009266",
            "reason": "STATIONARY_JITTER"
          },
          {
            "gps_point_id": "gps-009267",
            "reason": "STATIONARY_JITTER"
          },
          {
            "gps_point_id": "gps-009268",
            "reason": "STATIONARY_JITTER"
          },
          {
            "gps_point_id": "gps-009269",
            "reason": "STATIONARY_JITTER"
          },
          {
            "gps_point_id": "gps-009270",
            "reason": "STATIONARY_JITTER"
          },
          {
            "gps_point_id": "gps-009271",
            "reason": "STATIONARY_JITTER"
          },
          {
            "gps_point_id": "gps-009272",
            "reason": "STATIONARY_JITTER"
          },
          {
            "gps_point_id": "gps-009273",
            "reason": "STATIONARY_JITTER"
          },
          {
            "gps_point_id": "gps-009274",
            "reason": "STATIONARY_JITTER"
          },
          {
            "gps_point_id": "gps-009275",
            "reason": "STATIONARY_JITTER"
          },
          {
            "gps_point_id": "gps-009276",
            "reason": "STATIONARY_JITTER"
          },
          {
            "gps_point_id": "gps-009277",
            "reason": "STATIONARY_JITTER"
          },
          {
            "gps_point_id": "gps-009278",
            "reason": "STATIONARY_JITTER"
          },
          {
            "gps_point_id": "gps-009279",
            "reason": "STATIONARY_JITTER"
          },
          {
            "gps_point_id": "gps-009280",
            "reason": "STATIONARY_JITTER"
          },
          {
            "gps_point_id": "gps-009281",
            "reason": "STATIONARY_JITTER"
          },
          {
            "gps_point_id": "gps-009282",
            "reason": "STATIONARY_JITTER"
          },
          {
            "gps_point_id": "gps-009283",
            "reason": "STATIONARY_JITTER"
          },
          {
            "gps_point_id": "gps-009284",
            "reason": "STATIONARY_JITTER"
          },
          {
            "gps_point_id": "gps-009285",
            "reason": "STATIONARY_JITTER"
          },
          {
            "gps_point_id": "gps-009286",
            "reason": "STATIONARY_JITTER"
          },
          {
            "gps_point_id": "gps-009287",
            "reason": "STATIONARY_JITTER"
          },
          {
            "gps_point_id": "gps-009288",
            "reason": "STATIONARY_JITTER"
          },
          {
            "gps_point_id": "gps-009289",
            "reason": "STATIONARY_JITTER"
          },
          {
            "gps_point_id": "gps-009290",
            "reason": "STATIONARY_JITTER"
          },
          {
            "gps_point_id": "gps-009291",
            "reason": "STATIONARY_JITTER"
          },
          {
            "gps_point_id": "gps-009292",
            "reason": "STATIONARY_JITTER"
          },
          {
            "gps_point_id": "gps-009293",
            "reason": "STATIONARY_JITTER"
          },
          {
            "gps_point_id": "gps-009294",
            "reason": "STATIONARY_JITTER"
          },
          {
            "gps_point_id": "gps-009295",
            "reason": "STATIONARY_JITTER"
          },
          {
            "gps_point_id": "gps-009296",
            "reason": "STATIONARY_JITTER"
          },
          {
            "gps_point_id": "gps-009299",
            "reason": "STATIONARY_JITTER"
          },
          {
            "gps_point_id": "gps-009300",
            "reason": "STATIONARY_JITTER"
          },
          {
            "gps_point_id": "gps-009301",
            "reason": "STATIONARY_JITTER"
          },
          {
            "gps_point_id": "gps-009302",
            "reason": "STATIONARY_JITTER"
          },
          {
            "gps_point_id": "gps-009303",
            "reason": "STATIONARY_JITTER"
          },
          {
            "gps_point_id": "gps-009304",
            "reason": "STATIONARY_JITTER"
          },
          {
            "gps_point_id": "gps-009307",
            "reason": "STATIONARY_JITTER"
          },
          {
            "gps_point_id": "gps-009308",
            "reason": "STATIONARY_JITTER"
          },
          {
            "gps_point_id": "gps-009309",
            "reason": "STATIONARY_JITTER"
          },
          {
            "gps_point_id": "gps-009310",
            "reason": "STATIONARY_JITTER"
          },
          {
            "gps_point_id": "gps-009311",
            "reason": "STATIONARY_JITTER"
          },
          {
            "gps_point_id": "gps-009312",
            "reason": "STATIONARY_JITTER"
          },
          {
            "gps_point_id": "gps-009313",
            "reason": "STATIONARY_JITTER"
          },
          {
            "gps_point_id": "gps-009314",
            "reason": "STATIONARY_JITTER"
          },
          {
            "gps_point_id": "gps-009315",
            "reason": "STATIONARY_JITTER"
          },
          {
            "gps_point_id": "gps-009316",
            "reason": "STATIONARY_JITTER"
          },
          {
            "gps_point_id": "gps-009317",
            "reason": "STATIONARY_JITTER"
          },
          {
            "gps_point_id": "gps-009318",
            "reason": "STATIONARY_JITTER"
          },
          {
            "gps_point_id": "gps-009319",
            "reason": "STATIONARY_JITTER"
          },
          {
            "gps_point_id": "gps-009320",
            "reason": "STATIONARY_JITTER"
          },
          {
            "gps_point_id": "gps-009321",
            "reason": "STATIONARY_JITTER"
          },
          {
            "gps_point_id": "gps-009322",
            "reason": "STATIONARY_JITTER"
          },
          {
            "gps_point_id": "gps-009323",
            "reason": "STATIONARY_JITTER"
          },
          {
            "gps_point_id": "gps-009324",
            "reason": "STATIONARY_JITTER"
          },
          {
            "gps_point_id": "gps-009325",
            "reason": "STATIONARY_JITTER"
          },
          {
            "gps_point_id": "gps-009326",
            "reason": "STATIONARY_JITTER"
          },
          {
            "gps_point_id": "gps-009327",
            "reason": "STATIONARY_JITTER"
          },
          {
            "gps_point_id": "gps-009328",
            "reason": "STATIONARY_JITTER"
          },
          {
            "gps_point_id": "gps-009329",
            "reason": "STATIONARY_JITTER"
          },
          {
            "gps_point_id": "gps-009330",
            "reason": "STATIONARY_JITTER"
          },
          {
            "gps_point_id": "gps-009331",
            "reason": "STATIONARY_JITTER"
          },
          {
            "gps_point_id": "gps-009332",
            "reason": "STATIONARY_JITTER"
          },
          {
            "gps_point_id": "gps-009333",
            "reason": "STATIONARY_JITTER"
          },
          {
            "gps_point_id": "gps-009334",
            "reason": "STATIONARY_JITTER"
          },
          {
            "gps_point_id": "gps-009335",
            "reason": "STATIONARY_JITTER"
          },
          {
            "gps_point_id": "gps-009336",
            "reason": "STATIONARY_JITTER"
          },
          {
            "gps_point_id": "gps-009337",
            "reason": "STATIONARY_JITTER"
          },
          {
            "gps_point_id": "gps-009338",
            "reason": "STATIONARY_JITTER"
          },
          {
            "gps_point_id": "gps-009339",
            "reason": "STATIONARY_JITTER"
          },
          {
            "gps_point_id": "gps-009340",
            "reason": "STATIONARY_JITTER"
          },
          {
            "gps_point_id": "gps-009341",
            "reason": "STATIONARY_JITTER"
          },
          {
            "gps_point_id": "gps-009342",
            "reason": "STATIONARY_JITTER"
          },
          {
            "gps_point_id": "gps-009343",
            "reason": "STATIONARY_JITTER"
          },
          {
            "gps_point_id": "gps-009344",
            "reason": "STATIONARY_JITTER"
          },
          {
            "gps_point_id": "gps-009345",
            "reason": "STATIONARY_JITTER"
          },
          {
            "gps_point_id": "gps-009346",
            "reason": "STATIONARY_JITTER"
          },
          {
            "gps_point_id": "gps-009347",
            "reason": "STATIONARY_JITTER"
          },
          {
            "gps_point_id": "gps-009348",
            "reason": "STATIONARY_JITTER"
          },
          {
            "gps_point_id": "gps-009349",
            "reason": "STATIONARY_JITTER"
          },
          {
            "gps_point_id": "gps-009350",
            "reason": "STATIONARY_JITTER"
          },
          {
            "gps_point_id": "gps-009351",
            "reason": "STATIONARY_JITTER"
          },
          {
            "gps_point_id": "gps-009352",
            "reason": "STATIONARY_JITTER"
          },
          {
            "gps_point_id": "gps-009353",
            "reason": "STATIONARY_JITTER"
          },
          {
            "gps_point_id": "gps-009354",
            "reason": "STATIONARY_JITTER"
          },
          {
            "gps_point_id": "gps-009355",
            "reason": "STATIONARY_JITTER"
          },
          {
            "gps_point_id": "gps-009356",
            "reason": "STATIONARY_JITTER"
          },
          {
            "gps_point_id": "gps-009357",
            "reason": "STATIONARY_JITTER"
          },
          {
            "gps_point_id": "gps-009358",
            "reason": "STATIONARY_JITTER"
          },
          {
            "gps_point_id": "gps-009359",
            "reason": "STATIONARY_JITTER"
          },
          {
            "gps_point_id": "gps-009360",
            "reason": "STATIONARY_JITTER"
          },
          {
            "gps_point_id": "gps-009361",
            "reason": "STATIONARY_JITTER"
          },
          {
            "gps_point_id": "gps-009362",
            "reason": "STATIONARY_JITTER"
          },
          {
            "gps_point_id": "gps-009363",
            "reason": "STATIONARY_JITTER"
          },
          {
            "gps_point_id": "gps-009364",
            "reason": "STATIONARY_JITTER"
          },
          {
            "gps_point_id": "gps-009365",
            "reason": "STATIONARY_JITTER"
          },
          {
            "gps_point_id": "gps-009366",
            "reason": "STATIONARY_JITTER"
          },
          {
            "gps_point_id": "gps-009367",
            "reason": "STATIONARY_JITTER"
          },
          {
            "gps_point_id": "gps-009368",
            "reason": "STATIONARY_JITTER"
          },
          {
            "gps_point_id": "gps-009369",
            "reason": "STATIONARY_JITTER"
          },
          {
            "gps_point_id": "gps-009370",
            "reason": "STATIONARY_JITTER"
          },
          {
            "gps_point_id": "gps-009371",
            "reason": "STATIONARY_JITTER"
          },
          {
            "gps_point_id": "gps-009372",
            "reason": "STATIONARY_JITTER"
          },
          {
            "gps_point_id": "gps-009373",
            "reason": "STATIONARY_JITTER"
          },
          {
            "gps_point_id": "gps-009374",
            "reason": "STATIONARY_JITTER"
          },
          {
            "gps_point_id": "gps-009375",
            "reason": "STATIONARY_JITTER"
          },
          {
            "gps_point_id": "gps-009376",
            "reason": "STATIONARY_JITTER"
          },
          {
            "gps_point_id": "gps-009377",
            "reason": "STATIONARY_JITTER"
          },
          {
            "gps_point_id": "gps-009378",
            "reason": "STATIONARY_JITTER"
          },
          {
            "gps_point_id": "gps-009379",
            "reason": "STATIONARY_JITTER"
          },
          {
            "gps_point_id": "gps-009380",
            "reason": "STATIONARY_JITTER"
          },
          {
            "gps_point_id": "gps-009381",
            "reason": "STATIONARY_JITTER"
          },
          {
            "gps_point_id": "gps-009382",
            "reason": "STATIONARY_JITTER"
          },
          {
            "gps_point_id": "gps-009383",
            "reason": "STATIONARY_JITTER"
          },
          {
            "gps_point_id": "gps-009384",
            "reason": "STATIONARY_JITTER"
          },
          {
            "gps_point_id": "gps-009385",
            "reason": "STATIONARY_JITTER"
          },
          {
            "gps_point_id": "gps-009386",
            "reason": "STATIONARY_JITTER"
          },
          {
            "gps_point_id": "gps-009387",
            "reason": "STATIONARY_JITTER"
          },
          {
            "gps_point_id": "gps-009388",
            "reason": "STATIONARY_JITTER"
          },
          {
            "gps_point_id": "gps-009389",
            "reason": "STATIONARY_JITTER"
          },
          {
            "gps_point_id": "gps-009390",
            "reason": "STATIONARY_JITTER"
          },
          {
            "gps_point_id": "gps-009391",
            "reason": "STATIONARY_JITTER"
          },
          {
            "gps_point_id": "gps-009397",
            "reason": "STATIONARY_JITTER"
          },
          {
            "gps_point_id": "gps-009398",
            "reason": "STATIONARY_JITTER"
          },
          {
            "gps_point_id": "gps-009399",
            "reason": "STATIONARY_JITTER"
          },
          {
            "gps_point_id": "gps-009400",
            "reason": "STATIONARY_JITTER"
          },
          {
            "gps_point_id": "gps-009401",
            "reason": "STATIONARY_JITTER"
          },
          {
            "gps_point_id": "gps-009402",
            "reason": "STATIONARY_JITTER"
          },
          {
            "gps_point_id": "gps-009403",
            "reason": "STATIONARY_JITTER"
          },
          {
            "gps_point_id": "gps-009405",
            "reason": "STATIONARY_JITTER"
          },
          {
            "gps_point_id": "gps-009406",
            "reason": "STATIONARY_JITTER"
          },
          {
            "gps_point_id": "gps-008992",
            "reason": "ONE_POINT_SPIKE"
          },
          {
            "gps_point_id": "gps-008966",
            "reason": "DISPLAY_SIMPLIFICATION"
          },
          {
            "gps_point_id": "gps-008994",
            "reason": "DISPLAY_SIMPLIFICATION"
          },
          {
            "gps_point_id": "gps-008997",
            "reason": "DISPLAY_SIMPLIFICATION"
          },
          {
            "gps_point_id": "gps-008998",
            "reason": "DISPLAY_SIMPLIFICATION"
          },
          {
            "gps_point_id": "gps-009026",
            "reason": "DISPLAY_SIMPLIFICATION"
          },
          {
            "gps_point_id": "gps-009125",
            "reason": "DISPLAY_SIMPLIFICATION"
          },
          {
            "gps_point_id": "gps-009231",
            "reason": "DISPLAY_SIMPLIFICATION"
          },
          {
            "gps_point_id": "gps-009256",
            "reason": "DISPLAY_SIMPLIFICATION"
          },
          {
            "gps_point_id": "gps-009306",
            "reason": "DISPLAY_SIMPLIFICATION"
          },
          {
            "gps_point_id": "gps-009395",
            "reason": "DISPLAY_SIMPLIFICATION"
          },
          {
            "gps_point_id": "gps-009396",
            "reason": "DISPLAY_SIMPLIFICATION"
          },
          {
            "gps_point_id": "gps-009404",
            "reason": "DISPLAY_SIMPLIFICATION"
          }
        ],
        "derivation_rules": {
          "max_accuracy_m": 40,
          "stationary_spacing_m": 1.5,
          "one_point_spike_leg_m": 8,
          "rdp_tolerance_m": 2.5
        },
        "raw_gps_preserved": true,
        "source_evidence_modified": false,
        "no_artificial_relocation_connector": true,
        "presentation_only": true,
        "limitation": "CLEANED CUSTOMER DISPLAY WALK - RAW PHONE GPS REMAINS CONTROLLING EVIDENCE AND IS NOT SURVEY-GRADE"
      }
    },
    {
      "type": "Feature",
      "id": "DISPLAY-WALK-004",
      "geometry": {
        "type": "LineString",
        "coordinates": [
          [
            -87.09062088299414,
            30.48932894873538
          ],
          [
            -87.09087239150566,
            30.4893155847027
          ],
          [
            -87.09082485838982,
            30.489331400962076
          ],
          [
            -87.0908290280005,
            30.489366959799987
          ],
          [
            -87.09090889699151,
            30.48924358174806
          ],
          [
            -87.09085080601986,
            30.48933792345102
          ],
          [
            -87.0908590614402,
            30.489286508977862
          ],
          [
            -87.09084291080217,
            30.489319384747173
          ],
          [
            -87.09079899499002,
            30.489306646513413
          ],
          [
            -87.0908485721674,
            30.4892789700261
          ],
          [
            -87.09077250220541,
            30.489309662981412
          ],
          [
            -87.0906706677377,
            30.48928138563789
          ],
          [
            -87.09067731075781,
            30.48933295827319
          ],
          [
            -87.09069433606132,
            30.489252041482086
          ],
          [
            -87.0907261913756,
            30.48928298482999
          ],
          [
            -87.09070236073237,
            30.489256016810074
          ],
          [
            -87.0907427834812,
            30.489258273379367
          ],
          [
            -87.0907004224312,
            30.489303078318038
          ],
          [
            -87.09072768474766,
            30.489334287196293
          ],
          [
            -87.0906549324069,
            30.489418750242386
          ],
          [
            -87.09055639078197,
            30.489409299454813
          ],
          [
            -87.09051867209816,
            30.489356917460853
          ],
          [
            -87.09046135778252,
            30.489398998597395
          ],
          [
            -87.0903547931168,
            30.489349276006273
          ],
          [
            -87.0903442854526,
            30.4893876082754
          ],
          [
            -87.09031519209573,
            30.48933836366906
          ],
          [
            -87.09041328183488,
            30.48948477848937
          ],
          [
            -87.09036562557468,
            30.489473176813092
          ],
          [
            -87.09031244406158,
            30.4895102199653
          ],
          [
            -87.09031222490812,
            30.489477649823222
          ],
          [
            -87.09036908179233,
            30.489527631537538
          ],
          [
            -87.09028684150233,
            30.48954937083849
          ],
          [
            -87.09031568381582,
            30.489584020182875
          ],
          [
            -87.09025331510351,
            30.489544837820933
          ],
          [
            -87.09028315689984,
            30.489619935895078
          ],
          [
            -87.0902213134737,
            30.489639021618437
          ],
          [
            -87.09020362281764,
            30.489709519813495
          ],
          [
            -87.0900868858613,
            30.489530233957325
          ],
          [
            -87.090028814061,
            30.489517442007088
          ],
          [
            -87.09004435124308,
            30.489605551867943
          ],
          [
            -87.08999815691077,
            30.48958178849861
          ],
          [
            -87.09000230847877,
            30.489617538782614
          ],
          [
            -87.09006453472323,
            30.4896310309379
          ],
          [
            -87.09010496578524,
            30.489491274352456
          ],
          [
            -87.09010188691992,
            30.489590895182616
          ],
          [
            -87.09018481013075,
            30.48967682720133
          ]
        ]
      },
      "properties": {
        "record_type": "derived_customer_display_walk",
        "inspection_date": "2026-08-04",
        "source_route_segment_index": 3,
        "source_start_time": "2026-08-04T14:53:41.845Z",
        "source_end_time": "2026-08-04T15:20:47.000Z",
        "source_point_count": 1309,
        "display_point_count": 46,
        "retained_source_point_ids": [
          "gps-009411",
          "gps-009459",
          "gps-009466",
          "gps-009475",
          "gps-009546",
          "gps-009786",
          "gps-009797",
          "gps-009800",
          "gps-009874",
          "gps-009908",
          "gps-009959",
          "gps-009968",
          "gps-009977",
          "gps-009994",
          "gps-009998",
          "gps-010006",
          "gps-010014",
          "gps-010022",
          "gps-010026",
          "gps-010054",
          "gps-010068",
          "gps-010082",
          "gps-010124",
          "gps-010158",
          "gps-010168",
          "gps-010170",
          "gps-010190",
          "gps-010191",
          "gps-010206",
          "gps-010234",
          "gps-010304",
          "gps-010337",
          "gps-010348",
          "gps-010368",
          "gps-010380",
          "gps-010436",
          "gps-010445",
          "gps-010531",
          "gps-010546",
          "gps-010553",
          "gps-010583",
          "gps-010595",
          "gps-010601",
          "gps-010664",
          "gps-010686",
          "gps-010719"
        ],
        "suppressed_source_points": [
          {
            "gps_point_id": "gps-010298",
            "reason": "POOR_ACCURACY"
          },
          {
            "gps_point_id": "gps-010299",
            "reason": "POOR_ACCURACY"
          },
          {
            "gps_point_id": "gps-009414",
            "reason": "STATIONARY_JITTER"
          },
          {
            "gps_point_id": "gps-009415",
            "reason": "STATIONARY_JITTER"
          },
          {
            "gps_point_id": "gps-009416",
            "reason": "STATIONARY_JITTER"
          },
          {
            "gps_point_id": "gps-009417",
            "reason": "STATIONARY_JITTER"
          },
          {
            "gps_point_id": "gps-009418",
            "reason": "STATIONARY_JITTER"
          },
          {
            "gps_point_id": "gps-009419",
            "reason": "STATIONARY_JITTER"
          },
          {
            "gps_point_id": "gps-009420",
            "reason": "STATIONARY_JITTER"
          },
          {
            "gps_point_id": "gps-009421",
            "reason": "STATIONARY_JITTER"
          },
          {
            "gps_point_id": "gps-009422",
            "reason": "STATIONARY_JITTER"
          },
          {
            "gps_point_id": "gps-009424",
            "reason": "STATIONARY_JITTER"
          },
          {
            "gps_point_id": "gps-009425",
            "reason": "STATIONARY_JITTER"
          },
          {
            "gps_point_id": "gps-009426",
            "reason": "STATIONARY_JITTER"
          },
          {
            "gps_point_id": "gps-009427",
            "reason": "STATIONARY_JITTER"
          },
          {
            "gps_point_id": "gps-009428",
            "reason": "STATIONARY_JITTER"
          },
          {
            "gps_point_id": "gps-009429",
            "reason": "STATIONARY_JITTER"
          },
          {
            "gps_point_id": "gps-009430",
            "reason": "STATIONARY_JITTER"
          },
          {
            "gps_point_id": "gps-009431",
            "reason": "STATIONARY_JITTER"
          },
          {
            "gps_point_id": "gps-009432",
            "reason": "STATIONARY_JITTER"
          },
          {
            "gps_point_id": "gps-009433",
            "reason": "STATIONARY_JITTER"
          },
          {
            "gps_point_id": "gps-009434",
            "reason": "STATIONARY_JITTER"
          },
          {
            "gps_point_id": "gps-009435",
            "reason": "STATIONARY_JITTER"
          },
          {
            "gps_point_id": "gps-009436",
            "reason": "STATIONARY_JITTER"
          },
          {
            "gps_point_id": "gps-009437",
            "reason": "STATIONARY_JITTER"
          },
          {
            "gps_point_id": "gps-009438",
            "reason": "STATIONARY_JITTER"
          },
          {
            "gps_point_id": "gps-009439",
            "reason": "STATIONARY_JITTER"
          },
          {
            "gps_point_id": "gps-009440",
            "reason": "STATIONARY_JITTER"
          },
          {
            "gps_point_id": "gps-009441",
            "reason": "STATIONARY_JITTER"
          },
          {
            "gps_point_id": "gps-009442",
            "reason": "STATIONARY_JITTER"
          },
          {
            "gps_point_id": "gps-009443",
            "reason": "STATIONARY_JITTER"
          },
          {
            "gps_point_id": "gps-009445",
            "reason": "STATIONARY_JITTER"
          },
          {
            "gps_point_id": "gps-009446",
            "reason": "STATIONARY_JITTER"
          },
          {
            "gps_point_id": "gps-009447",
            "reason": "STATIONARY_JITTER"
          },
          {
            "gps_point_id": "gps-009448",
            "reason": "STATIONARY_JITTER"
          },
          {
            "gps_point_id": "gps-009449",
            "reason": "STATIONARY_JITTER"
          },
          {
            "gps_point_id": "gps-009450",
            "reason": "STATIONARY_JITTER"
          },
          {
            "gps_point_id": "gps-009451",
            "reason": "STATIONARY_JITTER"
          },
          {
            "gps_point_id": "gps-009452",
            "reason": "STATIONARY_JITTER"
          },
          {
            "gps_point_id": "gps-009453",
            "reason": "STATIONARY_JITTER"
          },
          {
            "gps_point_id": "gps-009454",
            "reason": "STATIONARY_JITTER"
          },
          {
            "gps_point_id": "gps-009455",
            "reason": "STATIONARY_JITTER"
          },
          {
            "gps_point_id": "gps-009456",
            "reason": "STATIONARY_JITTER"
          },
          {
            "gps_point_id": "gps-009457",
            "reason": "STATIONARY_JITTER"
          },
          {
            "gps_point_id": "gps-009458",
            "reason": "STATIONARY_JITTER"
          },
          {
            "gps_point_id": "gps-009461",
            "reason": "STATIONARY_JITTER"
          },
          {
            "gps_point_id": "gps-009462",
            "reason": "STATIONARY_JITTER"
          },
          {
            "gps_point_id": "gps-009463",
            "reason": "STATIONARY_JITTER"
          },
          {
            "gps_point_id": "gps-009464",
            "reason": "STATIONARY_JITTER"
          },
          {
            "gps_point_id": "gps-009465",
            "reason": "STATIONARY_JITTER"
          },
          {
            "gps_point_id": "gps-009467",
            "reason": "STATIONARY_JITTER"
          },
          {
            "gps_point_id": "gps-009468",
            "reason": "STATIONARY_JITTER"
          },
          {
            "gps_point_id": "gps-009469",
            "reason": "STATIONARY_JITTER"
          },
          {
            "gps_point_id": "gps-009470",
            "reason": "STATIONARY_JITTER"
          },
          {
            "gps_point_id": "gps-009472",
            "reason": "STATIONARY_JITTER"
          },
          {
            "gps_point_id": "gps-009473",
            "reason": "STATIONARY_JITTER"
          },
          {
            "gps_point_id": "gps-009474",
            "reason": "STATIONARY_JITTER"
          },
          {
            "gps_point_id": "gps-009476",
            "reason": "STATIONARY_JITTER"
          },
          {
            "gps_point_id": "gps-009477",
            "reason": "STATIONARY_JITTER"
          },
          {
            "gps_point_id": "gps-009479",
            "reason": "STATIONARY_JITTER"
          },
          {
            "gps_point_id": "gps-009480",
            "reason": "STATIONARY_JITTER"
          },
          {
            "gps_point_id": "gps-009481",
            "reason": "STATIONARY_JITTER"
          },
          {
            "gps_point_id": "gps-009482",
            "reason": "STATIONARY_JITTER"
          },
          {
            "gps_point_id": "gps-009483",
            "reason": "STATIONARY_JITTER"
          },
          {
            "gps_point_id": "gps-009484",
            "reason": "STATIONARY_JITTER"
          },
          {
            "gps_point_id": "gps-009485",
            "reason": "STATIONARY_JITTER"
          },
          {
            "gps_point_id": "gps-009486",
            "reason": "STATIONARY_JITTER"
          },
          {
            "gps_point_id": "gps-009487",
            "reason": "STATIONARY_JITTER"
          },
          {
            "gps_point_id": "gps-009488",
            "reason": "STATIONARY_JITTER"
          },
          {
            "gps_point_id": "gps-009489",
            "reason": "STATIONARY_JITTER"
          },
          {
            "gps_point_id": "gps-009490",
            "reason": "STATIONARY_JITTER"
          },
          {
            "gps_point_id": "gps-009491",
            "reason": "STATIONARY_JITTER"
          },
          {
            "gps_point_id": "gps-009492",
            "reason": "STATIONARY_JITTER"
          },
          {
            "gps_point_id": "gps-009493",
            "reason": "STATIONARY_JITTER"
          },
          {
            "gps_point_id": "gps-009494",
            "reason": "STATIONARY_JITTER"
          },
          {
            "gps_point_id": "gps-009495",
            "reason": "STATIONARY_JITTER"
          },
          {
            "gps_point_id": "gps-009496",
            "reason": "STATIONARY_JITTER"
          },
          {
            "gps_point_id": "gps-009497",
            "reason": "STATIONARY_JITTER"
          },
          {
            "gps_point_id": "gps-009498",
            "reason": "STATIONARY_JITTER"
          },
          {
            "gps_point_id": "gps-009499",
            "reason": "STATIONARY_JITTER"
          },
          {
            "gps_point_id": "gps-009500",
            "reason": "STATIONARY_JITTER"
          },
          {
            "gps_point_id": "gps-009501",
            "reason": "STATIONARY_JITTER"
          },
          {
            "gps_point_id": "gps-009502",
            "reason": "STATIONARY_JITTER"
          },
          {
            "gps_point_id": "gps-009503",
            "reason": "STATIONARY_JITTER"
          },
          {
            "gps_point_id": "gps-009504",
            "reason": "STATIONARY_JITTER"
          },
          {
            "gps_point_id": "gps-009505",
            "reason": "STATIONARY_JITTER"
          },
          {
            "gps_point_id": "gps-009506",
            "reason": "STATIONARY_JITTER"
          },
          {
            "gps_point_id": "gps-009508",
            "reason": "STATIONARY_JITTER"
          },
          {
            "gps_point_id": "gps-009509",
            "reason": "STATIONARY_JITTER"
          },
          {
            "gps_point_id": "gps-009510",
            "reason": "STATIONARY_JITTER"
          },
          {
            "gps_point_id": "gps-009511",
            "reason": "STATIONARY_JITTER"
          },
          {
            "gps_point_id": "gps-009512",
            "reason": "STATIONARY_JITTER"
          },
          {
            "gps_point_id": "gps-009513",
            "reason": "STATIONARY_JITTER"
          },
          {
            "gps_point_id": "gps-009514",
            "reason": "STATIONARY_JITTER"
          },
          {
            "gps_point_id": "gps-009515",
            "reason": "STATIONARY_JITTER"
          },
          {
            "gps_point_id": "gps-009516",
            "reason": "STATIONARY_JITTER"
          },
          {
            "gps_point_id": "gps-009517",
            "reason": "STATIONARY_JITTER"
          },
          {
            "gps_point_id": "gps-009518",
            "reason": "STATIONARY_JITTER"
          },
          {
            "gps_point_id": "gps-009519",
            "reason": "STATIONARY_JITTER"
          },
          {
            "gps_point_id": "gps-009520",
            "reason": "STATIONARY_JITTER"
          },
          {
            "gps_point_id": "gps-009521",
            "reason": "STATIONARY_JITTER"
          },
          {
            "gps_point_id": "gps-009522",
            "reason": "STATIONARY_JITTER"
          },
          {
            "gps_point_id": "gps-009523",
            "reason": "STATIONARY_JITTER"
          },
          {
            "gps_point_id": "gps-009524",
            "reason": "STATIONARY_JITTER"
          },
          {
            "gps_point_id": "gps-009525",
            "reason": "STATIONARY_JITTER"
          },
          {
            "gps_point_id": "gps-009526",
            "reason": "STATIONARY_JITTER"
          },
          {
            "gps_point_id": "gps-009527",
            "reason": "STATIONARY_JITTER"
          },
          {
            "gps_point_id": "gps-009528",
            "reason": "STATIONARY_JITTER"
          },
          {
            "gps_point_id": "gps-009529",
            "reason": "STATIONARY_JITTER"
          },
          {
            "gps_point_id": "gps-009530",
            "reason": "STATIONARY_JITTER"
          },
          {
            "gps_point_id": "gps-009531",
            "reason": "STATIONARY_JITTER"
          },
          {
            "gps_point_id": "gps-009532",
            "reason": "STATIONARY_JITTER"
          },
          {
            "gps_point_id": "gps-009533",
            "reason": "STATIONARY_JITTER"
          },
          {
            "gps_point_id": "gps-009534",
            "reason": "STATIONARY_JITTER"
          },
          {
            "gps_point_id": "gps-009535",
            "reason": "STATIONARY_JITTER"
          },
          {
            "gps_point_id": "gps-009536",
            "reason": "STATIONARY_JITTER"
          },
          {
            "gps_point_id": "gps-009537",
            "reason": "STATIONARY_JITTER"
          },
          {
            "gps_point_id": "gps-009538",
            "reason": "STATIONARY_JITTER"
          },
          {
            "gps_point_id": "gps-009540",
            "reason": "STATIONARY_JITTER"
          },
          {
            "gps_point_id": "gps-009541",
            "reason": "STATIONARY_JITTER"
          },
          {
            "gps_point_id": "gps-009543",
            "reason": "STATIONARY_JITTER"
          },
          {
            "gps_point_id": "gps-009544",
            "reason": "STATIONARY_JITTER"
          },
          {
            "gps_point_id": "gps-009547",
            "reason": "STATIONARY_JITTER"
          },
          {
            "gps_point_id": "gps-009548",
            "reason": "STATIONARY_JITTER"
          },
          {
            "gps_point_id": "gps-009549",
            "reason": "STATIONARY_JITTER"
          },
          {
            "gps_point_id": "gps-009550",
            "reason": "STATIONARY_JITTER"
          },
          {
            "gps_point_id": "gps-009551",
            "reason": "STATIONARY_JITTER"
          },
          {
            "gps_point_id": "gps-009554",
            "reason": "STATIONARY_JITTER"
          },
          {
            "gps_point_id": "gps-009555",
            "reason": "STATIONARY_JITTER"
          },
          {
            "gps_point_id": "gps-009556",
            "reason": "STATIONARY_JITTER"
          },
          {
            "gps_point_id": "gps-009557",
            "reason": "STATIONARY_JITTER"
          },
          {
            "gps_point_id": "gps-009558",
            "reason": "STATIONARY_JITTER"
          },
          {
            "gps_point_id": "gps-009559",
            "reason": "STATIONARY_JITTER"
          },
          {
            "gps_point_id": "gps-009560",
            "reason": "STATIONARY_JITTER"
          },
          {
            "gps_point_id": "gps-009561",
            "reason": "STATIONARY_JITTER"
          },
          {
            "gps_point_id": "gps-009562",
            "reason": "STATIONARY_JITTER"
          },
          {
            "gps_point_id": "gps-009563",
            "reason": "STATIONARY_JITTER"
          },
          {
            "gps_point_id": "gps-009564",
            "reason": "STATIONARY_JITTER"
          },
          {
            "gps_point_id": "gps-009565",
            "reason": "STATIONARY_JITTER"
          },
          {
            "gps_point_id": "gps-009566",
            "reason": "STATIONARY_JITTER"
          },
          {
            "gps_point_id": "gps-009567",
            "reason": "STATIONARY_JITTER"
          },
          {
            "gps_point_id": "gps-009568",
            "reason": "STATIONARY_JITTER"
          },
          {
            "gps_point_id": "gps-009569",
            "reason": "STATIONARY_JITTER"
          },
          {
            "gps_point_id": "gps-009570",
            "reason": "STATIONARY_JITTER"
          },
          {
            "gps_point_id": "gps-009571",
            "reason": "STATIONARY_JITTER"
          },
          {
            "gps_point_id": "gps-009572",
            "reason": "STATIONARY_JITTER"
          },
          {
            "gps_point_id": "gps-009573",
            "reason": "STATIONARY_JITTER"
          },
          {
            "gps_point_id": "gps-009574",
            "reason": "STATIONARY_JITTER"
          },
          {
            "gps_point_id": "gps-009575",
            "reason": "STATIONARY_JITTER"
          },
          {
            "gps_point_id": "gps-009576",
            "reason": "STATIONARY_JITTER"
          },
          {
            "gps_point_id": "gps-009577",
            "reason": "STATIONARY_JITTER"
          },
          {
            "gps_point_id": "gps-009578",
            "reason": "STATIONARY_JITTER"
          },
          {
            "gps_point_id": "gps-009579",
            "reason": "STATIONARY_JITTER"
          },
          {
            "gps_point_id": "gps-009580",
            "reason": "STATIONARY_JITTER"
          },
          {
            "gps_point_id": "gps-009581",
            "reason": "STATIONARY_JITTER"
          },
          {
            "gps_point_id": "gps-009582",
            "reason": "STATIONARY_JITTER"
          },
          {
            "gps_point_id": "gps-009583",
            "reason": "STATIONARY_JITTER"
          },
          {
            "gps_point_id": "gps-009584",
            "reason": "STATIONARY_JITTER"
          },
          {
            "gps_point_id": "gps-009585",
            "reason": "STATIONARY_JITTER"
          },
          {
            "gps_point_id": "gps-009586",
            "reason": "STATIONARY_JITTER"
          },
          {
            "gps_point_id": "gps-009587",
            "reason": "STATIONARY_JITTER"
          },
          {
            "gps_point_id": "gps-009588",
            "reason": "STATIONARY_JITTER"
          },
          {
            "gps_point_id": "gps-009589",
            "reason": "STATIONARY_JITTER"
          },
          {
            "gps_point_id": "gps-009590",
            "reason": "STATIONARY_JITTER"
          },
          {
            "gps_point_id": "gps-009591",
            "reason": "STATIONARY_JITTER"
          },
          {
            "gps_point_id": "gps-009592",
            "reason": "STATIONARY_JITTER"
          },
          {
            "gps_point_id": "gps-009593",
            "reason": "STATIONARY_JITTER"
          },
          {
            "gps_point_id": "gps-009594",
            "reason": "STATIONARY_JITTER"
          },
          {
            "gps_point_id": "gps-009595",
            "reason": "STATIONARY_JITTER"
          },
          {
            "gps_point_id": "gps-009596",
            "reason": "STATIONARY_JITTER"
          },
          {
            "gps_point_id": "gps-009597",
            "reason": "STATIONARY_JITTER"
          },
          {
            "gps_point_id": "gps-009598",
            "reason": "STATIONARY_JITTER"
          },
          {
            "gps_point_id": "gps-009600",
            "reason": "STATIONARY_JITTER"
          },
          {
            "gps_point_id": "gps-009601",
            "reason": "STATIONARY_JITTER"
          },
          {
            "gps_point_id": "gps-009602",
            "reason": "STATIONARY_JITTER"
          },
          {
            "gps_point_id": "gps-009603",
            "reason": "STATIONARY_JITTER"
          },
          {
            "gps_point_id": "gps-009604",
            "reason": "STATIONARY_JITTER"
          },
          {
            "gps_point_id": "gps-009605",
            "reason": "STATIONARY_JITTER"
          },
          {
            "gps_point_id": "gps-009606",
            "reason": "STATIONARY_JITTER"
          },
          {
            "gps_point_id": "gps-009607",
            "reason": "STATIONARY_JITTER"
          },
          {
            "gps_point_id": "gps-009608",
            "reason": "STATIONARY_JITTER"
          },
          {
            "gps_point_id": "gps-009609",
            "reason": "STATIONARY_JITTER"
          },
          {
            "gps_point_id": "gps-009610",
            "reason": "STATIONARY_JITTER"
          },
          {
            "gps_point_id": "gps-009611",
            "reason": "STATIONARY_JITTER"
          },
          {
            "gps_point_id": "gps-009612",
            "reason": "STATIONARY_JITTER"
          },
          {
            "gps_point_id": "gps-009613",
            "reason": "STATIONARY_JITTER"
          },
          {
            "gps_point_id": "gps-009614",
            "reason": "STATIONARY_JITTER"
          },
          {
            "gps_point_id": "gps-009615",
            "reason": "STATIONARY_JITTER"
          },
          {
            "gps_point_id": "gps-009616",
            "reason": "STATIONARY_JITTER"
          },
          {
            "gps_point_id": "gps-009617",
            "reason": "STATIONARY_JITTER"
          },
          {
            "gps_point_id": "gps-009618",
            "reason": "STATIONARY_JITTER"
          },
          {
            "gps_point_id": "gps-009619",
            "reason": "STATIONARY_JITTER"
          },
          {
            "gps_point_id": "gps-009620",
            "reason": "STATIONARY_JITTER"
          },
          {
            "gps_point_id": "gps-009621",
            "reason": "STATIONARY_JITTER"
          },
          {
            "gps_point_id": "gps-009622",
            "reason": "STATIONARY_JITTER"
          },
          {
            "gps_point_id": "gps-009623",
            "reason": "STATIONARY_JITTER"
          },
          {
            "gps_point_id": "gps-009624",
            "reason": "STATIONARY_JITTER"
          },
          {
            "gps_point_id": "gps-009625",
            "reason": "STATIONARY_JITTER"
          },
          {
            "gps_point_id": "gps-009626",
            "reason": "STATIONARY_JITTER"
          },
          {
            "gps_point_id": "gps-009627",
            "reason": "STATIONARY_JITTER"
          },
          {
            "gps_point_id": "gps-009628",
            "reason": "STATIONARY_JITTER"
          },
          {
            "gps_point_id": "gps-009629",
            "reason": "STATIONARY_JITTER"
          },
          {
            "gps_point_id": "gps-009630",
            "reason": "STATIONARY_JITTER"
          },
          {
            "gps_point_id": "gps-009631",
            "reason": "STATIONARY_JITTER"
          },
          {
            "gps_point_id": "gps-009632",
            "reason": "STATIONARY_JITTER"
          },
          {
            "gps_point_id": "gps-009633",
            "reason": "STATIONARY_JITTER"
          },
          {
            "gps_point_id": "gps-009634",
            "reason": "STATIONARY_JITTER"
          },
          {
            "gps_point_id": "gps-009635",
            "reason": "STATIONARY_JITTER"
          },
          {
            "gps_point_id": "gps-009636",
            "reason": "STATIONARY_JITTER"
          },
          {
            "gps_point_id": "gps-009637",
            "reason": "STATIONARY_JITTER"
          },
          {
            "gps_point_id": "gps-009638",
            "reason": "STATIONARY_JITTER"
          },
          {
            "gps_point_id": "gps-009639",
            "reason": "STATIONARY_JITTER"
          },
          {
            "gps_point_id": "gps-009640",
            "reason": "STATIONARY_JITTER"
          },
          {
            "gps_point_id": "gps-009641",
            "reason": "STATIONARY_JITTER"
          },
          {
            "gps_point_id": "gps-009642",
            "reason": "STATIONARY_JITTER"
          },
          {
            "gps_point_id": "gps-009643",
            "reason": "STATIONARY_JITTER"
          },
          {
            "gps_point_id": "gps-009644",
            "reason": "STATIONARY_JITTER"
          },
          {
            "gps_point_id": "gps-009645",
            "reason": "STATIONARY_JITTER"
          },
          {
            "gps_point_id": "gps-009646",
            "reason": "STATIONARY_JITTER"
          },
          {
            "gps_point_id": "gps-009647",
            "reason": "STATIONARY_JITTER"
          },
          {
            "gps_point_id": "gps-009648",
            "reason": "STATIONARY_JITTER"
          },
          {
            "gps_point_id": "gps-009649",
            "reason": "STATIONARY_JITTER"
          },
          {
            "gps_point_id": "gps-009650",
            "reason": "STATIONARY_JITTER"
          },
          {
            "gps_point_id": "gps-009651",
            "reason": "STATIONARY_JITTER"
          },
          {
            "gps_point_id": "gps-009652",
            "reason": "STATIONARY_JITTER"
          },
          {
            "gps_point_id": "gps-009653",
            "reason": "STATIONARY_JITTER"
          },
          {
            "gps_point_id": "gps-009654",
            "reason": "STATIONARY_JITTER"
          },
          {
            "gps_point_id": "gps-009655",
            "reason": "STATIONARY_JITTER"
          },
          {
            "gps_point_id": "gps-009656",
            "reason": "STATIONARY_JITTER"
          },
          {
            "gps_point_id": "gps-009657",
            "reason": "STATIONARY_JITTER"
          },
          {
            "gps_point_id": "gps-009658",
            "reason": "STATIONARY_JITTER"
          },
          {
            "gps_point_id": "gps-009659",
            "reason": "STATIONARY_JITTER"
          },
          {
            "gps_point_id": "gps-009660",
            "reason": "STATIONARY_JITTER"
          },
          {
            "gps_point_id": "gps-009661",
            "reason": "STATIONARY_JITTER"
          },
          {
            "gps_point_id": "gps-009662",
            "reason": "STATIONARY_JITTER"
          },
          {
            "gps_point_id": "gps-009663",
            "reason": "STATIONARY_JITTER"
          },
          {
            "gps_point_id": "gps-009664",
            "reason": "STATIONARY_JITTER"
          },
          {
            "gps_point_id": "gps-009665",
            "reason": "STATIONARY_JITTER"
          },
          {
            "gps_point_id": "gps-009666",
            "reason": "STATIONARY_JITTER"
          },
          {
            "gps_point_id": "gps-009667",
            "reason": "STATIONARY_JITTER"
          },
          {
            "gps_point_id": "gps-009668",
            "reason": "STATIONARY_JITTER"
          },
          {
            "gps_point_id": "gps-009669",
            "reason": "STATIONARY_JITTER"
          },
          {
            "gps_point_id": "gps-009670",
            "reason": "STATIONARY_JITTER"
          },
          {
            "gps_point_id": "gps-009671",
            "reason": "STATIONARY_JITTER"
          },
          {
            "gps_point_id": "gps-009672",
            "reason": "STATIONARY_JITTER"
          },
          {
            "gps_point_id": "gps-009673",
            "reason": "STATIONARY_JITTER"
          },
          {
            "gps_point_id": "gps-009674",
            "reason": "STATIONARY_JITTER"
          },
          {
            "gps_point_id": "gps-009675",
            "reason": "STATIONARY_JITTER"
          },
          {
            "gps_point_id": "gps-009676",
            "reason": "STATIONARY_JITTER"
          },
          {
            "gps_point_id": "gps-009677",
            "reason": "STATIONARY_JITTER"
          },
          {
            "gps_point_id": "gps-009678",
            "reason": "STATIONARY_JITTER"
          },
          {
            "gps_point_id": "gps-009679",
            "reason": "STATIONARY_JITTER"
          },
          {
            "gps_point_id": "gps-009680",
            "reason": "STATIONARY_JITTER"
          },
          {
            "gps_point_id": "gps-009681",
            "reason": "STATIONARY_JITTER"
          },
          {
            "gps_point_id": "gps-009682",
            "reason": "STATIONARY_JITTER"
          },
          {
            "gps_point_id": "gps-009683",
            "reason": "STATIONARY_JITTER"
          },
          {
            "gps_point_id": "gps-009684",
            "reason": "STATIONARY_JITTER"
          },
          {
            "gps_point_id": "gps-009685",
            "reason": "STATIONARY_JITTER"
          },
          {
            "gps_point_id": "gps-009686",
            "reason": "STATIONARY_JITTER"
          },
          {
            "gps_point_id": "gps-009687",
            "reason": "STATIONARY_JITTER"
          },
          {
            "gps_point_id": "gps-009688",
            "reason": "STATIONARY_JITTER"
          },
          {
            "gps_point_id": "gps-009689",
            "reason": "STATIONARY_JITTER"
          },
          {
            "gps_point_id": "gps-009690",
            "reason": "STATIONARY_JITTER"
          },
          {
            "gps_point_id": "gps-009691",
            "reason": "STATIONARY_JITTER"
          },
          {
            "gps_point_id": "gps-009692",
            "reason": "STATIONARY_JITTER"
          },
          {
            "gps_point_id": "gps-009693",
            "reason": "STATIONARY_JITTER"
          },
          {
            "gps_point_id": "gps-009694",
            "reason": "STATIONARY_JITTER"
          },
          {
            "gps_point_id": "gps-009695",
            "reason": "STATIONARY_JITTER"
          },
          {
            "gps_point_id": "gps-009696",
            "reason": "STATIONARY_JITTER"
          },
          {
            "gps_point_id": "gps-009697",
            "reason": "STATIONARY_JITTER"
          },
          {
            "gps_point_id": "gps-009698",
            "reason": "STATIONARY_JITTER"
          },
          {
            "gps_point_id": "gps-009699",
            "reason": "STATIONARY_JITTER"
          },
          {
            "gps_point_id": "gps-009700",
            "reason": "STATIONARY_JITTER"
          },
          {
            "gps_point_id": "gps-009701",
            "reason": "STATIONARY_JITTER"
          },
          {
            "gps_point_id": "gps-009702",
            "reason": "STATIONARY_JITTER"
          },
          {
            "gps_point_id": "gps-009703",
            "reason": "STATIONARY_JITTER"
          },
          {
            "gps_point_id": "gps-009704",
            "reason": "STATIONARY_JITTER"
          },
          {
            "gps_point_id": "gps-009705",
            "reason": "STATIONARY_JITTER"
          },
          {
            "gps_point_id": "gps-009706",
            "reason": "STATIONARY_JITTER"
          },
          {
            "gps_point_id": "gps-009707",
            "reason": "STATIONARY_JITTER"
          },
          {
            "gps_point_id": "gps-009708",
            "reason": "STATIONARY_JITTER"
          },
          {
            "gps_point_id": "gps-009709",
            "reason": "STATIONARY_JITTER"
          },
          {
            "gps_point_id": "gps-009710",
            "reason": "STATIONARY_JITTER"
          },
          {
            "gps_point_id": "gps-009711",
            "reason": "STATIONARY_JITTER"
          },
          {
            "gps_point_id": "gps-009712",
            "reason": "STATIONARY_JITTER"
          },
          {
            "gps_point_id": "gps-009713",
            "reason": "STATIONARY_JITTER"
          },
          {
            "gps_point_id": "gps-009714",
            "reason": "STATIONARY_JITTER"
          },
          {
            "gps_point_id": "gps-009715",
            "reason": "STATIONARY_JITTER"
          },
          {
            "gps_point_id": "gps-009716",
            "reason": "STATIONARY_JITTER"
          },
          {
            "gps_point_id": "gps-009717",
            "reason": "STATIONARY_JITTER"
          },
          {
            "gps_point_id": "gps-009718",
            "reason": "STATIONARY_JITTER"
          },
          {
            "gps_point_id": "gps-009719",
            "reason": "STATIONARY_JITTER"
          },
          {
            "gps_point_id": "gps-009720",
            "reason": "STATIONARY_JITTER"
          },
          {
            "gps_point_id": "gps-009721",
            "reason": "STATIONARY_JITTER"
          },
          {
            "gps_point_id": "gps-009722",
            "reason": "STATIONARY_JITTER"
          },
          {
            "gps_point_id": "gps-009723",
            "reason": "STATIONARY_JITTER"
          },
          {
            "gps_point_id": "gps-009724",
            "reason": "STATIONARY_JITTER"
          },
          {
            "gps_point_id": "gps-009725",
            "reason": "STATIONARY_JITTER"
          },
          {
            "gps_point_id": "gps-009726",
            "reason": "STATIONARY_JITTER"
          },
          {
            "gps_point_id": "gps-009727",
            "reason": "STATIONARY_JITTER"
          },
          {
            "gps_point_id": "gps-009728",
            "reason": "STATIONARY_JITTER"
          },
          {
            "gps_point_id": "gps-009729",
            "reason": "STATIONARY_JITTER"
          },
          {
            "gps_point_id": "gps-009730",
            "reason": "STATIONARY_JITTER"
          },
          {
            "gps_point_id": "gps-009731",
            "reason": "STATIONARY_JITTER"
          },
          {
            "gps_point_id": "gps-009732",
            "reason": "STATIONARY_JITTER"
          },
          {
            "gps_point_id": "gps-009733",
            "reason": "STATIONARY_JITTER"
          },
          {
            "gps_point_id": "gps-009734",
            "reason": "STATIONARY_JITTER"
          },
          {
            "gps_point_id": "gps-009735",
            "reason": "STATIONARY_JITTER"
          },
          {
            "gps_point_id": "gps-009736",
            "reason": "STATIONARY_JITTER"
          },
          {
            "gps_point_id": "gps-009737",
            "reason": "STATIONARY_JITTER"
          },
          {
            "gps_point_id": "gps-009738",
            "reason": "STATIONARY_JITTER"
          },
          {
            "gps_point_id": "gps-009739",
            "reason": "STATIONARY_JITTER"
          },
          {
            "gps_point_id": "gps-009740",
            "reason": "STATIONARY_JITTER"
          },
          {
            "gps_point_id": "gps-009741",
            "reason": "STATIONARY_JITTER"
          },
          {
            "gps_point_id": "gps-009742",
            "reason": "STATIONARY_JITTER"
          },
          {
            "gps_point_id": "gps-009744",
            "reason": "STATIONARY_JITTER"
          },
          {
            "gps_point_id": "gps-009745",
            "reason": "STATIONARY_JITTER"
          },
          {
            "gps_point_id": "gps-009746",
            "reason": "STATIONARY_JITTER"
          },
          {
            "gps_point_id": "gps-009747",
            "reason": "STATIONARY_JITTER"
          },
          {
            "gps_point_id": "gps-009748",
            "reason": "STATIONARY_JITTER"
          },
          {
            "gps_point_id": "gps-009749",
            "reason": "STATIONARY_JITTER"
          },
          {
            "gps_point_id": "gps-009750",
            "reason": "STATIONARY_JITTER"
          },
          {
            "gps_point_id": "gps-009751",
            "reason": "STATIONARY_JITTER"
          },
          {
            "gps_point_id": "gps-009752",
            "reason": "STATIONARY_JITTER"
          },
          {
            "gps_point_id": "gps-009753",
            "reason": "STATIONARY_JITTER"
          },
          {
            "gps_point_id": "gps-009754",
            "reason": "STATIONARY_JITTER"
          },
          {
            "gps_point_id": "gps-009755",
            "reason": "STATIONARY_JITTER"
          },
          {
            "gps_point_id": "gps-009756",
            "reason": "STATIONARY_JITTER"
          },
          {
            "gps_point_id": "gps-009757",
            "reason": "STATIONARY_JITTER"
          },
          {
            "gps_point_id": "gps-009758",
            "reason": "STATIONARY_JITTER"
          },
          {
            "gps_point_id": "gps-009759",
            "reason": "STATIONARY_JITTER"
          },
          {
            "gps_point_id": "gps-009760",
            "reason": "STATIONARY_JITTER"
          },
          {
            "gps_point_id": "gps-009761",
            "reason": "STATIONARY_JITTER"
          },
          {
            "gps_point_id": "gps-009762",
            "reason": "STATIONARY_JITTER"
          },
          {
            "gps_point_id": "gps-009763",
            "reason": "STATIONARY_JITTER"
          },
          {
            "gps_point_id": "gps-009764",
            "reason": "STATIONARY_JITTER"
          },
          {
            "gps_point_id": "gps-009765",
            "reason": "STATIONARY_JITTER"
          },
          {
            "gps_point_id": "gps-009766",
            "reason": "STATIONARY_JITTER"
          },
          {
            "gps_point_id": "gps-009767",
            "reason": "STATIONARY_JITTER"
          },
          {
            "gps_point_id": "gps-009768",
            "reason": "STATIONARY_JITTER"
          },
          {
            "gps_point_id": "gps-009769",
            "reason": "STATIONARY_JITTER"
          },
          {
            "gps_point_id": "gps-009770",
            "reason": "STATIONARY_JITTER"
          },
          {
            "gps_point_id": "gps-009771",
            "reason": "STATIONARY_JITTER"
          },
          {
            "gps_point_id": "gps-009772",
            "reason": "STATIONARY_JITTER"
          },
          {
            "gps_point_id": "gps-009773",
            "reason": "STATIONARY_JITTER"
          },
          {
            "gps_point_id": "gps-009774",
            "reason": "STATIONARY_JITTER"
          },
          {
            "gps_point_id": "gps-009775",
            "reason": "STATIONARY_JITTER"
          },
          {
            "gps_point_id": "gps-009776",
            "reason": "STATIONARY_JITTER"
          },
          {
            "gps_point_id": "gps-009777",
            "reason": "STATIONARY_JITTER"
          },
          {
            "gps_point_id": "gps-009778",
            "reason": "STATIONARY_JITTER"
          },
          {
            "gps_point_id": "gps-009779",
            "reason": "STATIONARY_JITTER"
          },
          {
            "gps_point_id": "gps-009780",
            "reason": "STATIONARY_JITTER"
          },
          {
            "gps_point_id": "gps-009781",
            "reason": "STATIONARY_JITTER"
          },
          {
            "gps_point_id": "gps-009782",
            "reason": "STATIONARY_JITTER"
          },
          {
            "gps_point_id": "gps-009783",
            "reason": "STATIONARY_JITTER"
          },
          {
            "gps_point_id": "gps-009784",
            "reason": "STATIONARY_JITTER"
          },
          {
            "gps_point_id": "gps-009785",
            "reason": "STATIONARY_JITTER"
          },
          {
            "gps_point_id": "gps-009787",
            "reason": "STATIONARY_JITTER"
          },
          {
            "gps_point_id": "gps-009788",
            "reason": "STATIONARY_JITTER"
          },
          {
            "gps_point_id": "gps-009789",
            "reason": "STATIONARY_JITTER"
          },
          {
            "gps_point_id": "gps-009790",
            "reason": "STATIONARY_JITTER"
          },
          {
            "gps_point_id": "gps-009791",
            "reason": "STATIONARY_JITTER"
          },
          {
            "gps_point_id": "gps-009792",
            "reason": "STATIONARY_JITTER"
          },
          {
            "gps_point_id": "gps-009793",
            "reason": "STATIONARY_JITTER"
          },
          {
            "gps_point_id": "gps-009794",
            "reason": "STATIONARY_JITTER"
          },
          {
            "gps_point_id": "gps-009795",
            "reason": "STATIONARY_JITTER"
          },
          {
            "gps_point_id": "gps-009796",
            "reason": "STATIONARY_JITTER"
          },
          {
            "gps_point_id": "gps-009799",
            "reason": "STATIONARY_JITTER"
          },
          {
            "gps_point_id": "gps-009798",
            "reason": "STATIONARY_JITTER"
          },
          {
            "gps_point_id": "gps-009801",
            "reason": "STATIONARY_JITTER"
          },
          {
            "gps_point_id": "gps-009802",
            "reason": "STATIONARY_JITTER"
          },
          {
            "gps_point_id": "gps-009803",
            "reason": "STATIONARY_JITTER"
          },
          {
            "gps_point_id": "gps-009804",
            "reason": "STATIONARY_JITTER"
          },
          {
            "gps_point_id": "gps-009805",
            "reason": "STATIONARY_JITTER"
          },
          {
            "gps_point_id": "gps-009806",
            "reason": "STATIONARY_JITTER"
          },
          {
            "gps_point_id": "gps-009807",
            "reason": "STATIONARY_JITTER"
          },
          {
            "gps_point_id": "gps-009808",
            "reason": "STATIONARY_JITTER"
          },
          {
            "gps_point_id": "gps-009809",
            "reason": "STATIONARY_JITTER"
          },
          {
            "gps_point_id": "gps-009810",
            "reason": "STATIONARY_JITTER"
          },
          {
            "gps_point_id": "gps-009811",
            "reason": "STATIONARY_JITTER"
          },
          {
            "gps_point_id": "gps-009812",
            "reason": "STATIONARY_JITTER"
          },
          {
            "gps_point_id": "gps-009813",
            "reason": "STATIONARY_JITTER"
          },
          {
            "gps_point_id": "gps-009814",
            "reason": "STATIONARY_JITTER"
          },
          {
            "gps_point_id": "gps-009815",
            "reason": "STATIONARY_JITTER"
          },
          {
            "gps_point_id": "gps-009816",
            "reason": "STATIONARY_JITTER"
          },
          {
            "gps_point_id": "gps-009817",
            "reason": "STATIONARY_JITTER"
          },
          {
            "gps_point_id": "gps-009818",
            "reason": "STATIONARY_JITTER"
          },
          {
            "gps_point_id": "gps-009819",
            "reason": "STATIONARY_JITTER"
          },
          {
            "gps_point_id": "gps-009820",
            "reason": "STATIONARY_JITTER"
          },
          {
            "gps_point_id": "gps-009822",
            "reason": "STATIONARY_JITTER"
          },
          {
            "gps_point_id": "gps-009823",
            "reason": "STATIONARY_JITTER"
          },
          {
            "gps_point_id": "gps-009824",
            "reason": "STATIONARY_JITTER"
          },
          {
            "gps_point_id": "gps-009825",
            "reason": "STATIONARY_JITTER"
          },
          {
            "gps_point_id": "gps-009826",
            "reason": "STATIONARY_JITTER"
          },
          {
            "gps_point_id": "gps-009827",
            "reason": "STATIONARY_JITTER"
          },
          {
            "gps_point_id": "gps-009828",
            "reason": "STATIONARY_JITTER"
          },
          {
            "gps_point_id": "gps-009829",
            "reason": "STATIONARY_JITTER"
          },
          {
            "gps_point_id": "gps-009830",
            "reason": "STATIONARY_JITTER"
          },
          {
            "gps_point_id": "gps-009831",
            "reason": "STATIONARY_JITTER"
          },
          {
            "gps_point_id": "gps-009832",
            "reason": "STATIONARY_JITTER"
          },
          {
            "gps_point_id": "gps-009833",
            "reason": "STATIONARY_JITTER"
          },
          {
            "gps_point_id": "gps-009834",
            "reason": "STATIONARY_JITTER"
          },
          {
            "gps_point_id": "gps-009835",
            "reason": "STATIONARY_JITTER"
          },
          {
            "gps_point_id": "gps-009836",
            "reason": "STATIONARY_JITTER"
          },
          {
            "gps_point_id": "gps-009837",
            "reason": "STATIONARY_JITTER"
          },
          {
            "gps_point_id": "gps-009838",
            "reason": "STATIONARY_JITTER"
          },
          {
            "gps_point_id": "gps-009839",
            "reason": "STATIONARY_JITTER"
          },
          {
            "gps_point_id": "gps-009840",
            "reason": "STATIONARY_JITTER"
          },
          {
            "gps_point_id": "gps-009841",
            "reason": "STATIONARY_JITTER"
          },
          {
            "gps_point_id": "gps-009842",
            "reason": "STATIONARY_JITTER"
          },
          {
            "gps_point_id": "gps-009843",
            "reason": "STATIONARY_JITTER"
          },
          {
            "gps_point_id": "gps-009844",
            "reason": "STATIONARY_JITTER"
          },
          {
            "gps_point_id": "gps-009845",
            "reason": "STATIONARY_JITTER"
          },
          {
            "gps_point_id": "gps-009846",
            "reason": "STATIONARY_JITTER"
          },
          {
            "gps_point_id": "gps-009847",
            "reason": "STATIONARY_JITTER"
          },
          {
            "gps_point_id": "gps-009848",
            "reason": "STATIONARY_JITTER"
          },
          {
            "gps_point_id": "gps-009849",
            "reason": "STATIONARY_JITTER"
          },
          {
            "gps_point_id": "gps-009850",
            "reason": "STATIONARY_JITTER"
          },
          {
            "gps_point_id": "gps-009851",
            "reason": "STATIONARY_JITTER"
          },
          {
            "gps_point_id": "gps-009852",
            "reason": "STATIONARY_JITTER"
          },
          {
            "gps_point_id": "gps-009853",
            "reason": "STATIONARY_JITTER"
          },
          {
            "gps_point_id": "gps-009854",
            "reason": "STATIONARY_JITTER"
          },
          {
            "gps_point_id": "gps-009855",
            "reason": "STATIONARY_JITTER"
          },
          {
            "gps_point_id": "gps-009856",
            "reason": "STATIONARY_JITTER"
          },
          {
            "gps_point_id": "gps-009857",
            "reason": "STATIONARY_JITTER"
          },
          {
            "gps_point_id": "gps-009858",
            "reason": "STATIONARY_JITTER"
          },
          {
            "gps_point_id": "gps-009859",
            "reason": "STATIONARY_JITTER"
          },
          {
            "gps_point_id": "gps-009860",
            "reason": "STATIONARY_JITTER"
          },
          {
            "gps_point_id": "gps-009861",
            "reason": "STATIONARY_JITTER"
          },
          {
            "gps_point_id": "gps-009862",
            "reason": "STATIONARY_JITTER"
          },
          {
            "gps_point_id": "gps-009863",
            "reason": "STATIONARY_JITTER"
          },
          {
            "gps_point_id": "gps-009864",
            "reason": "STATIONARY_JITTER"
          },
          {
            "gps_point_id": "gps-009865",
            "reason": "STATIONARY_JITTER"
          },
          {
            "gps_point_id": "gps-009866",
            "reason": "STATIONARY_JITTER"
          },
          {
            "gps_point_id": "gps-009867",
            "reason": "STATIONARY_JITTER"
          },
          {
            "gps_point_id": "gps-009868",
            "reason": "STATIONARY_JITTER"
          },
          {
            "gps_point_id": "gps-009869",
            "reason": "STATIONARY_JITTER"
          },
          {
            "gps_point_id": "gps-009870",
            "reason": "STATIONARY_JITTER"
          },
          {
            "gps_point_id": "gps-009871",
            "reason": "STATIONARY_JITTER"
          },
          {
            "gps_point_id": "gps-009872",
            "reason": "STATIONARY_JITTER"
          },
          {
            "gps_point_id": "gps-009873",
            "reason": "STATIONARY_JITTER"
          },
          {
            "gps_point_id": "gps-009875",
            "reason": "STATIONARY_JITTER"
          },
          {
            "gps_point_id": "gps-009876",
            "reason": "STATIONARY_JITTER"
          },
          {
            "gps_point_id": "gps-009877",
            "reason": "STATIONARY_JITTER"
          },
          {
            "gps_point_id": "gps-009878",
            "reason": "STATIONARY_JITTER"
          },
          {
            "gps_point_id": "gps-009879",
            "reason": "STATIONARY_JITTER"
          },
          {
            "gps_point_id": "gps-009880",
            "reason": "STATIONARY_JITTER"
          },
          {
            "gps_point_id": "gps-009881",
            "reason": "STATIONARY_JITTER"
          },
          {
            "gps_point_id": "gps-009882",
            "reason": "STATIONARY_JITTER"
          },
          {
            "gps_point_id": "gps-009883",
            "reason": "STATIONARY_JITTER"
          },
          {
            "gps_point_id": "gps-009884",
            "reason": "STATIONARY_JITTER"
          },
          {
            "gps_point_id": "gps-009885",
            "reason": "STATIONARY_JITTER"
          },
          {
            "gps_point_id": "gps-009886",
            "reason": "STATIONARY_JITTER"
          },
          {
            "gps_point_id": "gps-009887",
            "reason": "STATIONARY_JITTER"
          },
          {
            "gps_point_id": "gps-009888",
            "reason": "STATIONARY_JITTER"
          },
          {
            "gps_point_id": "gps-009889",
            "reason": "STATIONARY_JITTER"
          },
          {
            "gps_point_id": "gps-009890",
            "reason": "STATIONARY_JITTER"
          },
          {
            "gps_point_id": "gps-009891",
            "reason": "STATIONARY_JITTER"
          },
          {
            "gps_point_id": "gps-009892",
            "reason": "STATIONARY_JITTER"
          },
          {
            "gps_point_id": "gps-009893",
            "reason": "STATIONARY_JITTER"
          },
          {
            "gps_point_id": "gps-009894",
            "reason": "STATIONARY_JITTER"
          },
          {
            "gps_point_id": "gps-009895",
            "reason": "STATIONARY_JITTER"
          },
          {
            "gps_point_id": "gps-009896",
            "reason": "STATIONARY_JITTER"
          },
          {
            "gps_point_id": "gps-009897",
            "reason": "STATIONARY_JITTER"
          },
          {
            "gps_point_id": "gps-009898",
            "reason": "STATIONARY_JITTER"
          },
          {
            "gps_point_id": "gps-009899",
            "reason": "STATIONARY_JITTER"
          },
          {
            "gps_point_id": "gps-009900",
            "reason": "STATIONARY_JITTER"
          },
          {
            "gps_point_id": "gps-009901",
            "reason": "STATIONARY_JITTER"
          },
          {
            "gps_point_id": "gps-009902",
            "reason": "STATIONARY_JITTER"
          },
          {
            "gps_point_id": "gps-009903",
            "reason": "STATIONARY_JITTER"
          },
          {
            "gps_point_id": "gps-009904",
            "reason": "STATIONARY_JITTER"
          },
          {
            "gps_point_id": "gps-009905",
            "reason": "STATIONARY_JITTER"
          },
          {
            "gps_point_id": "gps-009906",
            "reason": "STATIONARY_JITTER"
          },
          {
            "gps_point_id": "gps-009907",
            "reason": "STATIONARY_JITTER"
          },
          {
            "gps_point_id": "gps-009909",
            "reason": "STATIONARY_JITTER"
          },
          {
            "gps_point_id": "gps-009910",
            "reason": "STATIONARY_JITTER"
          },
          {
            "gps_point_id": "gps-009912",
            "reason": "STATIONARY_JITTER"
          },
          {
            "gps_point_id": "gps-009913",
            "reason": "STATIONARY_JITTER"
          },
          {
            "gps_point_id": "gps-009914",
            "reason": "STATIONARY_JITTER"
          },
          {
            "gps_point_id": "gps-009915",
            "reason": "STATIONARY_JITTER"
          },
          {
            "gps_point_id": "gps-009916",
            "reason": "STATIONARY_JITTER"
          },
          {
            "gps_point_id": "gps-009917",
            "reason": "STATIONARY_JITTER"
          },
          {
            "gps_point_id": "gps-009918",
            "reason": "STATIONARY_JITTER"
          },
          {
            "gps_point_id": "gps-009919",
            "reason": "STATIONARY_JITTER"
          },
          {
            "gps_point_id": "gps-009920",
            "reason": "STATIONARY_JITTER"
          },
          {
            "gps_point_id": "gps-009921",
            "reason": "STATIONARY_JITTER"
          },
          {
            "gps_point_id": "gps-009922",
            "reason": "STATIONARY_JITTER"
          },
          {
            "gps_point_id": "gps-009923",
            "reason": "STATIONARY_JITTER"
          },
          {
            "gps_point_id": "gps-009924",
            "reason": "STATIONARY_JITTER"
          },
          {
            "gps_point_id": "gps-009925",
            "reason": "STATIONARY_JITTER"
          },
          {
            "gps_point_id": "gps-009926",
            "reason": "STATIONARY_JITTER"
          },
          {
            "gps_point_id": "gps-009927",
            "reason": "STATIONARY_JITTER"
          },
          {
            "gps_point_id": "gps-009928",
            "reason": "STATIONARY_JITTER"
          },
          {
            "gps_point_id": "gps-009929",
            "reason": "STATIONARY_JITTER"
          },
          {
            "gps_point_id": "gps-009930",
            "reason": "STATIONARY_JITTER"
          },
          {
            "gps_point_id": "gps-009931",
            "reason": "STATIONARY_JITTER"
          },
          {
            "gps_point_id": "gps-009932",
            "reason": "STATIONARY_JITTER"
          },
          {
            "gps_point_id": "gps-009933",
            "reason": "STATIONARY_JITTER"
          },
          {
            "gps_point_id": "gps-009934",
            "reason": "STATIONARY_JITTER"
          },
          {
            "gps_point_id": "gps-009935",
            "reason": "STATIONARY_JITTER"
          },
          {
            "gps_point_id": "gps-009936",
            "reason": "STATIONARY_JITTER"
          },
          {
            "gps_point_id": "gps-009937",
            "reason": "STATIONARY_JITTER"
          },
          {
            "gps_point_id": "gps-009938",
            "reason": "STATIONARY_JITTER"
          },
          {
            "gps_point_id": "gps-009939",
            "reason": "STATIONARY_JITTER"
          },
          {
            "gps_point_id": "gps-009940",
            "reason": "STATIONARY_JITTER"
          },
          {
            "gps_point_id": "gps-009941",
            "reason": "STATIONARY_JITTER"
          },
          {
            "gps_point_id": "gps-009942",
            "reason": "STATIONARY_JITTER"
          },
          {
            "gps_point_id": "gps-009943",
            "reason": "STATIONARY_JITTER"
          },
          {
            "gps_point_id": "gps-009944",
            "reason": "STATIONARY_JITTER"
          },
          {
            "gps_point_id": "gps-009945",
            "reason": "STATIONARY_JITTER"
          },
          {
            "gps_point_id": "gps-009948",
            "reason": "STATIONARY_JITTER"
          },
          {
            "gps_point_id": "gps-009950",
            "reason": "STATIONARY_JITTER"
          },
          {
            "gps_point_id": "gps-009951",
            "reason": "STATIONARY_JITTER"
          },
          {
            "gps_point_id": "gps-009952",
            "reason": "STATIONARY_JITTER"
          },
          {
            "gps_point_id": "gps-009953",
            "reason": "STATIONARY_JITTER"
          },
          {
            "gps_point_id": "gps-009954",
            "reason": "STATIONARY_JITTER"
          },
          {
            "gps_point_id": "gps-009955",
            "reason": "STATIONARY_JITTER"
          },
          {
            "gps_point_id": "gps-009956",
            "reason": "STATIONARY_JITTER"
          },
          {
            "gps_point_id": "gps-009957",
            "reason": "STATIONARY_JITTER"
          },
          {
            "gps_point_id": "gps-009964",
            "reason": "STATIONARY_JITTER"
          },
          {
            "gps_point_id": "gps-009965",
            "reason": "STATIONARY_JITTER"
          },
          {
            "gps_point_id": "gps-009966",
            "reason": "STATIONARY_JITTER"
          },
          {
            "gps_point_id": "gps-009967",
            "reason": "STATIONARY_JITTER"
          },
          {
            "gps_point_id": "gps-009969",
            "reason": "STATIONARY_JITTER"
          },
          {
            "gps_point_id": "gps-009971",
            "reason": "STATIONARY_JITTER"
          },
          {
            "gps_point_id": "gps-009972",
            "reason": "STATIONARY_JITTER"
          },
          {
            "gps_point_id": "gps-009973",
            "reason": "STATIONARY_JITTER"
          },
          {
            "gps_point_id": "gps-009974",
            "reason": "STATIONARY_JITTER"
          },
          {
            "gps_point_id": "gps-009975",
            "reason": "STATIONARY_JITTER"
          },
          {
            "gps_point_id": "gps-009976",
            "reason": "STATIONARY_JITTER"
          },
          {
            "gps_point_id": "gps-009978",
            "reason": "STATIONARY_JITTER"
          },
          {
            "gps_point_id": "gps-009979",
            "reason": "STATIONARY_JITTER"
          },
          {
            "gps_point_id": "gps-009980",
            "reason": "STATIONARY_JITTER"
          },
          {
            "gps_point_id": "gps-009981",
            "reason": "STATIONARY_JITTER"
          },
          {
            "gps_point_id": "gps-009984",
            "reason": "STATIONARY_JITTER"
          },
          {
            "gps_point_id": "gps-009986",
            "reason": "STATIONARY_JITTER"
          },
          {
            "gps_point_id": "gps-009987",
            "reason": "STATIONARY_JITTER"
          },
          {
            "gps_point_id": "gps-009988",
            "reason": "STATIONARY_JITTER"
          },
          {
            "gps_point_id": "gps-009989",
            "reason": "STATIONARY_JITTER"
          },
          {
            "gps_point_id": "gps-009992",
            "reason": "STATIONARY_JITTER"
          },
          {
            "gps_point_id": "gps-009993",
            "reason": "STATIONARY_JITTER"
          },
          {
            "gps_point_id": "gps-009995",
            "reason": "STATIONARY_JITTER"
          },
          {
            "gps_point_id": "gps-009996",
            "reason": "STATIONARY_JITTER"
          },
          {
            "gps_point_id": "gps-009997",
            "reason": "STATIONARY_JITTER"
          },
          {
            "gps_point_id": "gps-009999",
            "reason": "STATIONARY_JITTER"
          },
          {
            "gps_point_id": "gps-010001",
            "reason": "STATIONARY_JITTER"
          },
          {
            "gps_point_id": "gps-010002",
            "reason": "STATIONARY_JITTER"
          },
          {
            "gps_point_id": "gps-010003",
            "reason": "STATIONARY_JITTER"
          },
          {
            "gps_point_id": "gps-010004",
            "reason": "STATIONARY_JITTER"
          },
          {
            "gps_point_id": "gps-010005",
            "reason": "STATIONARY_JITTER"
          },
          {
            "gps_point_id": "gps-010007",
            "reason": "STATIONARY_JITTER"
          },
          {
            "gps_point_id": "gps-010008",
            "reason": "STATIONARY_JITTER"
          },
          {
            "gps_point_id": "gps-010012",
            "reason": "STATIONARY_JITTER"
          },
          {
            "gps_point_id": "gps-010013",
            "reason": "STATIONARY_JITTER"
          },
          {
            "gps_point_id": "gps-010015",
            "reason": "STATIONARY_JITTER"
          },
          {
            "gps_point_id": "gps-010016",
            "reason": "STATIONARY_JITTER"
          },
          {
            "gps_point_id": "gps-010017",
            "reason": "STATIONARY_JITTER"
          },
          {
            "gps_point_id": "gps-010019",
            "reason": "STATIONARY_JITTER"
          },
          {
            "gps_point_id": "gps-010020",
            "reason": "STATIONARY_JITTER"
          },
          {
            "gps_point_id": "gps-010021",
            "reason": "STATIONARY_JITTER"
          },
          {
            "gps_point_id": "gps-010024",
            "reason": "STATIONARY_JITTER"
          },
          {
            "gps_point_id": "gps-010025",
            "reason": "STATIONARY_JITTER"
          },
          {
            "gps_point_id": "gps-010027",
            "reason": "STATIONARY_JITTER"
          },
          {
            "gps_point_id": "gps-010028",
            "reason": "STATIONARY_JITTER"
          },
          {
            "gps_point_id": "gps-010029",
            "reason": "STATIONARY_JITTER"
          },
          {
            "gps_point_id": "gps-010030",
            "reason": "STATIONARY_JITTER"
          },
          {
            "gps_point_id": "gps-010031",
            "reason": "STATIONARY_JITTER"
          },
          {
            "gps_point_id": "gps-010032",
            "reason": "STATIONARY_JITTER"
          },
          {
            "gps_point_id": "gps-010033",
            "reason": "STATIONARY_JITTER"
          },
          {
            "gps_point_id": "gps-010034",
            "reason": "STATIONARY_JITTER"
          },
          {
            "gps_point_id": "gps-010035",
            "reason": "STATIONARY_JITTER"
          },
          {
            "gps_point_id": "gps-010036",
            "reason": "STATIONARY_JITTER"
          },
          {
            "gps_point_id": "gps-010037",
            "reason": "STATIONARY_JITTER"
          },
          {
            "gps_point_id": "gps-010038",
            "reason": "STATIONARY_JITTER"
          },
          {
            "gps_point_id": "gps-010039",
            "reason": "STATIONARY_JITTER"
          },
          {
            "gps_point_id": "gps-010040",
            "reason": "STATIONARY_JITTER"
          },
          {
            "gps_point_id": "gps-010042",
            "reason": "STATIONARY_JITTER"
          },
          {
            "gps_point_id": "gps-010043",
            "reason": "STATIONARY_JITTER"
          },
          {
            "gps_point_id": "gps-010044",
            "reason": "STATIONARY_JITTER"
          },
          {
            "gps_point_id": "gps-010045",
            "reason": "STATIONARY_JITTER"
          },
          {
            "gps_point_id": "gps-010046",
            "reason": "STATIONARY_JITTER"
          },
          {
            "gps_point_id": "gps-010048",
            "reason": "STATIONARY_JITTER"
          },
          {
            "gps_point_id": "gps-010049",
            "reason": "STATIONARY_JITTER"
          },
          {
            "gps_point_id": "gps-010050",
            "reason": "STATIONARY_JITTER"
          },
          {
            "gps_point_id": "gps-010051",
            "reason": "STATIONARY_JITTER"
          },
          {
            "gps_point_id": "gps-010052",
            "reason": "STATIONARY_JITTER"
          },
          {
            "gps_point_id": "gps-010053",
            "reason": "STATIONARY_JITTER"
          },
          {
            "gps_point_id": "gps-010055",
            "reason": "STATIONARY_JITTER"
          },
          {
            "gps_point_id": "gps-010056",
            "reason": "STATIONARY_JITTER"
          },
          {
            "gps_point_id": "gps-010061",
            "reason": "STATIONARY_JITTER"
          },
          {
            "gps_point_id": "gps-010062",
            "reason": "STATIONARY_JITTER"
          },
          {
            "gps_point_id": "gps-010063",
            "reason": "STATIONARY_JITTER"
          },
          {
            "gps_point_id": "gps-010064",
            "reason": "STATIONARY_JITTER"
          },
          {
            "gps_point_id": "gps-010065",
            "reason": "STATIONARY_JITTER"
          },
          {
            "gps_point_id": "gps-010066",
            "reason": "STATIONARY_JITTER"
          },
          {
            "gps_point_id": "gps-010067",
            "reason": "STATIONARY_JITTER"
          },
          {
            "gps_point_id": "gps-010069",
            "reason": "STATIONARY_JITTER"
          },
          {
            "gps_point_id": "gps-010072",
            "reason": "STATIONARY_JITTER"
          },
          {
            "gps_point_id": "gps-010073",
            "reason": "STATIONARY_JITTER"
          },
          {
            "gps_point_id": "gps-010074",
            "reason": "STATIONARY_JITTER"
          },
          {
            "gps_point_id": "gps-010075",
            "reason": "STATIONARY_JITTER"
          },
          {
            "gps_point_id": "gps-010076",
            "reason": "STATIONARY_JITTER"
          },
          {
            "gps_point_id": "gps-010077",
            "reason": "STATIONARY_JITTER"
          },
          {
            "gps_point_id": "gps-010078",
            "reason": "STATIONARY_JITTER"
          },
          {
            "gps_point_id": "gps-010080",
            "reason": "STATIONARY_JITTER"
          },
          {
            "gps_point_id": "gps-010081",
            "reason": "STATIONARY_JITTER"
          },
          {
            "gps_point_id": "gps-010083",
            "reason": "STATIONARY_JITTER"
          },
          {
            "gps_point_id": "gps-010084",
            "reason": "STATIONARY_JITTER"
          },
          {
            "gps_point_id": "gps-010085",
            "reason": "STATIONARY_JITTER"
          },
          {
            "gps_point_id": "gps-010086",
            "reason": "STATIONARY_JITTER"
          },
          {
            "gps_point_id": "gps-010087",
            "reason": "STATIONARY_JITTER"
          },
          {
            "gps_point_id": "gps-010088",
            "reason": "STATIONARY_JITTER"
          },
          {
            "gps_point_id": "gps-010089",
            "reason": "STATIONARY_JITTER"
          },
          {
            "gps_point_id": "gps-010090",
            "reason": "STATIONARY_JITTER"
          },
          {
            "gps_point_id": "gps-010091",
            "reason": "STATIONARY_JITTER"
          },
          {
            "gps_point_id": "gps-010092",
            "reason": "STATIONARY_JITTER"
          },
          {
            "gps_point_id": "gps-010093",
            "reason": "STATIONARY_JITTER"
          },
          {
            "gps_point_id": "gps-010094",
            "reason": "STATIONARY_JITTER"
          },
          {
            "gps_point_id": "gps-010095",
            "reason": "STATIONARY_JITTER"
          },
          {
            "gps_point_id": "gps-010097",
            "reason": "STATIONARY_JITTER"
          },
          {
            "gps_point_id": "gps-010098",
            "reason": "STATIONARY_JITTER"
          },
          {
            "gps_point_id": "gps-010099",
            "reason": "STATIONARY_JITTER"
          },
          {
            "gps_point_id": "gps-010100",
            "reason": "STATIONARY_JITTER"
          },
          {
            "gps_point_id": "gps-010101",
            "reason": "STATIONARY_JITTER"
          },
          {
            "gps_point_id": "gps-010102",
            "reason": "STATIONARY_JITTER"
          },
          {
            "gps_point_id": "gps-010103",
            "reason": "STATIONARY_JITTER"
          },
          {
            "gps_point_id": "gps-010104",
            "reason": "STATIONARY_JITTER"
          },
          {
            "gps_point_id": "gps-010105",
            "reason": "STATIONARY_JITTER"
          },
          {
            "gps_point_id": "gps-010106",
            "reason": "STATIONARY_JITTER"
          },
          {
            "gps_point_id": "gps-010107",
            "reason": "STATIONARY_JITTER"
          },
          {
            "gps_point_id": "gps-010108",
            "reason": "STATIONARY_JITTER"
          },
          {
            "gps_point_id": "gps-010109",
            "reason": "STATIONARY_JITTER"
          },
          {
            "gps_point_id": "gps-010110",
            "reason": "STATIONARY_JITTER"
          },
          {
            "gps_point_id": "gps-010111",
            "reason": "STATIONARY_JITTER"
          },
          {
            "gps_point_id": "gps-010112",
            "reason": "STATIONARY_JITTER"
          },
          {
            "gps_point_id": "gps-010113",
            "reason": "STATIONARY_JITTER"
          },
          {
            "gps_point_id": "gps-010114",
            "reason": "STATIONARY_JITTER"
          },
          {
            "gps_point_id": "gps-010115",
            "reason": "STATIONARY_JITTER"
          },
          {
            "gps_point_id": "gps-010116",
            "reason": "STATIONARY_JITTER"
          },
          {
            "gps_point_id": "gps-010117",
            "reason": "STATIONARY_JITTER"
          },
          {
            "gps_point_id": "gps-010118",
            "reason": "STATIONARY_JITTER"
          },
          {
            "gps_point_id": "gps-010119",
            "reason": "STATIONARY_JITTER"
          },
          {
            "gps_point_id": "gps-010120",
            "reason": "STATIONARY_JITTER"
          },
          {
            "gps_point_id": "gps-010121",
            "reason": "STATIONARY_JITTER"
          },
          {
            "gps_point_id": "gps-010122",
            "reason": "STATIONARY_JITTER"
          },
          {
            "gps_point_id": "gps-010123",
            "reason": "STATIONARY_JITTER"
          },
          {
            "gps_point_id": "gps-010125",
            "reason": "STATIONARY_JITTER"
          },
          {
            "gps_point_id": "gps-010126",
            "reason": "STATIONARY_JITTER"
          },
          {
            "gps_point_id": "gps-010127",
            "reason": "STATIONARY_JITTER"
          },
          {
            "gps_point_id": "gps-010129",
            "reason": "STATIONARY_JITTER"
          },
          {
            "gps_point_id": "gps-010130",
            "reason": "STATIONARY_JITTER"
          },
          {
            "gps_point_id": "gps-010131",
            "reason": "STATIONARY_JITTER"
          },
          {
            "gps_point_id": "gps-010133",
            "reason": "STATIONARY_JITTER"
          },
          {
            "gps_point_id": "gps-010134",
            "reason": "STATIONARY_JITTER"
          },
          {
            "gps_point_id": "gps-010135",
            "reason": "STATIONARY_JITTER"
          },
          {
            "gps_point_id": "gps-010136",
            "reason": "STATIONARY_JITTER"
          },
          {
            "gps_point_id": "gps-010137",
            "reason": "STATIONARY_JITTER"
          },
          {
            "gps_point_id": "gps-010138",
            "reason": "STATIONARY_JITTER"
          },
          {
            "gps_point_id": "gps-010139",
            "reason": "STATIONARY_JITTER"
          },
          {
            "gps_point_id": "gps-010140",
            "reason": "STATIONARY_JITTER"
          },
          {
            "gps_point_id": "gps-010141",
            "reason": "STATIONARY_JITTER"
          },
          {
            "gps_point_id": "gps-010142",
            "reason": "STATIONARY_JITTER"
          },
          {
            "gps_point_id": "gps-010143",
            "reason": "STATIONARY_JITTER"
          },
          {
            "gps_point_id": "gps-010144",
            "reason": "STATIONARY_JITTER"
          },
          {
            "gps_point_id": "gps-010146",
            "reason": "STATIONARY_JITTER"
          },
          {
            "gps_point_id": "gps-010147",
            "reason": "STATIONARY_JITTER"
          },
          {
            "gps_point_id": "gps-010148",
            "reason": "STATIONARY_JITTER"
          },
          {
            "gps_point_id": "gps-010149",
            "reason": "STATIONARY_JITTER"
          },
          {
            "gps_point_id": "gps-010150",
            "reason": "STATIONARY_JITTER"
          },
          {
            "gps_point_id": "gps-010151",
            "reason": "STATIONARY_JITTER"
          },
          {
            "gps_point_id": "gps-010153",
            "reason": "STATIONARY_JITTER"
          },
          {
            "gps_point_id": "gps-010154",
            "reason": "STATIONARY_JITTER"
          },
          {
            "gps_point_id": "gps-010155",
            "reason": "STATIONARY_JITTER"
          },
          {
            "gps_point_id": "gps-010156",
            "reason": "STATIONARY_JITTER"
          },
          {
            "gps_point_id": "gps-010157",
            "reason": "STATIONARY_JITTER"
          },
          {
            "gps_point_id": "gps-010159",
            "reason": "STATIONARY_JITTER"
          },
          {
            "gps_point_id": "gps-010161",
            "reason": "STATIONARY_JITTER"
          },
          {
            "gps_point_id": "gps-010162",
            "reason": "STATIONARY_JITTER"
          },
          {
            "gps_point_id": "gps-010163",
            "reason": "STATIONARY_JITTER"
          },
          {
            "gps_point_id": "gps-010164",
            "reason": "STATIONARY_JITTER"
          },
          {
            "gps_point_id": "gps-010165",
            "reason": "STATIONARY_JITTER"
          },
          {
            "gps_point_id": "gps-010166",
            "reason": "STATIONARY_JITTER"
          },
          {
            "gps_point_id": "gps-010172",
            "reason": "STATIONARY_JITTER"
          },
          {
            "gps_point_id": "gps-010174",
            "reason": "STATIONARY_JITTER"
          },
          {
            "gps_point_id": "gps-010175",
            "reason": "STATIONARY_JITTER"
          },
          {
            "gps_point_id": "gps-010176",
            "reason": "STATIONARY_JITTER"
          },
          {
            "gps_point_id": "gps-010177",
            "reason": "STATIONARY_JITTER"
          },
          {
            "gps_point_id": "gps-010178",
            "reason": "STATIONARY_JITTER"
          },
          {
            "gps_point_id": "gps-010181",
            "reason": "STATIONARY_JITTER"
          },
          {
            "gps_point_id": "gps-010183",
            "reason": "STATIONARY_JITTER"
          },
          {
            "gps_point_id": "gps-010184",
            "reason": "STATIONARY_JITTER"
          },
          {
            "gps_point_id": "gps-010185",
            "reason": "STATIONARY_JITTER"
          },
          {
            "gps_point_id": "gps-010186",
            "reason": "STATIONARY_JITTER"
          },
          {
            "gps_point_id": "gps-010188",
            "reason": "STATIONARY_JITTER"
          },
          {
            "gps_point_id": "gps-010192",
            "reason": "STATIONARY_JITTER"
          },
          {
            "gps_point_id": "gps-010193",
            "reason": "STATIONARY_JITTER"
          },
          {
            "gps_point_id": "gps-010194",
            "reason": "STATIONARY_JITTER"
          },
          {
            "gps_point_id": "gps-010195",
            "reason": "STATIONARY_JITTER"
          },
          {
            "gps_point_id": "gps-010196",
            "reason": "STATIONARY_JITTER"
          },
          {
            "gps_point_id": "gps-010198",
            "reason": "STATIONARY_JITTER"
          },
          {
            "gps_point_id": "gps-010199",
            "reason": "STATIONARY_JITTER"
          },
          {
            "gps_point_id": "gps-010200",
            "reason": "STATIONARY_JITTER"
          },
          {
            "gps_point_id": "gps-010201",
            "reason": "STATIONARY_JITTER"
          },
          {
            "gps_point_id": "gps-010202",
            "reason": "STATIONARY_JITTER"
          },
          {
            "gps_point_id": "gps-010203",
            "reason": "STATIONARY_JITTER"
          },
          {
            "gps_point_id": "gps-010204",
            "reason": "STATIONARY_JITTER"
          },
          {
            "gps_point_id": "gps-010205",
            "reason": "STATIONARY_JITTER"
          },
          {
            "gps_point_id": "gps-010207",
            "reason": "STATIONARY_JITTER"
          },
          {
            "gps_point_id": "gps-010208",
            "reason": "STATIONARY_JITTER"
          },
          {
            "gps_point_id": "gps-010209",
            "reason": "STATIONARY_JITTER"
          },
          {
            "gps_point_id": "gps-010210",
            "reason": "STATIONARY_JITTER"
          },
          {
            "gps_point_id": "gps-010211",
            "reason": "STATIONARY_JITTER"
          },
          {
            "gps_point_id": "gps-010212",
            "reason": "STATIONARY_JITTER"
          },
          {
            "gps_point_id": "gps-010213",
            "reason": "STATIONARY_JITTER"
          },
          {
            "gps_point_id": "gps-010214",
            "reason": "STATIONARY_JITTER"
          },
          {
            "gps_point_id": "gps-010215",
            "reason": "STATIONARY_JITTER"
          },
          {
            "gps_point_id": "gps-010216",
            "reason": "STATIONARY_JITTER"
          },
          {
            "gps_point_id": "gps-010218",
            "reason": "STATIONARY_JITTER"
          },
          {
            "gps_point_id": "gps-010219",
            "reason": "STATIONARY_JITTER"
          },
          {
            "gps_point_id": "gps-010220",
            "reason": "STATIONARY_JITTER"
          },
          {
            "gps_point_id": "gps-010221",
            "reason": "STATIONARY_JITTER"
          },
          {
            "gps_point_id": "gps-010222",
            "reason": "STATIONARY_JITTER"
          },
          {
            "gps_point_id": "gps-010223",
            "reason": "STATIONARY_JITTER"
          },
          {
            "gps_point_id": "gps-010224",
            "reason": "STATIONARY_JITTER"
          },
          {
            "gps_point_id": "gps-010225",
            "reason": "STATIONARY_JITTER"
          },
          {
            "gps_point_id": "gps-010226",
            "reason": "STATIONARY_JITTER"
          },
          {
            "gps_point_id": "gps-010227",
            "reason": "STATIONARY_JITTER"
          },
          {
            "gps_point_id": "gps-010228",
            "reason": "STATIONARY_JITTER"
          },
          {
            "gps_point_id": "gps-010229",
            "reason": "STATIONARY_JITTER"
          },
          {
            "gps_point_id": "gps-010230",
            "reason": "STATIONARY_JITTER"
          },
          {
            "gps_point_id": "gps-010231",
            "reason": "STATIONARY_JITTER"
          },
          {
            "gps_point_id": "gps-010232",
            "reason": "STATIONARY_JITTER"
          },
          {
            "gps_point_id": "gps-010233",
            "reason": "STATIONARY_JITTER"
          },
          {
            "gps_point_id": "gps-010235",
            "reason": "STATIONARY_JITTER"
          },
          {
            "gps_point_id": "gps-010236",
            "reason": "STATIONARY_JITTER"
          },
          {
            "gps_point_id": "gps-010237",
            "reason": "STATIONARY_JITTER"
          },
          {
            "gps_point_id": "gps-010238",
            "reason": "STATIONARY_JITTER"
          },
          {
            "gps_point_id": "gps-010239",
            "reason": "STATIONARY_JITTER"
          },
          {
            "gps_point_id": "gps-010240",
            "reason": "STATIONARY_JITTER"
          },
          {
            "gps_point_id": "gps-010241",
            "reason": "STATIONARY_JITTER"
          },
          {
            "gps_point_id": "gps-010242",
            "reason": "STATIONARY_JITTER"
          },
          {
            "gps_point_id": "gps-010243",
            "reason": "STATIONARY_JITTER"
          },
          {
            "gps_point_id": "gps-010244",
            "reason": "STATIONARY_JITTER"
          },
          {
            "gps_point_id": "gps-010245",
            "reason": "STATIONARY_JITTER"
          },
          {
            "gps_point_id": "gps-010246",
            "reason": "STATIONARY_JITTER"
          },
          {
            "gps_point_id": "gps-010247",
            "reason": "STATIONARY_JITTER"
          },
          {
            "gps_point_id": "gps-010248",
            "reason": "STATIONARY_JITTER"
          },
          {
            "gps_point_id": "gps-010249",
            "reason": "STATIONARY_JITTER"
          },
          {
            "gps_point_id": "gps-010251",
            "reason": "STATIONARY_JITTER"
          },
          {
            "gps_point_id": "gps-010252",
            "reason": "STATIONARY_JITTER"
          },
          {
            "gps_point_id": "gps-010253",
            "reason": "STATIONARY_JITTER"
          },
          {
            "gps_point_id": "gps-010254",
            "reason": "STATIONARY_JITTER"
          },
          {
            "gps_point_id": "gps-010255",
            "reason": "STATIONARY_JITTER"
          },
          {
            "gps_point_id": "gps-010256",
            "reason": "STATIONARY_JITTER"
          },
          {
            "gps_point_id": "gps-010257",
            "reason": "STATIONARY_JITTER"
          },
          {
            "gps_point_id": "gps-010258",
            "reason": "STATIONARY_JITTER"
          },
          {
            "gps_point_id": "gps-010259",
            "reason": "STATIONARY_JITTER"
          },
          {
            "gps_point_id": "gps-010261",
            "reason": "STATIONARY_JITTER"
          },
          {
            "gps_point_id": "gps-010262",
            "reason": "STATIONARY_JITTER"
          },
          {
            "gps_point_id": "gps-010264",
            "reason": "STATIONARY_JITTER"
          },
          {
            "gps_point_id": "gps-010265",
            "reason": "STATIONARY_JITTER"
          },
          {
            "gps_point_id": "gps-010266",
            "reason": "STATIONARY_JITTER"
          },
          {
            "gps_point_id": "gps-010267",
            "reason": "STATIONARY_JITTER"
          },
          {
            "gps_point_id": "gps-010268",
            "reason": "STATIONARY_JITTER"
          },
          {
            "gps_point_id": "gps-010270",
            "reason": "STATIONARY_JITTER"
          },
          {
            "gps_point_id": "gps-010271",
            "reason": "STATIONARY_JITTER"
          },
          {
            "gps_point_id": "gps-010272",
            "reason": "STATIONARY_JITTER"
          },
          {
            "gps_point_id": "gps-010273",
            "reason": "STATIONARY_JITTER"
          },
          {
            "gps_point_id": "gps-010274",
            "reason": "STATIONARY_JITTER"
          },
          {
            "gps_point_id": "gps-010275",
            "reason": "STATIONARY_JITTER"
          },
          {
            "gps_point_id": "gps-010276",
            "reason": "STATIONARY_JITTER"
          },
          {
            "gps_point_id": "gps-010277",
            "reason": "STATIONARY_JITTER"
          },
          {
            "gps_point_id": "gps-010278",
            "reason": "STATIONARY_JITTER"
          },
          {
            "gps_point_id": "gps-010279",
            "reason": "STATIONARY_JITTER"
          },
          {
            "gps_point_id": "gps-010280",
            "reason": "STATIONARY_JITTER"
          },
          {
            "gps_point_id": "gps-010281",
            "reason": "STATIONARY_JITTER"
          },
          {
            "gps_point_id": "gps-010282",
            "reason": "STATIONARY_JITTER"
          },
          {
            "gps_point_id": "gps-010283",
            "reason": "STATIONARY_JITTER"
          },
          {
            "gps_point_id": "gps-010284",
            "reason": "STATIONARY_JITTER"
          },
          {
            "gps_point_id": "gps-010285",
            "reason": "STATIONARY_JITTER"
          },
          {
            "gps_point_id": "gps-010286",
            "reason": "STATIONARY_JITTER"
          },
          {
            "gps_point_id": "gps-010287",
            "reason": "STATIONARY_JITTER"
          },
          {
            "gps_point_id": "gps-010288",
            "reason": "STATIONARY_JITTER"
          },
          {
            "gps_point_id": "gps-010289",
            "reason": "STATIONARY_JITTER"
          },
          {
            "gps_point_id": "gps-010290",
            "reason": "STATIONARY_JITTER"
          },
          {
            "gps_point_id": "gps-010291",
            "reason": "STATIONARY_JITTER"
          },
          {
            "gps_point_id": "gps-010292",
            "reason": "STATIONARY_JITTER"
          },
          {
            "gps_point_id": "gps-010293",
            "reason": "STATIONARY_JITTER"
          },
          {
            "gps_point_id": "gps-010294",
            "reason": "STATIONARY_JITTER"
          },
          {
            "gps_point_id": "gps-010295",
            "reason": "STATIONARY_JITTER"
          },
          {
            "gps_point_id": "gps-010296",
            "reason": "STATIONARY_JITTER"
          },
          {
            "gps_point_id": "gps-010297",
            "reason": "STATIONARY_JITTER"
          },
          {
            "gps_point_id": "gps-010300",
            "reason": "STATIONARY_JITTER"
          },
          {
            "gps_point_id": "gps-010301",
            "reason": "STATIONARY_JITTER"
          },
          {
            "gps_point_id": "gps-010302",
            "reason": "STATIONARY_JITTER"
          },
          {
            "gps_point_id": "gps-010303",
            "reason": "STATIONARY_JITTER"
          },
          {
            "gps_point_id": "gps-010305",
            "reason": "STATIONARY_JITTER"
          },
          {
            "gps_point_id": "gps-010306",
            "reason": "STATIONARY_JITTER"
          },
          {
            "gps_point_id": "gps-010307",
            "reason": "STATIONARY_JITTER"
          },
          {
            "gps_point_id": "gps-010308",
            "reason": "STATIONARY_JITTER"
          },
          {
            "gps_point_id": "gps-010309",
            "reason": "STATIONARY_JITTER"
          },
          {
            "gps_point_id": "gps-010310",
            "reason": "STATIONARY_JITTER"
          },
          {
            "gps_point_id": "gps-010311",
            "reason": "STATIONARY_JITTER"
          },
          {
            "gps_point_id": "gps-010312",
            "reason": "STATIONARY_JITTER"
          },
          {
            "gps_point_id": "gps-010314",
            "reason": "STATIONARY_JITTER"
          },
          {
            "gps_point_id": "gps-010315",
            "reason": "STATIONARY_JITTER"
          },
          {
            "gps_point_id": "gps-010316",
            "reason": "STATIONARY_JITTER"
          },
          {
            "gps_point_id": "gps-010317",
            "reason": "STATIONARY_JITTER"
          },
          {
            "gps_point_id": "gps-010318",
            "reason": "STATIONARY_JITTER"
          },
          {
            "gps_point_id": "gps-010319",
            "reason": "STATIONARY_JITTER"
          },
          {
            "gps_point_id": "gps-010320",
            "reason": "STATIONARY_JITTER"
          },
          {
            "gps_point_id": "gps-010321",
            "reason": "STATIONARY_JITTER"
          },
          {
            "gps_point_id": "gps-010322",
            "reason": "STATIONARY_JITTER"
          },
          {
            "gps_point_id": "gps-010323",
            "reason": "STATIONARY_JITTER"
          },
          {
            "gps_point_id": "gps-010324",
            "reason": "STATIONARY_JITTER"
          },
          {
            "gps_point_id": "gps-010325",
            "reason": "STATIONARY_JITTER"
          },
          {
            "gps_point_id": "gps-010326",
            "reason": "STATIONARY_JITTER"
          },
          {
            "gps_point_id": "gps-010327",
            "reason": "STATIONARY_JITTER"
          },
          {
            "gps_point_id": "gps-010328",
            "reason": "STATIONARY_JITTER"
          },
          {
            "gps_point_id": "gps-010329",
            "reason": "STATIONARY_JITTER"
          },
          {
            "gps_point_id": "gps-010330",
            "reason": "STATIONARY_JITTER"
          },
          {
            "gps_point_id": "gps-010331",
            "reason": "STATIONARY_JITTER"
          },
          {
            "gps_point_id": "gps-010332",
            "reason": "STATIONARY_JITTER"
          },
          {
            "gps_point_id": "gps-010333",
            "reason": "STATIONARY_JITTER"
          },
          {
            "gps_point_id": "gps-010334",
            "reason": "STATIONARY_JITTER"
          },
          {
            "gps_point_id": "gps-010335",
            "reason": "STATIONARY_JITTER"
          },
          {
            "gps_point_id": "gps-010336",
            "reason": "STATIONARY_JITTER"
          },
          {
            "gps_point_id": "gps-010338",
            "reason": "STATIONARY_JITTER"
          },
          {
            "gps_point_id": "gps-010340",
            "reason": "STATIONARY_JITTER"
          },
          {
            "gps_point_id": "gps-010341",
            "reason": "STATIONARY_JITTER"
          },
          {
            "gps_point_id": "gps-010342",
            "reason": "STATIONARY_JITTER"
          },
          {
            "gps_point_id": "gps-010343",
            "reason": "STATIONARY_JITTER"
          },
          {
            "gps_point_id": "gps-010344",
            "reason": "STATIONARY_JITTER"
          },
          {
            "gps_point_id": "gps-010345",
            "reason": "STATIONARY_JITTER"
          },
          {
            "gps_point_id": "gps-010346",
            "reason": "STATIONARY_JITTER"
          },
          {
            "gps_point_id": "gps-010347",
            "reason": "STATIONARY_JITTER"
          },
          {
            "gps_point_id": "gps-010351",
            "reason": "STATIONARY_JITTER"
          },
          {
            "gps_point_id": "gps-010352",
            "reason": "STATIONARY_JITTER"
          },
          {
            "gps_point_id": "gps-010353",
            "reason": "STATIONARY_JITTER"
          },
          {
            "gps_point_id": "gps-010354",
            "reason": "STATIONARY_JITTER"
          },
          {
            "gps_point_id": "gps-010355",
            "reason": "STATIONARY_JITTER"
          },
          {
            "gps_point_id": "gps-010356",
            "reason": "STATIONARY_JITTER"
          },
          {
            "gps_point_id": "gps-010357",
            "reason": "STATIONARY_JITTER"
          },
          {
            "gps_point_id": "gps-010358",
            "reason": "STATIONARY_JITTER"
          },
          {
            "gps_point_id": "gps-010359",
            "reason": "STATIONARY_JITTER"
          },
          {
            "gps_point_id": "gps-010360",
            "reason": "STATIONARY_JITTER"
          },
          {
            "gps_point_id": "gps-010362",
            "reason": "STATIONARY_JITTER"
          },
          {
            "gps_point_id": "gps-010364",
            "reason": "STATIONARY_JITTER"
          },
          {
            "gps_point_id": "gps-010365",
            "reason": "STATIONARY_JITTER"
          },
          {
            "gps_point_id": "gps-010366",
            "reason": "STATIONARY_JITTER"
          },
          {
            "gps_point_id": "gps-010367",
            "reason": "STATIONARY_JITTER"
          },
          {
            "gps_point_id": "gps-010371",
            "reason": "STATIONARY_JITTER"
          },
          {
            "gps_point_id": "gps-010372",
            "reason": "STATIONARY_JITTER"
          },
          {
            "gps_point_id": "gps-010374",
            "reason": "STATIONARY_JITTER"
          },
          {
            "gps_point_id": "gps-010375",
            "reason": "STATIONARY_JITTER"
          },
          {
            "gps_point_id": "gps-010377",
            "reason": "STATIONARY_JITTER"
          },
          {
            "gps_point_id": "gps-010379",
            "reason": "STATIONARY_JITTER"
          },
          {
            "gps_point_id": "gps-010381",
            "reason": "STATIONARY_JITTER"
          },
          {
            "gps_point_id": "gps-010382",
            "reason": "STATIONARY_JITTER"
          },
          {
            "gps_point_id": "gps-010384",
            "reason": "STATIONARY_JITTER"
          },
          {
            "gps_point_id": "gps-010385",
            "reason": "STATIONARY_JITTER"
          },
          {
            "gps_point_id": "gps-010387",
            "reason": "STATIONARY_JITTER"
          },
          {
            "gps_point_id": "gps-010388",
            "reason": "STATIONARY_JITTER"
          },
          {
            "gps_point_id": "gps-010389",
            "reason": "STATIONARY_JITTER"
          },
          {
            "gps_point_id": "gps-010390",
            "reason": "STATIONARY_JITTER"
          },
          {
            "gps_point_id": "gps-010391",
            "reason": "STATIONARY_JITTER"
          },
          {
            "gps_point_id": "gps-010392",
            "reason": "STATIONARY_JITTER"
          },
          {
            "gps_point_id": "gps-010393",
            "reason": "STATIONARY_JITTER"
          },
          {
            "gps_point_id": "gps-010396",
            "reason": "STATIONARY_JITTER"
          },
          {
            "gps_point_id": "gps-010399",
            "reason": "STATIONARY_JITTER"
          },
          {
            "gps_point_id": "gps-010400",
            "reason": "STATIONARY_JITTER"
          },
          {
            "gps_point_id": "gps-010402",
            "reason": "STATIONARY_JITTER"
          },
          {
            "gps_point_id": "gps-010403",
            "reason": "STATIONARY_JITTER"
          },
          {
            "gps_point_id": "gps-010404",
            "reason": "STATIONARY_JITTER"
          },
          {
            "gps_point_id": "gps-010405",
            "reason": "STATIONARY_JITTER"
          },
          {
            "gps_point_id": "gps-010406",
            "reason": "STATIONARY_JITTER"
          },
          {
            "gps_point_id": "gps-010407",
            "reason": "STATIONARY_JITTER"
          },
          {
            "gps_point_id": "gps-010408",
            "reason": "STATIONARY_JITTER"
          },
          {
            "gps_point_id": "gps-010409",
            "reason": "STATIONARY_JITTER"
          },
          {
            "gps_point_id": "gps-010410",
            "reason": "STATIONARY_JITTER"
          },
          {
            "gps_point_id": "gps-010411",
            "reason": "STATIONARY_JITTER"
          },
          {
            "gps_point_id": "gps-010412",
            "reason": "STATIONARY_JITTER"
          },
          {
            "gps_point_id": "gps-010413",
            "reason": "STATIONARY_JITTER"
          },
          {
            "gps_point_id": "gps-010414",
            "reason": "STATIONARY_JITTER"
          },
          {
            "gps_point_id": "gps-010415",
            "reason": "STATIONARY_JITTER"
          },
          {
            "gps_point_id": "gps-010416",
            "reason": "STATIONARY_JITTER"
          },
          {
            "gps_point_id": "gps-010417",
            "reason": "STATIONARY_JITTER"
          },
          {
            "gps_point_id": "gps-010418",
            "reason": "STATIONARY_JITTER"
          },
          {
            "gps_point_id": "gps-010419",
            "reason": "STATIONARY_JITTER"
          },
          {
            "gps_point_id": "gps-010420",
            "reason": "STATIONARY_JITTER"
          },
          {
            "gps_point_id": "gps-010421",
            "reason": "STATIONARY_JITTER"
          },
          {
            "gps_point_id": "gps-010422",
            "reason": "STATIONARY_JITTER"
          },
          {
            "gps_point_id": "gps-010423",
            "reason": "STATIONARY_JITTER"
          },
          {
            "gps_point_id": "gps-010424",
            "reason": "STATIONARY_JITTER"
          },
          {
            "gps_point_id": "gps-010425",
            "reason": "STATIONARY_JITTER"
          },
          {
            "gps_point_id": "gps-010426",
            "reason": "STATIONARY_JITTER"
          },
          {
            "gps_point_id": "gps-010427",
            "reason": "STATIONARY_JITTER"
          },
          {
            "gps_point_id": "gps-010428",
            "reason": "STATIONARY_JITTER"
          },
          {
            "gps_point_id": "gps-010429",
            "reason": "STATIONARY_JITTER"
          },
          {
            "gps_point_id": "gps-010430",
            "reason": "STATIONARY_JITTER"
          },
          {
            "gps_point_id": "gps-010431",
            "reason": "STATIONARY_JITTER"
          },
          {
            "gps_point_id": "gps-010432",
            "reason": "STATIONARY_JITTER"
          },
          {
            "gps_point_id": "gps-010433",
            "reason": "STATIONARY_JITTER"
          },
          {
            "gps_point_id": "gps-010434",
            "reason": "STATIONARY_JITTER"
          },
          {
            "gps_point_id": "gps-010435",
            "reason": "STATIONARY_JITTER"
          },
          {
            "gps_point_id": "gps-010438",
            "reason": "STATIONARY_JITTER"
          },
          {
            "gps_point_id": "gps-010439",
            "reason": "STATIONARY_JITTER"
          },
          {
            "gps_point_id": "gps-010440",
            "reason": "STATIONARY_JITTER"
          },
          {
            "gps_point_id": "gps-010441",
            "reason": "STATIONARY_JITTER"
          },
          {
            "gps_point_id": "gps-010442",
            "reason": "STATIONARY_JITTER"
          },
          {
            "gps_point_id": "gps-010443",
            "reason": "STATIONARY_JITTER"
          },
          {
            "gps_point_id": "gps-010447",
            "reason": "STATIONARY_JITTER"
          },
          {
            "gps_point_id": "gps-010448",
            "reason": "STATIONARY_JITTER"
          },
          {
            "gps_point_id": "gps-010449",
            "reason": "STATIONARY_JITTER"
          },
          {
            "gps_point_id": "gps-010450",
            "reason": "STATIONARY_JITTER"
          },
          {
            "gps_point_id": "gps-010451",
            "reason": "STATIONARY_JITTER"
          },
          {
            "gps_point_id": "gps-010452",
            "reason": "STATIONARY_JITTER"
          },
          {
            "gps_point_id": "gps-010453",
            "reason": "STATIONARY_JITTER"
          },
          {
            "gps_point_id": "gps-010454",
            "reason": "STATIONARY_JITTER"
          },
          {
            "gps_point_id": "gps-010455",
            "reason": "STATIONARY_JITTER"
          },
          {
            "gps_point_id": "gps-010456",
            "reason": "STATIONARY_JITTER"
          },
          {
            "gps_point_id": "gps-010457",
            "reason": "STATIONARY_JITTER"
          },
          {
            "gps_point_id": "gps-010458",
            "reason": "STATIONARY_JITTER"
          },
          {
            "gps_point_id": "gps-010459",
            "reason": "STATIONARY_JITTER"
          },
          {
            "gps_point_id": "gps-010460",
            "reason": "STATIONARY_JITTER"
          },
          {
            "gps_point_id": "gps-010461",
            "reason": "STATIONARY_JITTER"
          },
          {
            "gps_point_id": "gps-010462",
            "reason": "STATIONARY_JITTER"
          },
          {
            "gps_point_id": "gps-010463",
            "reason": "STATIONARY_JITTER"
          },
          {
            "gps_point_id": "gps-010464",
            "reason": "STATIONARY_JITTER"
          },
          {
            "gps_point_id": "gps-010465",
            "reason": "STATIONARY_JITTER"
          },
          {
            "gps_point_id": "gps-010466",
            "reason": "STATIONARY_JITTER"
          },
          {
            "gps_point_id": "gps-010467",
            "reason": "STATIONARY_JITTER"
          },
          {
            "gps_point_id": "gps-010468",
            "reason": "STATIONARY_JITTER"
          },
          {
            "gps_point_id": "gps-010469",
            "reason": "STATIONARY_JITTER"
          },
          {
            "gps_point_id": "gps-010470",
            "reason": "STATIONARY_JITTER"
          },
          {
            "gps_point_id": "gps-010471",
            "reason": "STATIONARY_JITTER"
          },
          {
            "gps_point_id": "gps-010472",
            "reason": "STATIONARY_JITTER"
          },
          {
            "gps_point_id": "gps-010473",
            "reason": "STATIONARY_JITTER"
          },
          {
            "gps_point_id": "gps-010474",
            "reason": "STATIONARY_JITTER"
          },
          {
            "gps_point_id": "gps-010475",
            "reason": "STATIONARY_JITTER"
          },
          {
            "gps_point_id": "gps-010476",
            "reason": "STATIONARY_JITTER"
          },
          {
            "gps_point_id": "gps-010478",
            "reason": "STATIONARY_JITTER"
          },
          {
            "gps_point_id": "gps-010479",
            "reason": "STATIONARY_JITTER"
          },
          {
            "gps_point_id": "gps-010480",
            "reason": "STATIONARY_JITTER"
          },
          {
            "gps_point_id": "gps-010481",
            "reason": "STATIONARY_JITTER"
          },
          {
            "gps_point_id": "gps-010482",
            "reason": "STATIONARY_JITTER"
          },
          {
            "gps_point_id": "gps-010483",
            "reason": "STATIONARY_JITTER"
          },
          {
            "gps_point_id": "gps-010484",
            "reason": "STATIONARY_JITTER"
          },
          {
            "gps_point_id": "gps-010485",
            "reason": "STATIONARY_JITTER"
          },
          {
            "gps_point_id": "gps-010486",
            "reason": "STATIONARY_JITTER"
          },
          {
            "gps_point_id": "gps-010487",
            "reason": "STATIONARY_JITTER"
          },
          {
            "gps_point_id": "gps-010488",
            "reason": "STATIONARY_JITTER"
          },
          {
            "gps_point_id": "gps-010489",
            "reason": "STATIONARY_JITTER"
          },
          {
            "gps_point_id": "gps-010490",
            "reason": "STATIONARY_JITTER"
          },
          {
            "gps_point_id": "gps-010491",
            "reason": "STATIONARY_JITTER"
          },
          {
            "gps_point_id": "gps-010492",
            "reason": "STATIONARY_JITTER"
          },
          {
            "gps_point_id": "gps-010493",
            "reason": "STATIONARY_JITTER"
          },
          {
            "gps_point_id": "gps-010494",
            "reason": "STATIONARY_JITTER"
          },
          {
            "gps_point_id": "gps-010495",
            "reason": "STATIONARY_JITTER"
          },
          {
            "gps_point_id": "gps-010496",
            "reason": "STATIONARY_JITTER"
          },
          {
            "gps_point_id": "gps-010497",
            "reason": "STATIONARY_JITTER"
          },
          {
            "gps_point_id": "gps-010498",
            "reason": "STATIONARY_JITTER"
          },
          {
            "gps_point_id": "gps-010499",
            "reason": "STATIONARY_JITTER"
          },
          {
            "gps_point_id": "gps-010500",
            "reason": "STATIONARY_JITTER"
          },
          {
            "gps_point_id": "gps-010501",
            "reason": "STATIONARY_JITTER"
          },
          {
            "gps_point_id": "gps-010502",
            "reason": "STATIONARY_JITTER"
          },
          {
            "gps_point_id": "gps-010503",
            "reason": "STATIONARY_JITTER"
          },
          {
            "gps_point_id": "gps-010504",
            "reason": "STATIONARY_JITTER"
          },
          {
            "gps_point_id": "gps-010505",
            "reason": "STATIONARY_JITTER"
          },
          {
            "gps_point_id": "gps-010506",
            "reason": "STATIONARY_JITTER"
          },
          {
            "gps_point_id": "gps-010507",
            "reason": "STATIONARY_JITTER"
          },
          {
            "gps_point_id": "gps-010508",
            "reason": "STATIONARY_JITTER"
          },
          {
            "gps_point_id": "gps-010509",
            "reason": "STATIONARY_JITTER"
          },
          {
            "gps_point_id": "gps-010510",
            "reason": "STATIONARY_JITTER"
          },
          {
            "gps_point_id": "gps-010511",
            "reason": "STATIONARY_JITTER"
          },
          {
            "gps_point_id": "gps-010512",
            "reason": "STATIONARY_JITTER"
          },
          {
            "gps_point_id": "gps-010513",
            "reason": "STATIONARY_JITTER"
          },
          {
            "gps_point_id": "gps-010514",
            "reason": "STATIONARY_JITTER"
          },
          {
            "gps_point_id": "gps-010515",
            "reason": "STATIONARY_JITTER"
          },
          {
            "gps_point_id": "gps-010516",
            "reason": "STATIONARY_JITTER"
          },
          {
            "gps_point_id": "gps-010517",
            "reason": "STATIONARY_JITTER"
          },
          {
            "gps_point_id": "gps-010518",
            "reason": "STATIONARY_JITTER"
          },
          {
            "gps_point_id": "gps-010519",
            "reason": "STATIONARY_JITTER"
          },
          {
            "gps_point_id": "gps-010520",
            "reason": "STATIONARY_JITTER"
          },
          {
            "gps_point_id": "gps-010521",
            "reason": "STATIONARY_JITTER"
          },
          {
            "gps_point_id": "gps-010522",
            "reason": "STATIONARY_JITTER"
          },
          {
            "gps_point_id": "gps-010523",
            "reason": "STATIONARY_JITTER"
          },
          {
            "gps_point_id": "gps-010524",
            "reason": "STATIONARY_JITTER"
          },
          {
            "gps_point_id": "gps-010525",
            "reason": "STATIONARY_JITTER"
          },
          {
            "gps_point_id": "gps-010526",
            "reason": "STATIONARY_JITTER"
          },
          {
            "gps_point_id": "gps-010527",
            "reason": "STATIONARY_JITTER"
          },
          {
            "gps_point_id": "gps-010528",
            "reason": "STATIONARY_JITTER"
          },
          {
            "gps_point_id": "gps-010529",
            "reason": "STATIONARY_JITTER"
          },
          {
            "gps_point_id": "gps-010530",
            "reason": "STATIONARY_JITTER"
          },
          {
            "gps_point_id": "gps-010533",
            "reason": "STATIONARY_JITTER"
          },
          {
            "gps_point_id": "gps-010534",
            "reason": "STATIONARY_JITTER"
          },
          {
            "gps_point_id": "gps-010535",
            "reason": "STATIONARY_JITTER"
          },
          {
            "gps_point_id": "gps-010536",
            "reason": "STATIONARY_JITTER"
          },
          {
            "gps_point_id": "gps-010538",
            "reason": "STATIONARY_JITTER"
          },
          {
            "gps_point_id": "gps-010539",
            "reason": "STATIONARY_JITTER"
          },
          {
            "gps_point_id": "gps-010540",
            "reason": "STATIONARY_JITTER"
          },
          {
            "gps_point_id": "gps-010541",
            "reason": "STATIONARY_JITTER"
          },
          {
            "gps_point_id": "gps-010542",
            "reason": "STATIONARY_JITTER"
          },
          {
            "gps_point_id": "gps-010543",
            "reason": "STATIONARY_JITTER"
          },
          {
            "gps_point_id": "gps-010544",
            "reason": "STATIONARY_JITTER"
          },
          {
            "gps_point_id": "gps-010545",
            "reason": "STATIONARY_JITTER"
          },
          {
            "gps_point_id": "gps-010550",
            "reason": "STATIONARY_JITTER"
          },
          {
            "gps_point_id": "gps-010551",
            "reason": "STATIONARY_JITTER"
          },
          {
            "gps_point_id": "gps-010552",
            "reason": "STATIONARY_JITTER"
          },
          {
            "gps_point_id": "gps-010554",
            "reason": "STATIONARY_JITTER"
          },
          {
            "gps_point_id": "gps-010555",
            "reason": "STATIONARY_JITTER"
          },
          {
            "gps_point_id": "gps-010556",
            "reason": "STATIONARY_JITTER"
          },
          {
            "gps_point_id": "gps-010557",
            "reason": "STATIONARY_JITTER"
          },
          {
            "gps_point_id": "gps-010558",
            "reason": "STATIONARY_JITTER"
          },
          {
            "gps_point_id": "gps-010559",
            "reason": "STATIONARY_JITTER"
          },
          {
            "gps_point_id": "gps-010561",
            "reason": "STATIONARY_JITTER"
          },
          {
            "gps_point_id": "gps-010562",
            "reason": "STATIONARY_JITTER"
          },
          {
            "gps_point_id": "gps-010563",
            "reason": "STATIONARY_JITTER"
          },
          {
            "gps_point_id": "gps-010564",
            "reason": "STATIONARY_JITTER"
          },
          {
            "gps_point_id": "gps-010565",
            "reason": "STATIONARY_JITTER"
          },
          {
            "gps_point_id": "gps-010566",
            "reason": "STATIONARY_JITTER"
          },
          {
            "gps_point_id": "gps-010567",
            "reason": "STATIONARY_JITTER"
          },
          {
            "gps_point_id": "gps-010568",
            "reason": "STATIONARY_JITTER"
          },
          {
            "gps_point_id": "gps-010569",
            "reason": "STATIONARY_JITTER"
          },
          {
            "gps_point_id": "gps-010570",
            "reason": "STATIONARY_JITTER"
          },
          {
            "gps_point_id": "gps-010571",
            "reason": "STATIONARY_JITTER"
          },
          {
            "gps_point_id": "gps-010572",
            "reason": "STATIONARY_JITTER"
          },
          {
            "gps_point_id": "gps-010573",
            "reason": "STATIONARY_JITTER"
          },
          {
            "gps_point_id": "gps-010574",
            "reason": "STATIONARY_JITTER"
          },
          {
            "gps_point_id": "gps-010575",
            "reason": "STATIONARY_JITTER"
          },
          {
            "gps_point_id": "gps-010576",
            "reason": "STATIONARY_JITTER"
          },
          {
            "gps_point_id": "gps-010577",
            "reason": "STATIONARY_JITTER"
          },
          {
            "gps_point_id": "gps-010578",
            "reason": "STATIONARY_JITTER"
          },
          {
            "gps_point_id": "gps-010579",
            "reason": "STATIONARY_JITTER"
          },
          {
            "gps_point_id": "gps-010580",
            "reason": "STATIONARY_JITTER"
          },
          {
            "gps_point_id": "gps-010581",
            "reason": "STATIONARY_JITTER"
          },
          {
            "gps_point_id": "gps-010582",
            "reason": "STATIONARY_JITTER"
          },
          {
            "gps_point_id": "gps-010584",
            "reason": "STATIONARY_JITTER"
          },
          {
            "gps_point_id": "gps-010585",
            "reason": "STATIONARY_JITTER"
          },
          {
            "gps_point_id": "gps-010586",
            "reason": "STATIONARY_JITTER"
          },
          {
            "gps_point_id": "gps-010587",
            "reason": "STATIONARY_JITTER"
          },
          {
            "gps_point_id": "gps-010588",
            "reason": "STATIONARY_JITTER"
          },
          {
            "gps_point_id": "gps-010589",
            "reason": "STATIONARY_JITTER"
          },
          {
            "gps_point_id": "gps-010590",
            "reason": "STATIONARY_JITTER"
          },
          {
            "gps_point_id": "gps-010591",
            "reason": "STATIONARY_JITTER"
          },
          {
            "gps_point_id": "gps-010592",
            "reason": "STATIONARY_JITTER"
          },
          {
            "gps_point_id": "gps-010593",
            "reason": "STATIONARY_JITTER"
          },
          {
            "gps_point_id": "gps-010594",
            "reason": "STATIONARY_JITTER"
          },
          {
            "gps_point_id": "gps-010596",
            "reason": "STATIONARY_JITTER"
          },
          {
            "gps_point_id": "gps-010598",
            "reason": "STATIONARY_JITTER"
          },
          {
            "gps_point_id": "gps-010599",
            "reason": "STATIONARY_JITTER"
          },
          {
            "gps_point_id": "gps-010600",
            "reason": "STATIONARY_JITTER"
          },
          {
            "gps_point_id": "gps-010602",
            "reason": "STATIONARY_JITTER"
          },
          {
            "gps_point_id": "gps-010603",
            "reason": "STATIONARY_JITTER"
          },
          {
            "gps_point_id": "gps-010604",
            "reason": "STATIONARY_JITTER"
          },
          {
            "gps_point_id": "gps-010605",
            "reason": "STATIONARY_JITTER"
          },
          {
            "gps_point_id": "gps-010606",
            "reason": "STATIONARY_JITTER"
          },
          {
            "gps_point_id": "gps-010607",
            "reason": "STATIONARY_JITTER"
          },
          {
            "gps_point_id": "gps-010608",
            "reason": "STATIONARY_JITTER"
          },
          {
            "gps_point_id": "gps-010609",
            "reason": "STATIONARY_JITTER"
          },
          {
            "gps_point_id": "gps-010610",
            "reason": "STATIONARY_JITTER"
          },
          {
            "gps_point_id": "gps-010611",
            "reason": "STATIONARY_JITTER"
          },
          {
            "gps_point_id": "gps-010612",
            "reason": "STATIONARY_JITTER"
          },
          {
            "gps_point_id": "gps-010613",
            "reason": "STATIONARY_JITTER"
          },
          {
            "gps_point_id": "gps-010614",
            "reason": "STATIONARY_JITTER"
          },
          {
            "gps_point_id": "gps-010615",
            "reason": "STATIONARY_JITTER"
          },
          {
            "gps_point_id": "gps-010616",
            "reason": "STATIONARY_JITTER"
          },
          {
            "gps_point_id": "gps-010617",
            "reason": "STATIONARY_JITTER"
          },
          {
            "gps_point_id": "gps-010618",
            "reason": "STATIONARY_JITTER"
          },
          {
            "gps_point_id": "gps-010619",
            "reason": "STATIONARY_JITTER"
          },
          {
            "gps_point_id": "gps-010620",
            "reason": "STATIONARY_JITTER"
          },
          {
            "gps_point_id": "gps-010621",
            "reason": "STATIONARY_JITTER"
          },
          {
            "gps_point_id": "gps-010622",
            "reason": "STATIONARY_JITTER"
          },
          {
            "gps_point_id": "gps-010623",
            "reason": "STATIONARY_JITTER"
          },
          {
            "gps_point_id": "gps-010624",
            "reason": "STATIONARY_JITTER"
          },
          {
            "gps_point_id": "gps-010625",
            "reason": "STATIONARY_JITTER"
          },
          {
            "gps_point_id": "gps-010626",
            "reason": "STATIONARY_JITTER"
          },
          {
            "gps_point_id": "gps-010627",
            "reason": "STATIONARY_JITTER"
          },
          {
            "gps_point_id": "gps-010628",
            "reason": "STATIONARY_JITTER"
          },
          {
            "gps_point_id": "gps-010629",
            "reason": "STATIONARY_JITTER"
          },
          {
            "gps_point_id": "gps-010630",
            "reason": "STATIONARY_JITTER"
          },
          {
            "gps_point_id": "gps-010631",
            "reason": "STATIONARY_JITTER"
          },
          {
            "gps_point_id": "gps-010632",
            "reason": "STATIONARY_JITTER"
          },
          {
            "gps_point_id": "gps-010633",
            "reason": "STATIONARY_JITTER"
          },
          {
            "gps_point_id": "gps-010634",
            "reason": "STATIONARY_JITTER"
          },
          {
            "gps_point_id": "gps-010635",
            "reason": "STATIONARY_JITTER"
          },
          {
            "gps_point_id": "gps-010636",
            "reason": "STATIONARY_JITTER"
          },
          {
            "gps_point_id": "gps-010637",
            "reason": "STATIONARY_JITTER"
          },
          {
            "gps_point_id": "gps-010638",
            "reason": "STATIONARY_JITTER"
          },
          {
            "gps_point_id": "gps-010639",
            "reason": "STATIONARY_JITTER"
          },
          {
            "gps_point_id": "gps-010640",
            "reason": "STATIONARY_JITTER"
          },
          {
            "gps_point_id": "gps-010641",
            "reason": "STATIONARY_JITTER"
          },
          {
            "gps_point_id": "gps-010642",
            "reason": "STATIONARY_JITTER"
          },
          {
            "gps_point_id": "gps-010643",
            "reason": "STATIONARY_JITTER"
          },
          {
            "gps_point_id": "gps-010644",
            "reason": "STATIONARY_JITTER"
          },
          {
            "gps_point_id": "gps-010645",
            "reason": "STATIONARY_JITTER"
          },
          {
            "gps_point_id": "gps-010646",
            "reason": "STATIONARY_JITTER"
          },
          {
            "gps_point_id": "gps-010647",
            "reason": "STATIONARY_JITTER"
          },
          {
            "gps_point_id": "gps-010648",
            "reason": "STATIONARY_JITTER"
          },
          {
            "gps_point_id": "gps-010649",
            "reason": "STATIONARY_JITTER"
          },
          {
            "gps_point_id": "gps-010650",
            "reason": "STATIONARY_JITTER"
          },
          {
            "gps_point_id": "gps-010651",
            "reason": "STATIONARY_JITTER"
          },
          {
            "gps_point_id": "gps-010652",
            "reason": "STATIONARY_JITTER"
          },
          {
            "gps_point_id": "gps-010653",
            "reason": "STATIONARY_JITTER"
          },
          {
            "gps_point_id": "gps-010654",
            "reason": "STATIONARY_JITTER"
          },
          {
            "gps_point_id": "gps-010655",
            "reason": "STATIONARY_JITTER"
          },
          {
            "gps_point_id": "gps-010656",
            "reason": "STATIONARY_JITTER"
          },
          {
            "gps_point_id": "gps-010657",
            "reason": "STATIONARY_JITTER"
          },
          {
            "gps_point_id": "gps-010658",
            "reason": "STATIONARY_JITTER"
          },
          {
            "gps_point_id": "gps-010659",
            "reason": "STATIONARY_JITTER"
          },
          {
            "gps_point_id": "gps-010660",
            "reason": "STATIONARY_JITTER"
          },
          {
            "gps_point_id": "gps-010661",
            "reason": "STATIONARY_JITTER"
          },
          {
            "gps_point_id": "gps-010662",
            "reason": "STATIONARY_JITTER"
          },
          {
            "gps_point_id": "gps-010663",
            "reason": "STATIONARY_JITTER"
          },
          {
            "gps_point_id": "gps-010665",
            "reason": "STATIONARY_JITTER"
          },
          {
            "gps_point_id": "gps-010666",
            "reason": "STATIONARY_JITTER"
          },
          {
            "gps_point_id": "gps-010667",
            "reason": "STATIONARY_JITTER"
          },
          {
            "gps_point_id": "gps-010668",
            "reason": "STATIONARY_JITTER"
          },
          {
            "gps_point_id": "gps-010669",
            "reason": "STATIONARY_JITTER"
          },
          {
            "gps_point_id": "gps-010670",
            "reason": "STATIONARY_JITTER"
          },
          {
            "gps_point_id": "gps-010671",
            "reason": "STATIONARY_JITTER"
          },
          {
            "gps_point_id": "gps-010672",
            "reason": "STATIONARY_JITTER"
          },
          {
            "gps_point_id": "gps-010673",
            "reason": "STATIONARY_JITTER"
          },
          {
            "gps_point_id": "gps-010674",
            "reason": "STATIONARY_JITTER"
          },
          {
            "gps_point_id": "gps-010675",
            "reason": "STATIONARY_JITTER"
          },
          {
            "gps_point_id": "gps-010676",
            "reason": "STATIONARY_JITTER"
          },
          {
            "gps_point_id": "gps-010677",
            "reason": "STATIONARY_JITTER"
          },
          {
            "gps_point_id": "gps-010678",
            "reason": "STATIONARY_JITTER"
          },
          {
            "gps_point_id": "gps-010679",
            "reason": "STATIONARY_JITTER"
          },
          {
            "gps_point_id": "gps-010680",
            "reason": "STATIONARY_JITTER"
          },
          {
            "gps_point_id": "gps-010682",
            "reason": "STATIONARY_JITTER"
          },
          {
            "gps_point_id": "gps-010683",
            "reason": "STATIONARY_JITTER"
          },
          {
            "gps_point_id": "gps-010687",
            "reason": "STATIONARY_JITTER"
          },
          {
            "gps_point_id": "gps-010688",
            "reason": "STATIONARY_JITTER"
          },
          {
            "gps_point_id": "gps-010689",
            "reason": "STATIONARY_JITTER"
          },
          {
            "gps_point_id": "gps-010690",
            "reason": "STATIONARY_JITTER"
          },
          {
            "gps_point_id": "gps-010691",
            "reason": "STATIONARY_JITTER"
          },
          {
            "gps_point_id": "gps-010692",
            "reason": "STATIONARY_JITTER"
          },
          {
            "gps_point_id": "gps-010693",
            "reason": "STATIONARY_JITTER"
          },
          {
            "gps_point_id": "gps-010694",
            "reason": "STATIONARY_JITTER"
          },
          {
            "gps_point_id": "gps-010695",
            "reason": "STATIONARY_JITTER"
          },
          {
            "gps_point_id": "gps-010696",
            "reason": "STATIONARY_JITTER"
          },
          {
            "gps_point_id": "gps-010697",
            "reason": "STATIONARY_JITTER"
          },
          {
            "gps_point_id": "gps-010698",
            "reason": "STATIONARY_JITTER"
          },
          {
            "gps_point_id": "gps-010699",
            "reason": "STATIONARY_JITTER"
          },
          {
            "gps_point_id": "gps-010700",
            "reason": "STATIONARY_JITTER"
          },
          {
            "gps_point_id": "gps-010701",
            "reason": "STATIONARY_JITTER"
          },
          {
            "gps_point_id": "gps-010702",
            "reason": "STATIONARY_JITTER"
          },
          {
            "gps_point_id": "gps-010703",
            "reason": "STATIONARY_JITTER"
          },
          {
            "gps_point_id": "gps-010704",
            "reason": "STATIONARY_JITTER"
          },
          {
            "gps_point_id": "gps-010705",
            "reason": "STATIONARY_JITTER"
          },
          {
            "gps_point_id": "gps-010706",
            "reason": "STATIONARY_JITTER"
          },
          {
            "gps_point_id": "gps-010707",
            "reason": "STATIONARY_JITTER"
          },
          {
            "gps_point_id": "gps-010708",
            "reason": "STATIONARY_JITTER"
          },
          {
            "gps_point_id": "gps-010709",
            "reason": "STATIONARY_JITTER"
          },
          {
            "gps_point_id": "gps-010710",
            "reason": "STATIONARY_JITTER"
          },
          {
            "gps_point_id": "gps-010711",
            "reason": "STATIONARY_JITTER"
          },
          {
            "gps_point_id": "gps-010712",
            "reason": "STATIONARY_JITTER"
          },
          {
            "gps_point_id": "gps-010713",
            "reason": "STATIONARY_JITTER"
          },
          {
            "gps_point_id": "gps-010714",
            "reason": "STATIONARY_JITTER"
          },
          {
            "gps_point_id": "gps-010715",
            "reason": "STATIONARY_JITTER"
          },
          {
            "gps_point_id": "gps-010717",
            "reason": "STATIONARY_JITTER"
          },
          {
            "gps_point_id": "gps-010718",
            "reason": "STATIONARY_JITTER"
          },
          {
            "gps_point_id": "gps-009947",
            "reason": "ONE_POINT_SPIKE"
          },
          {
            "gps_point_id": "gps-009412",
            "reason": "DISPLAY_SIMPLIFICATION"
          },
          {
            "gps_point_id": "gps-009413",
            "reason": "DISPLAY_SIMPLIFICATION"
          },
          {
            "gps_point_id": "gps-009423",
            "reason": "DISPLAY_SIMPLIFICATION"
          },
          {
            "gps_point_id": "gps-009444",
            "reason": "DISPLAY_SIMPLIFICATION"
          },
          {
            "gps_point_id": "gps-009460",
            "reason": "DISPLAY_SIMPLIFICATION"
          },
          {
            "gps_point_id": "gps-009471",
            "reason": "DISPLAY_SIMPLIFICATION"
          },
          {
            "gps_point_id": "gps-009478",
            "reason": "DISPLAY_SIMPLIFICATION"
          },
          {
            "gps_point_id": "gps-009507",
            "reason": "DISPLAY_SIMPLIFICATION"
          },
          {
            "gps_point_id": "gps-009539",
            "reason": "DISPLAY_SIMPLIFICATION"
          },
          {
            "gps_point_id": "gps-009542",
            "reason": "DISPLAY_SIMPLIFICATION"
          },
          {
            "gps_point_id": "gps-009545",
            "reason": "DISPLAY_SIMPLIFICATION"
          },
          {
            "gps_point_id": "gps-009552",
            "reason": "DISPLAY_SIMPLIFICATION"
          },
          {
            "gps_point_id": "gps-009553",
            "reason": "DISPLAY_SIMPLIFICATION"
          },
          {
            "gps_point_id": "gps-009599",
            "reason": "DISPLAY_SIMPLIFICATION"
          },
          {
            "gps_point_id": "gps-009743",
            "reason": "DISPLAY_SIMPLIFICATION"
          },
          {
            "gps_point_id": "gps-009821",
            "reason": "DISPLAY_SIMPLIFICATION"
          },
          {
            "gps_point_id": "gps-009911",
            "reason": "DISPLAY_SIMPLIFICATION"
          },
          {
            "gps_point_id": "gps-009946",
            "reason": "DISPLAY_SIMPLIFICATION"
          },
          {
            "gps_point_id": "gps-009949",
            "reason": "DISPLAY_SIMPLIFICATION"
          },
          {
            "gps_point_id": "gps-009958",
            "reason": "DISPLAY_SIMPLIFICATION"
          },
          {
            "gps_point_id": "gps-009960",
            "reason": "DISPLAY_SIMPLIFICATION"
          },
          {
            "gps_point_id": "gps-009961",
            "reason": "DISPLAY_SIMPLIFICATION"
          },
          {
            "gps_point_id": "gps-009962",
            "reason": "DISPLAY_SIMPLIFICATION"
          },
          {
            "gps_point_id": "gps-009963",
            "reason": "DISPLAY_SIMPLIFICATION"
          },
          {
            "gps_point_id": "gps-009970",
            "reason": "DISPLAY_SIMPLIFICATION"
          },
          {
            "gps_point_id": "gps-009982",
            "reason": "DISPLAY_SIMPLIFICATION"
          },
          {
            "gps_point_id": "gps-009983",
            "reason": "DISPLAY_SIMPLIFICATION"
          },
          {
            "gps_point_id": "gps-009985",
            "reason": "DISPLAY_SIMPLIFICATION"
          },
          {
            "gps_point_id": "gps-009990",
            "reason": "DISPLAY_SIMPLIFICATION"
          },
          {
            "gps_point_id": "gps-009991",
            "reason": "DISPLAY_SIMPLIFICATION"
          },
          {
            "gps_point_id": "gps-010000",
            "reason": "DISPLAY_SIMPLIFICATION"
          },
          {
            "gps_point_id": "gps-010009",
            "reason": "DISPLAY_SIMPLIFICATION"
          },
          {
            "gps_point_id": "gps-010010",
            "reason": "DISPLAY_SIMPLIFICATION"
          },
          {
            "gps_point_id": "gps-010011",
            "reason": "DISPLAY_SIMPLIFICATION"
          },
          {
            "gps_point_id": "gps-010018",
            "reason": "DISPLAY_SIMPLIFICATION"
          },
          {
            "gps_point_id": "gps-010023",
            "reason": "DISPLAY_SIMPLIFICATION"
          },
          {
            "gps_point_id": "gps-010041",
            "reason": "DISPLAY_SIMPLIFICATION"
          },
          {
            "gps_point_id": "gps-010047",
            "reason": "DISPLAY_SIMPLIFICATION"
          },
          {
            "gps_point_id": "gps-010057",
            "reason": "DISPLAY_SIMPLIFICATION"
          },
          {
            "gps_point_id": "gps-010058",
            "reason": "DISPLAY_SIMPLIFICATION"
          },
          {
            "gps_point_id": "gps-010059",
            "reason": "DISPLAY_SIMPLIFICATION"
          },
          {
            "gps_point_id": "gps-010060",
            "reason": "DISPLAY_SIMPLIFICATION"
          },
          {
            "gps_point_id": "gps-010070",
            "reason": "DISPLAY_SIMPLIFICATION"
          },
          {
            "gps_point_id": "gps-010071",
            "reason": "DISPLAY_SIMPLIFICATION"
          },
          {
            "gps_point_id": "gps-010079",
            "reason": "DISPLAY_SIMPLIFICATION"
          },
          {
            "gps_point_id": "gps-010096",
            "reason": "DISPLAY_SIMPLIFICATION"
          },
          {
            "gps_point_id": "gps-010128",
            "reason": "DISPLAY_SIMPLIFICATION"
          },
          {
            "gps_point_id": "gps-010132",
            "reason": "DISPLAY_SIMPLIFICATION"
          },
          {
            "gps_point_id": "gps-010145",
            "reason": "DISPLAY_SIMPLIFICATION"
          },
          {
            "gps_point_id": "gps-010152",
            "reason": "DISPLAY_SIMPLIFICATION"
          },
          {
            "gps_point_id": "gps-010160",
            "reason": "DISPLAY_SIMPLIFICATION"
          },
          {
            "gps_point_id": "gps-010167",
            "reason": "DISPLAY_SIMPLIFICATION"
          },
          {
            "gps_point_id": "gps-010169",
            "reason": "DISPLAY_SIMPLIFICATION"
          },
          {
            "gps_point_id": "gps-010171",
            "reason": "DISPLAY_SIMPLIFICATION"
          },
          {
            "gps_point_id": "gps-010173",
            "reason": "DISPLAY_SIMPLIFICATION"
          },
          {
            "gps_point_id": "gps-010179",
            "reason": "DISPLAY_SIMPLIFICATION"
          },
          {
            "gps_point_id": "gps-010180",
            "reason": "DISPLAY_SIMPLIFICATION"
          },
          {
            "gps_point_id": "gps-010182",
            "reason": "DISPLAY_SIMPLIFICATION"
          },
          {
            "gps_point_id": "gps-010187",
            "reason": "DISPLAY_SIMPLIFICATION"
          },
          {
            "gps_point_id": "gps-010189",
            "reason": "DISPLAY_SIMPLIFICATION"
          },
          {
            "gps_point_id": "gps-010197",
            "reason": "DISPLAY_SIMPLIFICATION"
          },
          {
            "gps_point_id": "gps-010217",
            "reason": "DISPLAY_SIMPLIFICATION"
          },
          {
            "gps_point_id": "gps-010250",
            "reason": "DISPLAY_SIMPLIFICATION"
          },
          {
            "gps_point_id": "gps-010260",
            "reason": "DISPLAY_SIMPLIFICATION"
          },
          {
            "gps_point_id": "gps-010263",
            "reason": "DISPLAY_SIMPLIFICATION"
          },
          {
            "gps_point_id": "gps-010269",
            "reason": "DISPLAY_SIMPLIFICATION"
          },
          {
            "gps_point_id": "gps-010313",
            "reason": "DISPLAY_SIMPLIFICATION"
          },
          {
            "gps_point_id": "gps-010339",
            "reason": "DISPLAY_SIMPLIFICATION"
          },
          {
            "gps_point_id": "gps-010349",
            "reason": "DISPLAY_SIMPLIFICATION"
          },
          {
            "gps_point_id": "gps-010350",
            "reason": "DISPLAY_SIMPLIFICATION"
          },
          {
            "gps_point_id": "gps-010361",
            "reason": "DISPLAY_SIMPLIFICATION"
          },
          {
            "gps_point_id": "gps-010363",
            "reason": "DISPLAY_SIMPLIFICATION"
          },
          {
            "gps_point_id": "gps-010369",
            "reason": "DISPLAY_SIMPLIFICATION"
          },
          {
            "gps_point_id": "gps-010370",
            "reason": "DISPLAY_SIMPLIFICATION"
          },
          {
            "gps_point_id": "gps-010373",
            "reason": "DISPLAY_SIMPLIFICATION"
          },
          {
            "gps_point_id": "gps-010376",
            "reason": "DISPLAY_SIMPLIFICATION"
          },
          {
            "gps_point_id": "gps-010378",
            "reason": "DISPLAY_SIMPLIFICATION"
          },
          {
            "gps_point_id": "gps-010383",
            "reason": "DISPLAY_SIMPLIFICATION"
          },
          {
            "gps_point_id": "gps-010386",
            "reason": "DISPLAY_SIMPLIFICATION"
          },
          {
            "gps_point_id": "gps-010394",
            "reason": "DISPLAY_SIMPLIFICATION"
          },
          {
            "gps_point_id": "gps-010395",
            "reason": "DISPLAY_SIMPLIFICATION"
          },
          {
            "gps_point_id": "gps-010397",
            "reason": "DISPLAY_SIMPLIFICATION"
          },
          {
            "gps_point_id": "gps-010398",
            "reason": "DISPLAY_SIMPLIFICATION"
          },
          {
            "gps_point_id": "gps-010401",
            "reason": "DISPLAY_SIMPLIFICATION"
          },
          {
            "gps_point_id": "gps-010437",
            "reason": "DISPLAY_SIMPLIFICATION"
          },
          {
            "gps_point_id": "gps-010444",
            "reason": "DISPLAY_SIMPLIFICATION"
          },
          {
            "gps_point_id": "gps-010446",
            "reason": "DISPLAY_SIMPLIFICATION"
          },
          {
            "gps_point_id": "gps-010477",
            "reason": "DISPLAY_SIMPLIFICATION"
          },
          {
            "gps_point_id": "gps-010532",
            "reason": "DISPLAY_SIMPLIFICATION"
          },
          {
            "gps_point_id": "gps-010537",
            "reason": "DISPLAY_SIMPLIFICATION"
          },
          {
            "gps_point_id": "gps-010547",
            "reason": "DISPLAY_SIMPLIFICATION"
          },
          {
            "gps_point_id": "gps-010548",
            "reason": "DISPLAY_SIMPLIFICATION"
          },
          {
            "gps_point_id": "gps-010549",
            "reason": "DISPLAY_SIMPLIFICATION"
          },
          {
            "gps_point_id": "gps-010560",
            "reason": "DISPLAY_SIMPLIFICATION"
          },
          {
            "gps_point_id": "gps-010597",
            "reason": "DISPLAY_SIMPLIFICATION"
          },
          {
            "gps_point_id": "gps-010681",
            "reason": "DISPLAY_SIMPLIFICATION"
          },
          {
            "gps_point_id": "gps-010684",
            "reason": "DISPLAY_SIMPLIFICATION"
          },
          {
            "gps_point_id": "gps-010685",
            "reason": "DISPLAY_SIMPLIFICATION"
          },
          {
            "gps_point_id": "gps-010716",
            "reason": "DISPLAY_SIMPLIFICATION"
          }
        ],
        "derivation_rules": {
          "max_accuracy_m": 40,
          "stationary_spacing_m": 1.5,
          "one_point_spike_leg_m": 8,
          "rdp_tolerance_m": 2.5
        },
        "raw_gps_preserved": true,
        "source_evidence_modified": false,
        "no_artificial_relocation_connector": true,
        "presentation_only": true,
        "limitation": "CLEANED CUSTOMER DISPLAY WALK - RAW PHONE GPS REMAINS CONTROLLING EVIDENCE AND IS NOT SURVEY-GRADE"
      }
    },
    {
      "type": "Feature",
      "id": "DISPLAY-WALK-005",
      "geometry": {
        "type": "LineString",
        "coordinates": [
          [
            -87.09212015162933,
            30.48974010213258
          ],
          [
            -87.09202745533267,
            30.48975629281555
          ],
          [
            -87.0921351811528,
            30.48969354516127
          ],
          [
            -87.09201983467005,
            30.489666092940645
          ],
          [
            -87.09213272223997,
            30.48968492132996
          ],
          [
            -87.09204986375366,
            30.489672131590126
          ],
          [
            -87.09216273473483,
            30.489576218679403
          ]
        ]
      },
      "properties": {
        "record_type": "derived_customer_display_walk",
        "inspection_date": "2026-08-07",
        "source_route_segment_index": 4,
        "source_start_time": "2026-08-07T14:09:08.122Z",
        "source_end_time": "2026-08-07T14:16:29.999Z",
        "source_point_count": 446,
        "display_point_count": 7,
        "retained_source_point_ids": [
          "gps-006884",
          "gps-006886",
          "gps-006939",
          "gps-007061",
          "gps-007181",
          "gps-007190",
          "gps-007329"
        ],
        "suppressed_source_points": [
          {
            "gps_point_id": "gps-006889",
            "reason": "STATIONARY_JITTER"
          },
          {
            "gps_point_id": "gps-006890",
            "reason": "STATIONARY_JITTER"
          },
          {
            "gps_point_id": "gps-006891",
            "reason": "STATIONARY_JITTER"
          },
          {
            "gps_point_id": "gps-006892",
            "reason": "STATIONARY_JITTER"
          },
          {
            "gps_point_id": "gps-006893",
            "reason": "STATIONARY_JITTER"
          },
          {
            "gps_point_id": "gps-006894",
            "reason": "STATIONARY_JITTER"
          },
          {
            "gps_point_id": "gps-006895",
            "reason": "STATIONARY_JITTER"
          },
          {
            "gps_point_id": "gps-006896",
            "reason": "STATIONARY_JITTER"
          },
          {
            "gps_point_id": "gps-006897",
            "reason": "STATIONARY_JITTER"
          },
          {
            "gps_point_id": "gps-006898",
            "reason": "STATIONARY_JITTER"
          },
          {
            "gps_point_id": "gps-006899",
            "reason": "STATIONARY_JITTER"
          },
          {
            "gps_point_id": "gps-006900",
            "reason": "STATIONARY_JITTER"
          },
          {
            "gps_point_id": "gps-006901",
            "reason": "STATIONARY_JITTER"
          },
          {
            "gps_point_id": "gps-006902",
            "reason": "STATIONARY_JITTER"
          },
          {
            "gps_point_id": "gps-006903",
            "reason": "STATIONARY_JITTER"
          },
          {
            "gps_point_id": "gps-006904",
            "reason": "STATIONARY_JITTER"
          },
          {
            "gps_point_id": "gps-006905",
            "reason": "STATIONARY_JITTER"
          },
          {
            "gps_point_id": "gps-006907",
            "reason": "STATIONARY_JITTER"
          },
          {
            "gps_point_id": "gps-006908",
            "reason": "STATIONARY_JITTER"
          },
          {
            "gps_point_id": "gps-006909",
            "reason": "STATIONARY_JITTER"
          },
          {
            "gps_point_id": "gps-006910",
            "reason": "STATIONARY_JITTER"
          },
          {
            "gps_point_id": "gps-006911",
            "reason": "STATIONARY_JITTER"
          },
          {
            "gps_point_id": "gps-006912",
            "reason": "STATIONARY_JITTER"
          },
          {
            "gps_point_id": "gps-006913",
            "reason": "STATIONARY_JITTER"
          },
          {
            "gps_point_id": "gps-006914",
            "reason": "STATIONARY_JITTER"
          },
          {
            "gps_point_id": "gps-006915",
            "reason": "STATIONARY_JITTER"
          },
          {
            "gps_point_id": "gps-006916",
            "reason": "STATIONARY_JITTER"
          },
          {
            "gps_point_id": "gps-006917",
            "reason": "STATIONARY_JITTER"
          },
          {
            "gps_point_id": "gps-006918",
            "reason": "STATIONARY_JITTER"
          },
          {
            "gps_point_id": "gps-006919",
            "reason": "STATIONARY_JITTER"
          },
          {
            "gps_point_id": "gps-006920",
            "reason": "STATIONARY_JITTER"
          },
          {
            "gps_point_id": "gps-006921",
            "reason": "STATIONARY_JITTER"
          },
          {
            "gps_point_id": "gps-006922",
            "reason": "STATIONARY_JITTER"
          },
          {
            "gps_point_id": "gps-006923",
            "reason": "STATIONARY_JITTER"
          },
          {
            "gps_point_id": "gps-006924",
            "reason": "STATIONARY_JITTER"
          },
          {
            "gps_point_id": "gps-006925",
            "reason": "STATIONARY_JITTER"
          },
          {
            "gps_point_id": "gps-006926",
            "reason": "STATIONARY_JITTER"
          },
          {
            "gps_point_id": "gps-006927",
            "reason": "STATIONARY_JITTER"
          },
          {
            "gps_point_id": "gps-006928",
            "reason": "STATIONARY_JITTER"
          },
          {
            "gps_point_id": "gps-006929",
            "reason": "STATIONARY_JITTER"
          },
          {
            "gps_point_id": "gps-006930",
            "reason": "STATIONARY_JITTER"
          },
          {
            "gps_point_id": "gps-006931",
            "reason": "STATIONARY_JITTER"
          },
          {
            "gps_point_id": "gps-006932",
            "reason": "STATIONARY_JITTER"
          },
          {
            "gps_point_id": "gps-006933",
            "reason": "STATIONARY_JITTER"
          },
          {
            "gps_point_id": "gps-006934",
            "reason": "STATIONARY_JITTER"
          },
          {
            "gps_point_id": "gps-006935",
            "reason": "STATIONARY_JITTER"
          },
          {
            "gps_point_id": "gps-006936",
            "reason": "STATIONARY_JITTER"
          },
          {
            "gps_point_id": "gps-006937",
            "reason": "STATIONARY_JITTER"
          },
          {
            "gps_point_id": "gps-006938",
            "reason": "STATIONARY_JITTER"
          },
          {
            "gps_point_id": "gps-006942",
            "reason": "STATIONARY_JITTER"
          },
          {
            "gps_point_id": "gps-006944",
            "reason": "STATIONARY_JITTER"
          },
          {
            "gps_point_id": "gps-006945",
            "reason": "STATIONARY_JITTER"
          },
          {
            "gps_point_id": "gps-006946",
            "reason": "STATIONARY_JITTER"
          },
          {
            "gps_point_id": "gps-006947",
            "reason": "STATIONARY_JITTER"
          },
          {
            "gps_point_id": "gps-006948",
            "reason": "STATIONARY_JITTER"
          },
          {
            "gps_point_id": "gps-006949",
            "reason": "STATIONARY_JITTER"
          },
          {
            "gps_point_id": "gps-006950",
            "reason": "STATIONARY_JITTER"
          },
          {
            "gps_point_id": "gps-006951",
            "reason": "STATIONARY_JITTER"
          },
          {
            "gps_point_id": "gps-006952",
            "reason": "STATIONARY_JITTER"
          },
          {
            "gps_point_id": "gps-006954",
            "reason": "STATIONARY_JITTER"
          },
          {
            "gps_point_id": "gps-006955",
            "reason": "STATIONARY_JITTER"
          },
          {
            "gps_point_id": "gps-006956",
            "reason": "STATIONARY_JITTER"
          },
          {
            "gps_point_id": "gps-006957",
            "reason": "STATIONARY_JITTER"
          },
          {
            "gps_point_id": "gps-006958",
            "reason": "STATIONARY_JITTER"
          },
          {
            "gps_point_id": "gps-006959",
            "reason": "STATIONARY_JITTER"
          },
          {
            "gps_point_id": "gps-006960",
            "reason": "STATIONARY_JITTER"
          },
          {
            "gps_point_id": "gps-006961",
            "reason": "STATIONARY_JITTER"
          },
          {
            "gps_point_id": "gps-006962",
            "reason": "STATIONARY_JITTER"
          },
          {
            "gps_point_id": "gps-006963",
            "reason": "STATIONARY_JITTER"
          },
          {
            "gps_point_id": "gps-006964",
            "reason": "STATIONARY_JITTER"
          },
          {
            "gps_point_id": "gps-006965",
            "reason": "STATIONARY_JITTER"
          },
          {
            "gps_point_id": "gps-006966",
            "reason": "STATIONARY_JITTER"
          },
          {
            "gps_point_id": "gps-006967",
            "reason": "STATIONARY_JITTER"
          },
          {
            "gps_point_id": "gps-006968",
            "reason": "STATIONARY_JITTER"
          },
          {
            "gps_point_id": "gps-006969",
            "reason": "STATIONARY_JITTER"
          },
          {
            "gps_point_id": "gps-006970",
            "reason": "STATIONARY_JITTER"
          },
          {
            "gps_point_id": "gps-006971",
            "reason": "STATIONARY_JITTER"
          },
          {
            "gps_point_id": "gps-006972",
            "reason": "STATIONARY_JITTER"
          },
          {
            "gps_point_id": "gps-006973",
            "reason": "STATIONARY_JITTER"
          },
          {
            "gps_point_id": "gps-006974",
            "reason": "STATIONARY_JITTER"
          },
          {
            "gps_point_id": "gps-006975",
            "reason": "STATIONARY_JITTER"
          },
          {
            "gps_point_id": "gps-006976",
            "reason": "STATIONARY_JITTER"
          },
          {
            "gps_point_id": "gps-006977",
            "reason": "STATIONARY_JITTER"
          },
          {
            "gps_point_id": "gps-006978",
            "reason": "STATIONARY_JITTER"
          },
          {
            "gps_point_id": "gps-006979",
            "reason": "STATIONARY_JITTER"
          },
          {
            "gps_point_id": "gps-006980",
            "reason": "STATIONARY_JITTER"
          },
          {
            "gps_point_id": "gps-006981",
            "reason": "STATIONARY_JITTER"
          },
          {
            "gps_point_id": "gps-006982",
            "reason": "STATIONARY_JITTER"
          },
          {
            "gps_point_id": "gps-006983",
            "reason": "STATIONARY_JITTER"
          },
          {
            "gps_point_id": "gps-006984",
            "reason": "STATIONARY_JITTER"
          },
          {
            "gps_point_id": "gps-006985",
            "reason": "STATIONARY_JITTER"
          },
          {
            "gps_point_id": "gps-006986",
            "reason": "STATIONARY_JITTER"
          },
          {
            "gps_point_id": "gps-006987",
            "reason": "STATIONARY_JITTER"
          },
          {
            "gps_point_id": "gps-006988",
            "reason": "STATIONARY_JITTER"
          },
          {
            "gps_point_id": "gps-006989",
            "reason": "STATIONARY_JITTER"
          },
          {
            "gps_point_id": "gps-006990",
            "reason": "STATIONARY_JITTER"
          },
          {
            "gps_point_id": "gps-006991",
            "reason": "STATIONARY_JITTER"
          },
          {
            "gps_point_id": "gps-006992",
            "reason": "STATIONARY_JITTER"
          },
          {
            "gps_point_id": "gps-006993",
            "reason": "STATIONARY_JITTER"
          },
          {
            "gps_point_id": "gps-006994",
            "reason": "STATIONARY_JITTER"
          },
          {
            "gps_point_id": "gps-006995",
            "reason": "STATIONARY_JITTER"
          },
          {
            "gps_point_id": "gps-006996",
            "reason": "STATIONARY_JITTER"
          },
          {
            "gps_point_id": "gps-006997",
            "reason": "STATIONARY_JITTER"
          },
          {
            "gps_point_id": "gps-006998",
            "reason": "STATIONARY_JITTER"
          },
          {
            "gps_point_id": "gps-006999",
            "reason": "STATIONARY_JITTER"
          },
          {
            "gps_point_id": "gps-007000",
            "reason": "STATIONARY_JITTER"
          },
          {
            "gps_point_id": "gps-007001",
            "reason": "STATIONARY_JITTER"
          },
          {
            "gps_point_id": "gps-007002",
            "reason": "STATIONARY_JITTER"
          },
          {
            "gps_point_id": "gps-007003",
            "reason": "STATIONARY_JITTER"
          },
          {
            "gps_point_id": "gps-007004",
            "reason": "STATIONARY_JITTER"
          },
          {
            "gps_point_id": "gps-007005",
            "reason": "STATIONARY_JITTER"
          },
          {
            "gps_point_id": "gps-007006",
            "reason": "STATIONARY_JITTER"
          },
          {
            "gps_point_id": "gps-007007",
            "reason": "STATIONARY_JITTER"
          },
          {
            "gps_point_id": "gps-007008",
            "reason": "STATIONARY_JITTER"
          },
          {
            "gps_point_id": "gps-007009",
            "reason": "STATIONARY_JITTER"
          },
          {
            "gps_point_id": "gps-007010",
            "reason": "STATIONARY_JITTER"
          },
          {
            "gps_point_id": "gps-007011",
            "reason": "STATIONARY_JITTER"
          },
          {
            "gps_point_id": "gps-007012",
            "reason": "STATIONARY_JITTER"
          },
          {
            "gps_point_id": "gps-007013",
            "reason": "STATIONARY_JITTER"
          },
          {
            "gps_point_id": "gps-007014",
            "reason": "STATIONARY_JITTER"
          },
          {
            "gps_point_id": "gps-007015",
            "reason": "STATIONARY_JITTER"
          },
          {
            "gps_point_id": "gps-007016",
            "reason": "STATIONARY_JITTER"
          },
          {
            "gps_point_id": "gps-007017",
            "reason": "STATIONARY_JITTER"
          },
          {
            "gps_point_id": "gps-007018",
            "reason": "STATIONARY_JITTER"
          },
          {
            "gps_point_id": "gps-007019",
            "reason": "STATIONARY_JITTER"
          },
          {
            "gps_point_id": "gps-007020",
            "reason": "STATIONARY_JITTER"
          },
          {
            "gps_point_id": "gps-007021",
            "reason": "STATIONARY_JITTER"
          },
          {
            "gps_point_id": "gps-007022",
            "reason": "STATIONARY_JITTER"
          },
          {
            "gps_point_id": "gps-007023",
            "reason": "STATIONARY_JITTER"
          },
          {
            "gps_point_id": "gps-007024",
            "reason": "STATIONARY_JITTER"
          },
          {
            "gps_point_id": "gps-007025",
            "reason": "STATIONARY_JITTER"
          },
          {
            "gps_point_id": "gps-007026",
            "reason": "STATIONARY_JITTER"
          },
          {
            "gps_point_id": "gps-007027",
            "reason": "STATIONARY_JITTER"
          },
          {
            "gps_point_id": "gps-007028",
            "reason": "STATIONARY_JITTER"
          },
          {
            "gps_point_id": "gps-007029",
            "reason": "STATIONARY_JITTER"
          },
          {
            "gps_point_id": "gps-007030",
            "reason": "STATIONARY_JITTER"
          },
          {
            "gps_point_id": "gps-007031",
            "reason": "STATIONARY_JITTER"
          },
          {
            "gps_point_id": "gps-007032",
            "reason": "STATIONARY_JITTER"
          },
          {
            "gps_point_id": "gps-007033",
            "reason": "STATIONARY_JITTER"
          },
          {
            "gps_point_id": "gps-007034",
            "reason": "STATIONARY_JITTER"
          },
          {
            "gps_point_id": "gps-007035",
            "reason": "STATIONARY_JITTER"
          },
          {
            "gps_point_id": "gps-007036",
            "reason": "STATIONARY_JITTER"
          },
          {
            "gps_point_id": "gps-007037",
            "reason": "STATIONARY_JITTER"
          },
          {
            "gps_point_id": "gps-007038",
            "reason": "STATIONARY_JITTER"
          },
          {
            "gps_point_id": "gps-007039",
            "reason": "STATIONARY_JITTER"
          },
          {
            "gps_point_id": "gps-007040",
            "reason": "STATIONARY_JITTER"
          },
          {
            "gps_point_id": "gps-007041",
            "reason": "STATIONARY_JITTER"
          },
          {
            "gps_point_id": "gps-007042",
            "reason": "STATIONARY_JITTER"
          },
          {
            "gps_point_id": "gps-007043",
            "reason": "STATIONARY_JITTER"
          },
          {
            "gps_point_id": "gps-007044",
            "reason": "STATIONARY_JITTER"
          },
          {
            "gps_point_id": "gps-007045",
            "reason": "STATIONARY_JITTER"
          },
          {
            "gps_point_id": "gps-007046",
            "reason": "STATIONARY_JITTER"
          },
          {
            "gps_point_id": "gps-007047",
            "reason": "STATIONARY_JITTER"
          },
          {
            "gps_point_id": "gps-007048",
            "reason": "STATIONARY_JITTER"
          },
          {
            "gps_point_id": "gps-007049",
            "reason": "STATIONARY_JITTER"
          },
          {
            "gps_point_id": "gps-007050",
            "reason": "STATIONARY_JITTER"
          },
          {
            "gps_point_id": "gps-007051",
            "reason": "STATIONARY_JITTER"
          },
          {
            "gps_point_id": "gps-007052",
            "reason": "STATIONARY_JITTER"
          },
          {
            "gps_point_id": "gps-007053",
            "reason": "STATIONARY_JITTER"
          },
          {
            "gps_point_id": "gps-007054",
            "reason": "STATIONARY_JITTER"
          },
          {
            "gps_point_id": "gps-007055",
            "reason": "STATIONARY_JITTER"
          },
          {
            "gps_point_id": "gps-007056",
            "reason": "STATIONARY_JITTER"
          },
          {
            "gps_point_id": "gps-007057",
            "reason": "STATIONARY_JITTER"
          },
          {
            "gps_point_id": "gps-007058",
            "reason": "STATIONARY_JITTER"
          },
          {
            "gps_point_id": "gps-007059",
            "reason": "STATIONARY_JITTER"
          },
          {
            "gps_point_id": "gps-007060",
            "reason": "STATIONARY_JITTER"
          },
          {
            "gps_point_id": "gps-007063",
            "reason": "STATIONARY_JITTER"
          },
          {
            "gps_point_id": "gps-007064",
            "reason": "STATIONARY_JITTER"
          },
          {
            "gps_point_id": "gps-007065",
            "reason": "STATIONARY_JITTER"
          },
          {
            "gps_point_id": "gps-007066",
            "reason": "STATIONARY_JITTER"
          },
          {
            "gps_point_id": "gps-007067",
            "reason": "STATIONARY_JITTER"
          },
          {
            "gps_point_id": "gps-007068",
            "reason": "STATIONARY_JITTER"
          },
          {
            "gps_point_id": "gps-007069",
            "reason": "STATIONARY_JITTER"
          },
          {
            "gps_point_id": "gps-007070",
            "reason": "STATIONARY_JITTER"
          },
          {
            "gps_point_id": "gps-007071",
            "reason": "STATIONARY_JITTER"
          },
          {
            "gps_point_id": "gps-007072",
            "reason": "STATIONARY_JITTER"
          },
          {
            "gps_point_id": "gps-007073",
            "reason": "STATIONARY_JITTER"
          },
          {
            "gps_point_id": "gps-007074",
            "reason": "STATIONARY_JITTER"
          },
          {
            "gps_point_id": "gps-007075",
            "reason": "STATIONARY_JITTER"
          },
          {
            "gps_point_id": "gps-007076",
            "reason": "STATIONARY_JITTER"
          },
          {
            "gps_point_id": "gps-007077",
            "reason": "STATIONARY_JITTER"
          },
          {
            "gps_point_id": "gps-007078",
            "reason": "STATIONARY_JITTER"
          },
          {
            "gps_point_id": "gps-007079",
            "reason": "STATIONARY_JITTER"
          },
          {
            "gps_point_id": "gps-007080",
            "reason": "STATIONARY_JITTER"
          },
          {
            "gps_point_id": "gps-007081",
            "reason": "STATIONARY_JITTER"
          },
          {
            "gps_point_id": "gps-007082",
            "reason": "STATIONARY_JITTER"
          },
          {
            "gps_point_id": "gps-007083",
            "reason": "STATIONARY_JITTER"
          },
          {
            "gps_point_id": "gps-007084",
            "reason": "STATIONARY_JITTER"
          },
          {
            "gps_point_id": "gps-007085",
            "reason": "STATIONARY_JITTER"
          },
          {
            "gps_point_id": "gps-007086",
            "reason": "STATIONARY_JITTER"
          },
          {
            "gps_point_id": "gps-007087",
            "reason": "STATIONARY_JITTER"
          },
          {
            "gps_point_id": "gps-007088",
            "reason": "STATIONARY_JITTER"
          },
          {
            "gps_point_id": "gps-007089",
            "reason": "STATIONARY_JITTER"
          },
          {
            "gps_point_id": "gps-007090",
            "reason": "STATIONARY_JITTER"
          },
          {
            "gps_point_id": "gps-007091",
            "reason": "STATIONARY_JITTER"
          },
          {
            "gps_point_id": "gps-007092",
            "reason": "STATIONARY_JITTER"
          },
          {
            "gps_point_id": "gps-007093",
            "reason": "STATIONARY_JITTER"
          },
          {
            "gps_point_id": "gps-007094",
            "reason": "STATIONARY_JITTER"
          },
          {
            "gps_point_id": "gps-007095",
            "reason": "STATIONARY_JITTER"
          },
          {
            "gps_point_id": "gps-007096",
            "reason": "STATIONARY_JITTER"
          },
          {
            "gps_point_id": "gps-007097",
            "reason": "STATIONARY_JITTER"
          },
          {
            "gps_point_id": "gps-007098",
            "reason": "STATIONARY_JITTER"
          },
          {
            "gps_point_id": "gps-007099",
            "reason": "STATIONARY_JITTER"
          },
          {
            "gps_point_id": "gps-007100",
            "reason": "STATIONARY_JITTER"
          },
          {
            "gps_point_id": "gps-007101",
            "reason": "STATIONARY_JITTER"
          },
          {
            "gps_point_id": "gps-007102",
            "reason": "STATIONARY_JITTER"
          },
          {
            "gps_point_id": "gps-007103",
            "reason": "STATIONARY_JITTER"
          },
          {
            "gps_point_id": "gps-007104",
            "reason": "STATIONARY_JITTER"
          },
          {
            "gps_point_id": "gps-007105",
            "reason": "STATIONARY_JITTER"
          },
          {
            "gps_point_id": "gps-007106",
            "reason": "STATIONARY_JITTER"
          },
          {
            "gps_point_id": "gps-007107",
            "reason": "STATIONARY_JITTER"
          },
          {
            "gps_point_id": "gps-007108",
            "reason": "STATIONARY_JITTER"
          },
          {
            "gps_point_id": "gps-007109",
            "reason": "STATIONARY_JITTER"
          },
          {
            "gps_point_id": "gps-007110",
            "reason": "STATIONARY_JITTER"
          },
          {
            "gps_point_id": "gps-007112",
            "reason": "STATIONARY_JITTER"
          },
          {
            "gps_point_id": "gps-007113",
            "reason": "STATIONARY_JITTER"
          },
          {
            "gps_point_id": "gps-007114",
            "reason": "STATIONARY_JITTER"
          },
          {
            "gps_point_id": "gps-007115",
            "reason": "STATIONARY_JITTER"
          },
          {
            "gps_point_id": "gps-007116",
            "reason": "STATIONARY_JITTER"
          },
          {
            "gps_point_id": "gps-007117",
            "reason": "STATIONARY_JITTER"
          },
          {
            "gps_point_id": "gps-007118",
            "reason": "STATIONARY_JITTER"
          },
          {
            "gps_point_id": "gps-007119",
            "reason": "STATIONARY_JITTER"
          },
          {
            "gps_point_id": "gps-007120",
            "reason": "STATIONARY_JITTER"
          },
          {
            "gps_point_id": "gps-007121",
            "reason": "STATIONARY_JITTER"
          },
          {
            "gps_point_id": "gps-007122",
            "reason": "STATIONARY_JITTER"
          },
          {
            "gps_point_id": "gps-007123",
            "reason": "STATIONARY_JITTER"
          },
          {
            "gps_point_id": "gps-007124",
            "reason": "STATIONARY_JITTER"
          },
          {
            "gps_point_id": "gps-007126",
            "reason": "STATIONARY_JITTER"
          },
          {
            "gps_point_id": "gps-007127",
            "reason": "STATIONARY_JITTER"
          },
          {
            "gps_point_id": "gps-007128",
            "reason": "STATIONARY_JITTER"
          },
          {
            "gps_point_id": "gps-007129",
            "reason": "STATIONARY_JITTER"
          },
          {
            "gps_point_id": "gps-007130",
            "reason": "STATIONARY_JITTER"
          },
          {
            "gps_point_id": "gps-007131",
            "reason": "STATIONARY_JITTER"
          },
          {
            "gps_point_id": "gps-007132",
            "reason": "STATIONARY_JITTER"
          },
          {
            "gps_point_id": "gps-007133",
            "reason": "STATIONARY_JITTER"
          },
          {
            "gps_point_id": "gps-007134",
            "reason": "STATIONARY_JITTER"
          },
          {
            "gps_point_id": "gps-007135",
            "reason": "STATIONARY_JITTER"
          },
          {
            "gps_point_id": "gps-007136",
            "reason": "STATIONARY_JITTER"
          },
          {
            "gps_point_id": "gps-007137",
            "reason": "STATIONARY_JITTER"
          },
          {
            "gps_point_id": "gps-007138",
            "reason": "STATIONARY_JITTER"
          },
          {
            "gps_point_id": "gps-007139",
            "reason": "STATIONARY_JITTER"
          },
          {
            "gps_point_id": "gps-007140",
            "reason": "STATIONARY_JITTER"
          },
          {
            "gps_point_id": "gps-007141",
            "reason": "STATIONARY_JITTER"
          },
          {
            "gps_point_id": "gps-007142",
            "reason": "STATIONARY_JITTER"
          },
          {
            "gps_point_id": "gps-007143",
            "reason": "STATIONARY_JITTER"
          },
          {
            "gps_point_id": "gps-007144",
            "reason": "STATIONARY_JITTER"
          },
          {
            "gps_point_id": "gps-007145",
            "reason": "STATIONARY_JITTER"
          },
          {
            "gps_point_id": "gps-007146",
            "reason": "STATIONARY_JITTER"
          },
          {
            "gps_point_id": "gps-007147",
            "reason": "STATIONARY_JITTER"
          },
          {
            "gps_point_id": "gps-007149",
            "reason": "STATIONARY_JITTER"
          },
          {
            "gps_point_id": "gps-007150",
            "reason": "STATIONARY_JITTER"
          },
          {
            "gps_point_id": "gps-007151",
            "reason": "STATIONARY_JITTER"
          },
          {
            "gps_point_id": "gps-007152",
            "reason": "STATIONARY_JITTER"
          },
          {
            "gps_point_id": "gps-007153",
            "reason": "STATIONARY_JITTER"
          },
          {
            "gps_point_id": "gps-007154",
            "reason": "STATIONARY_JITTER"
          },
          {
            "gps_point_id": "gps-007155",
            "reason": "STATIONARY_JITTER"
          },
          {
            "gps_point_id": "gps-007156",
            "reason": "STATIONARY_JITTER"
          },
          {
            "gps_point_id": "gps-007157",
            "reason": "STATIONARY_JITTER"
          },
          {
            "gps_point_id": "gps-007158",
            "reason": "STATIONARY_JITTER"
          },
          {
            "gps_point_id": "gps-007159",
            "reason": "STATIONARY_JITTER"
          },
          {
            "gps_point_id": "gps-007160",
            "reason": "STATIONARY_JITTER"
          },
          {
            "gps_point_id": "gps-007161",
            "reason": "STATIONARY_JITTER"
          },
          {
            "gps_point_id": "gps-007162",
            "reason": "STATIONARY_JITTER"
          },
          {
            "gps_point_id": "gps-007163",
            "reason": "STATIONARY_JITTER"
          },
          {
            "gps_point_id": "gps-007164",
            "reason": "STATIONARY_JITTER"
          },
          {
            "gps_point_id": "gps-007165",
            "reason": "STATIONARY_JITTER"
          },
          {
            "gps_point_id": "gps-007166",
            "reason": "STATIONARY_JITTER"
          },
          {
            "gps_point_id": "gps-007167",
            "reason": "STATIONARY_JITTER"
          },
          {
            "gps_point_id": "gps-007168",
            "reason": "STATIONARY_JITTER"
          },
          {
            "gps_point_id": "gps-007169",
            "reason": "STATIONARY_JITTER"
          },
          {
            "gps_point_id": "gps-007170",
            "reason": "STATIONARY_JITTER"
          },
          {
            "gps_point_id": "gps-007171",
            "reason": "STATIONARY_JITTER"
          },
          {
            "gps_point_id": "gps-007172",
            "reason": "STATIONARY_JITTER"
          },
          {
            "gps_point_id": "gps-007173",
            "reason": "STATIONARY_JITTER"
          },
          {
            "gps_point_id": "gps-007174",
            "reason": "STATIONARY_JITTER"
          },
          {
            "gps_point_id": "gps-007175",
            "reason": "STATIONARY_JITTER"
          },
          {
            "gps_point_id": "gps-007176",
            "reason": "STATIONARY_JITTER"
          },
          {
            "gps_point_id": "gps-007177",
            "reason": "STATIONARY_JITTER"
          },
          {
            "gps_point_id": "gps-007178",
            "reason": "STATIONARY_JITTER"
          },
          {
            "gps_point_id": "gps-007179",
            "reason": "STATIONARY_JITTER"
          },
          {
            "gps_point_id": "gps-007180",
            "reason": "STATIONARY_JITTER"
          },
          {
            "gps_point_id": "gps-007182",
            "reason": "STATIONARY_JITTER"
          },
          {
            "gps_point_id": "gps-007184",
            "reason": "STATIONARY_JITTER"
          },
          {
            "gps_point_id": "gps-007185",
            "reason": "STATIONARY_JITTER"
          },
          {
            "gps_point_id": "gps-007186",
            "reason": "STATIONARY_JITTER"
          },
          {
            "gps_point_id": "gps-007187",
            "reason": "STATIONARY_JITTER"
          },
          {
            "gps_point_id": "gps-007189",
            "reason": "STATIONARY_JITTER"
          },
          {
            "gps_point_id": "gps-007191",
            "reason": "STATIONARY_JITTER"
          },
          {
            "gps_point_id": "gps-007192",
            "reason": "STATIONARY_JITTER"
          },
          {
            "gps_point_id": "gps-007194",
            "reason": "STATIONARY_JITTER"
          },
          {
            "gps_point_id": "gps-007195",
            "reason": "STATIONARY_JITTER"
          },
          {
            "gps_point_id": "gps-007196",
            "reason": "STATIONARY_JITTER"
          },
          {
            "gps_point_id": "gps-007197",
            "reason": "STATIONARY_JITTER"
          },
          {
            "gps_point_id": "gps-007198",
            "reason": "STATIONARY_JITTER"
          },
          {
            "gps_point_id": "gps-007199",
            "reason": "STATIONARY_JITTER"
          },
          {
            "gps_point_id": "gps-007200",
            "reason": "STATIONARY_JITTER"
          },
          {
            "gps_point_id": "gps-007201",
            "reason": "STATIONARY_JITTER"
          },
          {
            "gps_point_id": "gps-007202",
            "reason": "STATIONARY_JITTER"
          },
          {
            "gps_point_id": "gps-007203",
            "reason": "STATIONARY_JITTER"
          },
          {
            "gps_point_id": "gps-007204",
            "reason": "STATIONARY_JITTER"
          },
          {
            "gps_point_id": "gps-007205",
            "reason": "STATIONARY_JITTER"
          },
          {
            "gps_point_id": "gps-007206",
            "reason": "STATIONARY_JITTER"
          },
          {
            "gps_point_id": "gps-007207",
            "reason": "STATIONARY_JITTER"
          },
          {
            "gps_point_id": "gps-007208",
            "reason": "STATIONARY_JITTER"
          },
          {
            "gps_point_id": "gps-007209",
            "reason": "STATIONARY_JITTER"
          },
          {
            "gps_point_id": "gps-007210",
            "reason": "STATIONARY_JITTER"
          },
          {
            "gps_point_id": "gps-007211",
            "reason": "STATIONARY_JITTER"
          },
          {
            "gps_point_id": "gps-007212",
            "reason": "STATIONARY_JITTER"
          },
          {
            "gps_point_id": "gps-007214",
            "reason": "STATIONARY_JITTER"
          },
          {
            "gps_point_id": "gps-007215",
            "reason": "STATIONARY_JITTER"
          },
          {
            "gps_point_id": "gps-007216",
            "reason": "STATIONARY_JITTER"
          },
          {
            "gps_point_id": "gps-007217",
            "reason": "STATIONARY_JITTER"
          },
          {
            "gps_point_id": "gps-007218",
            "reason": "STATIONARY_JITTER"
          },
          {
            "gps_point_id": "gps-007219",
            "reason": "STATIONARY_JITTER"
          },
          {
            "gps_point_id": "gps-007220",
            "reason": "STATIONARY_JITTER"
          },
          {
            "gps_point_id": "gps-007221",
            "reason": "STATIONARY_JITTER"
          },
          {
            "gps_point_id": "gps-007222",
            "reason": "STATIONARY_JITTER"
          },
          {
            "gps_point_id": "gps-007223",
            "reason": "STATIONARY_JITTER"
          },
          {
            "gps_point_id": "gps-007224",
            "reason": "STATIONARY_JITTER"
          },
          {
            "gps_point_id": "gps-007225",
            "reason": "STATIONARY_JITTER"
          },
          {
            "gps_point_id": "gps-007226",
            "reason": "STATIONARY_JITTER"
          },
          {
            "gps_point_id": "gps-007227",
            "reason": "STATIONARY_JITTER"
          },
          {
            "gps_point_id": "gps-007228",
            "reason": "STATIONARY_JITTER"
          },
          {
            "gps_point_id": "gps-007229",
            "reason": "STATIONARY_JITTER"
          },
          {
            "gps_point_id": "gps-007230",
            "reason": "STATIONARY_JITTER"
          },
          {
            "gps_point_id": "gps-007231",
            "reason": "STATIONARY_JITTER"
          },
          {
            "gps_point_id": "gps-007232",
            "reason": "STATIONARY_JITTER"
          },
          {
            "gps_point_id": "gps-007233",
            "reason": "STATIONARY_JITTER"
          },
          {
            "gps_point_id": "gps-007234",
            "reason": "STATIONARY_JITTER"
          },
          {
            "gps_point_id": "gps-007235",
            "reason": "STATIONARY_JITTER"
          },
          {
            "gps_point_id": "gps-007236",
            "reason": "STATIONARY_JITTER"
          },
          {
            "gps_point_id": "gps-007237",
            "reason": "STATIONARY_JITTER"
          },
          {
            "gps_point_id": "gps-007238",
            "reason": "STATIONARY_JITTER"
          },
          {
            "gps_point_id": "gps-007239",
            "reason": "STATIONARY_JITTER"
          },
          {
            "gps_point_id": "gps-007240",
            "reason": "STATIONARY_JITTER"
          },
          {
            "gps_point_id": "gps-007241",
            "reason": "STATIONARY_JITTER"
          },
          {
            "gps_point_id": "gps-007242",
            "reason": "STATIONARY_JITTER"
          },
          {
            "gps_point_id": "gps-007243",
            "reason": "STATIONARY_JITTER"
          },
          {
            "gps_point_id": "gps-007244",
            "reason": "STATIONARY_JITTER"
          },
          {
            "gps_point_id": "gps-007245",
            "reason": "STATIONARY_JITTER"
          },
          {
            "gps_point_id": "gps-007246",
            "reason": "STATIONARY_JITTER"
          },
          {
            "gps_point_id": "gps-007247",
            "reason": "STATIONARY_JITTER"
          },
          {
            "gps_point_id": "gps-007249",
            "reason": "STATIONARY_JITTER"
          },
          {
            "gps_point_id": "gps-007250",
            "reason": "STATIONARY_JITTER"
          },
          {
            "gps_point_id": "gps-007251",
            "reason": "STATIONARY_JITTER"
          },
          {
            "gps_point_id": "gps-007252",
            "reason": "STATIONARY_JITTER"
          },
          {
            "gps_point_id": "gps-007253",
            "reason": "STATIONARY_JITTER"
          },
          {
            "gps_point_id": "gps-007254",
            "reason": "STATIONARY_JITTER"
          },
          {
            "gps_point_id": "gps-007255",
            "reason": "STATIONARY_JITTER"
          },
          {
            "gps_point_id": "gps-007256",
            "reason": "STATIONARY_JITTER"
          },
          {
            "gps_point_id": "gps-007257",
            "reason": "STATIONARY_JITTER"
          },
          {
            "gps_point_id": "gps-007258",
            "reason": "STATIONARY_JITTER"
          },
          {
            "gps_point_id": "gps-007259",
            "reason": "STATIONARY_JITTER"
          },
          {
            "gps_point_id": "gps-007260",
            "reason": "STATIONARY_JITTER"
          },
          {
            "gps_point_id": "gps-007261",
            "reason": "STATIONARY_JITTER"
          },
          {
            "gps_point_id": "gps-007262",
            "reason": "STATIONARY_JITTER"
          },
          {
            "gps_point_id": "gps-007263",
            "reason": "STATIONARY_JITTER"
          },
          {
            "gps_point_id": "gps-007264",
            "reason": "STATIONARY_JITTER"
          },
          {
            "gps_point_id": "gps-007265",
            "reason": "STATIONARY_JITTER"
          },
          {
            "gps_point_id": "gps-007266",
            "reason": "STATIONARY_JITTER"
          },
          {
            "gps_point_id": "gps-007267",
            "reason": "STATIONARY_JITTER"
          },
          {
            "gps_point_id": "gps-007268",
            "reason": "STATIONARY_JITTER"
          },
          {
            "gps_point_id": "gps-007269",
            "reason": "STATIONARY_JITTER"
          },
          {
            "gps_point_id": "gps-007270",
            "reason": "STATIONARY_JITTER"
          },
          {
            "gps_point_id": "gps-007271",
            "reason": "STATIONARY_JITTER"
          },
          {
            "gps_point_id": "gps-007272",
            "reason": "STATIONARY_JITTER"
          },
          {
            "gps_point_id": "gps-007273",
            "reason": "STATIONARY_JITTER"
          },
          {
            "gps_point_id": "gps-007274",
            "reason": "STATIONARY_JITTER"
          },
          {
            "gps_point_id": "gps-007275",
            "reason": "STATIONARY_JITTER"
          },
          {
            "gps_point_id": "gps-007276",
            "reason": "STATIONARY_JITTER"
          },
          {
            "gps_point_id": "gps-007277",
            "reason": "STATIONARY_JITTER"
          },
          {
            "gps_point_id": "gps-007278",
            "reason": "STATIONARY_JITTER"
          },
          {
            "gps_point_id": "gps-007279",
            "reason": "STATIONARY_JITTER"
          },
          {
            "gps_point_id": "gps-007280",
            "reason": "STATIONARY_JITTER"
          },
          {
            "gps_point_id": "gps-007281",
            "reason": "STATIONARY_JITTER"
          },
          {
            "gps_point_id": "gps-007282",
            "reason": "STATIONARY_JITTER"
          },
          {
            "gps_point_id": "gps-007283",
            "reason": "STATIONARY_JITTER"
          },
          {
            "gps_point_id": "gps-007284",
            "reason": "STATIONARY_JITTER"
          },
          {
            "gps_point_id": "gps-007285",
            "reason": "STATIONARY_JITTER"
          },
          {
            "gps_point_id": "gps-007286",
            "reason": "STATIONARY_JITTER"
          },
          {
            "gps_point_id": "gps-007287",
            "reason": "STATIONARY_JITTER"
          },
          {
            "gps_point_id": "gps-007288",
            "reason": "STATIONARY_JITTER"
          },
          {
            "gps_point_id": "gps-007289",
            "reason": "STATIONARY_JITTER"
          },
          {
            "gps_point_id": "gps-007290",
            "reason": "STATIONARY_JITTER"
          },
          {
            "gps_point_id": "gps-007291",
            "reason": "STATIONARY_JITTER"
          },
          {
            "gps_point_id": "gps-007292",
            "reason": "STATIONARY_JITTER"
          },
          {
            "gps_point_id": "gps-007293",
            "reason": "STATIONARY_JITTER"
          },
          {
            "gps_point_id": "gps-007294",
            "reason": "STATIONARY_JITTER"
          },
          {
            "gps_point_id": "gps-007295",
            "reason": "STATIONARY_JITTER"
          },
          {
            "gps_point_id": "gps-007296",
            "reason": "STATIONARY_JITTER"
          },
          {
            "gps_point_id": "gps-007297",
            "reason": "STATIONARY_JITTER"
          },
          {
            "gps_point_id": "gps-007298",
            "reason": "STATIONARY_JITTER"
          },
          {
            "gps_point_id": "gps-007299",
            "reason": "STATIONARY_JITTER"
          },
          {
            "gps_point_id": "gps-007300",
            "reason": "STATIONARY_JITTER"
          },
          {
            "gps_point_id": "gps-007301",
            "reason": "STATIONARY_JITTER"
          },
          {
            "gps_point_id": "gps-007302",
            "reason": "STATIONARY_JITTER"
          },
          {
            "gps_point_id": "gps-007303",
            "reason": "STATIONARY_JITTER"
          },
          {
            "gps_point_id": "gps-007304",
            "reason": "STATIONARY_JITTER"
          },
          {
            "gps_point_id": "gps-007305",
            "reason": "STATIONARY_JITTER"
          },
          {
            "gps_point_id": "gps-007306",
            "reason": "STATIONARY_JITTER"
          },
          {
            "gps_point_id": "gps-007307",
            "reason": "STATIONARY_JITTER"
          },
          {
            "gps_point_id": "gps-007308",
            "reason": "STATIONARY_JITTER"
          },
          {
            "gps_point_id": "gps-007309",
            "reason": "STATIONARY_JITTER"
          },
          {
            "gps_point_id": "gps-007310",
            "reason": "STATIONARY_JITTER"
          },
          {
            "gps_point_id": "gps-007311",
            "reason": "STATIONARY_JITTER"
          },
          {
            "gps_point_id": "gps-007312",
            "reason": "STATIONARY_JITTER"
          },
          {
            "gps_point_id": "gps-007313",
            "reason": "STATIONARY_JITTER"
          },
          {
            "gps_point_id": "gps-007314",
            "reason": "STATIONARY_JITTER"
          },
          {
            "gps_point_id": "gps-007315",
            "reason": "STATIONARY_JITTER"
          },
          {
            "gps_point_id": "gps-007316",
            "reason": "STATIONARY_JITTER"
          },
          {
            "gps_point_id": "gps-007317",
            "reason": "STATIONARY_JITTER"
          },
          {
            "gps_point_id": "gps-007318",
            "reason": "STATIONARY_JITTER"
          },
          {
            "gps_point_id": "gps-007319",
            "reason": "STATIONARY_JITTER"
          },
          {
            "gps_point_id": "gps-007320",
            "reason": "STATIONARY_JITTER"
          },
          {
            "gps_point_id": "gps-007321",
            "reason": "STATIONARY_JITTER"
          },
          {
            "gps_point_id": "gps-007322",
            "reason": "STATIONARY_JITTER"
          },
          {
            "gps_point_id": "gps-007323",
            "reason": "STATIONARY_JITTER"
          },
          {
            "gps_point_id": "gps-007324",
            "reason": "STATIONARY_JITTER"
          },
          {
            "gps_point_id": "gps-007325",
            "reason": "STATIONARY_JITTER"
          },
          {
            "gps_point_id": "gps-007326",
            "reason": "STATIONARY_JITTER"
          },
          {
            "gps_point_id": "gps-007327",
            "reason": "STATIONARY_JITTER"
          },
          {
            "gps_point_id": "gps-007328",
            "reason": "STATIONARY_JITTER"
          },
          {
            "gps_point_id": "gps-006885",
            "reason": "DISPLAY_SIMPLIFICATION"
          },
          {
            "gps_point_id": "gps-006887",
            "reason": "DISPLAY_SIMPLIFICATION"
          },
          {
            "gps_point_id": "gps-006888",
            "reason": "DISPLAY_SIMPLIFICATION"
          },
          {
            "gps_point_id": "gps-006906",
            "reason": "DISPLAY_SIMPLIFICATION"
          },
          {
            "gps_point_id": "gps-006940",
            "reason": "DISPLAY_SIMPLIFICATION"
          },
          {
            "gps_point_id": "gps-006941",
            "reason": "DISPLAY_SIMPLIFICATION"
          },
          {
            "gps_point_id": "gps-006943",
            "reason": "DISPLAY_SIMPLIFICATION"
          },
          {
            "gps_point_id": "gps-006953",
            "reason": "DISPLAY_SIMPLIFICATION"
          },
          {
            "gps_point_id": "gps-007062",
            "reason": "DISPLAY_SIMPLIFICATION"
          },
          {
            "gps_point_id": "gps-007111",
            "reason": "DISPLAY_SIMPLIFICATION"
          },
          {
            "gps_point_id": "gps-007125",
            "reason": "DISPLAY_SIMPLIFICATION"
          },
          {
            "gps_point_id": "gps-007148",
            "reason": "DISPLAY_SIMPLIFICATION"
          },
          {
            "gps_point_id": "gps-007183",
            "reason": "DISPLAY_SIMPLIFICATION"
          },
          {
            "gps_point_id": "gps-007188",
            "reason": "DISPLAY_SIMPLIFICATION"
          },
          {
            "gps_point_id": "gps-007193",
            "reason": "DISPLAY_SIMPLIFICATION"
          },
          {
            "gps_point_id": "gps-007213",
            "reason": "DISPLAY_SIMPLIFICATION"
          },
          {
            "gps_point_id": "gps-007248",
            "reason": "DISPLAY_SIMPLIFICATION"
          }
        ],
        "derivation_rules": {
          "max_accuracy_m": 40,
          "stationary_spacing_m": 1.5,
          "one_point_spike_leg_m": 8,
          "rdp_tolerance_m": 2.5
        },
        "raw_gps_preserved": true,
        "source_evidence_modified": false,
        "no_artificial_relocation_connector": true,
        "presentation_only": true,
        "limitation": "CLEANED CUSTOMER DISPLAY WALK - RAW PHONE GPS REMAINS CONTROLLING EVIDENCE AND IS NOT SURVEY-GRADE"
      }
    },
    {
      "type": "Feature",
      "id": "DISPLAY-WALK-006",
      "geometry": {
        "type": "LineString",
        "coordinates": [
          [
            -87.09238358197008,
            30.489367575626666
          ],
          [
            -87.09243225584594,
            30.489303424424605
          ],
          [
            -87.09250724347346,
            30.489294586782123
          ],
          [
            -87.0924611528809,
            30.489296756201405
          ],
          [
            -87.09246058003525,
            30.489331070426616
          ],
          [
            -87.09250823530863,
            30.489302962231235
          ],
          [
            -87.0924640154878,
            30.489117632017823
          ],
          [
            -87.09239451326725,
            30.489079204066375
          ],
          [
            -87.09246560526083,
            30.488967521746424
          ],
          [
            -87.09243824088765,
            30.48892117131619
          ],
          [
            -87.09248395383143,
            30.48890000608912
          ],
          [
            -87.09242347928436,
            30.488907276039733
          ],
          [
            -87.09246870313555,
            30.488832723730738
          ],
          [
            -87.09254198330517,
            30.488909903818158
          ]
        ]
      },
      "properties": {
        "record_type": "derived_customer_display_walk",
        "inspection_date": "2026-08-07",
        "source_route_segment_index": 5,
        "source_start_time": "2026-08-07T14:22:43.999Z",
        "source_end_time": "2026-08-07T14:37:09.999Z",
        "source_point_count": 862,
        "display_point_count": 14,
        "retained_source_point_ids": [
          "gps-007330",
          "gps-007451",
          "gps-007513",
          "gps-007532",
          "gps-007623",
          "gps-007677",
          "gps-007784",
          "gps-007824",
          "gps-007907",
          "gps-007926",
          "gps-007939",
          "gps-008009",
          "gps-008121",
          "gps-008191"
        ],
        "suppressed_source_points": [
          {
            "gps_point_id": "gps-007480",
            "reason": "POOR_ACCURACY"
          },
          {
            "gps_point_id": "gps-007331",
            "reason": "STATIONARY_JITTER"
          },
          {
            "gps_point_id": "gps-007332",
            "reason": "STATIONARY_JITTER"
          },
          {
            "gps_point_id": "gps-007333",
            "reason": "STATIONARY_JITTER"
          },
          {
            "gps_point_id": "gps-007334",
            "reason": "STATIONARY_JITTER"
          },
          {
            "gps_point_id": "gps-007335",
            "reason": "STATIONARY_JITTER"
          },
          {
            "gps_point_id": "gps-007336",
            "reason": "STATIONARY_JITTER"
          },
          {
            "gps_point_id": "gps-007337",
            "reason": "STATIONARY_JITTER"
          },
          {
            "gps_point_id": "gps-007338",
            "reason": "STATIONARY_JITTER"
          },
          {
            "gps_point_id": "gps-007339",
            "reason": "STATIONARY_JITTER"
          },
          {
            "gps_point_id": "gps-007340",
            "reason": "STATIONARY_JITTER"
          },
          {
            "gps_point_id": "gps-007341",
            "reason": "STATIONARY_JITTER"
          },
          {
            "gps_point_id": "gps-007342",
            "reason": "STATIONARY_JITTER"
          },
          {
            "gps_point_id": "gps-007343",
            "reason": "STATIONARY_JITTER"
          },
          {
            "gps_point_id": "gps-007344",
            "reason": "STATIONARY_JITTER"
          },
          {
            "gps_point_id": "gps-007345",
            "reason": "STATIONARY_JITTER"
          },
          {
            "gps_point_id": "gps-007346",
            "reason": "STATIONARY_JITTER"
          },
          {
            "gps_point_id": "gps-007347",
            "reason": "STATIONARY_JITTER"
          },
          {
            "gps_point_id": "gps-007348",
            "reason": "STATIONARY_JITTER"
          },
          {
            "gps_point_id": "gps-007349",
            "reason": "STATIONARY_JITTER"
          },
          {
            "gps_point_id": "gps-007350",
            "reason": "STATIONARY_JITTER"
          },
          {
            "gps_point_id": "gps-007351",
            "reason": "STATIONARY_JITTER"
          },
          {
            "gps_point_id": "gps-007352",
            "reason": "STATIONARY_JITTER"
          },
          {
            "gps_point_id": "gps-007353",
            "reason": "STATIONARY_JITTER"
          },
          {
            "gps_point_id": "gps-007354",
            "reason": "STATIONARY_JITTER"
          },
          {
            "gps_point_id": "gps-007355",
            "reason": "STATIONARY_JITTER"
          },
          {
            "gps_point_id": "gps-007356",
            "reason": "STATIONARY_JITTER"
          },
          {
            "gps_point_id": "gps-007357",
            "reason": "STATIONARY_JITTER"
          },
          {
            "gps_point_id": "gps-007358",
            "reason": "STATIONARY_JITTER"
          },
          {
            "gps_point_id": "gps-007359",
            "reason": "STATIONARY_JITTER"
          },
          {
            "gps_point_id": "gps-007360",
            "reason": "STATIONARY_JITTER"
          },
          {
            "gps_point_id": "gps-007361",
            "reason": "STATIONARY_JITTER"
          },
          {
            "gps_point_id": "gps-007362",
            "reason": "STATIONARY_JITTER"
          },
          {
            "gps_point_id": "gps-007363",
            "reason": "STATIONARY_JITTER"
          },
          {
            "gps_point_id": "gps-007364",
            "reason": "STATIONARY_JITTER"
          },
          {
            "gps_point_id": "gps-007366",
            "reason": "STATIONARY_JITTER"
          },
          {
            "gps_point_id": "gps-007367",
            "reason": "STATIONARY_JITTER"
          },
          {
            "gps_point_id": "gps-007368",
            "reason": "STATIONARY_JITTER"
          },
          {
            "gps_point_id": "gps-007369",
            "reason": "STATIONARY_JITTER"
          },
          {
            "gps_point_id": "gps-007370",
            "reason": "STATIONARY_JITTER"
          },
          {
            "gps_point_id": "gps-007371",
            "reason": "STATIONARY_JITTER"
          },
          {
            "gps_point_id": "gps-007372",
            "reason": "STATIONARY_JITTER"
          },
          {
            "gps_point_id": "gps-007373",
            "reason": "STATIONARY_JITTER"
          },
          {
            "gps_point_id": "gps-007374",
            "reason": "STATIONARY_JITTER"
          },
          {
            "gps_point_id": "gps-007375",
            "reason": "STATIONARY_JITTER"
          },
          {
            "gps_point_id": "gps-007376",
            "reason": "STATIONARY_JITTER"
          },
          {
            "gps_point_id": "gps-007377",
            "reason": "STATIONARY_JITTER"
          },
          {
            "gps_point_id": "gps-007378",
            "reason": "STATIONARY_JITTER"
          },
          {
            "gps_point_id": "gps-007379",
            "reason": "STATIONARY_JITTER"
          },
          {
            "gps_point_id": "gps-007380",
            "reason": "STATIONARY_JITTER"
          },
          {
            "gps_point_id": "gps-007381",
            "reason": "STATIONARY_JITTER"
          },
          {
            "gps_point_id": "gps-007382",
            "reason": "STATIONARY_JITTER"
          },
          {
            "gps_point_id": "gps-007383",
            "reason": "STATIONARY_JITTER"
          },
          {
            "gps_point_id": "gps-007384",
            "reason": "STATIONARY_JITTER"
          },
          {
            "gps_point_id": "gps-007385",
            "reason": "STATIONARY_JITTER"
          },
          {
            "gps_point_id": "gps-007386",
            "reason": "STATIONARY_JITTER"
          },
          {
            "gps_point_id": "gps-007387",
            "reason": "STATIONARY_JITTER"
          },
          {
            "gps_point_id": "gps-007388",
            "reason": "STATIONARY_JITTER"
          },
          {
            "gps_point_id": "gps-007389",
            "reason": "STATIONARY_JITTER"
          },
          {
            "gps_point_id": "gps-007390",
            "reason": "STATIONARY_JITTER"
          },
          {
            "gps_point_id": "gps-007391",
            "reason": "STATIONARY_JITTER"
          },
          {
            "gps_point_id": "gps-007392",
            "reason": "STATIONARY_JITTER"
          },
          {
            "gps_point_id": "gps-007393",
            "reason": "STATIONARY_JITTER"
          },
          {
            "gps_point_id": "gps-007394",
            "reason": "STATIONARY_JITTER"
          },
          {
            "gps_point_id": "gps-007395",
            "reason": "STATIONARY_JITTER"
          },
          {
            "gps_point_id": "gps-007396",
            "reason": "STATIONARY_JITTER"
          },
          {
            "gps_point_id": "gps-007397",
            "reason": "STATIONARY_JITTER"
          },
          {
            "gps_point_id": "gps-007398",
            "reason": "STATIONARY_JITTER"
          },
          {
            "gps_point_id": "gps-007399",
            "reason": "STATIONARY_JITTER"
          },
          {
            "gps_point_id": "gps-007400",
            "reason": "STATIONARY_JITTER"
          },
          {
            "gps_point_id": "gps-007401",
            "reason": "STATIONARY_JITTER"
          },
          {
            "gps_point_id": "gps-007402",
            "reason": "STATIONARY_JITTER"
          },
          {
            "gps_point_id": "gps-007403",
            "reason": "STATIONARY_JITTER"
          },
          {
            "gps_point_id": "gps-007404",
            "reason": "STATIONARY_JITTER"
          },
          {
            "gps_point_id": "gps-007405",
            "reason": "STATIONARY_JITTER"
          },
          {
            "gps_point_id": "gps-007406",
            "reason": "STATIONARY_JITTER"
          },
          {
            "gps_point_id": "gps-007407",
            "reason": "STATIONARY_JITTER"
          },
          {
            "gps_point_id": "gps-007408",
            "reason": "STATIONARY_JITTER"
          },
          {
            "gps_point_id": "gps-007409",
            "reason": "STATIONARY_JITTER"
          },
          {
            "gps_point_id": "gps-007410",
            "reason": "STATIONARY_JITTER"
          },
          {
            "gps_point_id": "gps-007411",
            "reason": "STATIONARY_JITTER"
          },
          {
            "gps_point_id": "gps-007412",
            "reason": "STATIONARY_JITTER"
          },
          {
            "gps_point_id": "gps-007413",
            "reason": "STATIONARY_JITTER"
          },
          {
            "gps_point_id": "gps-007414",
            "reason": "STATIONARY_JITTER"
          },
          {
            "gps_point_id": "gps-007415",
            "reason": "STATIONARY_JITTER"
          },
          {
            "gps_point_id": "gps-007416",
            "reason": "STATIONARY_JITTER"
          },
          {
            "gps_point_id": "gps-007417",
            "reason": "STATIONARY_JITTER"
          },
          {
            "gps_point_id": "gps-007418",
            "reason": "STATIONARY_JITTER"
          },
          {
            "gps_point_id": "gps-007419",
            "reason": "STATIONARY_JITTER"
          },
          {
            "gps_point_id": "gps-007420",
            "reason": "STATIONARY_JITTER"
          },
          {
            "gps_point_id": "gps-007422",
            "reason": "STATIONARY_JITTER"
          },
          {
            "gps_point_id": "gps-007423",
            "reason": "STATIONARY_JITTER"
          },
          {
            "gps_point_id": "gps-007425",
            "reason": "STATIONARY_JITTER"
          },
          {
            "gps_point_id": "gps-007426",
            "reason": "STATIONARY_JITTER"
          },
          {
            "gps_point_id": "gps-007427",
            "reason": "STATIONARY_JITTER"
          },
          {
            "gps_point_id": "gps-007428",
            "reason": "STATIONARY_JITTER"
          },
          {
            "gps_point_id": "gps-007429",
            "reason": "STATIONARY_JITTER"
          },
          {
            "gps_point_id": "gps-007430",
            "reason": "STATIONARY_JITTER"
          },
          {
            "gps_point_id": "gps-007431",
            "reason": "STATIONARY_JITTER"
          },
          {
            "gps_point_id": "gps-007432",
            "reason": "STATIONARY_JITTER"
          },
          {
            "gps_point_id": "gps-007433",
            "reason": "STATIONARY_JITTER"
          },
          {
            "gps_point_id": "gps-007434",
            "reason": "STATIONARY_JITTER"
          },
          {
            "gps_point_id": "gps-007435",
            "reason": "STATIONARY_JITTER"
          },
          {
            "gps_point_id": "gps-007436",
            "reason": "STATIONARY_JITTER"
          },
          {
            "gps_point_id": "gps-007437",
            "reason": "STATIONARY_JITTER"
          },
          {
            "gps_point_id": "gps-007438",
            "reason": "STATIONARY_JITTER"
          },
          {
            "gps_point_id": "gps-007439",
            "reason": "STATIONARY_JITTER"
          },
          {
            "gps_point_id": "gps-007440",
            "reason": "STATIONARY_JITTER"
          },
          {
            "gps_point_id": "gps-007441",
            "reason": "STATIONARY_JITTER"
          },
          {
            "gps_point_id": "gps-007442",
            "reason": "STATIONARY_JITTER"
          },
          {
            "gps_point_id": "gps-007443",
            "reason": "STATIONARY_JITTER"
          },
          {
            "gps_point_id": "gps-007444",
            "reason": "STATIONARY_JITTER"
          },
          {
            "gps_point_id": "gps-007445",
            "reason": "STATIONARY_JITTER"
          },
          {
            "gps_point_id": "gps-007446",
            "reason": "STATIONARY_JITTER"
          },
          {
            "gps_point_id": "gps-007447",
            "reason": "STATIONARY_JITTER"
          },
          {
            "gps_point_id": "gps-007448",
            "reason": "STATIONARY_JITTER"
          },
          {
            "gps_point_id": "gps-007449",
            "reason": "STATIONARY_JITTER"
          },
          {
            "gps_point_id": "gps-007450",
            "reason": "STATIONARY_JITTER"
          },
          {
            "gps_point_id": "gps-007452",
            "reason": "STATIONARY_JITTER"
          },
          {
            "gps_point_id": "gps-007453",
            "reason": "STATIONARY_JITTER"
          },
          {
            "gps_point_id": "gps-007454",
            "reason": "STATIONARY_JITTER"
          },
          {
            "gps_point_id": "gps-007455",
            "reason": "STATIONARY_JITTER"
          },
          {
            "gps_point_id": "gps-007457",
            "reason": "STATIONARY_JITTER"
          },
          {
            "gps_point_id": "gps-007458",
            "reason": "STATIONARY_JITTER"
          },
          {
            "gps_point_id": "gps-007460",
            "reason": "STATIONARY_JITTER"
          },
          {
            "gps_point_id": "gps-007461",
            "reason": "STATIONARY_JITTER"
          },
          {
            "gps_point_id": "gps-007462",
            "reason": "STATIONARY_JITTER"
          },
          {
            "gps_point_id": "gps-007463",
            "reason": "STATIONARY_JITTER"
          },
          {
            "gps_point_id": "gps-007464",
            "reason": "STATIONARY_JITTER"
          },
          {
            "gps_point_id": "gps-007465",
            "reason": "STATIONARY_JITTER"
          },
          {
            "gps_point_id": "gps-007466",
            "reason": "STATIONARY_JITTER"
          },
          {
            "gps_point_id": "gps-007467",
            "reason": "STATIONARY_JITTER"
          },
          {
            "gps_point_id": "gps-007468",
            "reason": "STATIONARY_JITTER"
          },
          {
            "gps_point_id": "gps-007469",
            "reason": "STATIONARY_JITTER"
          },
          {
            "gps_point_id": "gps-007470",
            "reason": "STATIONARY_JITTER"
          },
          {
            "gps_point_id": "gps-007471",
            "reason": "STATIONARY_JITTER"
          },
          {
            "gps_point_id": "gps-007472",
            "reason": "STATIONARY_JITTER"
          },
          {
            "gps_point_id": "gps-007473",
            "reason": "STATIONARY_JITTER"
          },
          {
            "gps_point_id": "gps-007474",
            "reason": "STATIONARY_JITTER"
          },
          {
            "gps_point_id": "gps-007475",
            "reason": "STATIONARY_JITTER"
          },
          {
            "gps_point_id": "gps-007476",
            "reason": "STATIONARY_JITTER"
          },
          {
            "gps_point_id": "gps-007477",
            "reason": "STATIONARY_JITTER"
          },
          {
            "gps_point_id": "gps-007478",
            "reason": "STATIONARY_JITTER"
          },
          {
            "gps_point_id": "gps-007479",
            "reason": "STATIONARY_JITTER"
          },
          {
            "gps_point_id": "gps-007481",
            "reason": "STATIONARY_JITTER"
          },
          {
            "gps_point_id": "gps-007482",
            "reason": "STATIONARY_JITTER"
          },
          {
            "gps_point_id": "gps-007483",
            "reason": "STATIONARY_JITTER"
          },
          {
            "gps_point_id": "gps-007484",
            "reason": "STATIONARY_JITTER"
          },
          {
            "gps_point_id": "gps-007485",
            "reason": "STATIONARY_JITTER"
          },
          {
            "gps_point_id": "gps-007486",
            "reason": "STATIONARY_JITTER"
          },
          {
            "gps_point_id": "gps-007487",
            "reason": "STATIONARY_JITTER"
          },
          {
            "gps_point_id": "gps-007488",
            "reason": "STATIONARY_JITTER"
          },
          {
            "gps_point_id": "gps-007489",
            "reason": "STATIONARY_JITTER"
          },
          {
            "gps_point_id": "gps-007490",
            "reason": "STATIONARY_JITTER"
          },
          {
            "gps_point_id": "gps-007491",
            "reason": "STATIONARY_JITTER"
          },
          {
            "gps_point_id": "gps-007492",
            "reason": "STATIONARY_JITTER"
          },
          {
            "gps_point_id": "gps-007494",
            "reason": "STATIONARY_JITTER"
          },
          {
            "gps_point_id": "gps-007495",
            "reason": "STATIONARY_JITTER"
          },
          {
            "gps_point_id": "gps-007496",
            "reason": "STATIONARY_JITTER"
          },
          {
            "gps_point_id": "gps-007497",
            "reason": "STATIONARY_JITTER"
          },
          {
            "gps_point_id": "gps-007498",
            "reason": "STATIONARY_JITTER"
          },
          {
            "gps_point_id": "gps-007499",
            "reason": "STATIONARY_JITTER"
          },
          {
            "gps_point_id": "gps-007500",
            "reason": "STATIONARY_JITTER"
          },
          {
            "gps_point_id": "gps-007501",
            "reason": "STATIONARY_JITTER"
          },
          {
            "gps_point_id": "gps-007502",
            "reason": "STATIONARY_JITTER"
          },
          {
            "gps_point_id": "gps-007503",
            "reason": "STATIONARY_JITTER"
          },
          {
            "gps_point_id": "gps-007504",
            "reason": "STATIONARY_JITTER"
          },
          {
            "gps_point_id": "gps-007505",
            "reason": "STATIONARY_JITTER"
          },
          {
            "gps_point_id": "gps-007506",
            "reason": "STATIONARY_JITTER"
          },
          {
            "gps_point_id": "gps-007507",
            "reason": "STATIONARY_JITTER"
          },
          {
            "gps_point_id": "gps-007508",
            "reason": "STATIONARY_JITTER"
          },
          {
            "gps_point_id": "gps-007509",
            "reason": "STATIONARY_JITTER"
          },
          {
            "gps_point_id": "gps-007510",
            "reason": "STATIONARY_JITTER"
          },
          {
            "gps_point_id": "gps-007511",
            "reason": "STATIONARY_JITTER"
          },
          {
            "gps_point_id": "gps-007512",
            "reason": "STATIONARY_JITTER"
          },
          {
            "gps_point_id": "gps-007514",
            "reason": "STATIONARY_JITTER"
          },
          {
            "gps_point_id": "gps-007515",
            "reason": "STATIONARY_JITTER"
          },
          {
            "gps_point_id": "gps-007516",
            "reason": "STATIONARY_JITTER"
          },
          {
            "gps_point_id": "gps-007517",
            "reason": "STATIONARY_JITTER"
          },
          {
            "gps_point_id": "gps-007518",
            "reason": "STATIONARY_JITTER"
          },
          {
            "gps_point_id": "gps-007519",
            "reason": "STATIONARY_JITTER"
          },
          {
            "gps_point_id": "gps-007521",
            "reason": "STATIONARY_JITTER"
          },
          {
            "gps_point_id": "gps-007522",
            "reason": "STATIONARY_JITTER"
          },
          {
            "gps_point_id": "gps-007523",
            "reason": "STATIONARY_JITTER"
          },
          {
            "gps_point_id": "gps-007524",
            "reason": "STATIONARY_JITTER"
          },
          {
            "gps_point_id": "gps-007525",
            "reason": "STATIONARY_JITTER"
          },
          {
            "gps_point_id": "gps-007526",
            "reason": "STATIONARY_JITTER"
          },
          {
            "gps_point_id": "gps-007527",
            "reason": "STATIONARY_JITTER"
          },
          {
            "gps_point_id": "gps-007528",
            "reason": "STATIONARY_JITTER"
          },
          {
            "gps_point_id": "gps-007529",
            "reason": "STATIONARY_JITTER"
          },
          {
            "gps_point_id": "gps-007530",
            "reason": "STATIONARY_JITTER"
          },
          {
            "gps_point_id": "gps-007531",
            "reason": "STATIONARY_JITTER"
          },
          {
            "gps_point_id": "gps-007533",
            "reason": "STATIONARY_JITTER"
          },
          {
            "gps_point_id": "gps-007534",
            "reason": "STATIONARY_JITTER"
          },
          {
            "gps_point_id": "gps-007535",
            "reason": "STATIONARY_JITTER"
          },
          {
            "gps_point_id": "gps-007536",
            "reason": "STATIONARY_JITTER"
          },
          {
            "gps_point_id": "gps-007537",
            "reason": "STATIONARY_JITTER"
          },
          {
            "gps_point_id": "gps-007538",
            "reason": "STATIONARY_JITTER"
          },
          {
            "gps_point_id": "gps-007539",
            "reason": "STATIONARY_JITTER"
          },
          {
            "gps_point_id": "gps-007540",
            "reason": "STATIONARY_JITTER"
          },
          {
            "gps_point_id": "gps-007541",
            "reason": "STATIONARY_JITTER"
          },
          {
            "gps_point_id": "gps-007542",
            "reason": "STATIONARY_JITTER"
          },
          {
            "gps_point_id": "gps-007543",
            "reason": "STATIONARY_JITTER"
          },
          {
            "gps_point_id": "gps-007545",
            "reason": "STATIONARY_JITTER"
          },
          {
            "gps_point_id": "gps-007546",
            "reason": "STATIONARY_JITTER"
          },
          {
            "gps_point_id": "gps-007547",
            "reason": "STATIONARY_JITTER"
          },
          {
            "gps_point_id": "gps-007548",
            "reason": "STATIONARY_JITTER"
          },
          {
            "gps_point_id": "gps-007549",
            "reason": "STATIONARY_JITTER"
          },
          {
            "gps_point_id": "gps-007550",
            "reason": "STATIONARY_JITTER"
          },
          {
            "gps_point_id": "gps-007551",
            "reason": "STATIONARY_JITTER"
          },
          {
            "gps_point_id": "gps-007552",
            "reason": "STATIONARY_JITTER"
          },
          {
            "gps_point_id": "gps-007553",
            "reason": "STATIONARY_JITTER"
          },
          {
            "gps_point_id": "gps-007554",
            "reason": "STATIONARY_JITTER"
          },
          {
            "gps_point_id": "gps-007555",
            "reason": "STATIONARY_JITTER"
          },
          {
            "gps_point_id": "gps-007557",
            "reason": "STATIONARY_JITTER"
          },
          {
            "gps_point_id": "gps-007558",
            "reason": "STATIONARY_JITTER"
          },
          {
            "gps_point_id": "gps-007559",
            "reason": "STATIONARY_JITTER"
          },
          {
            "gps_point_id": "gps-007560",
            "reason": "STATIONARY_JITTER"
          },
          {
            "gps_point_id": "gps-007561",
            "reason": "STATIONARY_JITTER"
          },
          {
            "gps_point_id": "gps-007562",
            "reason": "STATIONARY_JITTER"
          },
          {
            "gps_point_id": "gps-007563",
            "reason": "STATIONARY_JITTER"
          },
          {
            "gps_point_id": "gps-007564",
            "reason": "STATIONARY_JITTER"
          },
          {
            "gps_point_id": "gps-007565",
            "reason": "STATIONARY_JITTER"
          },
          {
            "gps_point_id": "gps-007566",
            "reason": "STATIONARY_JITTER"
          },
          {
            "gps_point_id": "gps-007567",
            "reason": "STATIONARY_JITTER"
          },
          {
            "gps_point_id": "gps-007568",
            "reason": "STATIONARY_JITTER"
          },
          {
            "gps_point_id": "gps-007569",
            "reason": "STATIONARY_JITTER"
          },
          {
            "gps_point_id": "gps-007570",
            "reason": "STATIONARY_JITTER"
          },
          {
            "gps_point_id": "gps-007571",
            "reason": "STATIONARY_JITTER"
          },
          {
            "gps_point_id": "gps-007572",
            "reason": "STATIONARY_JITTER"
          },
          {
            "gps_point_id": "gps-007573",
            "reason": "STATIONARY_JITTER"
          },
          {
            "gps_point_id": "gps-007574",
            "reason": "STATIONARY_JITTER"
          },
          {
            "gps_point_id": "gps-007575",
            "reason": "STATIONARY_JITTER"
          },
          {
            "gps_point_id": "gps-007576",
            "reason": "STATIONARY_JITTER"
          },
          {
            "gps_point_id": "gps-007577",
            "reason": "STATIONARY_JITTER"
          },
          {
            "gps_point_id": "gps-007578",
            "reason": "STATIONARY_JITTER"
          },
          {
            "gps_point_id": "gps-007579",
            "reason": "STATIONARY_JITTER"
          },
          {
            "gps_point_id": "gps-007580",
            "reason": "STATIONARY_JITTER"
          },
          {
            "gps_point_id": "gps-007581",
            "reason": "STATIONARY_JITTER"
          },
          {
            "gps_point_id": "gps-007582",
            "reason": "STATIONARY_JITTER"
          },
          {
            "gps_point_id": "gps-007583",
            "reason": "STATIONARY_JITTER"
          },
          {
            "gps_point_id": "gps-007584",
            "reason": "STATIONARY_JITTER"
          },
          {
            "gps_point_id": "gps-007585",
            "reason": "STATIONARY_JITTER"
          },
          {
            "gps_point_id": "gps-007586",
            "reason": "STATIONARY_JITTER"
          },
          {
            "gps_point_id": "gps-007587",
            "reason": "STATIONARY_JITTER"
          },
          {
            "gps_point_id": "gps-007588",
            "reason": "STATIONARY_JITTER"
          },
          {
            "gps_point_id": "gps-007589",
            "reason": "STATIONARY_JITTER"
          },
          {
            "gps_point_id": "gps-007590",
            "reason": "STATIONARY_JITTER"
          },
          {
            "gps_point_id": "gps-007591",
            "reason": "STATIONARY_JITTER"
          },
          {
            "gps_point_id": "gps-007592",
            "reason": "STATIONARY_JITTER"
          },
          {
            "gps_point_id": "gps-007593",
            "reason": "STATIONARY_JITTER"
          },
          {
            "gps_point_id": "gps-007594",
            "reason": "STATIONARY_JITTER"
          },
          {
            "gps_point_id": "gps-007595",
            "reason": "STATIONARY_JITTER"
          },
          {
            "gps_point_id": "gps-007596",
            "reason": "STATIONARY_JITTER"
          },
          {
            "gps_point_id": "gps-007597",
            "reason": "STATIONARY_JITTER"
          },
          {
            "gps_point_id": "gps-007599",
            "reason": "STATIONARY_JITTER"
          },
          {
            "gps_point_id": "gps-007600",
            "reason": "STATIONARY_JITTER"
          },
          {
            "gps_point_id": "gps-007601",
            "reason": "STATIONARY_JITTER"
          },
          {
            "gps_point_id": "gps-007602",
            "reason": "STATIONARY_JITTER"
          },
          {
            "gps_point_id": "gps-007603",
            "reason": "STATIONARY_JITTER"
          },
          {
            "gps_point_id": "gps-007604",
            "reason": "STATIONARY_JITTER"
          },
          {
            "gps_point_id": "gps-007605",
            "reason": "STATIONARY_JITTER"
          },
          {
            "gps_point_id": "gps-007606",
            "reason": "STATIONARY_JITTER"
          },
          {
            "gps_point_id": "gps-007607",
            "reason": "STATIONARY_JITTER"
          },
          {
            "gps_point_id": "gps-007608",
            "reason": "STATIONARY_JITTER"
          },
          {
            "gps_point_id": "gps-007609",
            "reason": "STATIONARY_JITTER"
          },
          {
            "gps_point_id": "gps-007610",
            "reason": "STATIONARY_JITTER"
          },
          {
            "gps_point_id": "gps-007611",
            "reason": "STATIONARY_JITTER"
          },
          {
            "gps_point_id": "gps-007612",
            "reason": "STATIONARY_JITTER"
          },
          {
            "gps_point_id": "gps-007613",
            "reason": "STATIONARY_JITTER"
          },
          {
            "gps_point_id": "gps-007614",
            "reason": "STATIONARY_JITTER"
          },
          {
            "gps_point_id": "gps-007615",
            "reason": "STATIONARY_JITTER"
          },
          {
            "gps_point_id": "gps-007616",
            "reason": "STATIONARY_JITTER"
          },
          {
            "gps_point_id": "gps-007617",
            "reason": "STATIONARY_JITTER"
          },
          {
            "gps_point_id": "gps-007618",
            "reason": "STATIONARY_JITTER"
          },
          {
            "gps_point_id": "gps-007619",
            "reason": "STATIONARY_JITTER"
          },
          {
            "gps_point_id": "gps-007620",
            "reason": "STATIONARY_JITTER"
          },
          {
            "gps_point_id": "gps-007621",
            "reason": "STATIONARY_JITTER"
          },
          {
            "gps_point_id": "gps-007622",
            "reason": "STATIONARY_JITTER"
          },
          {
            "gps_point_id": "gps-007624",
            "reason": "STATIONARY_JITTER"
          },
          {
            "gps_point_id": "gps-007625",
            "reason": "STATIONARY_JITTER"
          },
          {
            "gps_point_id": "gps-007626",
            "reason": "STATIONARY_JITTER"
          },
          {
            "gps_point_id": "gps-007627",
            "reason": "STATIONARY_JITTER"
          },
          {
            "gps_point_id": "gps-007628",
            "reason": "STATIONARY_JITTER"
          },
          {
            "gps_point_id": "gps-007629",
            "reason": "STATIONARY_JITTER"
          },
          {
            "gps_point_id": "gps-007630",
            "reason": "STATIONARY_JITTER"
          },
          {
            "gps_point_id": "gps-007631",
            "reason": "STATIONARY_JITTER"
          },
          {
            "gps_point_id": "gps-007632",
            "reason": "STATIONARY_JITTER"
          },
          {
            "gps_point_id": "gps-007633",
            "reason": "STATIONARY_JITTER"
          },
          {
            "gps_point_id": "gps-007634",
            "reason": "STATIONARY_JITTER"
          },
          {
            "gps_point_id": "gps-007635",
            "reason": "STATIONARY_JITTER"
          },
          {
            "gps_point_id": "gps-007636",
            "reason": "STATIONARY_JITTER"
          },
          {
            "gps_point_id": "gps-007637",
            "reason": "STATIONARY_JITTER"
          },
          {
            "gps_point_id": "gps-007638",
            "reason": "STATIONARY_JITTER"
          },
          {
            "gps_point_id": "gps-007639",
            "reason": "STATIONARY_JITTER"
          },
          {
            "gps_point_id": "gps-007640",
            "reason": "STATIONARY_JITTER"
          },
          {
            "gps_point_id": "gps-007641",
            "reason": "STATIONARY_JITTER"
          },
          {
            "gps_point_id": "gps-007642",
            "reason": "STATIONARY_JITTER"
          },
          {
            "gps_point_id": "gps-007643",
            "reason": "STATIONARY_JITTER"
          },
          {
            "gps_point_id": "gps-007644",
            "reason": "STATIONARY_JITTER"
          },
          {
            "gps_point_id": "gps-007645",
            "reason": "STATIONARY_JITTER"
          },
          {
            "gps_point_id": "gps-007646",
            "reason": "STATIONARY_JITTER"
          },
          {
            "gps_point_id": "gps-007647",
            "reason": "STATIONARY_JITTER"
          },
          {
            "gps_point_id": "gps-007648",
            "reason": "STATIONARY_JITTER"
          },
          {
            "gps_point_id": "gps-007649",
            "reason": "STATIONARY_JITTER"
          },
          {
            "gps_point_id": "gps-007650",
            "reason": "STATIONARY_JITTER"
          },
          {
            "gps_point_id": "gps-007651",
            "reason": "STATIONARY_JITTER"
          },
          {
            "gps_point_id": "gps-007652",
            "reason": "STATIONARY_JITTER"
          },
          {
            "gps_point_id": "gps-007653",
            "reason": "STATIONARY_JITTER"
          },
          {
            "gps_point_id": "gps-007654",
            "reason": "STATIONARY_JITTER"
          },
          {
            "gps_point_id": "gps-007655",
            "reason": "STATIONARY_JITTER"
          },
          {
            "gps_point_id": "gps-007656",
            "reason": "STATIONARY_JITTER"
          },
          {
            "gps_point_id": "gps-007657",
            "reason": "STATIONARY_JITTER"
          },
          {
            "gps_point_id": "gps-007658",
            "reason": "STATIONARY_JITTER"
          },
          {
            "gps_point_id": "gps-007659",
            "reason": "STATIONARY_JITTER"
          },
          {
            "gps_point_id": "gps-007660",
            "reason": "STATIONARY_JITTER"
          },
          {
            "gps_point_id": "gps-007661",
            "reason": "STATIONARY_JITTER"
          },
          {
            "gps_point_id": "gps-007662",
            "reason": "STATIONARY_JITTER"
          },
          {
            "gps_point_id": "gps-007663",
            "reason": "STATIONARY_JITTER"
          },
          {
            "gps_point_id": "gps-007664",
            "reason": "STATIONARY_JITTER"
          },
          {
            "gps_point_id": "gps-007665",
            "reason": "STATIONARY_JITTER"
          },
          {
            "gps_point_id": "gps-007666",
            "reason": "STATIONARY_JITTER"
          },
          {
            "gps_point_id": "gps-007667",
            "reason": "STATIONARY_JITTER"
          },
          {
            "gps_point_id": "gps-007668",
            "reason": "STATIONARY_JITTER"
          },
          {
            "gps_point_id": "gps-007669",
            "reason": "STATIONARY_JITTER"
          },
          {
            "gps_point_id": "gps-007670",
            "reason": "STATIONARY_JITTER"
          },
          {
            "gps_point_id": "gps-007671",
            "reason": "STATIONARY_JITTER"
          },
          {
            "gps_point_id": "gps-007672",
            "reason": "STATIONARY_JITTER"
          },
          {
            "gps_point_id": "gps-007673",
            "reason": "STATIONARY_JITTER"
          },
          {
            "gps_point_id": "gps-007674",
            "reason": "STATIONARY_JITTER"
          },
          {
            "gps_point_id": "gps-007675",
            "reason": "STATIONARY_JITTER"
          },
          {
            "gps_point_id": "gps-007676",
            "reason": "STATIONARY_JITTER"
          },
          {
            "gps_point_id": "gps-007678",
            "reason": "STATIONARY_JITTER"
          },
          {
            "gps_point_id": "gps-007679",
            "reason": "STATIONARY_JITTER"
          },
          {
            "gps_point_id": "gps-007680",
            "reason": "STATIONARY_JITTER"
          },
          {
            "gps_point_id": "gps-007681",
            "reason": "STATIONARY_JITTER"
          },
          {
            "gps_point_id": "gps-007682",
            "reason": "STATIONARY_JITTER"
          },
          {
            "gps_point_id": "gps-007684",
            "reason": "STATIONARY_JITTER"
          },
          {
            "gps_point_id": "gps-007685",
            "reason": "STATIONARY_JITTER"
          },
          {
            "gps_point_id": "gps-007686",
            "reason": "STATIONARY_JITTER"
          },
          {
            "gps_point_id": "gps-007687",
            "reason": "STATIONARY_JITTER"
          },
          {
            "gps_point_id": "gps-007688",
            "reason": "STATIONARY_JITTER"
          },
          {
            "gps_point_id": "gps-007689",
            "reason": "STATIONARY_JITTER"
          },
          {
            "gps_point_id": "gps-007690",
            "reason": "STATIONARY_JITTER"
          },
          {
            "gps_point_id": "gps-007691",
            "reason": "STATIONARY_JITTER"
          },
          {
            "gps_point_id": "gps-007692",
            "reason": "STATIONARY_JITTER"
          },
          {
            "gps_point_id": "gps-007693",
            "reason": "STATIONARY_JITTER"
          },
          {
            "gps_point_id": "gps-007694",
            "reason": "STATIONARY_JITTER"
          },
          {
            "gps_point_id": "gps-007695",
            "reason": "STATIONARY_JITTER"
          },
          {
            "gps_point_id": "gps-007696",
            "reason": "STATIONARY_JITTER"
          },
          {
            "gps_point_id": "gps-007697",
            "reason": "STATIONARY_JITTER"
          },
          {
            "gps_point_id": "gps-007699",
            "reason": "STATIONARY_JITTER"
          },
          {
            "gps_point_id": "gps-007700",
            "reason": "STATIONARY_JITTER"
          },
          {
            "gps_point_id": "gps-007701",
            "reason": "STATIONARY_JITTER"
          },
          {
            "gps_point_id": "gps-007702",
            "reason": "STATIONARY_JITTER"
          },
          {
            "gps_point_id": "gps-007703",
            "reason": "STATIONARY_JITTER"
          },
          {
            "gps_point_id": "gps-007704",
            "reason": "STATIONARY_JITTER"
          },
          {
            "gps_point_id": "gps-007705",
            "reason": "STATIONARY_JITTER"
          },
          {
            "gps_point_id": "gps-007706",
            "reason": "STATIONARY_JITTER"
          },
          {
            "gps_point_id": "gps-007707",
            "reason": "STATIONARY_JITTER"
          },
          {
            "gps_point_id": "gps-007708",
            "reason": "STATIONARY_JITTER"
          },
          {
            "gps_point_id": "gps-007709",
            "reason": "STATIONARY_JITTER"
          },
          {
            "gps_point_id": "gps-007710",
            "reason": "STATIONARY_JITTER"
          },
          {
            "gps_point_id": "gps-007711",
            "reason": "STATIONARY_JITTER"
          },
          {
            "gps_point_id": "gps-007712",
            "reason": "STATIONARY_JITTER"
          },
          {
            "gps_point_id": "gps-007713",
            "reason": "STATIONARY_JITTER"
          },
          {
            "gps_point_id": "gps-007714",
            "reason": "STATIONARY_JITTER"
          },
          {
            "gps_point_id": "gps-007715",
            "reason": "STATIONARY_JITTER"
          },
          {
            "gps_point_id": "gps-007716",
            "reason": "STATIONARY_JITTER"
          },
          {
            "gps_point_id": "gps-007717",
            "reason": "STATIONARY_JITTER"
          },
          {
            "gps_point_id": "gps-007718",
            "reason": "STATIONARY_JITTER"
          },
          {
            "gps_point_id": "gps-007719",
            "reason": "STATIONARY_JITTER"
          },
          {
            "gps_point_id": "gps-007720",
            "reason": "STATIONARY_JITTER"
          },
          {
            "gps_point_id": "gps-007721",
            "reason": "STATIONARY_JITTER"
          },
          {
            "gps_point_id": "gps-007722",
            "reason": "STATIONARY_JITTER"
          },
          {
            "gps_point_id": "gps-007723",
            "reason": "STATIONARY_JITTER"
          },
          {
            "gps_point_id": "gps-007724",
            "reason": "STATIONARY_JITTER"
          },
          {
            "gps_point_id": "gps-007725",
            "reason": "STATIONARY_JITTER"
          },
          {
            "gps_point_id": "gps-007726",
            "reason": "STATIONARY_JITTER"
          },
          {
            "gps_point_id": "gps-007727",
            "reason": "STATIONARY_JITTER"
          },
          {
            "gps_point_id": "gps-007728",
            "reason": "STATIONARY_JITTER"
          },
          {
            "gps_point_id": "gps-007729",
            "reason": "STATIONARY_JITTER"
          },
          {
            "gps_point_id": "gps-007730",
            "reason": "STATIONARY_JITTER"
          },
          {
            "gps_point_id": "gps-007731",
            "reason": "STATIONARY_JITTER"
          },
          {
            "gps_point_id": "gps-007732",
            "reason": "STATIONARY_JITTER"
          },
          {
            "gps_point_id": "gps-007733",
            "reason": "STATIONARY_JITTER"
          },
          {
            "gps_point_id": "gps-007734",
            "reason": "STATIONARY_JITTER"
          },
          {
            "gps_point_id": "gps-007735",
            "reason": "STATIONARY_JITTER"
          },
          {
            "gps_point_id": "gps-007736",
            "reason": "STATIONARY_JITTER"
          },
          {
            "gps_point_id": "gps-007737",
            "reason": "STATIONARY_JITTER"
          },
          {
            "gps_point_id": "gps-007738",
            "reason": "STATIONARY_JITTER"
          },
          {
            "gps_point_id": "gps-007739",
            "reason": "STATIONARY_JITTER"
          },
          {
            "gps_point_id": "gps-007740",
            "reason": "STATIONARY_JITTER"
          },
          {
            "gps_point_id": "gps-007741",
            "reason": "STATIONARY_JITTER"
          },
          {
            "gps_point_id": "gps-007742",
            "reason": "STATIONARY_JITTER"
          },
          {
            "gps_point_id": "gps-007743",
            "reason": "STATIONARY_JITTER"
          },
          {
            "gps_point_id": "gps-007744",
            "reason": "STATIONARY_JITTER"
          },
          {
            "gps_point_id": "gps-007745",
            "reason": "STATIONARY_JITTER"
          },
          {
            "gps_point_id": "gps-007746",
            "reason": "STATIONARY_JITTER"
          },
          {
            "gps_point_id": "gps-007747",
            "reason": "STATIONARY_JITTER"
          },
          {
            "gps_point_id": "gps-007748",
            "reason": "STATIONARY_JITTER"
          },
          {
            "gps_point_id": "gps-007749",
            "reason": "STATIONARY_JITTER"
          },
          {
            "gps_point_id": "gps-007750",
            "reason": "STATIONARY_JITTER"
          },
          {
            "gps_point_id": "gps-007751",
            "reason": "STATIONARY_JITTER"
          },
          {
            "gps_point_id": "gps-007752",
            "reason": "STATIONARY_JITTER"
          },
          {
            "gps_point_id": "gps-007753",
            "reason": "STATIONARY_JITTER"
          },
          {
            "gps_point_id": "gps-007754",
            "reason": "STATIONARY_JITTER"
          },
          {
            "gps_point_id": "gps-007755",
            "reason": "STATIONARY_JITTER"
          },
          {
            "gps_point_id": "gps-007756",
            "reason": "STATIONARY_JITTER"
          },
          {
            "gps_point_id": "gps-007757",
            "reason": "STATIONARY_JITTER"
          },
          {
            "gps_point_id": "gps-007758",
            "reason": "STATIONARY_JITTER"
          },
          {
            "gps_point_id": "gps-007759",
            "reason": "STATIONARY_JITTER"
          },
          {
            "gps_point_id": "gps-007760",
            "reason": "STATIONARY_JITTER"
          },
          {
            "gps_point_id": "gps-007761",
            "reason": "STATIONARY_JITTER"
          },
          {
            "gps_point_id": "gps-007762",
            "reason": "STATIONARY_JITTER"
          },
          {
            "gps_point_id": "gps-007763",
            "reason": "STATIONARY_JITTER"
          },
          {
            "gps_point_id": "gps-007764",
            "reason": "STATIONARY_JITTER"
          },
          {
            "gps_point_id": "gps-007765",
            "reason": "STATIONARY_JITTER"
          },
          {
            "gps_point_id": "gps-007766",
            "reason": "STATIONARY_JITTER"
          },
          {
            "gps_point_id": "gps-007767",
            "reason": "STATIONARY_JITTER"
          },
          {
            "gps_point_id": "gps-007768",
            "reason": "STATIONARY_JITTER"
          },
          {
            "gps_point_id": "gps-007769",
            "reason": "STATIONARY_JITTER"
          },
          {
            "gps_point_id": "gps-007770",
            "reason": "STATIONARY_JITTER"
          },
          {
            "gps_point_id": "gps-007771",
            "reason": "STATIONARY_JITTER"
          },
          {
            "gps_point_id": "gps-007772",
            "reason": "STATIONARY_JITTER"
          },
          {
            "gps_point_id": "gps-007773",
            "reason": "STATIONARY_JITTER"
          },
          {
            "gps_point_id": "gps-007774",
            "reason": "STATIONARY_JITTER"
          },
          {
            "gps_point_id": "gps-007775",
            "reason": "STATIONARY_JITTER"
          },
          {
            "gps_point_id": "gps-007776",
            "reason": "STATIONARY_JITTER"
          },
          {
            "gps_point_id": "gps-007777",
            "reason": "STATIONARY_JITTER"
          },
          {
            "gps_point_id": "gps-007778",
            "reason": "STATIONARY_JITTER"
          },
          {
            "gps_point_id": "gps-007779",
            "reason": "STATIONARY_JITTER"
          },
          {
            "gps_point_id": "gps-007780",
            "reason": "STATIONARY_JITTER"
          },
          {
            "gps_point_id": "gps-007781",
            "reason": "STATIONARY_JITTER"
          },
          {
            "gps_point_id": "gps-007782",
            "reason": "STATIONARY_JITTER"
          },
          {
            "gps_point_id": "gps-007783",
            "reason": "STATIONARY_JITTER"
          },
          {
            "gps_point_id": "gps-007785",
            "reason": "STATIONARY_JITTER"
          },
          {
            "gps_point_id": "gps-007786",
            "reason": "STATIONARY_JITTER"
          },
          {
            "gps_point_id": "gps-007787",
            "reason": "STATIONARY_JITTER"
          },
          {
            "gps_point_id": "gps-007788",
            "reason": "STATIONARY_JITTER"
          },
          {
            "gps_point_id": "gps-007789",
            "reason": "STATIONARY_JITTER"
          },
          {
            "gps_point_id": "gps-007791",
            "reason": "STATIONARY_JITTER"
          },
          {
            "gps_point_id": "gps-007792",
            "reason": "STATIONARY_JITTER"
          },
          {
            "gps_point_id": "gps-007793",
            "reason": "STATIONARY_JITTER"
          },
          {
            "gps_point_id": "gps-007794",
            "reason": "STATIONARY_JITTER"
          },
          {
            "gps_point_id": "gps-007795",
            "reason": "STATIONARY_JITTER"
          },
          {
            "gps_point_id": "gps-007796",
            "reason": "STATIONARY_JITTER"
          },
          {
            "gps_point_id": "gps-007797",
            "reason": "STATIONARY_JITTER"
          },
          {
            "gps_point_id": "gps-007798",
            "reason": "STATIONARY_JITTER"
          },
          {
            "gps_point_id": "gps-007799",
            "reason": "STATIONARY_JITTER"
          },
          {
            "gps_point_id": "gps-007800",
            "reason": "STATIONARY_JITTER"
          },
          {
            "gps_point_id": "gps-007801",
            "reason": "STATIONARY_JITTER"
          },
          {
            "gps_point_id": "gps-007804",
            "reason": "STATIONARY_JITTER"
          },
          {
            "gps_point_id": "gps-007805",
            "reason": "STATIONARY_JITTER"
          },
          {
            "gps_point_id": "gps-007806",
            "reason": "STATIONARY_JITTER"
          },
          {
            "gps_point_id": "gps-007807",
            "reason": "STATIONARY_JITTER"
          },
          {
            "gps_point_id": "gps-007808",
            "reason": "STATIONARY_JITTER"
          },
          {
            "gps_point_id": "gps-007809",
            "reason": "STATIONARY_JITTER"
          },
          {
            "gps_point_id": "gps-007810",
            "reason": "STATIONARY_JITTER"
          },
          {
            "gps_point_id": "gps-007811",
            "reason": "STATIONARY_JITTER"
          },
          {
            "gps_point_id": "gps-007812",
            "reason": "STATIONARY_JITTER"
          },
          {
            "gps_point_id": "gps-007813",
            "reason": "STATIONARY_JITTER"
          },
          {
            "gps_point_id": "gps-007814",
            "reason": "STATIONARY_JITTER"
          },
          {
            "gps_point_id": "gps-007815",
            "reason": "STATIONARY_JITTER"
          },
          {
            "gps_point_id": "gps-007816",
            "reason": "STATIONARY_JITTER"
          },
          {
            "gps_point_id": "gps-007817",
            "reason": "STATIONARY_JITTER"
          },
          {
            "gps_point_id": "gps-007818",
            "reason": "STATIONARY_JITTER"
          },
          {
            "gps_point_id": "gps-007819",
            "reason": "STATIONARY_JITTER"
          },
          {
            "gps_point_id": "gps-007820",
            "reason": "STATIONARY_JITTER"
          },
          {
            "gps_point_id": "gps-007821",
            "reason": "STATIONARY_JITTER"
          },
          {
            "gps_point_id": "gps-007822",
            "reason": "STATIONARY_JITTER"
          },
          {
            "gps_point_id": "gps-007823",
            "reason": "STATIONARY_JITTER"
          },
          {
            "gps_point_id": "gps-007825",
            "reason": "STATIONARY_JITTER"
          },
          {
            "gps_point_id": "gps-007827",
            "reason": "STATIONARY_JITTER"
          },
          {
            "gps_point_id": "gps-007828",
            "reason": "STATIONARY_JITTER"
          },
          {
            "gps_point_id": "gps-007829",
            "reason": "STATIONARY_JITTER"
          },
          {
            "gps_point_id": "gps-007830",
            "reason": "STATIONARY_JITTER"
          },
          {
            "gps_point_id": "gps-007831",
            "reason": "STATIONARY_JITTER"
          },
          {
            "gps_point_id": "gps-007832",
            "reason": "STATIONARY_JITTER"
          },
          {
            "gps_point_id": "gps-007833",
            "reason": "STATIONARY_JITTER"
          },
          {
            "gps_point_id": "gps-007834",
            "reason": "STATIONARY_JITTER"
          },
          {
            "gps_point_id": "gps-007835",
            "reason": "STATIONARY_JITTER"
          },
          {
            "gps_point_id": "gps-007836",
            "reason": "STATIONARY_JITTER"
          },
          {
            "gps_point_id": "gps-007838",
            "reason": "STATIONARY_JITTER"
          },
          {
            "gps_point_id": "gps-007839",
            "reason": "STATIONARY_JITTER"
          },
          {
            "gps_point_id": "gps-007840",
            "reason": "STATIONARY_JITTER"
          },
          {
            "gps_point_id": "gps-007841",
            "reason": "STATIONARY_JITTER"
          },
          {
            "gps_point_id": "gps-007842",
            "reason": "STATIONARY_JITTER"
          },
          {
            "gps_point_id": "gps-007843",
            "reason": "STATIONARY_JITTER"
          },
          {
            "gps_point_id": "gps-007844",
            "reason": "STATIONARY_JITTER"
          },
          {
            "gps_point_id": "gps-007845",
            "reason": "STATIONARY_JITTER"
          },
          {
            "gps_point_id": "gps-007846",
            "reason": "STATIONARY_JITTER"
          },
          {
            "gps_point_id": "gps-007847",
            "reason": "STATIONARY_JITTER"
          },
          {
            "gps_point_id": "gps-007848",
            "reason": "STATIONARY_JITTER"
          },
          {
            "gps_point_id": "gps-007849",
            "reason": "STATIONARY_JITTER"
          },
          {
            "gps_point_id": "gps-007850",
            "reason": "STATIONARY_JITTER"
          },
          {
            "gps_point_id": "gps-007851",
            "reason": "STATIONARY_JITTER"
          },
          {
            "gps_point_id": "gps-007852",
            "reason": "STATIONARY_JITTER"
          },
          {
            "gps_point_id": "gps-007853",
            "reason": "STATIONARY_JITTER"
          },
          {
            "gps_point_id": "gps-007854",
            "reason": "STATIONARY_JITTER"
          },
          {
            "gps_point_id": "gps-007855",
            "reason": "STATIONARY_JITTER"
          },
          {
            "gps_point_id": "gps-007856",
            "reason": "STATIONARY_JITTER"
          },
          {
            "gps_point_id": "gps-007857",
            "reason": "STATIONARY_JITTER"
          },
          {
            "gps_point_id": "gps-007858",
            "reason": "STATIONARY_JITTER"
          },
          {
            "gps_point_id": "gps-007859",
            "reason": "STATIONARY_JITTER"
          },
          {
            "gps_point_id": "gps-007860",
            "reason": "STATIONARY_JITTER"
          },
          {
            "gps_point_id": "gps-007861",
            "reason": "STATIONARY_JITTER"
          },
          {
            "gps_point_id": "gps-007862",
            "reason": "STATIONARY_JITTER"
          },
          {
            "gps_point_id": "gps-007863",
            "reason": "STATIONARY_JITTER"
          },
          {
            "gps_point_id": "gps-007864",
            "reason": "STATIONARY_JITTER"
          },
          {
            "gps_point_id": "gps-007865",
            "reason": "STATIONARY_JITTER"
          },
          {
            "gps_point_id": "gps-007866",
            "reason": "STATIONARY_JITTER"
          },
          {
            "gps_point_id": "gps-007867",
            "reason": "STATIONARY_JITTER"
          },
          {
            "gps_point_id": "gps-007868",
            "reason": "STATIONARY_JITTER"
          },
          {
            "gps_point_id": "gps-007869",
            "reason": "STATIONARY_JITTER"
          },
          {
            "gps_point_id": "gps-007870",
            "reason": "STATIONARY_JITTER"
          },
          {
            "gps_point_id": "gps-007871",
            "reason": "STATIONARY_JITTER"
          },
          {
            "gps_point_id": "gps-007872",
            "reason": "STATIONARY_JITTER"
          },
          {
            "gps_point_id": "gps-007873",
            "reason": "STATIONARY_JITTER"
          },
          {
            "gps_point_id": "gps-007874",
            "reason": "STATIONARY_JITTER"
          },
          {
            "gps_point_id": "gps-007875",
            "reason": "STATIONARY_JITTER"
          },
          {
            "gps_point_id": "gps-007876",
            "reason": "STATIONARY_JITTER"
          },
          {
            "gps_point_id": "gps-007877",
            "reason": "STATIONARY_JITTER"
          },
          {
            "gps_point_id": "gps-007878",
            "reason": "STATIONARY_JITTER"
          },
          {
            "gps_point_id": "gps-007879",
            "reason": "STATIONARY_JITTER"
          },
          {
            "gps_point_id": "gps-007880",
            "reason": "STATIONARY_JITTER"
          },
          {
            "gps_point_id": "gps-007881",
            "reason": "STATIONARY_JITTER"
          },
          {
            "gps_point_id": "gps-007882",
            "reason": "STATIONARY_JITTER"
          },
          {
            "gps_point_id": "gps-007883",
            "reason": "STATIONARY_JITTER"
          },
          {
            "gps_point_id": "gps-007884",
            "reason": "STATIONARY_JITTER"
          },
          {
            "gps_point_id": "gps-007885",
            "reason": "STATIONARY_JITTER"
          },
          {
            "gps_point_id": "gps-007886",
            "reason": "STATIONARY_JITTER"
          },
          {
            "gps_point_id": "gps-007887",
            "reason": "STATIONARY_JITTER"
          },
          {
            "gps_point_id": "gps-007888",
            "reason": "STATIONARY_JITTER"
          },
          {
            "gps_point_id": "gps-007889",
            "reason": "STATIONARY_JITTER"
          },
          {
            "gps_point_id": "gps-007890",
            "reason": "STATIONARY_JITTER"
          },
          {
            "gps_point_id": "gps-007891",
            "reason": "STATIONARY_JITTER"
          },
          {
            "gps_point_id": "gps-007892",
            "reason": "STATIONARY_JITTER"
          },
          {
            "gps_point_id": "gps-007893",
            "reason": "STATIONARY_JITTER"
          },
          {
            "gps_point_id": "gps-007894",
            "reason": "STATIONARY_JITTER"
          },
          {
            "gps_point_id": "gps-007895",
            "reason": "STATIONARY_JITTER"
          },
          {
            "gps_point_id": "gps-007896",
            "reason": "STATIONARY_JITTER"
          },
          {
            "gps_point_id": "gps-007897",
            "reason": "STATIONARY_JITTER"
          },
          {
            "gps_point_id": "gps-007898",
            "reason": "STATIONARY_JITTER"
          },
          {
            "gps_point_id": "gps-007899",
            "reason": "STATIONARY_JITTER"
          },
          {
            "gps_point_id": "gps-007900",
            "reason": "STATIONARY_JITTER"
          },
          {
            "gps_point_id": "gps-007901",
            "reason": "STATIONARY_JITTER"
          },
          {
            "gps_point_id": "gps-007902",
            "reason": "STATIONARY_JITTER"
          },
          {
            "gps_point_id": "gps-007903",
            "reason": "STATIONARY_JITTER"
          },
          {
            "gps_point_id": "gps-007904",
            "reason": "STATIONARY_JITTER"
          },
          {
            "gps_point_id": "gps-007905",
            "reason": "STATIONARY_JITTER"
          },
          {
            "gps_point_id": "gps-007906",
            "reason": "STATIONARY_JITTER"
          },
          {
            "gps_point_id": "gps-007908",
            "reason": "STATIONARY_JITTER"
          },
          {
            "gps_point_id": "gps-007909",
            "reason": "STATIONARY_JITTER"
          },
          {
            "gps_point_id": "gps-007910",
            "reason": "STATIONARY_JITTER"
          },
          {
            "gps_point_id": "gps-007911",
            "reason": "STATIONARY_JITTER"
          },
          {
            "gps_point_id": "gps-007913",
            "reason": "STATIONARY_JITTER"
          },
          {
            "gps_point_id": "gps-007914",
            "reason": "STATIONARY_JITTER"
          },
          {
            "gps_point_id": "gps-007915",
            "reason": "STATIONARY_JITTER"
          },
          {
            "gps_point_id": "gps-007916",
            "reason": "STATIONARY_JITTER"
          },
          {
            "gps_point_id": "gps-007917",
            "reason": "STATIONARY_JITTER"
          },
          {
            "gps_point_id": "gps-007918",
            "reason": "STATIONARY_JITTER"
          },
          {
            "gps_point_id": "gps-007919",
            "reason": "STATIONARY_JITTER"
          },
          {
            "gps_point_id": "gps-007920",
            "reason": "STATIONARY_JITTER"
          },
          {
            "gps_point_id": "gps-007921",
            "reason": "STATIONARY_JITTER"
          },
          {
            "gps_point_id": "gps-007922",
            "reason": "STATIONARY_JITTER"
          },
          {
            "gps_point_id": "gps-007923",
            "reason": "STATIONARY_JITTER"
          },
          {
            "gps_point_id": "gps-007924",
            "reason": "STATIONARY_JITTER"
          },
          {
            "gps_point_id": "gps-007925",
            "reason": "STATIONARY_JITTER"
          },
          {
            "gps_point_id": "gps-007927",
            "reason": "STATIONARY_JITTER"
          },
          {
            "gps_point_id": "gps-007928",
            "reason": "STATIONARY_JITTER"
          },
          {
            "gps_point_id": "gps-007929",
            "reason": "STATIONARY_JITTER"
          },
          {
            "gps_point_id": "gps-007930",
            "reason": "STATIONARY_JITTER"
          },
          {
            "gps_point_id": "gps-007931",
            "reason": "STATIONARY_JITTER"
          },
          {
            "gps_point_id": "gps-007932",
            "reason": "STATIONARY_JITTER"
          },
          {
            "gps_point_id": "gps-007933",
            "reason": "STATIONARY_JITTER"
          },
          {
            "gps_point_id": "gps-007934",
            "reason": "STATIONARY_JITTER"
          },
          {
            "gps_point_id": "gps-007935",
            "reason": "STATIONARY_JITTER"
          },
          {
            "gps_point_id": "gps-007936",
            "reason": "STATIONARY_JITTER"
          },
          {
            "gps_point_id": "gps-007937",
            "reason": "STATIONARY_JITTER"
          },
          {
            "gps_point_id": "gps-007938",
            "reason": "STATIONARY_JITTER"
          },
          {
            "gps_point_id": "gps-007940",
            "reason": "STATIONARY_JITTER"
          },
          {
            "gps_point_id": "gps-007941",
            "reason": "STATIONARY_JITTER"
          },
          {
            "gps_point_id": "gps-007942",
            "reason": "STATIONARY_JITTER"
          },
          {
            "gps_point_id": "gps-007943",
            "reason": "STATIONARY_JITTER"
          },
          {
            "gps_point_id": "gps-007944",
            "reason": "STATIONARY_JITTER"
          },
          {
            "gps_point_id": "gps-007945",
            "reason": "STATIONARY_JITTER"
          },
          {
            "gps_point_id": "gps-007946",
            "reason": "STATIONARY_JITTER"
          },
          {
            "gps_point_id": "gps-007947",
            "reason": "STATIONARY_JITTER"
          },
          {
            "gps_point_id": "gps-007948",
            "reason": "STATIONARY_JITTER"
          },
          {
            "gps_point_id": "gps-007949",
            "reason": "STATIONARY_JITTER"
          },
          {
            "gps_point_id": "gps-007950",
            "reason": "STATIONARY_JITTER"
          },
          {
            "gps_point_id": "gps-007951",
            "reason": "STATIONARY_JITTER"
          },
          {
            "gps_point_id": "gps-007952",
            "reason": "STATIONARY_JITTER"
          },
          {
            "gps_point_id": "gps-007953",
            "reason": "STATIONARY_JITTER"
          },
          {
            "gps_point_id": "gps-007954",
            "reason": "STATIONARY_JITTER"
          },
          {
            "gps_point_id": "gps-007955",
            "reason": "STATIONARY_JITTER"
          },
          {
            "gps_point_id": "gps-007956",
            "reason": "STATIONARY_JITTER"
          },
          {
            "gps_point_id": "gps-007957",
            "reason": "STATIONARY_JITTER"
          },
          {
            "gps_point_id": "gps-007958",
            "reason": "STATIONARY_JITTER"
          },
          {
            "gps_point_id": "gps-007959",
            "reason": "STATIONARY_JITTER"
          },
          {
            "gps_point_id": "gps-007960",
            "reason": "STATIONARY_JITTER"
          },
          {
            "gps_point_id": "gps-007961",
            "reason": "STATIONARY_JITTER"
          },
          {
            "gps_point_id": "gps-007962",
            "reason": "STATIONARY_JITTER"
          },
          {
            "gps_point_id": "gps-007963",
            "reason": "STATIONARY_JITTER"
          },
          {
            "gps_point_id": "gps-007964",
            "reason": "STATIONARY_JITTER"
          },
          {
            "gps_point_id": "gps-007965",
            "reason": "STATIONARY_JITTER"
          },
          {
            "gps_point_id": "gps-007966",
            "reason": "STATIONARY_JITTER"
          },
          {
            "gps_point_id": "gps-007967",
            "reason": "STATIONARY_JITTER"
          },
          {
            "gps_point_id": "gps-007968",
            "reason": "STATIONARY_JITTER"
          },
          {
            "gps_point_id": "gps-007969",
            "reason": "STATIONARY_JITTER"
          },
          {
            "gps_point_id": "gps-007970",
            "reason": "STATIONARY_JITTER"
          },
          {
            "gps_point_id": "gps-007971",
            "reason": "STATIONARY_JITTER"
          },
          {
            "gps_point_id": "gps-007972",
            "reason": "STATIONARY_JITTER"
          },
          {
            "gps_point_id": "gps-007973",
            "reason": "STATIONARY_JITTER"
          },
          {
            "gps_point_id": "gps-007974",
            "reason": "STATIONARY_JITTER"
          },
          {
            "gps_point_id": "gps-007975",
            "reason": "STATIONARY_JITTER"
          },
          {
            "gps_point_id": "gps-007976",
            "reason": "STATIONARY_JITTER"
          },
          {
            "gps_point_id": "gps-007977",
            "reason": "STATIONARY_JITTER"
          },
          {
            "gps_point_id": "gps-007978",
            "reason": "STATIONARY_JITTER"
          },
          {
            "gps_point_id": "gps-007979",
            "reason": "STATIONARY_JITTER"
          },
          {
            "gps_point_id": "gps-007980",
            "reason": "STATIONARY_JITTER"
          },
          {
            "gps_point_id": "gps-007981",
            "reason": "STATIONARY_JITTER"
          },
          {
            "gps_point_id": "gps-007982",
            "reason": "STATIONARY_JITTER"
          },
          {
            "gps_point_id": "gps-007983",
            "reason": "STATIONARY_JITTER"
          },
          {
            "gps_point_id": "gps-007984",
            "reason": "STATIONARY_JITTER"
          },
          {
            "gps_point_id": "gps-007985",
            "reason": "STATIONARY_JITTER"
          },
          {
            "gps_point_id": "gps-007986",
            "reason": "STATIONARY_JITTER"
          },
          {
            "gps_point_id": "gps-007987",
            "reason": "STATIONARY_JITTER"
          },
          {
            "gps_point_id": "gps-007988",
            "reason": "STATIONARY_JITTER"
          },
          {
            "gps_point_id": "gps-007989",
            "reason": "STATIONARY_JITTER"
          },
          {
            "gps_point_id": "gps-007990",
            "reason": "STATIONARY_JITTER"
          },
          {
            "gps_point_id": "gps-007991",
            "reason": "STATIONARY_JITTER"
          },
          {
            "gps_point_id": "gps-007992",
            "reason": "STATIONARY_JITTER"
          },
          {
            "gps_point_id": "gps-007993",
            "reason": "STATIONARY_JITTER"
          },
          {
            "gps_point_id": "gps-007994",
            "reason": "STATIONARY_JITTER"
          },
          {
            "gps_point_id": "gps-007995",
            "reason": "STATIONARY_JITTER"
          },
          {
            "gps_point_id": "gps-007996",
            "reason": "STATIONARY_JITTER"
          },
          {
            "gps_point_id": "gps-007997",
            "reason": "STATIONARY_JITTER"
          },
          {
            "gps_point_id": "gps-007998",
            "reason": "STATIONARY_JITTER"
          },
          {
            "gps_point_id": "gps-007999",
            "reason": "STATIONARY_JITTER"
          },
          {
            "gps_point_id": "gps-008000",
            "reason": "STATIONARY_JITTER"
          },
          {
            "gps_point_id": "gps-008001",
            "reason": "STATIONARY_JITTER"
          },
          {
            "gps_point_id": "gps-008002",
            "reason": "STATIONARY_JITTER"
          },
          {
            "gps_point_id": "gps-008003",
            "reason": "STATIONARY_JITTER"
          },
          {
            "gps_point_id": "gps-008004",
            "reason": "STATIONARY_JITTER"
          },
          {
            "gps_point_id": "gps-008005",
            "reason": "STATIONARY_JITTER"
          },
          {
            "gps_point_id": "gps-008006",
            "reason": "STATIONARY_JITTER"
          },
          {
            "gps_point_id": "gps-008007",
            "reason": "STATIONARY_JITTER"
          },
          {
            "gps_point_id": "gps-008008",
            "reason": "STATIONARY_JITTER"
          },
          {
            "gps_point_id": "gps-008010",
            "reason": "STATIONARY_JITTER"
          },
          {
            "gps_point_id": "gps-008012",
            "reason": "STATIONARY_JITTER"
          },
          {
            "gps_point_id": "gps-008013",
            "reason": "STATIONARY_JITTER"
          },
          {
            "gps_point_id": "gps-008014",
            "reason": "STATIONARY_JITTER"
          },
          {
            "gps_point_id": "gps-008015",
            "reason": "STATIONARY_JITTER"
          },
          {
            "gps_point_id": "gps-008016",
            "reason": "STATIONARY_JITTER"
          },
          {
            "gps_point_id": "gps-008017",
            "reason": "STATIONARY_JITTER"
          },
          {
            "gps_point_id": "gps-008018",
            "reason": "STATIONARY_JITTER"
          },
          {
            "gps_point_id": "gps-008019",
            "reason": "STATIONARY_JITTER"
          },
          {
            "gps_point_id": "gps-008020",
            "reason": "STATIONARY_JITTER"
          },
          {
            "gps_point_id": "gps-008021",
            "reason": "STATIONARY_JITTER"
          },
          {
            "gps_point_id": "gps-008022",
            "reason": "STATIONARY_JITTER"
          },
          {
            "gps_point_id": "gps-008023",
            "reason": "STATIONARY_JITTER"
          },
          {
            "gps_point_id": "gps-008024",
            "reason": "STATIONARY_JITTER"
          },
          {
            "gps_point_id": "gps-008026",
            "reason": "STATIONARY_JITTER"
          },
          {
            "gps_point_id": "gps-008027",
            "reason": "STATIONARY_JITTER"
          },
          {
            "gps_point_id": "gps-008028",
            "reason": "STATIONARY_JITTER"
          },
          {
            "gps_point_id": "gps-008029",
            "reason": "STATIONARY_JITTER"
          },
          {
            "gps_point_id": "gps-008030",
            "reason": "STATIONARY_JITTER"
          },
          {
            "gps_point_id": "gps-008031",
            "reason": "STATIONARY_JITTER"
          },
          {
            "gps_point_id": "gps-008032",
            "reason": "STATIONARY_JITTER"
          },
          {
            "gps_point_id": "gps-008033",
            "reason": "STATIONARY_JITTER"
          },
          {
            "gps_point_id": "gps-008034",
            "reason": "STATIONARY_JITTER"
          },
          {
            "gps_point_id": "gps-008035",
            "reason": "STATIONARY_JITTER"
          },
          {
            "gps_point_id": "gps-008036",
            "reason": "STATIONARY_JITTER"
          },
          {
            "gps_point_id": "gps-008037",
            "reason": "STATIONARY_JITTER"
          },
          {
            "gps_point_id": "gps-008038",
            "reason": "STATIONARY_JITTER"
          },
          {
            "gps_point_id": "gps-008039",
            "reason": "STATIONARY_JITTER"
          },
          {
            "gps_point_id": "gps-008040",
            "reason": "STATIONARY_JITTER"
          },
          {
            "gps_point_id": "gps-008041",
            "reason": "STATIONARY_JITTER"
          },
          {
            "gps_point_id": "gps-008042",
            "reason": "STATIONARY_JITTER"
          },
          {
            "gps_point_id": "gps-008043",
            "reason": "STATIONARY_JITTER"
          },
          {
            "gps_point_id": "gps-008044",
            "reason": "STATIONARY_JITTER"
          },
          {
            "gps_point_id": "gps-008045",
            "reason": "STATIONARY_JITTER"
          },
          {
            "gps_point_id": "gps-008046",
            "reason": "STATIONARY_JITTER"
          },
          {
            "gps_point_id": "gps-008047",
            "reason": "STATIONARY_JITTER"
          },
          {
            "gps_point_id": "gps-008048",
            "reason": "STATIONARY_JITTER"
          },
          {
            "gps_point_id": "gps-008049",
            "reason": "STATIONARY_JITTER"
          },
          {
            "gps_point_id": "gps-008050",
            "reason": "STATIONARY_JITTER"
          },
          {
            "gps_point_id": "gps-008051",
            "reason": "STATIONARY_JITTER"
          },
          {
            "gps_point_id": "gps-008052",
            "reason": "STATIONARY_JITTER"
          },
          {
            "gps_point_id": "gps-008053",
            "reason": "STATIONARY_JITTER"
          },
          {
            "gps_point_id": "gps-008054",
            "reason": "STATIONARY_JITTER"
          },
          {
            "gps_point_id": "gps-008055",
            "reason": "STATIONARY_JITTER"
          },
          {
            "gps_point_id": "gps-008056",
            "reason": "STATIONARY_JITTER"
          },
          {
            "gps_point_id": "gps-008057",
            "reason": "STATIONARY_JITTER"
          },
          {
            "gps_point_id": "gps-008058",
            "reason": "STATIONARY_JITTER"
          },
          {
            "gps_point_id": "gps-008059",
            "reason": "STATIONARY_JITTER"
          },
          {
            "gps_point_id": "gps-008060",
            "reason": "STATIONARY_JITTER"
          },
          {
            "gps_point_id": "gps-008061",
            "reason": "STATIONARY_JITTER"
          },
          {
            "gps_point_id": "gps-008062",
            "reason": "STATIONARY_JITTER"
          },
          {
            "gps_point_id": "gps-008063",
            "reason": "STATIONARY_JITTER"
          },
          {
            "gps_point_id": "gps-008064",
            "reason": "STATIONARY_JITTER"
          },
          {
            "gps_point_id": "gps-008065",
            "reason": "STATIONARY_JITTER"
          },
          {
            "gps_point_id": "gps-008066",
            "reason": "STATIONARY_JITTER"
          },
          {
            "gps_point_id": "gps-008067",
            "reason": "STATIONARY_JITTER"
          },
          {
            "gps_point_id": "gps-008068",
            "reason": "STATIONARY_JITTER"
          },
          {
            "gps_point_id": "gps-008069",
            "reason": "STATIONARY_JITTER"
          },
          {
            "gps_point_id": "gps-008070",
            "reason": "STATIONARY_JITTER"
          },
          {
            "gps_point_id": "gps-008071",
            "reason": "STATIONARY_JITTER"
          },
          {
            "gps_point_id": "gps-008072",
            "reason": "STATIONARY_JITTER"
          },
          {
            "gps_point_id": "gps-008073",
            "reason": "STATIONARY_JITTER"
          },
          {
            "gps_point_id": "gps-008074",
            "reason": "STATIONARY_JITTER"
          },
          {
            "gps_point_id": "gps-008075",
            "reason": "STATIONARY_JITTER"
          },
          {
            "gps_point_id": "gps-008076",
            "reason": "STATIONARY_JITTER"
          },
          {
            "gps_point_id": "gps-008077",
            "reason": "STATIONARY_JITTER"
          },
          {
            "gps_point_id": "gps-008078",
            "reason": "STATIONARY_JITTER"
          },
          {
            "gps_point_id": "gps-008079",
            "reason": "STATIONARY_JITTER"
          },
          {
            "gps_point_id": "gps-008080",
            "reason": "STATIONARY_JITTER"
          },
          {
            "gps_point_id": "gps-008081",
            "reason": "STATIONARY_JITTER"
          },
          {
            "gps_point_id": "gps-008082",
            "reason": "STATIONARY_JITTER"
          },
          {
            "gps_point_id": "gps-008083",
            "reason": "STATIONARY_JITTER"
          },
          {
            "gps_point_id": "gps-008084",
            "reason": "STATIONARY_JITTER"
          },
          {
            "gps_point_id": "gps-008085",
            "reason": "STATIONARY_JITTER"
          },
          {
            "gps_point_id": "gps-008086",
            "reason": "STATIONARY_JITTER"
          },
          {
            "gps_point_id": "gps-008087",
            "reason": "STATIONARY_JITTER"
          },
          {
            "gps_point_id": "gps-008088",
            "reason": "STATIONARY_JITTER"
          },
          {
            "gps_point_id": "gps-008089",
            "reason": "STATIONARY_JITTER"
          },
          {
            "gps_point_id": "gps-008090",
            "reason": "STATIONARY_JITTER"
          },
          {
            "gps_point_id": "gps-008091",
            "reason": "STATIONARY_JITTER"
          },
          {
            "gps_point_id": "gps-008092",
            "reason": "STATIONARY_JITTER"
          },
          {
            "gps_point_id": "gps-008093",
            "reason": "STATIONARY_JITTER"
          },
          {
            "gps_point_id": "gps-008094",
            "reason": "STATIONARY_JITTER"
          },
          {
            "gps_point_id": "gps-008095",
            "reason": "STATIONARY_JITTER"
          },
          {
            "gps_point_id": "gps-008096",
            "reason": "STATIONARY_JITTER"
          },
          {
            "gps_point_id": "gps-008097",
            "reason": "STATIONARY_JITTER"
          },
          {
            "gps_point_id": "gps-008098",
            "reason": "STATIONARY_JITTER"
          },
          {
            "gps_point_id": "gps-008099",
            "reason": "STATIONARY_JITTER"
          },
          {
            "gps_point_id": "gps-008100",
            "reason": "STATIONARY_JITTER"
          },
          {
            "gps_point_id": "gps-008101",
            "reason": "STATIONARY_JITTER"
          },
          {
            "gps_point_id": "gps-008102",
            "reason": "STATIONARY_JITTER"
          },
          {
            "gps_point_id": "gps-008103",
            "reason": "STATIONARY_JITTER"
          },
          {
            "gps_point_id": "gps-008104",
            "reason": "STATIONARY_JITTER"
          },
          {
            "gps_point_id": "gps-008105",
            "reason": "STATIONARY_JITTER"
          },
          {
            "gps_point_id": "gps-008106",
            "reason": "STATIONARY_JITTER"
          },
          {
            "gps_point_id": "gps-008107",
            "reason": "STATIONARY_JITTER"
          },
          {
            "gps_point_id": "gps-008108",
            "reason": "STATIONARY_JITTER"
          },
          {
            "gps_point_id": "gps-008109",
            "reason": "STATIONARY_JITTER"
          },
          {
            "gps_point_id": "gps-008110",
            "reason": "STATIONARY_JITTER"
          },
          {
            "gps_point_id": "gps-008111",
            "reason": "STATIONARY_JITTER"
          },
          {
            "gps_point_id": "gps-008112",
            "reason": "STATIONARY_JITTER"
          },
          {
            "gps_point_id": "gps-008113",
            "reason": "STATIONARY_JITTER"
          },
          {
            "gps_point_id": "gps-008114",
            "reason": "STATIONARY_JITTER"
          },
          {
            "gps_point_id": "gps-008115",
            "reason": "STATIONARY_JITTER"
          },
          {
            "gps_point_id": "gps-008116",
            "reason": "STATIONARY_JITTER"
          },
          {
            "gps_point_id": "gps-008117",
            "reason": "STATIONARY_JITTER"
          },
          {
            "gps_point_id": "gps-008119",
            "reason": "STATIONARY_JITTER"
          },
          {
            "gps_point_id": "gps-008120",
            "reason": "STATIONARY_JITTER"
          },
          {
            "gps_point_id": "gps-008122",
            "reason": "STATIONARY_JITTER"
          },
          {
            "gps_point_id": "gps-008123",
            "reason": "STATIONARY_JITTER"
          },
          {
            "gps_point_id": "gps-008124",
            "reason": "STATIONARY_JITTER"
          },
          {
            "gps_point_id": "gps-008125",
            "reason": "STATIONARY_JITTER"
          },
          {
            "gps_point_id": "gps-008126",
            "reason": "STATIONARY_JITTER"
          },
          {
            "gps_point_id": "gps-008127",
            "reason": "STATIONARY_JITTER"
          },
          {
            "gps_point_id": "gps-008128",
            "reason": "STATIONARY_JITTER"
          },
          {
            "gps_point_id": "gps-008129",
            "reason": "STATIONARY_JITTER"
          },
          {
            "gps_point_id": "gps-008130",
            "reason": "STATIONARY_JITTER"
          },
          {
            "gps_point_id": "gps-008131",
            "reason": "STATIONARY_JITTER"
          },
          {
            "gps_point_id": "gps-008132",
            "reason": "STATIONARY_JITTER"
          },
          {
            "gps_point_id": "gps-008133",
            "reason": "STATIONARY_JITTER"
          },
          {
            "gps_point_id": "gps-008134",
            "reason": "STATIONARY_JITTER"
          },
          {
            "gps_point_id": "gps-008135",
            "reason": "STATIONARY_JITTER"
          },
          {
            "gps_point_id": "gps-008136",
            "reason": "STATIONARY_JITTER"
          },
          {
            "gps_point_id": "gps-008137",
            "reason": "STATIONARY_JITTER"
          },
          {
            "gps_point_id": "gps-008138",
            "reason": "STATIONARY_JITTER"
          },
          {
            "gps_point_id": "gps-008139",
            "reason": "STATIONARY_JITTER"
          },
          {
            "gps_point_id": "gps-008140",
            "reason": "STATIONARY_JITTER"
          },
          {
            "gps_point_id": "gps-008141",
            "reason": "STATIONARY_JITTER"
          },
          {
            "gps_point_id": "gps-008142",
            "reason": "STATIONARY_JITTER"
          },
          {
            "gps_point_id": "gps-008143",
            "reason": "STATIONARY_JITTER"
          },
          {
            "gps_point_id": "gps-008144",
            "reason": "STATIONARY_JITTER"
          },
          {
            "gps_point_id": "gps-008145",
            "reason": "STATIONARY_JITTER"
          },
          {
            "gps_point_id": "gps-008146",
            "reason": "STATIONARY_JITTER"
          },
          {
            "gps_point_id": "gps-008147",
            "reason": "STATIONARY_JITTER"
          },
          {
            "gps_point_id": "gps-008148",
            "reason": "STATIONARY_JITTER"
          },
          {
            "gps_point_id": "gps-008149",
            "reason": "STATIONARY_JITTER"
          },
          {
            "gps_point_id": "gps-008150",
            "reason": "STATIONARY_JITTER"
          },
          {
            "gps_point_id": "gps-008151",
            "reason": "STATIONARY_JITTER"
          },
          {
            "gps_point_id": "gps-008152",
            "reason": "STATIONARY_JITTER"
          },
          {
            "gps_point_id": "gps-008153",
            "reason": "STATIONARY_JITTER"
          },
          {
            "gps_point_id": "gps-008154",
            "reason": "STATIONARY_JITTER"
          },
          {
            "gps_point_id": "gps-008155",
            "reason": "STATIONARY_JITTER"
          },
          {
            "gps_point_id": "gps-008156",
            "reason": "STATIONARY_JITTER"
          },
          {
            "gps_point_id": "gps-008157",
            "reason": "STATIONARY_JITTER"
          },
          {
            "gps_point_id": "gps-008158",
            "reason": "STATIONARY_JITTER"
          },
          {
            "gps_point_id": "gps-008159",
            "reason": "STATIONARY_JITTER"
          },
          {
            "gps_point_id": "gps-008160",
            "reason": "STATIONARY_JITTER"
          },
          {
            "gps_point_id": "gps-008161",
            "reason": "STATIONARY_JITTER"
          },
          {
            "gps_point_id": "gps-008162",
            "reason": "STATIONARY_JITTER"
          },
          {
            "gps_point_id": "gps-008163",
            "reason": "STATIONARY_JITTER"
          },
          {
            "gps_point_id": "gps-008164",
            "reason": "STATIONARY_JITTER"
          },
          {
            "gps_point_id": "gps-008165",
            "reason": "STATIONARY_JITTER"
          },
          {
            "gps_point_id": "gps-008166",
            "reason": "STATIONARY_JITTER"
          },
          {
            "gps_point_id": "gps-008167",
            "reason": "STATIONARY_JITTER"
          },
          {
            "gps_point_id": "gps-008168",
            "reason": "STATIONARY_JITTER"
          },
          {
            "gps_point_id": "gps-008169",
            "reason": "STATIONARY_JITTER"
          },
          {
            "gps_point_id": "gps-008170",
            "reason": "STATIONARY_JITTER"
          },
          {
            "gps_point_id": "gps-008171",
            "reason": "STATIONARY_JITTER"
          },
          {
            "gps_point_id": "gps-008172",
            "reason": "STATIONARY_JITTER"
          },
          {
            "gps_point_id": "gps-008173",
            "reason": "STATIONARY_JITTER"
          },
          {
            "gps_point_id": "gps-008174",
            "reason": "STATIONARY_JITTER"
          },
          {
            "gps_point_id": "gps-008175",
            "reason": "STATIONARY_JITTER"
          },
          {
            "gps_point_id": "gps-008176",
            "reason": "STATIONARY_JITTER"
          },
          {
            "gps_point_id": "gps-008177",
            "reason": "STATIONARY_JITTER"
          },
          {
            "gps_point_id": "gps-008178",
            "reason": "STATIONARY_JITTER"
          },
          {
            "gps_point_id": "gps-008179",
            "reason": "STATIONARY_JITTER"
          },
          {
            "gps_point_id": "gps-008180",
            "reason": "STATIONARY_JITTER"
          },
          {
            "gps_point_id": "gps-008181",
            "reason": "STATIONARY_JITTER"
          },
          {
            "gps_point_id": "gps-008182",
            "reason": "STATIONARY_JITTER"
          },
          {
            "gps_point_id": "gps-008183",
            "reason": "STATIONARY_JITTER"
          },
          {
            "gps_point_id": "gps-008184",
            "reason": "STATIONARY_JITTER"
          },
          {
            "gps_point_id": "gps-008185",
            "reason": "STATIONARY_JITTER"
          },
          {
            "gps_point_id": "gps-008186",
            "reason": "STATIONARY_JITTER"
          },
          {
            "gps_point_id": "gps-008187",
            "reason": "STATIONARY_JITTER"
          },
          {
            "gps_point_id": "gps-008188",
            "reason": "STATIONARY_JITTER"
          },
          {
            "gps_point_id": "gps-008189",
            "reason": "STATIONARY_JITTER"
          },
          {
            "gps_point_id": "gps-008190",
            "reason": "STATIONARY_JITTER"
          },
          {
            "gps_point_id": "gps-007365",
            "reason": "DISPLAY_SIMPLIFICATION"
          },
          {
            "gps_point_id": "gps-007421",
            "reason": "DISPLAY_SIMPLIFICATION"
          },
          {
            "gps_point_id": "gps-007424",
            "reason": "DISPLAY_SIMPLIFICATION"
          },
          {
            "gps_point_id": "gps-007456",
            "reason": "DISPLAY_SIMPLIFICATION"
          },
          {
            "gps_point_id": "gps-007459",
            "reason": "DISPLAY_SIMPLIFICATION"
          },
          {
            "gps_point_id": "gps-007493",
            "reason": "DISPLAY_SIMPLIFICATION"
          },
          {
            "gps_point_id": "gps-007520",
            "reason": "DISPLAY_SIMPLIFICATION"
          },
          {
            "gps_point_id": "gps-007544",
            "reason": "DISPLAY_SIMPLIFICATION"
          },
          {
            "gps_point_id": "gps-007556",
            "reason": "DISPLAY_SIMPLIFICATION"
          },
          {
            "gps_point_id": "gps-007598",
            "reason": "DISPLAY_SIMPLIFICATION"
          },
          {
            "gps_point_id": "gps-007683",
            "reason": "DISPLAY_SIMPLIFICATION"
          },
          {
            "gps_point_id": "gps-007698",
            "reason": "DISPLAY_SIMPLIFICATION"
          },
          {
            "gps_point_id": "gps-007790",
            "reason": "DISPLAY_SIMPLIFICATION"
          },
          {
            "gps_point_id": "gps-007802",
            "reason": "DISPLAY_SIMPLIFICATION"
          },
          {
            "gps_point_id": "gps-007803",
            "reason": "DISPLAY_SIMPLIFICATION"
          },
          {
            "gps_point_id": "gps-007826",
            "reason": "DISPLAY_SIMPLIFICATION"
          },
          {
            "gps_point_id": "gps-007837",
            "reason": "DISPLAY_SIMPLIFICATION"
          },
          {
            "gps_point_id": "gps-007912",
            "reason": "DISPLAY_SIMPLIFICATION"
          },
          {
            "gps_point_id": "gps-008011",
            "reason": "DISPLAY_SIMPLIFICATION"
          },
          {
            "gps_point_id": "gps-008025",
            "reason": "DISPLAY_SIMPLIFICATION"
          },
          {
            "gps_point_id": "gps-008118",
            "reason": "DISPLAY_SIMPLIFICATION"
          }
        ],
        "derivation_rules": {
          "max_accuracy_m": 40,
          "stationary_spacing_m": 1.5,
          "one_point_spike_leg_m": 8,
          "rdp_tolerance_m": 2.5
        },
        "raw_gps_preserved": true,
        "source_evidence_modified": false,
        "no_artificial_relocation_connector": true,
        "presentation_only": true,
        "limitation": "CLEANED CUSTOMER DISPLAY WALK - RAW PHONE GPS REMAINS CONTROLLING EVIDENCE AND IS NOT SURVEY-GRADE"
      }
    },
    {
      "type": "Feature",
      "id": "DISPLAY-WALK-007",
      "geometry": {
        "type": "LineString",
        "coordinates": [
          [
            -87.0924364855527,
            30.488985885658746
          ],
          [
            -87.09241197113063,
            30.489013762057475
          ],
          [
            -87.0923509991561,
            30.488943541125323
          ],
          [
            -87.0922857462822,
            30.488795248062093
          ],
          [
            -87.09228113898178,
            30.488673943774298
          ],
          [
            -87.09216181674128,
            30.488744344392877
          ],
          [
            -87.09211697671482,
            30.488980882887432
          ],
          [
            -87.09208951208733,
            30.489210813014584
          ],
          [
            -87.09212277603481,
            30.489207861574528
          ],
          [
            -87.09209371752306,
            30.489167018318934
          ],
          [
            -87.09212185472666,
            30.489160113180095
          ],
          [
            -87.09218856310265,
            30.489219626758924
          ],
          [
            -87.0921634990063,
            30.48931007352882
          ],
          [
            -87.09213830227755,
            30.489341409356136
          ],
          [
            -87.09211728604114,
            30.489313517485535
          ],
          [
            -87.09206381264754,
            30.489382624533103
          ],
          [
            -87.09188100244548,
            30.48940990536182
          ],
          [
            -87.09196341250477,
            30.489382002885097
          ]
        ]
      },
      "properties": {
        "record_type": "derived_customer_display_walk",
        "inspection_date": "2026-08-07",
        "source_route_segment_index": 6,
        "source_start_time": "2026-08-07T14:42:57.999Z",
        "source_end_time": "2026-08-07T15:13:29.999Z",
        "source_point_count": 982,
        "display_point_count": 18,
        "retained_source_point_ids": [
          "gps-008192",
          "gps-008202",
          "gps-008267",
          "gps-008382",
          "gps-008607",
          "gps-008765",
          "gps-008827",
          "gps-008859",
          "gps-008863",
          "gps-008928",
          "gps-008933",
          "gps-008981",
          "gps-008984",
          "gps-008985",
          "gps-008986",
          "gps-008994",
          "gps-009001",
          "gps-009176"
        ],
        "suppressed_source_points": [
          {
            "gps_point_id": "gps-008826",
            "reason": "POOR_ACCURACY"
          },
          {
            "gps_point_id": "gps-008982",
            "reason": "POOR_ACCURACY"
          },
          {
            "gps_point_id": "gps-008193",
            "reason": "STATIONARY_JITTER"
          },
          {
            "gps_point_id": "gps-008194",
            "reason": "STATIONARY_JITTER"
          },
          {
            "gps_point_id": "gps-008195",
            "reason": "STATIONARY_JITTER"
          },
          {
            "gps_point_id": "gps-008196",
            "reason": "STATIONARY_JITTER"
          },
          {
            "gps_point_id": "gps-008197",
            "reason": "STATIONARY_JITTER"
          },
          {
            "gps_point_id": "gps-008198",
            "reason": "STATIONARY_JITTER"
          },
          {
            "gps_point_id": "gps-008199",
            "reason": "STATIONARY_JITTER"
          },
          {
            "gps_point_id": "gps-008200",
            "reason": "STATIONARY_JITTER"
          },
          {
            "gps_point_id": "gps-008201",
            "reason": "STATIONARY_JITTER"
          },
          {
            "gps_point_id": "gps-008203",
            "reason": "STATIONARY_JITTER"
          },
          {
            "gps_point_id": "gps-008204",
            "reason": "STATIONARY_JITTER"
          },
          {
            "gps_point_id": "gps-008205",
            "reason": "STATIONARY_JITTER"
          },
          {
            "gps_point_id": "gps-008206",
            "reason": "STATIONARY_JITTER"
          },
          {
            "gps_point_id": "gps-008208",
            "reason": "STATIONARY_JITTER"
          },
          {
            "gps_point_id": "gps-008209",
            "reason": "STATIONARY_JITTER"
          },
          {
            "gps_point_id": "gps-008210",
            "reason": "STATIONARY_JITTER"
          },
          {
            "gps_point_id": "gps-008211",
            "reason": "STATIONARY_JITTER"
          },
          {
            "gps_point_id": "gps-008212",
            "reason": "STATIONARY_JITTER"
          },
          {
            "gps_point_id": "gps-008213",
            "reason": "STATIONARY_JITTER"
          },
          {
            "gps_point_id": "gps-008214",
            "reason": "STATIONARY_JITTER"
          },
          {
            "gps_point_id": "gps-008215",
            "reason": "STATIONARY_JITTER"
          },
          {
            "gps_point_id": "gps-008216",
            "reason": "STATIONARY_JITTER"
          },
          {
            "gps_point_id": "gps-008217",
            "reason": "STATIONARY_JITTER"
          },
          {
            "gps_point_id": "gps-008218",
            "reason": "STATIONARY_JITTER"
          },
          {
            "gps_point_id": "gps-008219",
            "reason": "STATIONARY_JITTER"
          },
          {
            "gps_point_id": "gps-008220",
            "reason": "STATIONARY_JITTER"
          },
          {
            "gps_point_id": "gps-008221",
            "reason": "STATIONARY_JITTER"
          },
          {
            "gps_point_id": "gps-008222",
            "reason": "STATIONARY_JITTER"
          },
          {
            "gps_point_id": "gps-008223",
            "reason": "STATIONARY_JITTER"
          },
          {
            "gps_point_id": "gps-008224",
            "reason": "STATIONARY_JITTER"
          },
          {
            "gps_point_id": "gps-008225",
            "reason": "STATIONARY_JITTER"
          },
          {
            "gps_point_id": "gps-008226",
            "reason": "STATIONARY_JITTER"
          },
          {
            "gps_point_id": "gps-008227",
            "reason": "STATIONARY_JITTER"
          },
          {
            "gps_point_id": "gps-008228",
            "reason": "STATIONARY_JITTER"
          },
          {
            "gps_point_id": "gps-008229",
            "reason": "STATIONARY_JITTER"
          },
          {
            "gps_point_id": "gps-008230",
            "reason": "STATIONARY_JITTER"
          },
          {
            "gps_point_id": "gps-008231",
            "reason": "STATIONARY_JITTER"
          },
          {
            "gps_point_id": "gps-008232",
            "reason": "STATIONARY_JITTER"
          },
          {
            "gps_point_id": "gps-008233",
            "reason": "STATIONARY_JITTER"
          },
          {
            "gps_point_id": "gps-008234",
            "reason": "STATIONARY_JITTER"
          },
          {
            "gps_point_id": "gps-008235",
            "reason": "STATIONARY_JITTER"
          },
          {
            "gps_point_id": "gps-008236",
            "reason": "STATIONARY_JITTER"
          },
          {
            "gps_point_id": "gps-008237",
            "reason": "STATIONARY_JITTER"
          },
          {
            "gps_point_id": "gps-008238",
            "reason": "STATIONARY_JITTER"
          },
          {
            "gps_point_id": "gps-008239",
            "reason": "STATIONARY_JITTER"
          },
          {
            "gps_point_id": "gps-008240",
            "reason": "STATIONARY_JITTER"
          },
          {
            "gps_point_id": "gps-008241",
            "reason": "STATIONARY_JITTER"
          },
          {
            "gps_point_id": "gps-008242",
            "reason": "STATIONARY_JITTER"
          },
          {
            "gps_point_id": "gps-008243",
            "reason": "STATIONARY_JITTER"
          },
          {
            "gps_point_id": "gps-008244",
            "reason": "STATIONARY_JITTER"
          },
          {
            "gps_point_id": "gps-008245",
            "reason": "STATIONARY_JITTER"
          },
          {
            "gps_point_id": "gps-008246",
            "reason": "STATIONARY_JITTER"
          },
          {
            "gps_point_id": "gps-008247",
            "reason": "STATIONARY_JITTER"
          },
          {
            "gps_point_id": "gps-008248",
            "reason": "STATIONARY_JITTER"
          },
          {
            "gps_point_id": "gps-008249",
            "reason": "STATIONARY_JITTER"
          },
          {
            "gps_point_id": "gps-008250",
            "reason": "STATIONARY_JITTER"
          },
          {
            "gps_point_id": "gps-008251",
            "reason": "STATIONARY_JITTER"
          },
          {
            "gps_point_id": "gps-008252",
            "reason": "STATIONARY_JITTER"
          },
          {
            "gps_point_id": "gps-008253",
            "reason": "STATIONARY_JITTER"
          },
          {
            "gps_point_id": "gps-008254",
            "reason": "STATIONARY_JITTER"
          },
          {
            "gps_point_id": "gps-008255",
            "reason": "STATIONARY_JITTER"
          },
          {
            "gps_point_id": "gps-008256",
            "reason": "STATIONARY_JITTER"
          },
          {
            "gps_point_id": "gps-008257",
            "reason": "STATIONARY_JITTER"
          },
          {
            "gps_point_id": "gps-008258",
            "reason": "STATIONARY_JITTER"
          },
          {
            "gps_point_id": "gps-008259",
            "reason": "STATIONARY_JITTER"
          },
          {
            "gps_point_id": "gps-008260",
            "reason": "STATIONARY_JITTER"
          },
          {
            "gps_point_id": "gps-008262",
            "reason": "STATIONARY_JITTER"
          },
          {
            "gps_point_id": "gps-008263",
            "reason": "STATIONARY_JITTER"
          },
          {
            "gps_point_id": "gps-008264",
            "reason": "STATIONARY_JITTER"
          },
          {
            "gps_point_id": "gps-008265",
            "reason": "STATIONARY_JITTER"
          },
          {
            "gps_point_id": "gps-008266",
            "reason": "STATIONARY_JITTER"
          },
          {
            "gps_point_id": "gps-008268",
            "reason": "STATIONARY_JITTER"
          },
          {
            "gps_point_id": "gps-008269",
            "reason": "STATIONARY_JITTER"
          },
          {
            "gps_point_id": "gps-008270",
            "reason": "STATIONARY_JITTER"
          },
          {
            "gps_point_id": "gps-008271",
            "reason": "STATIONARY_JITTER"
          },
          {
            "gps_point_id": "gps-008272",
            "reason": "STATIONARY_JITTER"
          },
          {
            "gps_point_id": "gps-008273",
            "reason": "STATIONARY_JITTER"
          },
          {
            "gps_point_id": "gps-008274",
            "reason": "STATIONARY_JITTER"
          },
          {
            "gps_point_id": "gps-008275",
            "reason": "STATIONARY_JITTER"
          },
          {
            "gps_point_id": "gps-008276",
            "reason": "STATIONARY_JITTER"
          },
          {
            "gps_point_id": "gps-008277",
            "reason": "STATIONARY_JITTER"
          },
          {
            "gps_point_id": "gps-008278",
            "reason": "STATIONARY_JITTER"
          },
          {
            "gps_point_id": "gps-008279",
            "reason": "STATIONARY_JITTER"
          },
          {
            "gps_point_id": "gps-008280",
            "reason": "STATIONARY_JITTER"
          },
          {
            "gps_point_id": "gps-008281",
            "reason": "STATIONARY_JITTER"
          },
          {
            "gps_point_id": "gps-008282",
            "reason": "STATIONARY_JITTER"
          },
          {
            "gps_point_id": "gps-008283",
            "reason": "STATIONARY_JITTER"
          },
          {
            "gps_point_id": "gps-008284",
            "reason": "STATIONARY_JITTER"
          },
          {
            "gps_point_id": "gps-008285",
            "reason": "STATIONARY_JITTER"
          },
          {
            "gps_point_id": "gps-008286",
            "reason": "STATIONARY_JITTER"
          },
          {
            "gps_point_id": "gps-008287",
            "reason": "STATIONARY_JITTER"
          },
          {
            "gps_point_id": "gps-008288",
            "reason": "STATIONARY_JITTER"
          },
          {
            "gps_point_id": "gps-008289",
            "reason": "STATIONARY_JITTER"
          },
          {
            "gps_point_id": "gps-008290",
            "reason": "STATIONARY_JITTER"
          },
          {
            "gps_point_id": "gps-008291",
            "reason": "STATIONARY_JITTER"
          },
          {
            "gps_point_id": "gps-008292",
            "reason": "STATIONARY_JITTER"
          },
          {
            "gps_point_id": "gps-008293",
            "reason": "STATIONARY_JITTER"
          },
          {
            "gps_point_id": "gps-008294",
            "reason": "STATIONARY_JITTER"
          },
          {
            "gps_point_id": "gps-008295",
            "reason": "STATIONARY_JITTER"
          },
          {
            "gps_point_id": "gps-008296",
            "reason": "STATIONARY_JITTER"
          },
          {
            "gps_point_id": "gps-008297",
            "reason": "STATIONARY_JITTER"
          },
          {
            "gps_point_id": "gps-008298",
            "reason": "STATIONARY_JITTER"
          },
          {
            "gps_point_id": "gps-008299",
            "reason": "STATIONARY_JITTER"
          },
          {
            "gps_point_id": "gps-008300",
            "reason": "STATIONARY_JITTER"
          },
          {
            "gps_point_id": "gps-008301",
            "reason": "STATIONARY_JITTER"
          },
          {
            "gps_point_id": "gps-008302",
            "reason": "STATIONARY_JITTER"
          },
          {
            "gps_point_id": "gps-008303",
            "reason": "STATIONARY_JITTER"
          },
          {
            "gps_point_id": "gps-008304",
            "reason": "STATIONARY_JITTER"
          },
          {
            "gps_point_id": "gps-008305",
            "reason": "STATIONARY_JITTER"
          },
          {
            "gps_point_id": "gps-008306",
            "reason": "STATIONARY_JITTER"
          },
          {
            "gps_point_id": "gps-008307",
            "reason": "STATIONARY_JITTER"
          },
          {
            "gps_point_id": "gps-008308",
            "reason": "STATIONARY_JITTER"
          },
          {
            "gps_point_id": "gps-008309",
            "reason": "STATIONARY_JITTER"
          },
          {
            "gps_point_id": "gps-008310",
            "reason": "STATIONARY_JITTER"
          },
          {
            "gps_point_id": "gps-008311",
            "reason": "STATIONARY_JITTER"
          },
          {
            "gps_point_id": "gps-008312",
            "reason": "STATIONARY_JITTER"
          },
          {
            "gps_point_id": "gps-008313",
            "reason": "STATIONARY_JITTER"
          },
          {
            "gps_point_id": "gps-008314",
            "reason": "STATIONARY_JITTER"
          },
          {
            "gps_point_id": "gps-008315",
            "reason": "STATIONARY_JITTER"
          },
          {
            "gps_point_id": "gps-008316",
            "reason": "STATIONARY_JITTER"
          },
          {
            "gps_point_id": "gps-008317",
            "reason": "STATIONARY_JITTER"
          },
          {
            "gps_point_id": "gps-008318",
            "reason": "STATIONARY_JITTER"
          },
          {
            "gps_point_id": "gps-008319",
            "reason": "STATIONARY_JITTER"
          },
          {
            "gps_point_id": "gps-008320",
            "reason": "STATIONARY_JITTER"
          },
          {
            "gps_point_id": "gps-008321",
            "reason": "STATIONARY_JITTER"
          },
          {
            "gps_point_id": "gps-008322",
            "reason": "STATIONARY_JITTER"
          },
          {
            "gps_point_id": "gps-008323",
            "reason": "STATIONARY_JITTER"
          },
          {
            "gps_point_id": "gps-008324",
            "reason": "STATIONARY_JITTER"
          },
          {
            "gps_point_id": "gps-008325",
            "reason": "STATIONARY_JITTER"
          },
          {
            "gps_point_id": "gps-008326",
            "reason": "STATIONARY_JITTER"
          },
          {
            "gps_point_id": "gps-008327",
            "reason": "STATIONARY_JITTER"
          },
          {
            "gps_point_id": "gps-008328",
            "reason": "STATIONARY_JITTER"
          },
          {
            "gps_point_id": "gps-008329",
            "reason": "STATIONARY_JITTER"
          },
          {
            "gps_point_id": "gps-008330",
            "reason": "STATIONARY_JITTER"
          },
          {
            "gps_point_id": "gps-008331",
            "reason": "STATIONARY_JITTER"
          },
          {
            "gps_point_id": "gps-008332",
            "reason": "STATIONARY_JITTER"
          },
          {
            "gps_point_id": "gps-008333",
            "reason": "STATIONARY_JITTER"
          },
          {
            "gps_point_id": "gps-008334",
            "reason": "STATIONARY_JITTER"
          },
          {
            "gps_point_id": "gps-008335",
            "reason": "STATIONARY_JITTER"
          },
          {
            "gps_point_id": "gps-008336",
            "reason": "STATIONARY_JITTER"
          },
          {
            "gps_point_id": "gps-008337",
            "reason": "STATIONARY_JITTER"
          },
          {
            "gps_point_id": "gps-008338",
            "reason": "STATIONARY_JITTER"
          },
          {
            "gps_point_id": "gps-008339",
            "reason": "STATIONARY_JITTER"
          },
          {
            "gps_point_id": "gps-008340",
            "reason": "STATIONARY_JITTER"
          },
          {
            "gps_point_id": "gps-008341",
            "reason": "STATIONARY_JITTER"
          },
          {
            "gps_point_id": "gps-008342",
            "reason": "STATIONARY_JITTER"
          },
          {
            "gps_point_id": "gps-008343",
            "reason": "STATIONARY_JITTER"
          },
          {
            "gps_point_id": "gps-008344",
            "reason": "STATIONARY_JITTER"
          },
          {
            "gps_point_id": "gps-008345",
            "reason": "STATIONARY_JITTER"
          },
          {
            "gps_point_id": "gps-008346",
            "reason": "STATIONARY_JITTER"
          },
          {
            "gps_point_id": "gps-008347",
            "reason": "STATIONARY_JITTER"
          },
          {
            "gps_point_id": "gps-008348",
            "reason": "STATIONARY_JITTER"
          },
          {
            "gps_point_id": "gps-008349",
            "reason": "STATIONARY_JITTER"
          },
          {
            "gps_point_id": "gps-008350",
            "reason": "STATIONARY_JITTER"
          },
          {
            "gps_point_id": "gps-008351",
            "reason": "STATIONARY_JITTER"
          },
          {
            "gps_point_id": "gps-008352",
            "reason": "STATIONARY_JITTER"
          },
          {
            "gps_point_id": "gps-008353",
            "reason": "STATIONARY_JITTER"
          },
          {
            "gps_point_id": "gps-008354",
            "reason": "STATIONARY_JITTER"
          },
          {
            "gps_point_id": "gps-008355",
            "reason": "STATIONARY_JITTER"
          },
          {
            "gps_point_id": "gps-008356",
            "reason": "STATIONARY_JITTER"
          },
          {
            "gps_point_id": "gps-008357",
            "reason": "STATIONARY_JITTER"
          },
          {
            "gps_point_id": "gps-008358",
            "reason": "STATIONARY_JITTER"
          },
          {
            "gps_point_id": "gps-008359",
            "reason": "STATIONARY_JITTER"
          },
          {
            "gps_point_id": "gps-008360",
            "reason": "STATIONARY_JITTER"
          },
          {
            "gps_point_id": "gps-008361",
            "reason": "STATIONARY_JITTER"
          },
          {
            "gps_point_id": "gps-008362",
            "reason": "STATIONARY_JITTER"
          },
          {
            "gps_point_id": "gps-008363",
            "reason": "STATIONARY_JITTER"
          },
          {
            "gps_point_id": "gps-008364",
            "reason": "STATIONARY_JITTER"
          },
          {
            "gps_point_id": "gps-008365",
            "reason": "STATIONARY_JITTER"
          },
          {
            "gps_point_id": "gps-008366",
            "reason": "STATIONARY_JITTER"
          },
          {
            "gps_point_id": "gps-008367",
            "reason": "STATIONARY_JITTER"
          },
          {
            "gps_point_id": "gps-008368",
            "reason": "STATIONARY_JITTER"
          },
          {
            "gps_point_id": "gps-008369",
            "reason": "STATIONARY_JITTER"
          },
          {
            "gps_point_id": "gps-008370",
            "reason": "STATIONARY_JITTER"
          },
          {
            "gps_point_id": "gps-008371",
            "reason": "STATIONARY_JITTER"
          },
          {
            "gps_point_id": "gps-008372",
            "reason": "STATIONARY_JITTER"
          },
          {
            "gps_point_id": "gps-008373",
            "reason": "STATIONARY_JITTER"
          },
          {
            "gps_point_id": "gps-008374",
            "reason": "STATIONARY_JITTER"
          },
          {
            "gps_point_id": "gps-008375",
            "reason": "STATIONARY_JITTER"
          },
          {
            "gps_point_id": "gps-008376",
            "reason": "STATIONARY_JITTER"
          },
          {
            "gps_point_id": "gps-008377",
            "reason": "STATIONARY_JITTER"
          },
          {
            "gps_point_id": "gps-008378",
            "reason": "STATIONARY_JITTER"
          },
          {
            "gps_point_id": "gps-008379",
            "reason": "STATIONARY_JITTER"
          },
          {
            "gps_point_id": "gps-008380",
            "reason": "STATIONARY_JITTER"
          },
          {
            "gps_point_id": "gps-008381",
            "reason": "STATIONARY_JITTER"
          },
          {
            "gps_point_id": "gps-008383",
            "reason": "STATIONARY_JITTER"
          },
          {
            "gps_point_id": "gps-008384",
            "reason": "STATIONARY_JITTER"
          },
          {
            "gps_point_id": "gps-008385",
            "reason": "STATIONARY_JITTER"
          },
          {
            "gps_point_id": "gps-008386",
            "reason": "STATIONARY_JITTER"
          },
          {
            "gps_point_id": "gps-008387",
            "reason": "STATIONARY_JITTER"
          },
          {
            "gps_point_id": "gps-008388",
            "reason": "STATIONARY_JITTER"
          },
          {
            "gps_point_id": "gps-008389",
            "reason": "STATIONARY_JITTER"
          },
          {
            "gps_point_id": "gps-008390",
            "reason": "STATIONARY_JITTER"
          },
          {
            "gps_point_id": "gps-008391",
            "reason": "STATIONARY_JITTER"
          },
          {
            "gps_point_id": "gps-008392",
            "reason": "STATIONARY_JITTER"
          },
          {
            "gps_point_id": "gps-008393",
            "reason": "STATIONARY_JITTER"
          },
          {
            "gps_point_id": "gps-008394",
            "reason": "STATIONARY_JITTER"
          },
          {
            "gps_point_id": "gps-008395",
            "reason": "STATIONARY_JITTER"
          },
          {
            "gps_point_id": "gps-008396",
            "reason": "STATIONARY_JITTER"
          },
          {
            "gps_point_id": "gps-008397",
            "reason": "STATIONARY_JITTER"
          },
          {
            "gps_point_id": "gps-008398",
            "reason": "STATIONARY_JITTER"
          },
          {
            "gps_point_id": "gps-008399",
            "reason": "STATIONARY_JITTER"
          },
          {
            "gps_point_id": "gps-008400",
            "reason": "STATIONARY_JITTER"
          },
          {
            "gps_point_id": "gps-008401",
            "reason": "STATIONARY_JITTER"
          },
          {
            "gps_point_id": "gps-008402",
            "reason": "STATIONARY_JITTER"
          },
          {
            "gps_point_id": "gps-008403",
            "reason": "STATIONARY_JITTER"
          },
          {
            "gps_point_id": "gps-008404",
            "reason": "STATIONARY_JITTER"
          },
          {
            "gps_point_id": "gps-008405",
            "reason": "STATIONARY_JITTER"
          },
          {
            "gps_point_id": "gps-008406",
            "reason": "STATIONARY_JITTER"
          },
          {
            "gps_point_id": "gps-008407",
            "reason": "STATIONARY_JITTER"
          },
          {
            "gps_point_id": "gps-008408",
            "reason": "STATIONARY_JITTER"
          },
          {
            "gps_point_id": "gps-008409",
            "reason": "STATIONARY_JITTER"
          },
          {
            "gps_point_id": "gps-008410",
            "reason": "STATIONARY_JITTER"
          },
          {
            "gps_point_id": "gps-008411",
            "reason": "STATIONARY_JITTER"
          },
          {
            "gps_point_id": "gps-008412",
            "reason": "STATIONARY_JITTER"
          },
          {
            "gps_point_id": "gps-008413",
            "reason": "STATIONARY_JITTER"
          },
          {
            "gps_point_id": "gps-008414",
            "reason": "STATIONARY_JITTER"
          },
          {
            "gps_point_id": "gps-008415",
            "reason": "STATIONARY_JITTER"
          },
          {
            "gps_point_id": "gps-008416",
            "reason": "STATIONARY_JITTER"
          },
          {
            "gps_point_id": "gps-008417",
            "reason": "STATIONARY_JITTER"
          },
          {
            "gps_point_id": "gps-008418",
            "reason": "STATIONARY_JITTER"
          },
          {
            "gps_point_id": "gps-008419",
            "reason": "STATIONARY_JITTER"
          },
          {
            "gps_point_id": "gps-008420",
            "reason": "STATIONARY_JITTER"
          },
          {
            "gps_point_id": "gps-008421",
            "reason": "STATIONARY_JITTER"
          },
          {
            "gps_point_id": "gps-008422",
            "reason": "STATIONARY_JITTER"
          },
          {
            "gps_point_id": "gps-008423",
            "reason": "STATIONARY_JITTER"
          },
          {
            "gps_point_id": "gps-008424",
            "reason": "STATIONARY_JITTER"
          },
          {
            "gps_point_id": "gps-008425",
            "reason": "STATIONARY_JITTER"
          },
          {
            "gps_point_id": "gps-008426",
            "reason": "STATIONARY_JITTER"
          },
          {
            "gps_point_id": "gps-008427",
            "reason": "STATIONARY_JITTER"
          },
          {
            "gps_point_id": "gps-008428",
            "reason": "STATIONARY_JITTER"
          },
          {
            "gps_point_id": "gps-008429",
            "reason": "STATIONARY_JITTER"
          },
          {
            "gps_point_id": "gps-008430",
            "reason": "STATIONARY_JITTER"
          },
          {
            "gps_point_id": "gps-008431",
            "reason": "STATIONARY_JITTER"
          },
          {
            "gps_point_id": "gps-008432",
            "reason": "STATIONARY_JITTER"
          },
          {
            "gps_point_id": "gps-008433",
            "reason": "STATIONARY_JITTER"
          },
          {
            "gps_point_id": "gps-008434",
            "reason": "STATIONARY_JITTER"
          },
          {
            "gps_point_id": "gps-008435",
            "reason": "STATIONARY_JITTER"
          },
          {
            "gps_point_id": "gps-008436",
            "reason": "STATIONARY_JITTER"
          },
          {
            "gps_point_id": "gps-008437",
            "reason": "STATIONARY_JITTER"
          },
          {
            "gps_point_id": "gps-008438",
            "reason": "STATIONARY_JITTER"
          },
          {
            "gps_point_id": "gps-008439",
            "reason": "STATIONARY_JITTER"
          },
          {
            "gps_point_id": "gps-008440",
            "reason": "STATIONARY_JITTER"
          },
          {
            "gps_point_id": "gps-008441",
            "reason": "STATIONARY_JITTER"
          },
          {
            "gps_point_id": "gps-008442",
            "reason": "STATIONARY_JITTER"
          },
          {
            "gps_point_id": "gps-008443",
            "reason": "STATIONARY_JITTER"
          },
          {
            "gps_point_id": "gps-008444",
            "reason": "STATIONARY_JITTER"
          },
          {
            "gps_point_id": "gps-008445",
            "reason": "STATIONARY_JITTER"
          },
          {
            "gps_point_id": "gps-008446",
            "reason": "STATIONARY_JITTER"
          },
          {
            "gps_point_id": "gps-008447",
            "reason": "STATIONARY_JITTER"
          },
          {
            "gps_point_id": "gps-008448",
            "reason": "STATIONARY_JITTER"
          },
          {
            "gps_point_id": "gps-008449",
            "reason": "STATIONARY_JITTER"
          },
          {
            "gps_point_id": "gps-008450",
            "reason": "STATIONARY_JITTER"
          },
          {
            "gps_point_id": "gps-008451",
            "reason": "STATIONARY_JITTER"
          },
          {
            "gps_point_id": "gps-008452",
            "reason": "STATIONARY_JITTER"
          },
          {
            "gps_point_id": "gps-008453",
            "reason": "STATIONARY_JITTER"
          },
          {
            "gps_point_id": "gps-008454",
            "reason": "STATIONARY_JITTER"
          },
          {
            "gps_point_id": "gps-008455",
            "reason": "STATIONARY_JITTER"
          },
          {
            "gps_point_id": "gps-008456",
            "reason": "STATIONARY_JITTER"
          },
          {
            "gps_point_id": "gps-008457",
            "reason": "STATIONARY_JITTER"
          },
          {
            "gps_point_id": "gps-008458",
            "reason": "STATIONARY_JITTER"
          },
          {
            "gps_point_id": "gps-008459",
            "reason": "STATIONARY_JITTER"
          },
          {
            "gps_point_id": "gps-008460",
            "reason": "STATIONARY_JITTER"
          },
          {
            "gps_point_id": "gps-008461",
            "reason": "STATIONARY_JITTER"
          },
          {
            "gps_point_id": "gps-008462",
            "reason": "STATIONARY_JITTER"
          },
          {
            "gps_point_id": "gps-008463",
            "reason": "STATIONARY_JITTER"
          },
          {
            "gps_point_id": "gps-008464",
            "reason": "STATIONARY_JITTER"
          },
          {
            "gps_point_id": "gps-008465",
            "reason": "STATIONARY_JITTER"
          },
          {
            "gps_point_id": "gps-008466",
            "reason": "STATIONARY_JITTER"
          },
          {
            "gps_point_id": "gps-008467",
            "reason": "STATIONARY_JITTER"
          },
          {
            "gps_point_id": "gps-008468",
            "reason": "STATIONARY_JITTER"
          },
          {
            "gps_point_id": "gps-008469",
            "reason": "STATIONARY_JITTER"
          },
          {
            "gps_point_id": "gps-008470",
            "reason": "STATIONARY_JITTER"
          },
          {
            "gps_point_id": "gps-008471",
            "reason": "STATIONARY_JITTER"
          },
          {
            "gps_point_id": "gps-008472",
            "reason": "STATIONARY_JITTER"
          },
          {
            "gps_point_id": "gps-008473",
            "reason": "STATIONARY_JITTER"
          },
          {
            "gps_point_id": "gps-008474",
            "reason": "STATIONARY_JITTER"
          },
          {
            "gps_point_id": "gps-008475",
            "reason": "STATIONARY_JITTER"
          },
          {
            "gps_point_id": "gps-008476",
            "reason": "STATIONARY_JITTER"
          },
          {
            "gps_point_id": "gps-008477",
            "reason": "STATIONARY_JITTER"
          },
          {
            "gps_point_id": "gps-008478",
            "reason": "STATIONARY_JITTER"
          },
          {
            "gps_point_id": "gps-008479",
            "reason": "STATIONARY_JITTER"
          },
          {
            "gps_point_id": "gps-008480",
            "reason": "STATIONARY_JITTER"
          },
          {
            "gps_point_id": "gps-008481",
            "reason": "STATIONARY_JITTER"
          },
          {
            "gps_point_id": "gps-008482",
            "reason": "STATIONARY_JITTER"
          },
          {
            "gps_point_id": "gps-008483",
            "reason": "STATIONARY_JITTER"
          },
          {
            "gps_point_id": "gps-008484",
            "reason": "STATIONARY_JITTER"
          },
          {
            "gps_point_id": "gps-008485",
            "reason": "STATIONARY_JITTER"
          },
          {
            "gps_point_id": "gps-008486",
            "reason": "STATIONARY_JITTER"
          },
          {
            "gps_point_id": "gps-008487",
            "reason": "STATIONARY_JITTER"
          },
          {
            "gps_point_id": "gps-008488",
            "reason": "STATIONARY_JITTER"
          },
          {
            "gps_point_id": "gps-008489",
            "reason": "STATIONARY_JITTER"
          },
          {
            "gps_point_id": "gps-008490",
            "reason": "STATIONARY_JITTER"
          },
          {
            "gps_point_id": "gps-008491",
            "reason": "STATIONARY_JITTER"
          },
          {
            "gps_point_id": "gps-008492",
            "reason": "STATIONARY_JITTER"
          },
          {
            "gps_point_id": "gps-008494",
            "reason": "STATIONARY_JITTER"
          },
          {
            "gps_point_id": "gps-008496",
            "reason": "STATIONARY_JITTER"
          },
          {
            "gps_point_id": "gps-008497",
            "reason": "STATIONARY_JITTER"
          },
          {
            "gps_point_id": "gps-008498",
            "reason": "STATIONARY_JITTER"
          },
          {
            "gps_point_id": "gps-008499",
            "reason": "STATIONARY_JITTER"
          },
          {
            "gps_point_id": "gps-008500",
            "reason": "STATIONARY_JITTER"
          },
          {
            "gps_point_id": "gps-008501",
            "reason": "STATIONARY_JITTER"
          },
          {
            "gps_point_id": "gps-008502",
            "reason": "STATIONARY_JITTER"
          },
          {
            "gps_point_id": "gps-008504",
            "reason": "STATIONARY_JITTER"
          },
          {
            "gps_point_id": "gps-008505",
            "reason": "STATIONARY_JITTER"
          },
          {
            "gps_point_id": "gps-008506",
            "reason": "STATIONARY_JITTER"
          },
          {
            "gps_point_id": "gps-008507",
            "reason": "STATIONARY_JITTER"
          },
          {
            "gps_point_id": "gps-008508",
            "reason": "STATIONARY_JITTER"
          },
          {
            "gps_point_id": "gps-008509",
            "reason": "STATIONARY_JITTER"
          },
          {
            "gps_point_id": "gps-008510",
            "reason": "STATIONARY_JITTER"
          },
          {
            "gps_point_id": "gps-008511",
            "reason": "STATIONARY_JITTER"
          },
          {
            "gps_point_id": "gps-008512",
            "reason": "STATIONARY_JITTER"
          },
          {
            "gps_point_id": "gps-008513",
            "reason": "STATIONARY_JITTER"
          },
          {
            "gps_point_id": "gps-008514",
            "reason": "STATIONARY_JITTER"
          },
          {
            "gps_point_id": "gps-008515",
            "reason": "STATIONARY_JITTER"
          },
          {
            "gps_point_id": "gps-008516",
            "reason": "STATIONARY_JITTER"
          },
          {
            "gps_point_id": "gps-008517",
            "reason": "STATIONARY_JITTER"
          },
          {
            "gps_point_id": "gps-008518",
            "reason": "STATIONARY_JITTER"
          },
          {
            "gps_point_id": "gps-008519",
            "reason": "STATIONARY_JITTER"
          },
          {
            "gps_point_id": "gps-008520",
            "reason": "STATIONARY_JITTER"
          },
          {
            "gps_point_id": "gps-008521",
            "reason": "STATIONARY_JITTER"
          },
          {
            "gps_point_id": "gps-008522",
            "reason": "STATIONARY_JITTER"
          },
          {
            "gps_point_id": "gps-008523",
            "reason": "STATIONARY_JITTER"
          },
          {
            "gps_point_id": "gps-008524",
            "reason": "STATIONARY_JITTER"
          },
          {
            "gps_point_id": "gps-008525",
            "reason": "STATIONARY_JITTER"
          },
          {
            "gps_point_id": "gps-008526",
            "reason": "STATIONARY_JITTER"
          },
          {
            "gps_point_id": "gps-008527",
            "reason": "STATIONARY_JITTER"
          },
          {
            "gps_point_id": "gps-008528",
            "reason": "STATIONARY_JITTER"
          },
          {
            "gps_point_id": "gps-008529",
            "reason": "STATIONARY_JITTER"
          },
          {
            "gps_point_id": "gps-008530",
            "reason": "STATIONARY_JITTER"
          },
          {
            "gps_point_id": "gps-008531",
            "reason": "STATIONARY_JITTER"
          },
          {
            "gps_point_id": "gps-008532",
            "reason": "STATIONARY_JITTER"
          },
          {
            "gps_point_id": "gps-008533",
            "reason": "STATIONARY_JITTER"
          },
          {
            "gps_point_id": "gps-008534",
            "reason": "STATIONARY_JITTER"
          },
          {
            "gps_point_id": "gps-008535",
            "reason": "STATIONARY_JITTER"
          },
          {
            "gps_point_id": "gps-008536",
            "reason": "STATIONARY_JITTER"
          },
          {
            "gps_point_id": "gps-008537",
            "reason": "STATIONARY_JITTER"
          },
          {
            "gps_point_id": "gps-008538",
            "reason": "STATIONARY_JITTER"
          },
          {
            "gps_point_id": "gps-008539",
            "reason": "STATIONARY_JITTER"
          },
          {
            "gps_point_id": "gps-008540",
            "reason": "STATIONARY_JITTER"
          },
          {
            "gps_point_id": "gps-008541",
            "reason": "STATIONARY_JITTER"
          },
          {
            "gps_point_id": "gps-008542",
            "reason": "STATIONARY_JITTER"
          },
          {
            "gps_point_id": "gps-008543",
            "reason": "STATIONARY_JITTER"
          },
          {
            "gps_point_id": "gps-008544",
            "reason": "STATIONARY_JITTER"
          },
          {
            "gps_point_id": "gps-008545",
            "reason": "STATIONARY_JITTER"
          },
          {
            "gps_point_id": "gps-008546",
            "reason": "STATIONARY_JITTER"
          },
          {
            "gps_point_id": "gps-008547",
            "reason": "STATIONARY_JITTER"
          },
          {
            "gps_point_id": "gps-008548",
            "reason": "STATIONARY_JITTER"
          },
          {
            "gps_point_id": "gps-008549",
            "reason": "STATIONARY_JITTER"
          },
          {
            "gps_point_id": "gps-008550",
            "reason": "STATIONARY_JITTER"
          },
          {
            "gps_point_id": "gps-008551",
            "reason": "STATIONARY_JITTER"
          },
          {
            "gps_point_id": "gps-008552",
            "reason": "STATIONARY_JITTER"
          },
          {
            "gps_point_id": "gps-008553",
            "reason": "STATIONARY_JITTER"
          },
          {
            "gps_point_id": "gps-008554",
            "reason": "STATIONARY_JITTER"
          },
          {
            "gps_point_id": "gps-008555",
            "reason": "STATIONARY_JITTER"
          },
          {
            "gps_point_id": "gps-008556",
            "reason": "STATIONARY_JITTER"
          },
          {
            "gps_point_id": "gps-008557",
            "reason": "STATIONARY_JITTER"
          },
          {
            "gps_point_id": "gps-008558",
            "reason": "STATIONARY_JITTER"
          },
          {
            "gps_point_id": "gps-008559",
            "reason": "STATIONARY_JITTER"
          },
          {
            "gps_point_id": "gps-008560",
            "reason": "STATIONARY_JITTER"
          },
          {
            "gps_point_id": "gps-008561",
            "reason": "STATIONARY_JITTER"
          },
          {
            "gps_point_id": "gps-008562",
            "reason": "STATIONARY_JITTER"
          },
          {
            "gps_point_id": "gps-008563",
            "reason": "STATIONARY_JITTER"
          },
          {
            "gps_point_id": "gps-008564",
            "reason": "STATIONARY_JITTER"
          },
          {
            "gps_point_id": "gps-008565",
            "reason": "STATIONARY_JITTER"
          },
          {
            "gps_point_id": "gps-008566",
            "reason": "STATIONARY_JITTER"
          },
          {
            "gps_point_id": "gps-008567",
            "reason": "STATIONARY_JITTER"
          },
          {
            "gps_point_id": "gps-008568",
            "reason": "STATIONARY_JITTER"
          },
          {
            "gps_point_id": "gps-008569",
            "reason": "STATIONARY_JITTER"
          },
          {
            "gps_point_id": "gps-008570",
            "reason": "STATIONARY_JITTER"
          },
          {
            "gps_point_id": "gps-008571",
            "reason": "STATIONARY_JITTER"
          },
          {
            "gps_point_id": "gps-008572",
            "reason": "STATIONARY_JITTER"
          },
          {
            "gps_point_id": "gps-008573",
            "reason": "STATIONARY_JITTER"
          },
          {
            "gps_point_id": "gps-008574",
            "reason": "STATIONARY_JITTER"
          },
          {
            "gps_point_id": "gps-008575",
            "reason": "STATIONARY_JITTER"
          },
          {
            "gps_point_id": "gps-008576",
            "reason": "STATIONARY_JITTER"
          },
          {
            "gps_point_id": "gps-008577",
            "reason": "STATIONARY_JITTER"
          },
          {
            "gps_point_id": "gps-008578",
            "reason": "STATIONARY_JITTER"
          },
          {
            "gps_point_id": "gps-008579",
            "reason": "STATIONARY_JITTER"
          },
          {
            "gps_point_id": "gps-008580",
            "reason": "STATIONARY_JITTER"
          },
          {
            "gps_point_id": "gps-008581",
            "reason": "STATIONARY_JITTER"
          },
          {
            "gps_point_id": "gps-008582",
            "reason": "STATIONARY_JITTER"
          },
          {
            "gps_point_id": "gps-008583",
            "reason": "STATIONARY_JITTER"
          },
          {
            "gps_point_id": "gps-008584",
            "reason": "STATIONARY_JITTER"
          },
          {
            "gps_point_id": "gps-008585",
            "reason": "STATIONARY_JITTER"
          },
          {
            "gps_point_id": "gps-008586",
            "reason": "STATIONARY_JITTER"
          },
          {
            "gps_point_id": "gps-008587",
            "reason": "STATIONARY_JITTER"
          },
          {
            "gps_point_id": "gps-008588",
            "reason": "STATIONARY_JITTER"
          },
          {
            "gps_point_id": "gps-008589",
            "reason": "STATIONARY_JITTER"
          },
          {
            "gps_point_id": "gps-008590",
            "reason": "STATIONARY_JITTER"
          },
          {
            "gps_point_id": "gps-008591",
            "reason": "STATIONARY_JITTER"
          },
          {
            "gps_point_id": "gps-008592",
            "reason": "STATIONARY_JITTER"
          },
          {
            "gps_point_id": "gps-008593",
            "reason": "STATIONARY_JITTER"
          },
          {
            "gps_point_id": "gps-008594",
            "reason": "STATIONARY_JITTER"
          },
          {
            "gps_point_id": "gps-008595",
            "reason": "STATIONARY_JITTER"
          },
          {
            "gps_point_id": "gps-008596",
            "reason": "STATIONARY_JITTER"
          },
          {
            "gps_point_id": "gps-008597",
            "reason": "STATIONARY_JITTER"
          },
          {
            "gps_point_id": "gps-008598",
            "reason": "STATIONARY_JITTER"
          },
          {
            "gps_point_id": "gps-008599",
            "reason": "STATIONARY_JITTER"
          },
          {
            "gps_point_id": "gps-008600",
            "reason": "STATIONARY_JITTER"
          },
          {
            "gps_point_id": "gps-008601",
            "reason": "STATIONARY_JITTER"
          },
          {
            "gps_point_id": "gps-008602",
            "reason": "STATIONARY_JITTER"
          },
          {
            "gps_point_id": "gps-008603",
            "reason": "STATIONARY_JITTER"
          },
          {
            "gps_point_id": "gps-008604",
            "reason": "STATIONARY_JITTER"
          },
          {
            "gps_point_id": "gps-008605",
            "reason": "STATIONARY_JITTER"
          },
          {
            "gps_point_id": "gps-008606",
            "reason": "STATIONARY_JITTER"
          },
          {
            "gps_point_id": "gps-008608",
            "reason": "STATIONARY_JITTER"
          },
          {
            "gps_point_id": "gps-008609",
            "reason": "STATIONARY_JITTER"
          },
          {
            "gps_point_id": "gps-008610",
            "reason": "STATIONARY_JITTER"
          },
          {
            "gps_point_id": "gps-008611",
            "reason": "STATIONARY_JITTER"
          },
          {
            "gps_point_id": "gps-008612",
            "reason": "STATIONARY_JITTER"
          },
          {
            "gps_point_id": "gps-008613",
            "reason": "STATIONARY_JITTER"
          },
          {
            "gps_point_id": "gps-008614",
            "reason": "STATIONARY_JITTER"
          },
          {
            "gps_point_id": "gps-008615",
            "reason": "STATIONARY_JITTER"
          },
          {
            "gps_point_id": "gps-008616",
            "reason": "STATIONARY_JITTER"
          },
          {
            "gps_point_id": "gps-008617",
            "reason": "STATIONARY_JITTER"
          },
          {
            "gps_point_id": "gps-008618",
            "reason": "STATIONARY_JITTER"
          },
          {
            "gps_point_id": "gps-008619",
            "reason": "STATIONARY_JITTER"
          },
          {
            "gps_point_id": "gps-008620",
            "reason": "STATIONARY_JITTER"
          },
          {
            "gps_point_id": "gps-008621",
            "reason": "STATIONARY_JITTER"
          },
          {
            "gps_point_id": "gps-008622",
            "reason": "STATIONARY_JITTER"
          },
          {
            "gps_point_id": "gps-008623",
            "reason": "STATIONARY_JITTER"
          },
          {
            "gps_point_id": "gps-008625",
            "reason": "STATIONARY_JITTER"
          },
          {
            "gps_point_id": "gps-008626",
            "reason": "STATIONARY_JITTER"
          },
          {
            "gps_point_id": "gps-008627",
            "reason": "STATIONARY_JITTER"
          },
          {
            "gps_point_id": "gps-008628",
            "reason": "STATIONARY_JITTER"
          },
          {
            "gps_point_id": "gps-008629",
            "reason": "STATIONARY_JITTER"
          },
          {
            "gps_point_id": "gps-008630",
            "reason": "STATIONARY_JITTER"
          },
          {
            "gps_point_id": "gps-008631",
            "reason": "STATIONARY_JITTER"
          },
          {
            "gps_point_id": "gps-008632",
            "reason": "STATIONARY_JITTER"
          },
          {
            "gps_point_id": "gps-008633",
            "reason": "STATIONARY_JITTER"
          },
          {
            "gps_point_id": "gps-008634",
            "reason": "STATIONARY_JITTER"
          },
          {
            "gps_point_id": "gps-008635",
            "reason": "STATIONARY_JITTER"
          },
          {
            "gps_point_id": "gps-008636",
            "reason": "STATIONARY_JITTER"
          },
          {
            "gps_point_id": "gps-008637",
            "reason": "STATIONARY_JITTER"
          },
          {
            "gps_point_id": "gps-008638",
            "reason": "STATIONARY_JITTER"
          },
          {
            "gps_point_id": "gps-008639",
            "reason": "STATIONARY_JITTER"
          },
          {
            "gps_point_id": "gps-008640",
            "reason": "STATIONARY_JITTER"
          },
          {
            "gps_point_id": "gps-008641",
            "reason": "STATIONARY_JITTER"
          },
          {
            "gps_point_id": "gps-008642",
            "reason": "STATIONARY_JITTER"
          },
          {
            "gps_point_id": "gps-008643",
            "reason": "STATIONARY_JITTER"
          },
          {
            "gps_point_id": "gps-008644",
            "reason": "STATIONARY_JITTER"
          },
          {
            "gps_point_id": "gps-008645",
            "reason": "STATIONARY_JITTER"
          },
          {
            "gps_point_id": "gps-008646",
            "reason": "STATIONARY_JITTER"
          },
          {
            "gps_point_id": "gps-008647",
            "reason": "STATIONARY_JITTER"
          },
          {
            "gps_point_id": "gps-008648",
            "reason": "STATIONARY_JITTER"
          },
          {
            "gps_point_id": "gps-008649",
            "reason": "STATIONARY_JITTER"
          },
          {
            "gps_point_id": "gps-008650",
            "reason": "STATIONARY_JITTER"
          },
          {
            "gps_point_id": "gps-008651",
            "reason": "STATIONARY_JITTER"
          },
          {
            "gps_point_id": "gps-008652",
            "reason": "STATIONARY_JITTER"
          },
          {
            "gps_point_id": "gps-008653",
            "reason": "STATIONARY_JITTER"
          },
          {
            "gps_point_id": "gps-008654",
            "reason": "STATIONARY_JITTER"
          },
          {
            "gps_point_id": "gps-008655",
            "reason": "STATIONARY_JITTER"
          },
          {
            "gps_point_id": "gps-008656",
            "reason": "STATIONARY_JITTER"
          },
          {
            "gps_point_id": "gps-008657",
            "reason": "STATIONARY_JITTER"
          },
          {
            "gps_point_id": "gps-008658",
            "reason": "STATIONARY_JITTER"
          },
          {
            "gps_point_id": "gps-008659",
            "reason": "STATIONARY_JITTER"
          },
          {
            "gps_point_id": "gps-008660",
            "reason": "STATIONARY_JITTER"
          },
          {
            "gps_point_id": "gps-008661",
            "reason": "STATIONARY_JITTER"
          },
          {
            "gps_point_id": "gps-008662",
            "reason": "STATIONARY_JITTER"
          },
          {
            "gps_point_id": "gps-008663",
            "reason": "STATIONARY_JITTER"
          },
          {
            "gps_point_id": "gps-008664",
            "reason": "STATIONARY_JITTER"
          },
          {
            "gps_point_id": "gps-008665",
            "reason": "STATIONARY_JITTER"
          },
          {
            "gps_point_id": "gps-008666",
            "reason": "STATIONARY_JITTER"
          },
          {
            "gps_point_id": "gps-008667",
            "reason": "STATIONARY_JITTER"
          },
          {
            "gps_point_id": "gps-008668",
            "reason": "STATIONARY_JITTER"
          },
          {
            "gps_point_id": "gps-008669",
            "reason": "STATIONARY_JITTER"
          },
          {
            "gps_point_id": "gps-008670",
            "reason": "STATIONARY_JITTER"
          },
          {
            "gps_point_id": "gps-008671",
            "reason": "STATIONARY_JITTER"
          },
          {
            "gps_point_id": "gps-008672",
            "reason": "STATIONARY_JITTER"
          },
          {
            "gps_point_id": "gps-008673",
            "reason": "STATIONARY_JITTER"
          },
          {
            "gps_point_id": "gps-008674",
            "reason": "STATIONARY_JITTER"
          },
          {
            "gps_point_id": "gps-008675",
            "reason": "STATIONARY_JITTER"
          },
          {
            "gps_point_id": "gps-008676",
            "reason": "STATIONARY_JITTER"
          },
          {
            "gps_point_id": "gps-008677",
            "reason": "STATIONARY_JITTER"
          },
          {
            "gps_point_id": "gps-008678",
            "reason": "STATIONARY_JITTER"
          },
          {
            "gps_point_id": "gps-008679",
            "reason": "STATIONARY_JITTER"
          },
          {
            "gps_point_id": "gps-008680",
            "reason": "STATIONARY_JITTER"
          },
          {
            "gps_point_id": "gps-008681",
            "reason": "STATIONARY_JITTER"
          },
          {
            "gps_point_id": "gps-008682",
            "reason": "STATIONARY_JITTER"
          },
          {
            "gps_point_id": "gps-008683",
            "reason": "STATIONARY_JITTER"
          },
          {
            "gps_point_id": "gps-008684",
            "reason": "STATIONARY_JITTER"
          },
          {
            "gps_point_id": "gps-008685",
            "reason": "STATIONARY_JITTER"
          },
          {
            "gps_point_id": "gps-008686",
            "reason": "STATIONARY_JITTER"
          },
          {
            "gps_point_id": "gps-008687",
            "reason": "STATIONARY_JITTER"
          },
          {
            "gps_point_id": "gps-008688",
            "reason": "STATIONARY_JITTER"
          },
          {
            "gps_point_id": "gps-008689",
            "reason": "STATIONARY_JITTER"
          },
          {
            "gps_point_id": "gps-008690",
            "reason": "STATIONARY_JITTER"
          },
          {
            "gps_point_id": "gps-008691",
            "reason": "STATIONARY_JITTER"
          },
          {
            "gps_point_id": "gps-008692",
            "reason": "STATIONARY_JITTER"
          },
          {
            "gps_point_id": "gps-008693",
            "reason": "STATIONARY_JITTER"
          },
          {
            "gps_point_id": "gps-008694",
            "reason": "STATIONARY_JITTER"
          },
          {
            "gps_point_id": "gps-008695",
            "reason": "STATIONARY_JITTER"
          },
          {
            "gps_point_id": "gps-008696",
            "reason": "STATIONARY_JITTER"
          },
          {
            "gps_point_id": "gps-008697",
            "reason": "STATIONARY_JITTER"
          },
          {
            "gps_point_id": "gps-008698",
            "reason": "STATIONARY_JITTER"
          },
          {
            "gps_point_id": "gps-008699",
            "reason": "STATIONARY_JITTER"
          },
          {
            "gps_point_id": "gps-008700",
            "reason": "STATIONARY_JITTER"
          },
          {
            "gps_point_id": "gps-008701",
            "reason": "STATIONARY_JITTER"
          },
          {
            "gps_point_id": "gps-008702",
            "reason": "STATIONARY_JITTER"
          },
          {
            "gps_point_id": "gps-008703",
            "reason": "STATIONARY_JITTER"
          },
          {
            "gps_point_id": "gps-008704",
            "reason": "STATIONARY_JITTER"
          },
          {
            "gps_point_id": "gps-008705",
            "reason": "STATIONARY_JITTER"
          },
          {
            "gps_point_id": "gps-008706",
            "reason": "STATIONARY_JITTER"
          },
          {
            "gps_point_id": "gps-008707",
            "reason": "STATIONARY_JITTER"
          },
          {
            "gps_point_id": "gps-008708",
            "reason": "STATIONARY_JITTER"
          },
          {
            "gps_point_id": "gps-008709",
            "reason": "STATIONARY_JITTER"
          },
          {
            "gps_point_id": "gps-008710",
            "reason": "STATIONARY_JITTER"
          },
          {
            "gps_point_id": "gps-008711",
            "reason": "STATIONARY_JITTER"
          },
          {
            "gps_point_id": "gps-008712",
            "reason": "STATIONARY_JITTER"
          },
          {
            "gps_point_id": "gps-008713",
            "reason": "STATIONARY_JITTER"
          },
          {
            "gps_point_id": "gps-008714",
            "reason": "STATIONARY_JITTER"
          },
          {
            "gps_point_id": "gps-008715",
            "reason": "STATIONARY_JITTER"
          },
          {
            "gps_point_id": "gps-008716",
            "reason": "STATIONARY_JITTER"
          },
          {
            "gps_point_id": "gps-008717",
            "reason": "STATIONARY_JITTER"
          },
          {
            "gps_point_id": "gps-008718",
            "reason": "STATIONARY_JITTER"
          },
          {
            "gps_point_id": "gps-008719",
            "reason": "STATIONARY_JITTER"
          },
          {
            "gps_point_id": "gps-008720",
            "reason": "STATIONARY_JITTER"
          },
          {
            "gps_point_id": "gps-008721",
            "reason": "STATIONARY_JITTER"
          },
          {
            "gps_point_id": "gps-008722",
            "reason": "STATIONARY_JITTER"
          },
          {
            "gps_point_id": "gps-008723",
            "reason": "STATIONARY_JITTER"
          },
          {
            "gps_point_id": "gps-008724",
            "reason": "STATIONARY_JITTER"
          },
          {
            "gps_point_id": "gps-008725",
            "reason": "STATIONARY_JITTER"
          },
          {
            "gps_point_id": "gps-008726",
            "reason": "STATIONARY_JITTER"
          },
          {
            "gps_point_id": "gps-008727",
            "reason": "STATIONARY_JITTER"
          },
          {
            "gps_point_id": "gps-008728",
            "reason": "STATIONARY_JITTER"
          },
          {
            "gps_point_id": "gps-008729",
            "reason": "STATIONARY_JITTER"
          },
          {
            "gps_point_id": "gps-008730",
            "reason": "STATIONARY_JITTER"
          },
          {
            "gps_point_id": "gps-008731",
            "reason": "STATIONARY_JITTER"
          },
          {
            "gps_point_id": "gps-008732",
            "reason": "STATIONARY_JITTER"
          },
          {
            "gps_point_id": "gps-008733",
            "reason": "STATIONARY_JITTER"
          },
          {
            "gps_point_id": "gps-008734",
            "reason": "STATIONARY_JITTER"
          },
          {
            "gps_point_id": "gps-008735",
            "reason": "STATIONARY_JITTER"
          },
          {
            "gps_point_id": "gps-008736",
            "reason": "STATIONARY_JITTER"
          },
          {
            "gps_point_id": "gps-008737",
            "reason": "STATIONARY_JITTER"
          },
          {
            "gps_point_id": "gps-008738",
            "reason": "STATIONARY_JITTER"
          },
          {
            "gps_point_id": "gps-008739",
            "reason": "STATIONARY_JITTER"
          },
          {
            "gps_point_id": "gps-008740",
            "reason": "STATIONARY_JITTER"
          },
          {
            "gps_point_id": "gps-008741",
            "reason": "STATIONARY_JITTER"
          },
          {
            "gps_point_id": "gps-008742",
            "reason": "STATIONARY_JITTER"
          },
          {
            "gps_point_id": "gps-008743",
            "reason": "STATIONARY_JITTER"
          },
          {
            "gps_point_id": "gps-008744",
            "reason": "STATIONARY_JITTER"
          },
          {
            "gps_point_id": "gps-008745",
            "reason": "STATIONARY_JITTER"
          },
          {
            "gps_point_id": "gps-008746",
            "reason": "STATIONARY_JITTER"
          },
          {
            "gps_point_id": "gps-008747",
            "reason": "STATIONARY_JITTER"
          },
          {
            "gps_point_id": "gps-008748",
            "reason": "STATIONARY_JITTER"
          },
          {
            "gps_point_id": "gps-008749",
            "reason": "STATIONARY_JITTER"
          },
          {
            "gps_point_id": "gps-008750",
            "reason": "STATIONARY_JITTER"
          },
          {
            "gps_point_id": "gps-008751",
            "reason": "STATIONARY_JITTER"
          },
          {
            "gps_point_id": "gps-008752",
            "reason": "STATIONARY_JITTER"
          },
          {
            "gps_point_id": "gps-008753",
            "reason": "STATIONARY_JITTER"
          },
          {
            "gps_point_id": "gps-008754",
            "reason": "STATIONARY_JITTER"
          },
          {
            "gps_point_id": "gps-008755",
            "reason": "STATIONARY_JITTER"
          },
          {
            "gps_point_id": "gps-008756",
            "reason": "STATIONARY_JITTER"
          },
          {
            "gps_point_id": "gps-008757",
            "reason": "STATIONARY_JITTER"
          },
          {
            "gps_point_id": "gps-008758",
            "reason": "STATIONARY_JITTER"
          },
          {
            "gps_point_id": "gps-008759",
            "reason": "STATIONARY_JITTER"
          },
          {
            "gps_point_id": "gps-008760",
            "reason": "STATIONARY_JITTER"
          },
          {
            "gps_point_id": "gps-008761",
            "reason": "STATIONARY_JITTER"
          },
          {
            "gps_point_id": "gps-008762",
            "reason": "STATIONARY_JITTER"
          },
          {
            "gps_point_id": "gps-008763",
            "reason": "STATIONARY_JITTER"
          },
          {
            "gps_point_id": "gps-008764",
            "reason": "STATIONARY_JITTER"
          },
          {
            "gps_point_id": "gps-008766",
            "reason": "STATIONARY_JITTER"
          },
          {
            "gps_point_id": "gps-008767",
            "reason": "STATIONARY_JITTER"
          },
          {
            "gps_point_id": "gps-008768",
            "reason": "STATIONARY_JITTER"
          },
          {
            "gps_point_id": "gps-008769",
            "reason": "STATIONARY_JITTER"
          },
          {
            "gps_point_id": "gps-008770",
            "reason": "STATIONARY_JITTER"
          },
          {
            "gps_point_id": "gps-008771",
            "reason": "STATIONARY_JITTER"
          },
          {
            "gps_point_id": "gps-008772",
            "reason": "STATIONARY_JITTER"
          },
          {
            "gps_point_id": "gps-008773",
            "reason": "STATIONARY_JITTER"
          },
          {
            "gps_point_id": "gps-008774",
            "reason": "STATIONARY_JITTER"
          },
          {
            "gps_point_id": "gps-008775",
            "reason": "STATIONARY_JITTER"
          },
          {
            "gps_point_id": "gps-008776",
            "reason": "STATIONARY_JITTER"
          },
          {
            "gps_point_id": "gps-008777",
            "reason": "STATIONARY_JITTER"
          },
          {
            "gps_point_id": "gps-008778",
            "reason": "STATIONARY_JITTER"
          },
          {
            "gps_point_id": "gps-008779",
            "reason": "STATIONARY_JITTER"
          },
          {
            "gps_point_id": "gps-008780",
            "reason": "STATIONARY_JITTER"
          },
          {
            "gps_point_id": "gps-008781",
            "reason": "STATIONARY_JITTER"
          },
          {
            "gps_point_id": "gps-008782",
            "reason": "STATIONARY_JITTER"
          },
          {
            "gps_point_id": "gps-008783",
            "reason": "STATIONARY_JITTER"
          },
          {
            "gps_point_id": "gps-008784",
            "reason": "STATIONARY_JITTER"
          },
          {
            "gps_point_id": "gps-008785",
            "reason": "STATIONARY_JITTER"
          },
          {
            "gps_point_id": "gps-008786",
            "reason": "STATIONARY_JITTER"
          },
          {
            "gps_point_id": "gps-008787",
            "reason": "STATIONARY_JITTER"
          },
          {
            "gps_point_id": "gps-008788",
            "reason": "STATIONARY_JITTER"
          },
          {
            "gps_point_id": "gps-008789",
            "reason": "STATIONARY_JITTER"
          },
          {
            "gps_point_id": "gps-008790",
            "reason": "STATIONARY_JITTER"
          },
          {
            "gps_point_id": "gps-008791",
            "reason": "STATIONARY_JITTER"
          },
          {
            "gps_point_id": "gps-008792",
            "reason": "STATIONARY_JITTER"
          },
          {
            "gps_point_id": "gps-008793",
            "reason": "STATIONARY_JITTER"
          },
          {
            "gps_point_id": "gps-008794",
            "reason": "STATIONARY_JITTER"
          },
          {
            "gps_point_id": "gps-008795",
            "reason": "STATIONARY_JITTER"
          },
          {
            "gps_point_id": "gps-008796",
            "reason": "STATIONARY_JITTER"
          },
          {
            "gps_point_id": "gps-008797",
            "reason": "STATIONARY_JITTER"
          },
          {
            "gps_point_id": "gps-008798",
            "reason": "STATIONARY_JITTER"
          },
          {
            "gps_point_id": "gps-008799",
            "reason": "STATIONARY_JITTER"
          },
          {
            "gps_point_id": "gps-008800",
            "reason": "STATIONARY_JITTER"
          },
          {
            "gps_point_id": "gps-008801",
            "reason": "STATIONARY_JITTER"
          },
          {
            "gps_point_id": "gps-008802",
            "reason": "STATIONARY_JITTER"
          },
          {
            "gps_point_id": "gps-008803",
            "reason": "STATIONARY_JITTER"
          },
          {
            "gps_point_id": "gps-008804",
            "reason": "STATIONARY_JITTER"
          },
          {
            "gps_point_id": "gps-008805",
            "reason": "STATIONARY_JITTER"
          },
          {
            "gps_point_id": "gps-008806",
            "reason": "STATIONARY_JITTER"
          },
          {
            "gps_point_id": "gps-008807",
            "reason": "STATIONARY_JITTER"
          },
          {
            "gps_point_id": "gps-008808",
            "reason": "STATIONARY_JITTER"
          },
          {
            "gps_point_id": "gps-008809",
            "reason": "STATIONARY_JITTER"
          },
          {
            "gps_point_id": "gps-008810",
            "reason": "STATIONARY_JITTER"
          },
          {
            "gps_point_id": "gps-008811",
            "reason": "STATIONARY_JITTER"
          },
          {
            "gps_point_id": "gps-008812",
            "reason": "STATIONARY_JITTER"
          },
          {
            "gps_point_id": "gps-008813",
            "reason": "STATIONARY_JITTER"
          },
          {
            "gps_point_id": "gps-008814",
            "reason": "STATIONARY_JITTER"
          },
          {
            "gps_point_id": "gps-008815",
            "reason": "STATIONARY_JITTER"
          },
          {
            "gps_point_id": "gps-008816",
            "reason": "STATIONARY_JITTER"
          },
          {
            "gps_point_id": "gps-008817",
            "reason": "STATIONARY_JITTER"
          },
          {
            "gps_point_id": "gps-008818",
            "reason": "STATIONARY_JITTER"
          },
          {
            "gps_point_id": "gps-008819",
            "reason": "STATIONARY_JITTER"
          },
          {
            "gps_point_id": "gps-008820",
            "reason": "STATIONARY_JITTER"
          },
          {
            "gps_point_id": "gps-008821",
            "reason": "STATIONARY_JITTER"
          },
          {
            "gps_point_id": "gps-008822",
            "reason": "STATIONARY_JITTER"
          },
          {
            "gps_point_id": "gps-008823",
            "reason": "STATIONARY_JITTER"
          },
          {
            "gps_point_id": "gps-008824",
            "reason": "STATIONARY_JITTER"
          },
          {
            "gps_point_id": "gps-008828",
            "reason": "STATIONARY_JITTER"
          },
          {
            "gps_point_id": "gps-008833",
            "reason": "STATIONARY_JITTER"
          },
          {
            "gps_point_id": "gps-008834",
            "reason": "STATIONARY_JITTER"
          },
          {
            "gps_point_id": "gps-008835",
            "reason": "STATIONARY_JITTER"
          },
          {
            "gps_point_id": "gps-008836",
            "reason": "STATIONARY_JITTER"
          },
          {
            "gps_point_id": "gps-008837",
            "reason": "STATIONARY_JITTER"
          },
          {
            "gps_point_id": "gps-008838",
            "reason": "STATIONARY_JITTER"
          },
          {
            "gps_point_id": "gps-008839",
            "reason": "STATIONARY_JITTER"
          },
          {
            "gps_point_id": "gps-008840",
            "reason": "STATIONARY_JITTER"
          },
          {
            "gps_point_id": "gps-008841",
            "reason": "STATIONARY_JITTER"
          },
          {
            "gps_point_id": "gps-008842",
            "reason": "STATIONARY_JITTER"
          },
          {
            "gps_point_id": "gps-008843",
            "reason": "STATIONARY_JITTER"
          },
          {
            "gps_point_id": "gps-008844",
            "reason": "STATIONARY_JITTER"
          },
          {
            "gps_point_id": "gps-008845",
            "reason": "STATIONARY_JITTER"
          },
          {
            "gps_point_id": "gps-008846",
            "reason": "STATIONARY_JITTER"
          },
          {
            "gps_point_id": "gps-008847",
            "reason": "STATIONARY_JITTER"
          },
          {
            "gps_point_id": "gps-008848",
            "reason": "STATIONARY_JITTER"
          },
          {
            "gps_point_id": "gps-008849",
            "reason": "STATIONARY_JITTER"
          },
          {
            "gps_point_id": "gps-008850",
            "reason": "STATIONARY_JITTER"
          },
          {
            "gps_point_id": "gps-008851",
            "reason": "STATIONARY_JITTER"
          },
          {
            "gps_point_id": "gps-008852",
            "reason": "STATIONARY_JITTER"
          },
          {
            "gps_point_id": "gps-008853",
            "reason": "STATIONARY_JITTER"
          },
          {
            "gps_point_id": "gps-008854",
            "reason": "STATIONARY_JITTER"
          },
          {
            "gps_point_id": "gps-008855",
            "reason": "STATIONARY_JITTER"
          },
          {
            "gps_point_id": "gps-008856",
            "reason": "STATIONARY_JITTER"
          },
          {
            "gps_point_id": "gps-008857",
            "reason": "STATIONARY_JITTER"
          },
          {
            "gps_point_id": "gps-008858",
            "reason": "STATIONARY_JITTER"
          },
          {
            "gps_point_id": "gps-008862",
            "reason": "STATIONARY_JITTER"
          },
          {
            "gps_point_id": "gps-008864",
            "reason": "STATIONARY_JITTER"
          },
          {
            "gps_point_id": "gps-008865",
            "reason": "STATIONARY_JITTER"
          },
          {
            "gps_point_id": "gps-008866",
            "reason": "STATIONARY_JITTER"
          },
          {
            "gps_point_id": "gps-008867",
            "reason": "STATIONARY_JITTER"
          },
          {
            "gps_point_id": "gps-008868",
            "reason": "STATIONARY_JITTER"
          },
          {
            "gps_point_id": "gps-008869",
            "reason": "STATIONARY_JITTER"
          },
          {
            "gps_point_id": "gps-008870",
            "reason": "STATIONARY_JITTER"
          },
          {
            "gps_point_id": "gps-008871",
            "reason": "STATIONARY_JITTER"
          },
          {
            "gps_point_id": "gps-008872",
            "reason": "STATIONARY_JITTER"
          },
          {
            "gps_point_id": "gps-008873",
            "reason": "STATIONARY_JITTER"
          },
          {
            "gps_point_id": "gps-008874",
            "reason": "STATIONARY_JITTER"
          },
          {
            "gps_point_id": "gps-008875",
            "reason": "STATIONARY_JITTER"
          },
          {
            "gps_point_id": "gps-008876",
            "reason": "STATIONARY_JITTER"
          },
          {
            "gps_point_id": "gps-008877",
            "reason": "STATIONARY_JITTER"
          },
          {
            "gps_point_id": "gps-008878",
            "reason": "STATIONARY_JITTER"
          },
          {
            "gps_point_id": "gps-008879",
            "reason": "STATIONARY_JITTER"
          },
          {
            "gps_point_id": "gps-008880",
            "reason": "STATIONARY_JITTER"
          },
          {
            "gps_point_id": "gps-008881",
            "reason": "STATIONARY_JITTER"
          },
          {
            "gps_point_id": "gps-008882",
            "reason": "STATIONARY_JITTER"
          },
          {
            "gps_point_id": "gps-008883",
            "reason": "STATIONARY_JITTER"
          },
          {
            "gps_point_id": "gps-008884",
            "reason": "STATIONARY_JITTER"
          },
          {
            "gps_point_id": "gps-008885",
            "reason": "STATIONARY_JITTER"
          },
          {
            "gps_point_id": "gps-008886",
            "reason": "STATIONARY_JITTER"
          },
          {
            "gps_point_id": "gps-008887",
            "reason": "STATIONARY_JITTER"
          },
          {
            "gps_point_id": "gps-008888",
            "reason": "STATIONARY_JITTER"
          },
          {
            "gps_point_id": "gps-008889",
            "reason": "STATIONARY_JITTER"
          },
          {
            "gps_point_id": "gps-008890",
            "reason": "STATIONARY_JITTER"
          },
          {
            "gps_point_id": "gps-008891",
            "reason": "STATIONARY_JITTER"
          },
          {
            "gps_point_id": "gps-008892",
            "reason": "STATIONARY_JITTER"
          },
          {
            "gps_point_id": "gps-008893",
            "reason": "STATIONARY_JITTER"
          },
          {
            "gps_point_id": "gps-008894",
            "reason": "STATIONARY_JITTER"
          },
          {
            "gps_point_id": "gps-008895",
            "reason": "STATIONARY_JITTER"
          },
          {
            "gps_point_id": "gps-008896",
            "reason": "STATIONARY_JITTER"
          },
          {
            "gps_point_id": "gps-008897",
            "reason": "STATIONARY_JITTER"
          },
          {
            "gps_point_id": "gps-008898",
            "reason": "STATIONARY_JITTER"
          },
          {
            "gps_point_id": "gps-008899",
            "reason": "STATIONARY_JITTER"
          },
          {
            "gps_point_id": "gps-008900",
            "reason": "STATIONARY_JITTER"
          },
          {
            "gps_point_id": "gps-008901",
            "reason": "STATIONARY_JITTER"
          },
          {
            "gps_point_id": "gps-008902",
            "reason": "STATIONARY_JITTER"
          },
          {
            "gps_point_id": "gps-008903",
            "reason": "STATIONARY_JITTER"
          },
          {
            "gps_point_id": "gps-008904",
            "reason": "STATIONARY_JITTER"
          },
          {
            "gps_point_id": "gps-008905",
            "reason": "STATIONARY_JITTER"
          },
          {
            "gps_point_id": "gps-008906",
            "reason": "STATIONARY_JITTER"
          },
          {
            "gps_point_id": "gps-008907",
            "reason": "STATIONARY_JITTER"
          },
          {
            "gps_point_id": "gps-008908",
            "reason": "STATIONARY_JITTER"
          },
          {
            "gps_point_id": "gps-008909",
            "reason": "STATIONARY_JITTER"
          },
          {
            "gps_point_id": "gps-008910",
            "reason": "STATIONARY_JITTER"
          },
          {
            "gps_point_id": "gps-008911",
            "reason": "STATIONARY_JITTER"
          },
          {
            "gps_point_id": "gps-008912",
            "reason": "STATIONARY_JITTER"
          },
          {
            "gps_point_id": "gps-008913",
            "reason": "STATIONARY_JITTER"
          },
          {
            "gps_point_id": "gps-008914",
            "reason": "STATIONARY_JITTER"
          },
          {
            "gps_point_id": "gps-008915",
            "reason": "STATIONARY_JITTER"
          },
          {
            "gps_point_id": "gps-008916",
            "reason": "STATIONARY_JITTER"
          },
          {
            "gps_point_id": "gps-008917",
            "reason": "STATIONARY_JITTER"
          },
          {
            "gps_point_id": "gps-008918",
            "reason": "STATIONARY_JITTER"
          },
          {
            "gps_point_id": "gps-008919",
            "reason": "STATIONARY_JITTER"
          },
          {
            "gps_point_id": "gps-008920",
            "reason": "STATIONARY_JITTER"
          },
          {
            "gps_point_id": "gps-008921",
            "reason": "STATIONARY_JITTER"
          },
          {
            "gps_point_id": "gps-008922",
            "reason": "STATIONARY_JITTER"
          },
          {
            "gps_point_id": "gps-008923",
            "reason": "STATIONARY_JITTER"
          },
          {
            "gps_point_id": "gps-008924",
            "reason": "STATIONARY_JITTER"
          },
          {
            "gps_point_id": "gps-008925",
            "reason": "STATIONARY_JITTER"
          },
          {
            "gps_point_id": "gps-008926",
            "reason": "STATIONARY_JITTER"
          },
          {
            "gps_point_id": "gps-008927",
            "reason": "STATIONARY_JITTER"
          },
          {
            "gps_point_id": "gps-008929",
            "reason": "STATIONARY_JITTER"
          },
          {
            "gps_point_id": "gps-008930",
            "reason": "STATIONARY_JITTER"
          },
          {
            "gps_point_id": "gps-008931",
            "reason": "STATIONARY_JITTER"
          },
          {
            "gps_point_id": "gps-008932",
            "reason": "STATIONARY_JITTER"
          },
          {
            "gps_point_id": "gps-008934",
            "reason": "STATIONARY_JITTER"
          },
          {
            "gps_point_id": "gps-008935",
            "reason": "STATIONARY_JITTER"
          },
          {
            "gps_point_id": "gps-008936",
            "reason": "STATIONARY_JITTER"
          },
          {
            "gps_point_id": "gps-008937",
            "reason": "STATIONARY_JITTER"
          },
          {
            "gps_point_id": "gps-008938",
            "reason": "STATIONARY_JITTER"
          },
          {
            "gps_point_id": "gps-008939",
            "reason": "STATIONARY_JITTER"
          },
          {
            "gps_point_id": "gps-008940",
            "reason": "STATIONARY_JITTER"
          },
          {
            "gps_point_id": "gps-008941",
            "reason": "STATIONARY_JITTER"
          },
          {
            "gps_point_id": "gps-008942",
            "reason": "STATIONARY_JITTER"
          },
          {
            "gps_point_id": "gps-008943",
            "reason": "STATIONARY_JITTER"
          },
          {
            "gps_point_id": "gps-008944",
            "reason": "STATIONARY_JITTER"
          },
          {
            "gps_point_id": "gps-008945",
            "reason": "STATIONARY_JITTER"
          },
          {
            "gps_point_id": "gps-008946",
            "reason": "STATIONARY_JITTER"
          },
          {
            "gps_point_id": "gps-008947",
            "reason": "STATIONARY_JITTER"
          },
          {
            "gps_point_id": "gps-008948",
            "reason": "STATIONARY_JITTER"
          },
          {
            "gps_point_id": "gps-008949",
            "reason": "STATIONARY_JITTER"
          },
          {
            "gps_point_id": "gps-008950",
            "reason": "STATIONARY_JITTER"
          },
          {
            "gps_point_id": "gps-008951",
            "reason": "STATIONARY_JITTER"
          },
          {
            "gps_point_id": "gps-008952",
            "reason": "STATIONARY_JITTER"
          },
          {
            "gps_point_id": "gps-008953",
            "reason": "STATIONARY_JITTER"
          },
          {
            "gps_point_id": "gps-008954",
            "reason": "STATIONARY_JITTER"
          },
          {
            "gps_point_id": "gps-008955",
            "reason": "STATIONARY_JITTER"
          },
          {
            "gps_point_id": "gps-008956",
            "reason": "STATIONARY_JITTER"
          },
          {
            "gps_point_id": "gps-008957",
            "reason": "STATIONARY_JITTER"
          },
          {
            "gps_point_id": "gps-008958",
            "reason": "STATIONARY_JITTER"
          },
          {
            "gps_point_id": "gps-008959",
            "reason": "STATIONARY_JITTER"
          },
          {
            "gps_point_id": "gps-008960",
            "reason": "STATIONARY_JITTER"
          },
          {
            "gps_point_id": "gps-008961",
            "reason": "STATIONARY_JITTER"
          },
          {
            "gps_point_id": "gps-008962",
            "reason": "STATIONARY_JITTER"
          },
          {
            "gps_point_id": "gps-008963",
            "reason": "STATIONARY_JITTER"
          },
          {
            "gps_point_id": "gps-008964",
            "reason": "STATIONARY_JITTER"
          },
          {
            "gps_point_id": "gps-008965",
            "reason": "STATIONARY_JITTER"
          },
          {
            "gps_point_id": "gps-008966",
            "reason": "STATIONARY_JITTER"
          },
          {
            "gps_point_id": "gps-008967",
            "reason": "STATIONARY_JITTER"
          },
          {
            "gps_point_id": "gps-008968",
            "reason": "STATIONARY_JITTER"
          },
          {
            "gps_point_id": "gps-008969",
            "reason": "STATIONARY_JITTER"
          },
          {
            "gps_point_id": "gps-008970",
            "reason": "STATIONARY_JITTER"
          },
          {
            "gps_point_id": "gps-008971",
            "reason": "STATIONARY_JITTER"
          },
          {
            "gps_point_id": "gps-008972",
            "reason": "STATIONARY_JITTER"
          },
          {
            "gps_point_id": "gps-008973",
            "reason": "STATIONARY_JITTER"
          },
          {
            "gps_point_id": "gps-008974",
            "reason": "STATIONARY_JITTER"
          },
          {
            "gps_point_id": "gps-008975",
            "reason": "STATIONARY_JITTER"
          },
          {
            "gps_point_id": "gps-008976",
            "reason": "STATIONARY_JITTER"
          },
          {
            "gps_point_id": "gps-008977",
            "reason": "STATIONARY_JITTER"
          },
          {
            "gps_point_id": "gps-008978",
            "reason": "STATIONARY_JITTER"
          },
          {
            "gps_point_id": "gps-008979",
            "reason": "STATIONARY_JITTER"
          },
          {
            "gps_point_id": "gps-008980",
            "reason": "STATIONARY_JITTER"
          },
          {
            "gps_point_id": "gps-008987",
            "reason": "STATIONARY_JITTER"
          },
          {
            "gps_point_id": "gps-008988",
            "reason": "STATIONARY_JITTER"
          },
          {
            "gps_point_id": "gps-008989",
            "reason": "STATIONARY_JITTER"
          },
          {
            "gps_point_id": "gps-008990",
            "reason": "STATIONARY_JITTER"
          },
          {
            "gps_point_id": "gps-008991",
            "reason": "STATIONARY_JITTER"
          },
          {
            "gps_point_id": "gps-008992",
            "reason": "STATIONARY_JITTER"
          },
          {
            "gps_point_id": "gps-008993",
            "reason": "STATIONARY_JITTER"
          },
          {
            "gps_point_id": "gps-009000",
            "reason": "STATIONARY_JITTER"
          },
          {
            "gps_point_id": "gps-009002",
            "reason": "STATIONARY_JITTER"
          },
          {
            "gps_point_id": "gps-009003",
            "reason": "STATIONARY_JITTER"
          },
          {
            "gps_point_id": "gps-009004",
            "reason": "STATIONARY_JITTER"
          },
          {
            "gps_point_id": "gps-009005",
            "reason": "STATIONARY_JITTER"
          },
          {
            "gps_point_id": "gps-009006",
            "reason": "STATIONARY_JITTER"
          },
          {
            "gps_point_id": "gps-009007",
            "reason": "STATIONARY_JITTER"
          },
          {
            "gps_point_id": "gps-009008",
            "reason": "STATIONARY_JITTER"
          },
          {
            "gps_point_id": "gps-009009",
            "reason": "STATIONARY_JITTER"
          },
          {
            "gps_point_id": "gps-009010",
            "reason": "STATIONARY_JITTER"
          },
          {
            "gps_point_id": "gps-009011",
            "reason": "STATIONARY_JITTER"
          },
          {
            "gps_point_id": "gps-009012",
            "reason": "STATIONARY_JITTER"
          },
          {
            "gps_point_id": "gps-009013",
            "reason": "STATIONARY_JITTER"
          },
          {
            "gps_point_id": "gps-009014",
            "reason": "STATIONARY_JITTER"
          },
          {
            "gps_point_id": "gps-009015",
            "reason": "STATIONARY_JITTER"
          },
          {
            "gps_point_id": "gps-009016",
            "reason": "STATIONARY_JITTER"
          },
          {
            "gps_point_id": "gps-009017",
            "reason": "STATIONARY_JITTER"
          },
          {
            "gps_point_id": "gps-009018",
            "reason": "STATIONARY_JITTER"
          },
          {
            "gps_point_id": "gps-009019",
            "reason": "STATIONARY_JITTER"
          },
          {
            "gps_point_id": "gps-009020",
            "reason": "STATIONARY_JITTER"
          },
          {
            "gps_point_id": "gps-009021",
            "reason": "STATIONARY_JITTER"
          },
          {
            "gps_point_id": "gps-009022",
            "reason": "STATIONARY_JITTER"
          },
          {
            "gps_point_id": "gps-009023",
            "reason": "STATIONARY_JITTER"
          },
          {
            "gps_point_id": "gps-009024",
            "reason": "STATIONARY_JITTER"
          },
          {
            "gps_point_id": "gps-009025",
            "reason": "STATIONARY_JITTER"
          },
          {
            "gps_point_id": "gps-009026",
            "reason": "STATIONARY_JITTER"
          },
          {
            "gps_point_id": "gps-009027",
            "reason": "STATIONARY_JITTER"
          },
          {
            "gps_point_id": "gps-009028",
            "reason": "STATIONARY_JITTER"
          },
          {
            "gps_point_id": "gps-009029",
            "reason": "STATIONARY_JITTER"
          },
          {
            "gps_point_id": "gps-009031",
            "reason": "STATIONARY_JITTER"
          },
          {
            "gps_point_id": "gps-009032",
            "reason": "STATIONARY_JITTER"
          },
          {
            "gps_point_id": "gps-009033",
            "reason": "STATIONARY_JITTER"
          },
          {
            "gps_point_id": "gps-009034",
            "reason": "STATIONARY_JITTER"
          },
          {
            "gps_point_id": "gps-009035",
            "reason": "STATIONARY_JITTER"
          },
          {
            "gps_point_id": "gps-009036",
            "reason": "STATIONARY_JITTER"
          },
          {
            "gps_point_id": "gps-009037",
            "reason": "STATIONARY_JITTER"
          },
          {
            "gps_point_id": "gps-009038",
            "reason": "STATIONARY_JITTER"
          },
          {
            "gps_point_id": "gps-009039",
            "reason": "STATIONARY_JITTER"
          },
          {
            "gps_point_id": "gps-009040",
            "reason": "STATIONARY_JITTER"
          },
          {
            "gps_point_id": "gps-009041",
            "reason": "STATIONARY_JITTER"
          },
          {
            "gps_point_id": "gps-009042",
            "reason": "STATIONARY_JITTER"
          },
          {
            "gps_point_id": "gps-009043",
            "reason": "STATIONARY_JITTER"
          },
          {
            "gps_point_id": "gps-009044",
            "reason": "STATIONARY_JITTER"
          },
          {
            "gps_point_id": "gps-009045",
            "reason": "STATIONARY_JITTER"
          },
          {
            "gps_point_id": "gps-009046",
            "reason": "STATIONARY_JITTER"
          },
          {
            "gps_point_id": "gps-009047",
            "reason": "STATIONARY_JITTER"
          },
          {
            "gps_point_id": "gps-009048",
            "reason": "STATIONARY_JITTER"
          },
          {
            "gps_point_id": "gps-009049",
            "reason": "STATIONARY_JITTER"
          },
          {
            "gps_point_id": "gps-009050",
            "reason": "STATIONARY_JITTER"
          },
          {
            "gps_point_id": "gps-009051",
            "reason": "STATIONARY_JITTER"
          },
          {
            "gps_point_id": "gps-009052",
            "reason": "STATIONARY_JITTER"
          },
          {
            "gps_point_id": "gps-009053",
            "reason": "STATIONARY_JITTER"
          },
          {
            "gps_point_id": "gps-009054",
            "reason": "STATIONARY_JITTER"
          },
          {
            "gps_point_id": "gps-009055",
            "reason": "STATIONARY_JITTER"
          },
          {
            "gps_point_id": "gps-009056",
            "reason": "STATIONARY_JITTER"
          },
          {
            "gps_point_id": "gps-009057",
            "reason": "STATIONARY_JITTER"
          },
          {
            "gps_point_id": "gps-009058",
            "reason": "STATIONARY_JITTER"
          },
          {
            "gps_point_id": "gps-009059",
            "reason": "STATIONARY_JITTER"
          },
          {
            "gps_point_id": "gps-009060",
            "reason": "STATIONARY_JITTER"
          },
          {
            "gps_point_id": "gps-009061",
            "reason": "STATIONARY_JITTER"
          },
          {
            "gps_point_id": "gps-009062",
            "reason": "STATIONARY_JITTER"
          },
          {
            "gps_point_id": "gps-009063",
            "reason": "STATIONARY_JITTER"
          },
          {
            "gps_point_id": "gps-009064",
            "reason": "STATIONARY_JITTER"
          },
          {
            "gps_point_id": "gps-009065",
            "reason": "STATIONARY_JITTER"
          },
          {
            "gps_point_id": "gps-009066",
            "reason": "STATIONARY_JITTER"
          },
          {
            "gps_point_id": "gps-009067",
            "reason": "STATIONARY_JITTER"
          },
          {
            "gps_point_id": "gps-009068",
            "reason": "STATIONARY_JITTER"
          },
          {
            "gps_point_id": "gps-009069",
            "reason": "STATIONARY_JITTER"
          },
          {
            "gps_point_id": "gps-009070",
            "reason": "STATIONARY_JITTER"
          },
          {
            "gps_point_id": "gps-009071",
            "reason": "STATIONARY_JITTER"
          },
          {
            "gps_point_id": "gps-009072",
            "reason": "STATIONARY_JITTER"
          },
          {
            "gps_point_id": "gps-009073",
            "reason": "STATIONARY_JITTER"
          },
          {
            "gps_point_id": "gps-009074",
            "reason": "STATIONARY_JITTER"
          },
          {
            "gps_point_id": "gps-009075",
            "reason": "STATIONARY_JITTER"
          },
          {
            "gps_point_id": "gps-009076",
            "reason": "STATIONARY_JITTER"
          },
          {
            "gps_point_id": "gps-009077",
            "reason": "STATIONARY_JITTER"
          },
          {
            "gps_point_id": "gps-009078",
            "reason": "STATIONARY_JITTER"
          },
          {
            "gps_point_id": "gps-009079",
            "reason": "STATIONARY_JITTER"
          },
          {
            "gps_point_id": "gps-009080",
            "reason": "STATIONARY_JITTER"
          },
          {
            "gps_point_id": "gps-009081",
            "reason": "STATIONARY_JITTER"
          },
          {
            "gps_point_id": "gps-009082",
            "reason": "STATIONARY_JITTER"
          },
          {
            "gps_point_id": "gps-009083",
            "reason": "STATIONARY_JITTER"
          },
          {
            "gps_point_id": "gps-009084",
            "reason": "STATIONARY_JITTER"
          },
          {
            "gps_point_id": "gps-009085",
            "reason": "STATIONARY_JITTER"
          },
          {
            "gps_point_id": "gps-009086",
            "reason": "STATIONARY_JITTER"
          },
          {
            "gps_point_id": "gps-009087",
            "reason": "STATIONARY_JITTER"
          },
          {
            "gps_point_id": "gps-009088",
            "reason": "STATIONARY_JITTER"
          },
          {
            "gps_point_id": "gps-009089",
            "reason": "STATIONARY_JITTER"
          },
          {
            "gps_point_id": "gps-009090",
            "reason": "STATIONARY_JITTER"
          },
          {
            "gps_point_id": "gps-009091",
            "reason": "STATIONARY_JITTER"
          },
          {
            "gps_point_id": "gps-009092",
            "reason": "STATIONARY_JITTER"
          },
          {
            "gps_point_id": "gps-009093",
            "reason": "STATIONARY_JITTER"
          },
          {
            "gps_point_id": "gps-009094",
            "reason": "STATIONARY_JITTER"
          },
          {
            "gps_point_id": "gps-009095",
            "reason": "STATIONARY_JITTER"
          },
          {
            "gps_point_id": "gps-009096",
            "reason": "STATIONARY_JITTER"
          },
          {
            "gps_point_id": "gps-009097",
            "reason": "STATIONARY_JITTER"
          },
          {
            "gps_point_id": "gps-009098",
            "reason": "STATIONARY_JITTER"
          },
          {
            "gps_point_id": "gps-009099",
            "reason": "STATIONARY_JITTER"
          },
          {
            "gps_point_id": "gps-009100",
            "reason": "STATIONARY_JITTER"
          },
          {
            "gps_point_id": "gps-009101",
            "reason": "STATIONARY_JITTER"
          },
          {
            "gps_point_id": "gps-009102",
            "reason": "STATIONARY_JITTER"
          },
          {
            "gps_point_id": "gps-009103",
            "reason": "STATIONARY_JITTER"
          },
          {
            "gps_point_id": "gps-009104",
            "reason": "STATIONARY_JITTER"
          },
          {
            "gps_point_id": "gps-009105",
            "reason": "STATIONARY_JITTER"
          },
          {
            "gps_point_id": "gps-009106",
            "reason": "STATIONARY_JITTER"
          },
          {
            "gps_point_id": "gps-009107",
            "reason": "STATIONARY_JITTER"
          },
          {
            "gps_point_id": "gps-009108",
            "reason": "STATIONARY_JITTER"
          },
          {
            "gps_point_id": "gps-009109",
            "reason": "STATIONARY_JITTER"
          },
          {
            "gps_point_id": "gps-009110",
            "reason": "STATIONARY_JITTER"
          },
          {
            "gps_point_id": "gps-009111",
            "reason": "STATIONARY_JITTER"
          },
          {
            "gps_point_id": "gps-009112",
            "reason": "STATIONARY_JITTER"
          },
          {
            "gps_point_id": "gps-009113",
            "reason": "STATIONARY_JITTER"
          },
          {
            "gps_point_id": "gps-009114",
            "reason": "STATIONARY_JITTER"
          },
          {
            "gps_point_id": "gps-009115",
            "reason": "STATIONARY_JITTER"
          },
          {
            "gps_point_id": "gps-009116",
            "reason": "STATIONARY_JITTER"
          },
          {
            "gps_point_id": "gps-009117",
            "reason": "STATIONARY_JITTER"
          },
          {
            "gps_point_id": "gps-009118",
            "reason": "STATIONARY_JITTER"
          },
          {
            "gps_point_id": "gps-009119",
            "reason": "STATIONARY_JITTER"
          },
          {
            "gps_point_id": "gps-009120",
            "reason": "STATIONARY_JITTER"
          },
          {
            "gps_point_id": "gps-009121",
            "reason": "STATIONARY_JITTER"
          },
          {
            "gps_point_id": "gps-009122",
            "reason": "STATIONARY_JITTER"
          },
          {
            "gps_point_id": "gps-009123",
            "reason": "STATIONARY_JITTER"
          },
          {
            "gps_point_id": "gps-009124",
            "reason": "STATIONARY_JITTER"
          },
          {
            "gps_point_id": "gps-009127",
            "reason": "STATIONARY_JITTER"
          },
          {
            "gps_point_id": "gps-009128",
            "reason": "STATIONARY_JITTER"
          },
          {
            "gps_point_id": "gps-009129",
            "reason": "STATIONARY_JITTER"
          },
          {
            "gps_point_id": "gps-009130",
            "reason": "STATIONARY_JITTER"
          },
          {
            "gps_point_id": "gps-009131",
            "reason": "STATIONARY_JITTER"
          },
          {
            "gps_point_id": "gps-009132",
            "reason": "STATIONARY_JITTER"
          },
          {
            "gps_point_id": "gps-009133",
            "reason": "STATIONARY_JITTER"
          },
          {
            "gps_point_id": "gps-009134",
            "reason": "STATIONARY_JITTER"
          },
          {
            "gps_point_id": "gps-009135",
            "reason": "STATIONARY_JITTER"
          },
          {
            "gps_point_id": "gps-009136",
            "reason": "STATIONARY_JITTER"
          },
          {
            "gps_point_id": "gps-009137",
            "reason": "STATIONARY_JITTER"
          },
          {
            "gps_point_id": "gps-009138",
            "reason": "STATIONARY_JITTER"
          },
          {
            "gps_point_id": "gps-009139",
            "reason": "STATIONARY_JITTER"
          },
          {
            "gps_point_id": "gps-009140",
            "reason": "STATIONARY_JITTER"
          },
          {
            "gps_point_id": "gps-009141",
            "reason": "STATIONARY_JITTER"
          },
          {
            "gps_point_id": "gps-009142",
            "reason": "STATIONARY_JITTER"
          },
          {
            "gps_point_id": "gps-009143",
            "reason": "STATIONARY_JITTER"
          },
          {
            "gps_point_id": "gps-009145",
            "reason": "STATIONARY_JITTER"
          },
          {
            "gps_point_id": "gps-009146",
            "reason": "STATIONARY_JITTER"
          },
          {
            "gps_point_id": "gps-009147",
            "reason": "STATIONARY_JITTER"
          },
          {
            "gps_point_id": "gps-009148",
            "reason": "STATIONARY_JITTER"
          },
          {
            "gps_point_id": "gps-009149",
            "reason": "STATIONARY_JITTER"
          },
          {
            "gps_point_id": "gps-009150",
            "reason": "STATIONARY_JITTER"
          },
          {
            "gps_point_id": "gps-009151",
            "reason": "STATIONARY_JITTER"
          },
          {
            "gps_point_id": "gps-009152",
            "reason": "STATIONARY_JITTER"
          },
          {
            "gps_point_id": "gps-009153",
            "reason": "STATIONARY_JITTER"
          },
          {
            "gps_point_id": "gps-009154",
            "reason": "STATIONARY_JITTER"
          },
          {
            "gps_point_id": "gps-009155",
            "reason": "STATIONARY_JITTER"
          },
          {
            "gps_point_id": "gps-009156",
            "reason": "STATIONARY_JITTER"
          },
          {
            "gps_point_id": "gps-009157",
            "reason": "STATIONARY_JITTER"
          },
          {
            "gps_point_id": "gps-009158",
            "reason": "STATIONARY_JITTER"
          },
          {
            "gps_point_id": "gps-009159",
            "reason": "STATIONARY_JITTER"
          },
          {
            "gps_point_id": "gps-009160",
            "reason": "STATIONARY_JITTER"
          },
          {
            "gps_point_id": "gps-009161",
            "reason": "STATIONARY_JITTER"
          },
          {
            "gps_point_id": "gps-009162",
            "reason": "STATIONARY_JITTER"
          },
          {
            "gps_point_id": "gps-009163",
            "reason": "STATIONARY_JITTER"
          },
          {
            "gps_point_id": "gps-009164",
            "reason": "STATIONARY_JITTER"
          },
          {
            "gps_point_id": "gps-009165",
            "reason": "STATIONARY_JITTER"
          },
          {
            "gps_point_id": "gps-009166",
            "reason": "STATIONARY_JITTER"
          },
          {
            "gps_point_id": "gps-009167",
            "reason": "STATIONARY_JITTER"
          },
          {
            "gps_point_id": "gps-009168",
            "reason": "STATIONARY_JITTER"
          },
          {
            "gps_point_id": "gps-009169",
            "reason": "STATIONARY_JITTER"
          },
          {
            "gps_point_id": "gps-009170",
            "reason": "STATIONARY_JITTER"
          },
          {
            "gps_point_id": "gps-009171",
            "reason": "STATIONARY_JITTER"
          },
          {
            "gps_point_id": "gps-009172",
            "reason": "STATIONARY_JITTER"
          },
          {
            "gps_point_id": "gps-009173",
            "reason": "STATIONARY_JITTER"
          },
          {
            "gps_point_id": "gps-009174",
            "reason": "STATIONARY_JITTER"
          },
          {
            "gps_point_id": "gps-009175",
            "reason": "STATIONARY_JITTER"
          },
          {
            "gps_point_id": "gps-008997",
            "reason": "ONE_POINT_SPIKE"
          },
          {
            "gps_point_id": "gps-008207",
            "reason": "DISPLAY_SIMPLIFICATION"
          },
          {
            "gps_point_id": "gps-008261",
            "reason": "DISPLAY_SIMPLIFICATION"
          },
          {
            "gps_point_id": "gps-008493",
            "reason": "DISPLAY_SIMPLIFICATION"
          },
          {
            "gps_point_id": "gps-008495",
            "reason": "DISPLAY_SIMPLIFICATION"
          },
          {
            "gps_point_id": "gps-008503",
            "reason": "DISPLAY_SIMPLIFICATION"
          },
          {
            "gps_point_id": "gps-008624",
            "reason": "DISPLAY_SIMPLIFICATION"
          },
          {
            "gps_point_id": "gps-008825",
            "reason": "DISPLAY_SIMPLIFICATION"
          },
          {
            "gps_point_id": "gps-008829",
            "reason": "DISPLAY_SIMPLIFICATION"
          },
          {
            "gps_point_id": "gps-008830",
            "reason": "DISPLAY_SIMPLIFICATION"
          },
          {
            "gps_point_id": "gps-008831",
            "reason": "DISPLAY_SIMPLIFICATION"
          },
          {
            "gps_point_id": "gps-008832",
            "reason": "DISPLAY_SIMPLIFICATION"
          },
          {
            "gps_point_id": "gps-008860",
            "reason": "DISPLAY_SIMPLIFICATION"
          },
          {
            "gps_point_id": "gps-008861",
            "reason": "DISPLAY_SIMPLIFICATION"
          },
          {
            "gps_point_id": "gps-008998",
            "reason": "DISPLAY_SIMPLIFICATION"
          },
          {
            "gps_point_id": "gps-008999",
            "reason": "DISPLAY_SIMPLIFICATION"
          },
          {
            "gps_point_id": "gps-009030",
            "reason": "DISPLAY_SIMPLIFICATION"
          },
          {
            "gps_point_id": "gps-009125",
            "reason": "DISPLAY_SIMPLIFICATION"
          },
          {
            "gps_point_id": "gps-009126",
            "reason": "DISPLAY_SIMPLIFICATION"
          },
          {
            "gps_point_id": "gps-009144",
            "reason": "DISPLAY_SIMPLIFICATION"
          }
        ],
        "derivation_rules": {
          "max_accuracy_m": 40,
          "stationary_spacing_m": 1.5,
          "one_point_spike_leg_m": 8,
          "rdp_tolerance_m": 2.5
        },
        "raw_gps_preserved": true,
        "source_evidence_modified": false,
        "no_artificial_relocation_connector": true,
        "presentation_only": true,
        "limitation": "CLEANED CUSTOMER DISPLAY WALK - RAW PHONE GPS REMAINS CONTROLLING EVIDENCE AND IS NOT SURVEY-GRADE"
      }
    },
    {
      "type": "Feature",
      "id": "DISPLAY-WALK-008",
      "geometry": {
        "type": "LineString",
        "coordinates": [
          [
            -87.09175051877789,
            30.489339580781408
          ],
          [
            -87.09201068546203,
            30.489137347674152
          ],
          [
            -87.09186340483144,
            30.489269473217128
          ],
          [
            -87.09193456138102,
            30.489276888514425
          ],
          [
            -87.09180036606799,
            30.489197185178025
          ],
          [
            -87.091796917147,
            30.48928055469856
          ],
          [
            -87.09155797493818,
            30.48916178186725
          ],
          [
            -87.09169512619756,
            30.489122261875075
          ],
          [
            -87.09169174786116,
            30.489158789444286
          ],
          [
            -87.09161644193466,
            30.489098472324102
          ],
          [
            -87.09159550587918,
            30.489005233529525
          ],
          [
            -87.09152576564394,
            30.489022760020397
          ],
          [
            -87.09152747349525,
            30.48898024176644
          ],
          [
            -87.09148058114467,
            30.489028499721485
          ],
          [
            -87.09137945720343,
            30.489013222064656
          ],
          [
            -87.09134056174759,
            30.48890824517713
          ],
          [
            -87.09137838524606,
            30.48874349872966
          ],
          [
            -87.09122533046842,
            30.48877559948081
          ],
          [
            -87.09128805366545,
            30.488699370425635
          ],
          [
            -87.09105086343743,
            30.489104763652094
          ],
          [
            -87.09123560818557,
            30.48914691999964
          ],
          [
            -87.0912673685423,
            30.489083713635544
          ],
          [
            -87.09124106315402,
            30.4891943726234
          ],
          [
            -87.09126695630408,
            30.489277277463902
          ],
          [
            -87.09136522196773,
            30.489244262474358
          ],
          [
            -87.09133025086481,
            30.489309434501017
          ],
          [
            -87.09145523969913,
            30.489341685435672
          ],
          [
            -87.09151380271777,
            30.489259007387755
          ],
          [
            -87.09142865566834,
            30.489347851947862
          ],
          [
            -87.09139521806689,
            30.489328306861914
          ]
        ]
      },
      "properties": {
        "record_type": "derived_customer_display_walk",
        "inspection_date": "2026-08-07",
        "source_route_segment_index": 7,
        "source_start_time": "2026-08-07T15:21:58.663Z",
        "source_end_time": "2026-08-07T15:56:39.961Z",
        "source_point_count": 1880,
        "display_point_count": 30,
        "retained_source_point_ids": [
          "gps-009178",
          "gps-009179",
          "gps-009181",
          "gps-009185",
          "gps-009219",
          "gps-009240",
          "gps-009298",
          "gps-009300",
          "gps-009302",
          "gps-009375",
          "gps-009394",
          "gps-009409",
          "gps-009437",
          "gps-009469",
          "gps-009513",
          "gps-009585",
          "gps-009733",
          "gps-009800",
          "gps-009832",
          "gps-010057",
          "gps-010264",
          "gps-010300",
          "gps-010301",
          "gps-010335",
          "gps-010350",
          "gps-010358",
          "gps-010373",
          "gps-010501",
          "gps-010562",
          "gps-011060"
        ],
        "suppressed_source_points": [
          {
            "gps_point_id": "gps-009184",
            "reason": "POOR_ACCURACY"
          },
          {
            "gps_point_id": "gps-010298",
            "reason": "POOR_ACCURACY"
          },
          {
            "gps_point_id": "gps-009180",
            "reason": "STATIONARY_JITTER"
          },
          {
            "gps_point_id": "gps-009182",
            "reason": "STATIONARY_JITTER"
          },
          {
            "gps_point_id": "gps-009183",
            "reason": "STATIONARY_JITTER"
          },
          {
            "gps_point_id": "gps-009186",
            "reason": "STATIONARY_JITTER"
          },
          {
            "gps_point_id": "gps-009188",
            "reason": "STATIONARY_JITTER"
          },
          {
            "gps_point_id": "gps-009189",
            "reason": "STATIONARY_JITTER"
          },
          {
            "gps_point_id": "gps-009190",
            "reason": "STATIONARY_JITTER"
          },
          {
            "gps_point_id": "gps-009191",
            "reason": "STATIONARY_JITTER"
          },
          {
            "gps_point_id": "gps-009192",
            "reason": "STATIONARY_JITTER"
          },
          {
            "gps_point_id": "gps-009193",
            "reason": "STATIONARY_JITTER"
          },
          {
            "gps_point_id": "gps-009194",
            "reason": "STATIONARY_JITTER"
          },
          {
            "gps_point_id": "gps-009195",
            "reason": "STATIONARY_JITTER"
          },
          {
            "gps_point_id": "gps-009196",
            "reason": "STATIONARY_JITTER"
          },
          {
            "gps_point_id": "gps-009197",
            "reason": "STATIONARY_JITTER"
          },
          {
            "gps_point_id": "gps-009198",
            "reason": "STATIONARY_JITTER"
          },
          {
            "gps_point_id": "gps-009199",
            "reason": "STATIONARY_JITTER"
          },
          {
            "gps_point_id": "gps-009200",
            "reason": "STATIONARY_JITTER"
          },
          {
            "gps_point_id": "gps-009201",
            "reason": "STATIONARY_JITTER"
          },
          {
            "gps_point_id": "gps-009202",
            "reason": "STATIONARY_JITTER"
          },
          {
            "gps_point_id": "gps-009203",
            "reason": "STATIONARY_JITTER"
          },
          {
            "gps_point_id": "gps-009204",
            "reason": "STATIONARY_JITTER"
          },
          {
            "gps_point_id": "gps-009205",
            "reason": "STATIONARY_JITTER"
          },
          {
            "gps_point_id": "gps-009206",
            "reason": "STATIONARY_JITTER"
          },
          {
            "gps_point_id": "gps-009207",
            "reason": "STATIONARY_JITTER"
          },
          {
            "gps_point_id": "gps-009208",
            "reason": "STATIONARY_JITTER"
          },
          {
            "gps_point_id": "gps-009209",
            "reason": "STATIONARY_JITTER"
          },
          {
            "gps_point_id": "gps-009210",
            "reason": "STATIONARY_JITTER"
          },
          {
            "gps_point_id": "gps-009211",
            "reason": "STATIONARY_JITTER"
          },
          {
            "gps_point_id": "gps-009212",
            "reason": "STATIONARY_JITTER"
          },
          {
            "gps_point_id": "gps-009213",
            "reason": "STATIONARY_JITTER"
          },
          {
            "gps_point_id": "gps-009214",
            "reason": "STATIONARY_JITTER"
          },
          {
            "gps_point_id": "gps-009215",
            "reason": "STATIONARY_JITTER"
          },
          {
            "gps_point_id": "gps-009216",
            "reason": "STATIONARY_JITTER"
          },
          {
            "gps_point_id": "gps-009217",
            "reason": "STATIONARY_JITTER"
          },
          {
            "gps_point_id": "gps-009218",
            "reason": "STATIONARY_JITTER"
          },
          {
            "gps_point_id": "gps-009220",
            "reason": "STATIONARY_JITTER"
          },
          {
            "gps_point_id": "gps-009221",
            "reason": "STATIONARY_JITTER"
          },
          {
            "gps_point_id": "gps-009222",
            "reason": "STATIONARY_JITTER"
          },
          {
            "gps_point_id": "gps-009223",
            "reason": "STATIONARY_JITTER"
          },
          {
            "gps_point_id": "gps-009224",
            "reason": "STATIONARY_JITTER"
          },
          {
            "gps_point_id": "gps-009225",
            "reason": "STATIONARY_JITTER"
          },
          {
            "gps_point_id": "gps-009226",
            "reason": "STATIONARY_JITTER"
          },
          {
            "gps_point_id": "gps-009227",
            "reason": "STATIONARY_JITTER"
          },
          {
            "gps_point_id": "gps-009228",
            "reason": "STATIONARY_JITTER"
          },
          {
            "gps_point_id": "gps-009229",
            "reason": "STATIONARY_JITTER"
          },
          {
            "gps_point_id": "gps-009230",
            "reason": "STATIONARY_JITTER"
          },
          {
            "gps_point_id": "gps-009231",
            "reason": "STATIONARY_JITTER"
          },
          {
            "gps_point_id": "gps-009232",
            "reason": "STATIONARY_JITTER"
          },
          {
            "gps_point_id": "gps-009233",
            "reason": "STATIONARY_JITTER"
          },
          {
            "gps_point_id": "gps-009234",
            "reason": "STATIONARY_JITTER"
          },
          {
            "gps_point_id": "gps-009235",
            "reason": "STATIONARY_JITTER"
          },
          {
            "gps_point_id": "gps-009236",
            "reason": "STATIONARY_JITTER"
          },
          {
            "gps_point_id": "gps-009237",
            "reason": "STATIONARY_JITTER"
          },
          {
            "gps_point_id": "gps-009238",
            "reason": "STATIONARY_JITTER"
          },
          {
            "gps_point_id": "gps-009241",
            "reason": "STATIONARY_JITTER"
          },
          {
            "gps_point_id": "gps-009242",
            "reason": "STATIONARY_JITTER"
          },
          {
            "gps_point_id": "gps-009243",
            "reason": "STATIONARY_JITTER"
          },
          {
            "gps_point_id": "gps-009244",
            "reason": "STATIONARY_JITTER"
          },
          {
            "gps_point_id": "gps-009245",
            "reason": "STATIONARY_JITTER"
          },
          {
            "gps_point_id": "gps-009246",
            "reason": "STATIONARY_JITTER"
          },
          {
            "gps_point_id": "gps-009247",
            "reason": "STATIONARY_JITTER"
          },
          {
            "gps_point_id": "gps-009248",
            "reason": "STATIONARY_JITTER"
          },
          {
            "gps_point_id": "gps-009249",
            "reason": "STATIONARY_JITTER"
          },
          {
            "gps_point_id": "gps-009250",
            "reason": "STATIONARY_JITTER"
          },
          {
            "gps_point_id": "gps-009251",
            "reason": "STATIONARY_JITTER"
          },
          {
            "gps_point_id": "gps-009252",
            "reason": "STATIONARY_JITTER"
          },
          {
            "gps_point_id": "gps-009253",
            "reason": "STATIONARY_JITTER"
          },
          {
            "gps_point_id": "gps-009254",
            "reason": "STATIONARY_JITTER"
          },
          {
            "gps_point_id": "gps-009255",
            "reason": "STATIONARY_JITTER"
          },
          {
            "gps_point_id": "gps-009256",
            "reason": "STATIONARY_JITTER"
          },
          {
            "gps_point_id": "gps-009257",
            "reason": "STATIONARY_JITTER"
          },
          {
            "gps_point_id": "gps-009258",
            "reason": "STATIONARY_JITTER"
          },
          {
            "gps_point_id": "gps-009259",
            "reason": "STATIONARY_JITTER"
          },
          {
            "gps_point_id": "gps-009260",
            "reason": "STATIONARY_JITTER"
          },
          {
            "gps_point_id": "gps-009261",
            "reason": "STATIONARY_JITTER"
          },
          {
            "gps_point_id": "gps-009262",
            "reason": "STATIONARY_JITTER"
          },
          {
            "gps_point_id": "gps-009263",
            "reason": "STATIONARY_JITTER"
          },
          {
            "gps_point_id": "gps-009264",
            "reason": "STATIONARY_JITTER"
          },
          {
            "gps_point_id": "gps-009265",
            "reason": "STATIONARY_JITTER"
          },
          {
            "gps_point_id": "gps-009266",
            "reason": "STATIONARY_JITTER"
          },
          {
            "gps_point_id": "gps-009267",
            "reason": "STATIONARY_JITTER"
          },
          {
            "gps_point_id": "gps-009268",
            "reason": "STATIONARY_JITTER"
          },
          {
            "gps_point_id": "gps-009269",
            "reason": "STATIONARY_JITTER"
          },
          {
            "gps_point_id": "gps-009270",
            "reason": "STATIONARY_JITTER"
          },
          {
            "gps_point_id": "gps-009271",
            "reason": "STATIONARY_JITTER"
          },
          {
            "gps_point_id": "gps-009272",
            "reason": "STATIONARY_JITTER"
          },
          {
            "gps_point_id": "gps-009273",
            "reason": "STATIONARY_JITTER"
          },
          {
            "gps_point_id": "gps-009274",
            "reason": "STATIONARY_JITTER"
          },
          {
            "gps_point_id": "gps-009275",
            "reason": "STATIONARY_JITTER"
          },
          {
            "gps_point_id": "gps-009276",
            "reason": "STATIONARY_JITTER"
          },
          {
            "gps_point_id": "gps-009277",
            "reason": "STATIONARY_JITTER"
          },
          {
            "gps_point_id": "gps-009278",
            "reason": "STATIONARY_JITTER"
          },
          {
            "gps_point_id": "gps-009279",
            "reason": "STATIONARY_JITTER"
          },
          {
            "gps_point_id": "gps-009280",
            "reason": "STATIONARY_JITTER"
          },
          {
            "gps_point_id": "gps-009281",
            "reason": "STATIONARY_JITTER"
          },
          {
            "gps_point_id": "gps-009282",
            "reason": "STATIONARY_JITTER"
          },
          {
            "gps_point_id": "gps-009283",
            "reason": "STATIONARY_JITTER"
          },
          {
            "gps_point_id": "gps-009284",
            "reason": "STATIONARY_JITTER"
          },
          {
            "gps_point_id": "gps-009285",
            "reason": "STATIONARY_JITTER"
          },
          {
            "gps_point_id": "gps-009286",
            "reason": "STATIONARY_JITTER"
          },
          {
            "gps_point_id": "gps-009287",
            "reason": "STATIONARY_JITTER"
          },
          {
            "gps_point_id": "gps-009288",
            "reason": "STATIONARY_JITTER"
          },
          {
            "gps_point_id": "gps-009289",
            "reason": "STATIONARY_JITTER"
          },
          {
            "gps_point_id": "gps-009290",
            "reason": "STATIONARY_JITTER"
          },
          {
            "gps_point_id": "gps-009291",
            "reason": "STATIONARY_JITTER"
          },
          {
            "gps_point_id": "gps-009292",
            "reason": "STATIONARY_JITTER"
          },
          {
            "gps_point_id": "gps-009293",
            "reason": "STATIONARY_JITTER"
          },
          {
            "gps_point_id": "gps-009294",
            "reason": "STATIONARY_JITTER"
          },
          {
            "gps_point_id": "gps-009295",
            "reason": "STATIONARY_JITTER"
          },
          {
            "gps_point_id": "gps-009296",
            "reason": "STATIONARY_JITTER"
          },
          {
            "gps_point_id": "gps-009299",
            "reason": "STATIONARY_JITTER"
          },
          {
            "gps_point_id": "gps-009301",
            "reason": "STATIONARY_JITTER"
          },
          {
            "gps_point_id": "gps-009303",
            "reason": "STATIONARY_JITTER"
          },
          {
            "gps_point_id": "gps-009304",
            "reason": "STATIONARY_JITTER"
          },
          {
            "gps_point_id": "gps-009305",
            "reason": "STATIONARY_JITTER"
          },
          {
            "gps_point_id": "gps-009306",
            "reason": "STATIONARY_JITTER"
          },
          {
            "gps_point_id": "gps-009307",
            "reason": "STATIONARY_JITTER"
          },
          {
            "gps_point_id": "gps-009308",
            "reason": "STATIONARY_JITTER"
          },
          {
            "gps_point_id": "gps-009309",
            "reason": "STATIONARY_JITTER"
          },
          {
            "gps_point_id": "gps-009310",
            "reason": "STATIONARY_JITTER"
          },
          {
            "gps_point_id": "gps-009311",
            "reason": "STATIONARY_JITTER"
          },
          {
            "gps_point_id": "gps-009312",
            "reason": "STATIONARY_JITTER"
          },
          {
            "gps_point_id": "gps-009313",
            "reason": "STATIONARY_JITTER"
          },
          {
            "gps_point_id": "gps-009314",
            "reason": "STATIONARY_JITTER"
          },
          {
            "gps_point_id": "gps-009315",
            "reason": "STATIONARY_JITTER"
          },
          {
            "gps_point_id": "gps-009316",
            "reason": "STATIONARY_JITTER"
          },
          {
            "gps_point_id": "gps-009317",
            "reason": "STATIONARY_JITTER"
          },
          {
            "gps_point_id": "gps-009318",
            "reason": "STATIONARY_JITTER"
          },
          {
            "gps_point_id": "gps-009319",
            "reason": "STATIONARY_JITTER"
          },
          {
            "gps_point_id": "gps-009320",
            "reason": "STATIONARY_JITTER"
          },
          {
            "gps_point_id": "gps-009321",
            "reason": "STATIONARY_JITTER"
          },
          {
            "gps_point_id": "gps-009322",
            "reason": "STATIONARY_JITTER"
          },
          {
            "gps_point_id": "gps-009323",
            "reason": "STATIONARY_JITTER"
          },
          {
            "gps_point_id": "gps-009324",
            "reason": "STATIONARY_JITTER"
          },
          {
            "gps_point_id": "gps-009325",
            "reason": "STATIONARY_JITTER"
          },
          {
            "gps_point_id": "gps-009326",
            "reason": "STATIONARY_JITTER"
          },
          {
            "gps_point_id": "gps-009327",
            "reason": "STATIONARY_JITTER"
          },
          {
            "gps_point_id": "gps-009328",
            "reason": "STATIONARY_JITTER"
          },
          {
            "gps_point_id": "gps-009329",
            "reason": "STATIONARY_JITTER"
          },
          {
            "gps_point_id": "gps-009330",
            "reason": "STATIONARY_JITTER"
          },
          {
            "gps_point_id": "gps-009331",
            "reason": "STATIONARY_JITTER"
          },
          {
            "gps_point_id": "gps-009332",
            "reason": "STATIONARY_JITTER"
          },
          {
            "gps_point_id": "gps-009333",
            "reason": "STATIONARY_JITTER"
          },
          {
            "gps_point_id": "gps-009334",
            "reason": "STATIONARY_JITTER"
          },
          {
            "gps_point_id": "gps-009335",
            "reason": "STATIONARY_JITTER"
          },
          {
            "gps_point_id": "gps-009336",
            "reason": "STATIONARY_JITTER"
          },
          {
            "gps_point_id": "gps-009337",
            "reason": "STATIONARY_JITTER"
          },
          {
            "gps_point_id": "gps-009338",
            "reason": "STATIONARY_JITTER"
          },
          {
            "gps_point_id": "gps-009339",
            "reason": "STATIONARY_JITTER"
          },
          {
            "gps_point_id": "gps-009340",
            "reason": "STATIONARY_JITTER"
          },
          {
            "gps_point_id": "gps-009341",
            "reason": "STATIONARY_JITTER"
          },
          {
            "gps_point_id": "gps-009342",
            "reason": "STATIONARY_JITTER"
          },
          {
            "gps_point_id": "gps-009343",
            "reason": "STATIONARY_JITTER"
          },
          {
            "gps_point_id": "gps-009344",
            "reason": "STATIONARY_JITTER"
          },
          {
            "gps_point_id": "gps-009345",
            "reason": "STATIONARY_JITTER"
          },
          {
            "gps_point_id": "gps-009346",
            "reason": "STATIONARY_JITTER"
          },
          {
            "gps_point_id": "gps-009347",
            "reason": "STATIONARY_JITTER"
          },
          {
            "gps_point_id": "gps-009348",
            "reason": "STATIONARY_JITTER"
          },
          {
            "gps_point_id": "gps-009349",
            "reason": "STATIONARY_JITTER"
          },
          {
            "gps_point_id": "gps-009350",
            "reason": "STATIONARY_JITTER"
          },
          {
            "gps_point_id": "gps-009351",
            "reason": "STATIONARY_JITTER"
          },
          {
            "gps_point_id": "gps-009352",
            "reason": "STATIONARY_JITTER"
          },
          {
            "gps_point_id": "gps-009353",
            "reason": "STATIONARY_JITTER"
          },
          {
            "gps_point_id": "gps-009354",
            "reason": "STATIONARY_JITTER"
          },
          {
            "gps_point_id": "gps-009355",
            "reason": "STATIONARY_JITTER"
          },
          {
            "gps_point_id": "gps-009356",
            "reason": "STATIONARY_JITTER"
          },
          {
            "gps_point_id": "gps-009357",
            "reason": "STATIONARY_JITTER"
          },
          {
            "gps_point_id": "gps-009358",
            "reason": "STATIONARY_JITTER"
          },
          {
            "gps_point_id": "gps-009359",
            "reason": "STATIONARY_JITTER"
          },
          {
            "gps_point_id": "gps-009360",
            "reason": "STATIONARY_JITTER"
          },
          {
            "gps_point_id": "gps-009361",
            "reason": "STATIONARY_JITTER"
          },
          {
            "gps_point_id": "gps-009362",
            "reason": "STATIONARY_JITTER"
          },
          {
            "gps_point_id": "gps-009363",
            "reason": "STATIONARY_JITTER"
          },
          {
            "gps_point_id": "gps-009364",
            "reason": "STATIONARY_JITTER"
          },
          {
            "gps_point_id": "gps-009365",
            "reason": "STATIONARY_JITTER"
          },
          {
            "gps_point_id": "gps-009366",
            "reason": "STATIONARY_JITTER"
          },
          {
            "gps_point_id": "gps-009367",
            "reason": "STATIONARY_JITTER"
          },
          {
            "gps_point_id": "gps-009368",
            "reason": "STATIONARY_JITTER"
          },
          {
            "gps_point_id": "gps-009369",
            "reason": "STATIONARY_JITTER"
          },
          {
            "gps_point_id": "gps-009370",
            "reason": "STATIONARY_JITTER"
          },
          {
            "gps_point_id": "gps-009371",
            "reason": "STATIONARY_JITTER"
          },
          {
            "gps_point_id": "gps-009372",
            "reason": "STATIONARY_JITTER"
          },
          {
            "gps_point_id": "gps-009373",
            "reason": "STATIONARY_JITTER"
          },
          {
            "gps_point_id": "gps-009374",
            "reason": "STATIONARY_JITTER"
          },
          {
            "gps_point_id": "gps-009376",
            "reason": "STATIONARY_JITTER"
          },
          {
            "gps_point_id": "gps-009377",
            "reason": "STATIONARY_JITTER"
          },
          {
            "gps_point_id": "gps-009380",
            "reason": "STATIONARY_JITTER"
          },
          {
            "gps_point_id": "gps-009381",
            "reason": "STATIONARY_JITTER"
          },
          {
            "gps_point_id": "gps-009382",
            "reason": "STATIONARY_JITTER"
          },
          {
            "gps_point_id": "gps-009383",
            "reason": "STATIONARY_JITTER"
          },
          {
            "gps_point_id": "gps-009384",
            "reason": "STATIONARY_JITTER"
          },
          {
            "gps_point_id": "gps-009385",
            "reason": "STATIONARY_JITTER"
          },
          {
            "gps_point_id": "gps-009386",
            "reason": "STATIONARY_JITTER"
          },
          {
            "gps_point_id": "gps-009388",
            "reason": "STATIONARY_JITTER"
          },
          {
            "gps_point_id": "gps-009389",
            "reason": "STATIONARY_JITTER"
          },
          {
            "gps_point_id": "gps-009390",
            "reason": "STATIONARY_JITTER"
          },
          {
            "gps_point_id": "gps-009391",
            "reason": "STATIONARY_JITTER"
          },
          {
            "gps_point_id": "gps-009392",
            "reason": "STATIONARY_JITTER"
          },
          {
            "gps_point_id": "gps-009393",
            "reason": "STATIONARY_JITTER"
          },
          {
            "gps_point_id": "gps-009396",
            "reason": "STATIONARY_JITTER"
          },
          {
            "gps_point_id": "gps-009397",
            "reason": "STATIONARY_JITTER"
          },
          {
            "gps_point_id": "gps-009398",
            "reason": "STATIONARY_JITTER"
          },
          {
            "gps_point_id": "gps-009399",
            "reason": "STATIONARY_JITTER"
          },
          {
            "gps_point_id": "gps-009400",
            "reason": "STATIONARY_JITTER"
          },
          {
            "gps_point_id": "gps-009401",
            "reason": "STATIONARY_JITTER"
          },
          {
            "gps_point_id": "gps-009402",
            "reason": "STATIONARY_JITTER"
          },
          {
            "gps_point_id": "gps-009403",
            "reason": "STATIONARY_JITTER"
          },
          {
            "gps_point_id": "gps-009404",
            "reason": "STATIONARY_JITTER"
          },
          {
            "gps_point_id": "gps-009405",
            "reason": "STATIONARY_JITTER"
          },
          {
            "gps_point_id": "gps-009406",
            "reason": "STATIONARY_JITTER"
          },
          {
            "gps_point_id": "gps-009407",
            "reason": "STATIONARY_JITTER"
          },
          {
            "gps_point_id": "gps-009408",
            "reason": "STATIONARY_JITTER"
          },
          {
            "gps_point_id": "gps-009410",
            "reason": "STATIONARY_JITTER"
          },
          {
            "gps_point_id": "gps-009411",
            "reason": "STATIONARY_JITTER"
          },
          {
            "gps_point_id": "gps-009412",
            "reason": "STATIONARY_JITTER"
          },
          {
            "gps_point_id": "gps-009413",
            "reason": "STATIONARY_JITTER"
          },
          {
            "gps_point_id": "gps-009414",
            "reason": "STATIONARY_JITTER"
          },
          {
            "gps_point_id": "gps-009415",
            "reason": "STATIONARY_JITTER"
          },
          {
            "gps_point_id": "gps-009416",
            "reason": "STATIONARY_JITTER"
          },
          {
            "gps_point_id": "gps-009417",
            "reason": "STATIONARY_JITTER"
          },
          {
            "gps_point_id": "gps-009418",
            "reason": "STATIONARY_JITTER"
          },
          {
            "gps_point_id": "gps-009419",
            "reason": "STATIONARY_JITTER"
          },
          {
            "gps_point_id": "gps-009420",
            "reason": "STATIONARY_JITTER"
          },
          {
            "gps_point_id": "gps-009421",
            "reason": "STATIONARY_JITTER"
          },
          {
            "gps_point_id": "gps-009422",
            "reason": "STATIONARY_JITTER"
          },
          {
            "gps_point_id": "gps-009423",
            "reason": "STATIONARY_JITTER"
          },
          {
            "gps_point_id": "gps-009424",
            "reason": "STATIONARY_JITTER"
          },
          {
            "gps_point_id": "gps-009425",
            "reason": "STATIONARY_JITTER"
          },
          {
            "gps_point_id": "gps-009426",
            "reason": "STATIONARY_JITTER"
          },
          {
            "gps_point_id": "gps-009427",
            "reason": "STATIONARY_JITTER"
          },
          {
            "gps_point_id": "gps-009428",
            "reason": "STATIONARY_JITTER"
          },
          {
            "gps_point_id": "gps-009429",
            "reason": "STATIONARY_JITTER"
          },
          {
            "gps_point_id": "gps-009430",
            "reason": "STATIONARY_JITTER"
          },
          {
            "gps_point_id": "gps-009431",
            "reason": "STATIONARY_JITTER"
          },
          {
            "gps_point_id": "gps-009432",
            "reason": "STATIONARY_JITTER"
          },
          {
            "gps_point_id": "gps-009433",
            "reason": "STATIONARY_JITTER"
          },
          {
            "gps_point_id": "gps-009434",
            "reason": "STATIONARY_JITTER"
          },
          {
            "gps_point_id": "gps-009435",
            "reason": "STATIONARY_JITTER"
          },
          {
            "gps_point_id": "gps-009436",
            "reason": "STATIONARY_JITTER"
          },
          {
            "gps_point_id": "gps-009439",
            "reason": "STATIONARY_JITTER"
          },
          {
            "gps_point_id": "gps-009440",
            "reason": "STATIONARY_JITTER"
          },
          {
            "gps_point_id": "gps-009441",
            "reason": "STATIONARY_JITTER"
          },
          {
            "gps_point_id": "gps-009442",
            "reason": "STATIONARY_JITTER"
          },
          {
            "gps_point_id": "gps-009443",
            "reason": "STATIONARY_JITTER"
          },
          {
            "gps_point_id": "gps-009444",
            "reason": "STATIONARY_JITTER"
          },
          {
            "gps_point_id": "gps-009445",
            "reason": "STATIONARY_JITTER"
          },
          {
            "gps_point_id": "gps-009446",
            "reason": "STATIONARY_JITTER"
          },
          {
            "gps_point_id": "gps-009447",
            "reason": "STATIONARY_JITTER"
          },
          {
            "gps_point_id": "gps-009448",
            "reason": "STATIONARY_JITTER"
          },
          {
            "gps_point_id": "gps-009449",
            "reason": "STATIONARY_JITTER"
          },
          {
            "gps_point_id": "gps-009450",
            "reason": "STATIONARY_JITTER"
          },
          {
            "gps_point_id": "gps-009451",
            "reason": "STATIONARY_JITTER"
          },
          {
            "gps_point_id": "gps-009452",
            "reason": "STATIONARY_JITTER"
          },
          {
            "gps_point_id": "gps-009453",
            "reason": "STATIONARY_JITTER"
          },
          {
            "gps_point_id": "gps-009454",
            "reason": "STATIONARY_JITTER"
          },
          {
            "gps_point_id": "gps-009455",
            "reason": "STATIONARY_JITTER"
          },
          {
            "gps_point_id": "gps-009456",
            "reason": "STATIONARY_JITTER"
          },
          {
            "gps_point_id": "gps-009457",
            "reason": "STATIONARY_JITTER"
          },
          {
            "gps_point_id": "gps-009458",
            "reason": "STATIONARY_JITTER"
          },
          {
            "gps_point_id": "gps-009459",
            "reason": "STATIONARY_JITTER"
          },
          {
            "gps_point_id": "gps-009460",
            "reason": "STATIONARY_JITTER"
          },
          {
            "gps_point_id": "gps-009461",
            "reason": "STATIONARY_JITTER"
          },
          {
            "gps_point_id": "gps-009463",
            "reason": "STATIONARY_JITTER"
          },
          {
            "gps_point_id": "gps-009464",
            "reason": "STATIONARY_JITTER"
          },
          {
            "gps_point_id": "gps-009465",
            "reason": "STATIONARY_JITTER"
          },
          {
            "gps_point_id": "gps-009466",
            "reason": "STATIONARY_JITTER"
          },
          {
            "gps_point_id": "gps-009467",
            "reason": "STATIONARY_JITTER"
          },
          {
            "gps_point_id": "gps-009468",
            "reason": "STATIONARY_JITTER"
          },
          {
            "gps_point_id": "gps-009470",
            "reason": "STATIONARY_JITTER"
          },
          {
            "gps_point_id": "gps-009471",
            "reason": "STATIONARY_JITTER"
          },
          {
            "gps_point_id": "gps-009472",
            "reason": "STATIONARY_JITTER"
          },
          {
            "gps_point_id": "gps-009473",
            "reason": "STATIONARY_JITTER"
          },
          {
            "gps_point_id": "gps-009474",
            "reason": "STATIONARY_JITTER"
          },
          {
            "gps_point_id": "gps-009475",
            "reason": "STATIONARY_JITTER"
          },
          {
            "gps_point_id": "gps-009476",
            "reason": "STATIONARY_JITTER"
          },
          {
            "gps_point_id": "gps-009477",
            "reason": "STATIONARY_JITTER"
          },
          {
            "gps_point_id": "gps-009478",
            "reason": "STATIONARY_JITTER"
          },
          {
            "gps_point_id": "gps-009479",
            "reason": "STATIONARY_JITTER"
          },
          {
            "gps_point_id": "gps-009480",
            "reason": "STATIONARY_JITTER"
          },
          {
            "gps_point_id": "gps-009481",
            "reason": "STATIONARY_JITTER"
          },
          {
            "gps_point_id": "gps-009482",
            "reason": "STATIONARY_JITTER"
          },
          {
            "gps_point_id": "gps-009483",
            "reason": "STATIONARY_JITTER"
          },
          {
            "gps_point_id": "gps-009484",
            "reason": "STATIONARY_JITTER"
          },
          {
            "gps_point_id": "gps-009485",
            "reason": "STATIONARY_JITTER"
          },
          {
            "gps_point_id": "gps-009486",
            "reason": "STATIONARY_JITTER"
          },
          {
            "gps_point_id": "gps-009487",
            "reason": "STATIONARY_JITTER"
          },
          {
            "gps_point_id": "gps-009488",
            "reason": "STATIONARY_JITTER"
          },
          {
            "gps_point_id": "gps-009489",
            "reason": "STATIONARY_JITTER"
          },
          {
            "gps_point_id": "gps-009490",
            "reason": "STATIONARY_JITTER"
          },
          {
            "gps_point_id": "gps-009491",
            "reason": "STATIONARY_JITTER"
          },
          {
            "gps_point_id": "gps-009492",
            "reason": "STATIONARY_JITTER"
          },
          {
            "gps_point_id": "gps-009493",
            "reason": "STATIONARY_JITTER"
          },
          {
            "gps_point_id": "gps-009494",
            "reason": "STATIONARY_JITTER"
          },
          {
            "gps_point_id": "gps-009495",
            "reason": "STATIONARY_JITTER"
          },
          {
            "gps_point_id": "gps-009496",
            "reason": "STATIONARY_JITTER"
          },
          {
            "gps_point_id": "gps-009497",
            "reason": "STATIONARY_JITTER"
          },
          {
            "gps_point_id": "gps-009498",
            "reason": "STATIONARY_JITTER"
          },
          {
            "gps_point_id": "gps-009499",
            "reason": "STATIONARY_JITTER"
          },
          {
            "gps_point_id": "gps-009500",
            "reason": "STATIONARY_JITTER"
          },
          {
            "gps_point_id": "gps-009501",
            "reason": "STATIONARY_JITTER"
          },
          {
            "gps_point_id": "gps-009502",
            "reason": "STATIONARY_JITTER"
          },
          {
            "gps_point_id": "gps-009503",
            "reason": "STATIONARY_JITTER"
          },
          {
            "gps_point_id": "gps-009504",
            "reason": "STATIONARY_JITTER"
          },
          {
            "gps_point_id": "gps-009505",
            "reason": "STATIONARY_JITTER"
          },
          {
            "gps_point_id": "gps-009506",
            "reason": "STATIONARY_JITTER"
          },
          {
            "gps_point_id": "gps-009507",
            "reason": "STATIONARY_JITTER"
          },
          {
            "gps_point_id": "gps-009508",
            "reason": "STATIONARY_JITTER"
          },
          {
            "gps_point_id": "gps-009509",
            "reason": "STATIONARY_JITTER"
          },
          {
            "gps_point_id": "gps-009510",
            "reason": "STATIONARY_JITTER"
          },
          {
            "gps_point_id": "gps-009511",
            "reason": "STATIONARY_JITTER"
          },
          {
            "gps_point_id": "gps-009512",
            "reason": "STATIONARY_JITTER"
          },
          {
            "gps_point_id": "gps-009514",
            "reason": "STATIONARY_JITTER"
          },
          {
            "gps_point_id": "gps-009515",
            "reason": "STATIONARY_JITTER"
          },
          {
            "gps_point_id": "gps-009516",
            "reason": "STATIONARY_JITTER"
          },
          {
            "gps_point_id": "gps-009517",
            "reason": "STATIONARY_JITTER"
          },
          {
            "gps_point_id": "gps-009518",
            "reason": "STATIONARY_JITTER"
          },
          {
            "gps_point_id": "gps-009519",
            "reason": "STATIONARY_JITTER"
          },
          {
            "gps_point_id": "gps-009520",
            "reason": "STATIONARY_JITTER"
          },
          {
            "gps_point_id": "gps-009521",
            "reason": "STATIONARY_JITTER"
          },
          {
            "gps_point_id": "gps-009522",
            "reason": "STATIONARY_JITTER"
          },
          {
            "gps_point_id": "gps-009523",
            "reason": "STATIONARY_JITTER"
          },
          {
            "gps_point_id": "gps-009524",
            "reason": "STATIONARY_JITTER"
          },
          {
            "gps_point_id": "gps-009525",
            "reason": "STATIONARY_JITTER"
          },
          {
            "gps_point_id": "gps-009526",
            "reason": "STATIONARY_JITTER"
          },
          {
            "gps_point_id": "gps-009527",
            "reason": "STATIONARY_JITTER"
          },
          {
            "gps_point_id": "gps-009528",
            "reason": "STATIONARY_JITTER"
          },
          {
            "gps_point_id": "gps-009529",
            "reason": "STATIONARY_JITTER"
          },
          {
            "gps_point_id": "gps-009530",
            "reason": "STATIONARY_JITTER"
          },
          {
            "gps_point_id": "gps-009531",
            "reason": "STATIONARY_JITTER"
          },
          {
            "gps_point_id": "gps-009532",
            "reason": "STATIONARY_JITTER"
          },
          {
            "gps_point_id": "gps-009533",
            "reason": "STATIONARY_JITTER"
          },
          {
            "gps_point_id": "gps-009534",
            "reason": "STATIONARY_JITTER"
          },
          {
            "gps_point_id": "gps-009535",
            "reason": "STATIONARY_JITTER"
          },
          {
            "gps_point_id": "gps-009536",
            "reason": "STATIONARY_JITTER"
          },
          {
            "gps_point_id": "gps-009537",
            "reason": "STATIONARY_JITTER"
          },
          {
            "gps_point_id": "gps-009538",
            "reason": "STATIONARY_JITTER"
          },
          {
            "gps_point_id": "gps-009539",
            "reason": "STATIONARY_JITTER"
          },
          {
            "gps_point_id": "gps-009540",
            "reason": "STATIONARY_JITTER"
          },
          {
            "gps_point_id": "gps-009541",
            "reason": "STATIONARY_JITTER"
          },
          {
            "gps_point_id": "gps-009542",
            "reason": "STATIONARY_JITTER"
          },
          {
            "gps_point_id": "gps-009543",
            "reason": "STATIONARY_JITTER"
          },
          {
            "gps_point_id": "gps-009544",
            "reason": "STATIONARY_JITTER"
          },
          {
            "gps_point_id": "gps-009545",
            "reason": "STATIONARY_JITTER"
          },
          {
            "gps_point_id": "gps-009546",
            "reason": "STATIONARY_JITTER"
          },
          {
            "gps_point_id": "gps-009547",
            "reason": "STATIONARY_JITTER"
          },
          {
            "gps_point_id": "gps-009548",
            "reason": "STATIONARY_JITTER"
          },
          {
            "gps_point_id": "gps-009549",
            "reason": "STATIONARY_JITTER"
          },
          {
            "gps_point_id": "gps-009550",
            "reason": "STATIONARY_JITTER"
          },
          {
            "gps_point_id": "gps-009551",
            "reason": "STATIONARY_JITTER"
          },
          {
            "gps_point_id": "gps-009552",
            "reason": "STATIONARY_JITTER"
          },
          {
            "gps_point_id": "gps-009553",
            "reason": "STATIONARY_JITTER"
          },
          {
            "gps_point_id": "gps-009554",
            "reason": "STATIONARY_JITTER"
          },
          {
            "gps_point_id": "gps-009555",
            "reason": "STATIONARY_JITTER"
          },
          {
            "gps_point_id": "gps-009556",
            "reason": "STATIONARY_JITTER"
          },
          {
            "gps_point_id": "gps-009557",
            "reason": "STATIONARY_JITTER"
          },
          {
            "gps_point_id": "gps-009558",
            "reason": "STATIONARY_JITTER"
          },
          {
            "gps_point_id": "gps-009559",
            "reason": "STATIONARY_JITTER"
          },
          {
            "gps_point_id": "gps-009560",
            "reason": "STATIONARY_JITTER"
          },
          {
            "gps_point_id": "gps-009561",
            "reason": "STATIONARY_JITTER"
          },
          {
            "gps_point_id": "gps-009562",
            "reason": "STATIONARY_JITTER"
          },
          {
            "gps_point_id": "gps-009564",
            "reason": "STATIONARY_JITTER"
          },
          {
            "gps_point_id": "gps-009565",
            "reason": "STATIONARY_JITTER"
          },
          {
            "gps_point_id": "gps-009566",
            "reason": "STATIONARY_JITTER"
          },
          {
            "gps_point_id": "gps-009567",
            "reason": "STATIONARY_JITTER"
          },
          {
            "gps_point_id": "gps-009568",
            "reason": "STATIONARY_JITTER"
          },
          {
            "gps_point_id": "gps-009569",
            "reason": "STATIONARY_JITTER"
          },
          {
            "gps_point_id": "gps-009570",
            "reason": "STATIONARY_JITTER"
          },
          {
            "gps_point_id": "gps-009571",
            "reason": "STATIONARY_JITTER"
          },
          {
            "gps_point_id": "gps-009572",
            "reason": "STATIONARY_JITTER"
          },
          {
            "gps_point_id": "gps-009573",
            "reason": "STATIONARY_JITTER"
          },
          {
            "gps_point_id": "gps-009574",
            "reason": "STATIONARY_JITTER"
          },
          {
            "gps_point_id": "gps-009575",
            "reason": "STATIONARY_JITTER"
          },
          {
            "gps_point_id": "gps-009576",
            "reason": "STATIONARY_JITTER"
          },
          {
            "gps_point_id": "gps-009577",
            "reason": "STATIONARY_JITTER"
          },
          {
            "gps_point_id": "gps-009578",
            "reason": "STATIONARY_JITTER"
          },
          {
            "gps_point_id": "gps-009579",
            "reason": "STATIONARY_JITTER"
          },
          {
            "gps_point_id": "gps-009580",
            "reason": "STATIONARY_JITTER"
          },
          {
            "gps_point_id": "gps-009581",
            "reason": "STATIONARY_JITTER"
          },
          {
            "gps_point_id": "gps-009582",
            "reason": "STATIONARY_JITTER"
          },
          {
            "gps_point_id": "gps-009583",
            "reason": "STATIONARY_JITTER"
          },
          {
            "gps_point_id": "gps-009584",
            "reason": "STATIONARY_JITTER"
          },
          {
            "gps_point_id": "gps-009587",
            "reason": "STATIONARY_JITTER"
          },
          {
            "gps_point_id": "gps-009588",
            "reason": "STATIONARY_JITTER"
          },
          {
            "gps_point_id": "gps-009589",
            "reason": "STATIONARY_JITTER"
          },
          {
            "gps_point_id": "gps-009590",
            "reason": "STATIONARY_JITTER"
          },
          {
            "gps_point_id": "gps-009591",
            "reason": "STATIONARY_JITTER"
          },
          {
            "gps_point_id": "gps-009592",
            "reason": "STATIONARY_JITTER"
          },
          {
            "gps_point_id": "gps-009593",
            "reason": "STATIONARY_JITTER"
          },
          {
            "gps_point_id": "gps-009594",
            "reason": "STATIONARY_JITTER"
          },
          {
            "gps_point_id": "gps-009595",
            "reason": "STATIONARY_JITTER"
          },
          {
            "gps_point_id": "gps-009596",
            "reason": "STATIONARY_JITTER"
          },
          {
            "gps_point_id": "gps-009597",
            "reason": "STATIONARY_JITTER"
          },
          {
            "gps_point_id": "gps-009598",
            "reason": "STATIONARY_JITTER"
          },
          {
            "gps_point_id": "gps-009599",
            "reason": "STATIONARY_JITTER"
          },
          {
            "gps_point_id": "gps-009600",
            "reason": "STATIONARY_JITTER"
          },
          {
            "gps_point_id": "gps-009601",
            "reason": "STATIONARY_JITTER"
          },
          {
            "gps_point_id": "gps-009602",
            "reason": "STATIONARY_JITTER"
          },
          {
            "gps_point_id": "gps-009603",
            "reason": "STATIONARY_JITTER"
          },
          {
            "gps_point_id": "gps-009604",
            "reason": "STATIONARY_JITTER"
          },
          {
            "gps_point_id": "gps-009605",
            "reason": "STATIONARY_JITTER"
          },
          {
            "gps_point_id": "gps-009606",
            "reason": "STATIONARY_JITTER"
          },
          {
            "gps_point_id": "gps-009607",
            "reason": "STATIONARY_JITTER"
          },
          {
            "gps_point_id": "gps-009608",
            "reason": "STATIONARY_JITTER"
          },
          {
            "gps_point_id": "gps-009609",
            "reason": "STATIONARY_JITTER"
          },
          {
            "gps_point_id": "gps-009610",
            "reason": "STATIONARY_JITTER"
          },
          {
            "gps_point_id": "gps-009611",
            "reason": "STATIONARY_JITTER"
          },
          {
            "gps_point_id": "gps-009612",
            "reason": "STATIONARY_JITTER"
          },
          {
            "gps_point_id": "gps-009613",
            "reason": "STATIONARY_JITTER"
          },
          {
            "gps_point_id": "gps-009614",
            "reason": "STATIONARY_JITTER"
          },
          {
            "gps_point_id": "gps-009615",
            "reason": "STATIONARY_JITTER"
          },
          {
            "gps_point_id": "gps-009616",
            "reason": "STATIONARY_JITTER"
          },
          {
            "gps_point_id": "gps-009617",
            "reason": "STATIONARY_JITTER"
          },
          {
            "gps_point_id": "gps-009618",
            "reason": "STATIONARY_JITTER"
          },
          {
            "gps_point_id": "gps-009619",
            "reason": "STATIONARY_JITTER"
          },
          {
            "gps_point_id": "gps-009620",
            "reason": "STATIONARY_JITTER"
          },
          {
            "gps_point_id": "gps-009621",
            "reason": "STATIONARY_JITTER"
          },
          {
            "gps_point_id": "gps-009622",
            "reason": "STATIONARY_JITTER"
          },
          {
            "gps_point_id": "gps-009623",
            "reason": "STATIONARY_JITTER"
          },
          {
            "gps_point_id": "gps-009624",
            "reason": "STATIONARY_JITTER"
          },
          {
            "gps_point_id": "gps-009625",
            "reason": "STATIONARY_JITTER"
          },
          {
            "gps_point_id": "gps-009626",
            "reason": "STATIONARY_JITTER"
          },
          {
            "gps_point_id": "gps-009627",
            "reason": "STATIONARY_JITTER"
          },
          {
            "gps_point_id": "gps-009628",
            "reason": "STATIONARY_JITTER"
          },
          {
            "gps_point_id": "gps-009629",
            "reason": "STATIONARY_JITTER"
          },
          {
            "gps_point_id": "gps-009630",
            "reason": "STATIONARY_JITTER"
          },
          {
            "gps_point_id": "gps-009631",
            "reason": "STATIONARY_JITTER"
          },
          {
            "gps_point_id": "gps-009632",
            "reason": "STATIONARY_JITTER"
          },
          {
            "gps_point_id": "gps-009633",
            "reason": "STATIONARY_JITTER"
          },
          {
            "gps_point_id": "gps-009634",
            "reason": "STATIONARY_JITTER"
          },
          {
            "gps_point_id": "gps-009635",
            "reason": "STATIONARY_JITTER"
          },
          {
            "gps_point_id": "gps-009636",
            "reason": "STATIONARY_JITTER"
          },
          {
            "gps_point_id": "gps-009637",
            "reason": "STATIONARY_JITTER"
          },
          {
            "gps_point_id": "gps-009638",
            "reason": "STATIONARY_JITTER"
          },
          {
            "gps_point_id": "gps-009639",
            "reason": "STATIONARY_JITTER"
          },
          {
            "gps_point_id": "gps-009640",
            "reason": "STATIONARY_JITTER"
          },
          {
            "gps_point_id": "gps-009641",
            "reason": "STATIONARY_JITTER"
          },
          {
            "gps_point_id": "gps-009642",
            "reason": "STATIONARY_JITTER"
          },
          {
            "gps_point_id": "gps-009643",
            "reason": "STATIONARY_JITTER"
          },
          {
            "gps_point_id": "gps-009644",
            "reason": "STATIONARY_JITTER"
          },
          {
            "gps_point_id": "gps-009645",
            "reason": "STATIONARY_JITTER"
          },
          {
            "gps_point_id": "gps-009646",
            "reason": "STATIONARY_JITTER"
          },
          {
            "gps_point_id": "gps-009647",
            "reason": "STATIONARY_JITTER"
          },
          {
            "gps_point_id": "gps-009648",
            "reason": "STATIONARY_JITTER"
          },
          {
            "gps_point_id": "gps-009649",
            "reason": "STATIONARY_JITTER"
          },
          {
            "gps_point_id": "gps-009650",
            "reason": "STATIONARY_JITTER"
          },
          {
            "gps_point_id": "gps-009651",
            "reason": "STATIONARY_JITTER"
          },
          {
            "gps_point_id": "gps-009652",
            "reason": "STATIONARY_JITTER"
          },
          {
            "gps_point_id": "gps-009653",
            "reason": "STATIONARY_JITTER"
          },
          {
            "gps_point_id": "gps-009654",
            "reason": "STATIONARY_JITTER"
          },
          {
            "gps_point_id": "gps-009655",
            "reason": "STATIONARY_JITTER"
          },
          {
            "gps_point_id": "gps-009656",
            "reason": "STATIONARY_JITTER"
          },
          {
            "gps_point_id": "gps-009657",
            "reason": "STATIONARY_JITTER"
          },
          {
            "gps_point_id": "gps-009658",
            "reason": "STATIONARY_JITTER"
          },
          {
            "gps_point_id": "gps-009659",
            "reason": "STATIONARY_JITTER"
          },
          {
            "gps_point_id": "gps-009660",
            "reason": "STATIONARY_JITTER"
          },
          {
            "gps_point_id": "gps-009661",
            "reason": "STATIONARY_JITTER"
          },
          {
            "gps_point_id": "gps-009662",
            "reason": "STATIONARY_JITTER"
          },
          {
            "gps_point_id": "gps-009663",
            "reason": "STATIONARY_JITTER"
          },
          {
            "gps_point_id": "gps-009664",
            "reason": "STATIONARY_JITTER"
          },
          {
            "gps_point_id": "gps-009665",
            "reason": "STATIONARY_JITTER"
          },
          {
            "gps_point_id": "gps-009666",
            "reason": "STATIONARY_JITTER"
          },
          {
            "gps_point_id": "gps-009667",
            "reason": "STATIONARY_JITTER"
          },
          {
            "gps_point_id": "gps-009668",
            "reason": "STATIONARY_JITTER"
          },
          {
            "gps_point_id": "gps-009669",
            "reason": "STATIONARY_JITTER"
          },
          {
            "gps_point_id": "gps-009670",
            "reason": "STATIONARY_JITTER"
          },
          {
            "gps_point_id": "gps-009671",
            "reason": "STATIONARY_JITTER"
          },
          {
            "gps_point_id": "gps-009672",
            "reason": "STATIONARY_JITTER"
          },
          {
            "gps_point_id": "gps-009673",
            "reason": "STATIONARY_JITTER"
          },
          {
            "gps_point_id": "gps-009674",
            "reason": "STATIONARY_JITTER"
          },
          {
            "gps_point_id": "gps-009675",
            "reason": "STATIONARY_JITTER"
          },
          {
            "gps_point_id": "gps-009676",
            "reason": "STATIONARY_JITTER"
          },
          {
            "gps_point_id": "gps-009677",
            "reason": "STATIONARY_JITTER"
          },
          {
            "gps_point_id": "gps-009678",
            "reason": "STATIONARY_JITTER"
          },
          {
            "gps_point_id": "gps-009679",
            "reason": "STATIONARY_JITTER"
          },
          {
            "gps_point_id": "gps-009680",
            "reason": "STATIONARY_JITTER"
          },
          {
            "gps_point_id": "gps-009681",
            "reason": "STATIONARY_JITTER"
          },
          {
            "gps_point_id": "gps-009682",
            "reason": "STATIONARY_JITTER"
          },
          {
            "gps_point_id": "gps-009683",
            "reason": "STATIONARY_JITTER"
          },
          {
            "gps_point_id": "gps-009684",
            "reason": "STATIONARY_JITTER"
          },
          {
            "gps_point_id": "gps-009685",
            "reason": "STATIONARY_JITTER"
          },
          {
            "gps_point_id": "gps-009686",
            "reason": "STATIONARY_JITTER"
          },
          {
            "gps_point_id": "gps-009687",
            "reason": "STATIONARY_JITTER"
          },
          {
            "gps_point_id": "gps-009688",
            "reason": "STATIONARY_JITTER"
          },
          {
            "gps_point_id": "gps-009689",
            "reason": "STATIONARY_JITTER"
          },
          {
            "gps_point_id": "gps-009690",
            "reason": "STATIONARY_JITTER"
          },
          {
            "gps_point_id": "gps-009691",
            "reason": "STATIONARY_JITTER"
          },
          {
            "gps_point_id": "gps-009692",
            "reason": "STATIONARY_JITTER"
          },
          {
            "gps_point_id": "gps-009693",
            "reason": "STATIONARY_JITTER"
          },
          {
            "gps_point_id": "gps-009694",
            "reason": "STATIONARY_JITTER"
          },
          {
            "gps_point_id": "gps-009695",
            "reason": "STATIONARY_JITTER"
          },
          {
            "gps_point_id": "gps-009696",
            "reason": "STATIONARY_JITTER"
          },
          {
            "gps_point_id": "gps-009697",
            "reason": "STATIONARY_JITTER"
          },
          {
            "gps_point_id": "gps-009698",
            "reason": "STATIONARY_JITTER"
          },
          {
            "gps_point_id": "gps-009699",
            "reason": "STATIONARY_JITTER"
          },
          {
            "gps_point_id": "gps-009700",
            "reason": "STATIONARY_JITTER"
          },
          {
            "gps_point_id": "gps-009701",
            "reason": "STATIONARY_JITTER"
          },
          {
            "gps_point_id": "gps-009702",
            "reason": "STATIONARY_JITTER"
          },
          {
            "gps_point_id": "gps-009703",
            "reason": "STATIONARY_JITTER"
          },
          {
            "gps_point_id": "gps-009704",
            "reason": "STATIONARY_JITTER"
          },
          {
            "gps_point_id": "gps-009705",
            "reason": "STATIONARY_JITTER"
          },
          {
            "gps_point_id": "gps-009706",
            "reason": "STATIONARY_JITTER"
          },
          {
            "gps_point_id": "gps-009707",
            "reason": "STATIONARY_JITTER"
          },
          {
            "gps_point_id": "gps-009708",
            "reason": "STATIONARY_JITTER"
          },
          {
            "gps_point_id": "gps-009709",
            "reason": "STATIONARY_JITTER"
          },
          {
            "gps_point_id": "gps-009710",
            "reason": "STATIONARY_JITTER"
          },
          {
            "gps_point_id": "gps-009712",
            "reason": "STATIONARY_JITTER"
          },
          {
            "gps_point_id": "gps-009713",
            "reason": "STATIONARY_JITTER"
          },
          {
            "gps_point_id": "gps-009714",
            "reason": "STATIONARY_JITTER"
          },
          {
            "gps_point_id": "gps-009715",
            "reason": "STATIONARY_JITTER"
          },
          {
            "gps_point_id": "gps-009716",
            "reason": "STATIONARY_JITTER"
          },
          {
            "gps_point_id": "gps-009717",
            "reason": "STATIONARY_JITTER"
          },
          {
            "gps_point_id": "gps-009718",
            "reason": "STATIONARY_JITTER"
          },
          {
            "gps_point_id": "gps-009719",
            "reason": "STATIONARY_JITTER"
          },
          {
            "gps_point_id": "gps-009720",
            "reason": "STATIONARY_JITTER"
          },
          {
            "gps_point_id": "gps-009721",
            "reason": "STATIONARY_JITTER"
          },
          {
            "gps_point_id": "gps-009722",
            "reason": "STATIONARY_JITTER"
          },
          {
            "gps_point_id": "gps-009723",
            "reason": "STATIONARY_JITTER"
          },
          {
            "gps_point_id": "gps-009724",
            "reason": "STATIONARY_JITTER"
          },
          {
            "gps_point_id": "gps-009725",
            "reason": "STATIONARY_JITTER"
          },
          {
            "gps_point_id": "gps-009726",
            "reason": "STATIONARY_JITTER"
          },
          {
            "gps_point_id": "gps-009727",
            "reason": "STATIONARY_JITTER"
          },
          {
            "gps_point_id": "gps-009728",
            "reason": "STATIONARY_JITTER"
          },
          {
            "gps_point_id": "gps-009729",
            "reason": "STATIONARY_JITTER"
          },
          {
            "gps_point_id": "gps-009730",
            "reason": "STATIONARY_JITTER"
          },
          {
            "gps_point_id": "gps-009731",
            "reason": "STATIONARY_JITTER"
          },
          {
            "gps_point_id": "gps-009732",
            "reason": "STATIONARY_JITTER"
          },
          {
            "gps_point_id": "gps-009734",
            "reason": "STATIONARY_JITTER"
          },
          {
            "gps_point_id": "gps-009735",
            "reason": "STATIONARY_JITTER"
          },
          {
            "gps_point_id": "gps-009736",
            "reason": "STATIONARY_JITTER"
          },
          {
            "gps_point_id": "gps-009737",
            "reason": "STATIONARY_JITTER"
          },
          {
            "gps_point_id": "gps-009738",
            "reason": "STATIONARY_JITTER"
          },
          {
            "gps_point_id": "gps-009739",
            "reason": "STATIONARY_JITTER"
          },
          {
            "gps_point_id": "gps-009740",
            "reason": "STATIONARY_JITTER"
          },
          {
            "gps_point_id": "gps-009741",
            "reason": "STATIONARY_JITTER"
          },
          {
            "gps_point_id": "gps-009742",
            "reason": "STATIONARY_JITTER"
          },
          {
            "gps_point_id": "gps-009743",
            "reason": "STATIONARY_JITTER"
          },
          {
            "gps_point_id": "gps-009744",
            "reason": "STATIONARY_JITTER"
          },
          {
            "gps_point_id": "gps-009745",
            "reason": "STATIONARY_JITTER"
          },
          {
            "gps_point_id": "gps-009746",
            "reason": "STATIONARY_JITTER"
          },
          {
            "gps_point_id": "gps-009747",
            "reason": "STATIONARY_JITTER"
          },
          {
            "gps_point_id": "gps-009748",
            "reason": "STATIONARY_JITTER"
          },
          {
            "gps_point_id": "gps-009749",
            "reason": "STATIONARY_JITTER"
          },
          {
            "gps_point_id": "gps-009750",
            "reason": "STATIONARY_JITTER"
          },
          {
            "gps_point_id": "gps-009751",
            "reason": "STATIONARY_JITTER"
          },
          {
            "gps_point_id": "gps-009752",
            "reason": "STATIONARY_JITTER"
          },
          {
            "gps_point_id": "gps-009753",
            "reason": "STATIONARY_JITTER"
          },
          {
            "gps_point_id": "gps-009754",
            "reason": "STATIONARY_JITTER"
          },
          {
            "gps_point_id": "gps-009755",
            "reason": "STATIONARY_JITTER"
          },
          {
            "gps_point_id": "gps-009756",
            "reason": "STATIONARY_JITTER"
          },
          {
            "gps_point_id": "gps-009757",
            "reason": "STATIONARY_JITTER"
          },
          {
            "gps_point_id": "gps-009759",
            "reason": "STATIONARY_JITTER"
          },
          {
            "gps_point_id": "gps-009761",
            "reason": "STATIONARY_JITTER"
          },
          {
            "gps_point_id": "gps-009762",
            "reason": "STATIONARY_JITTER"
          },
          {
            "gps_point_id": "gps-009763",
            "reason": "STATIONARY_JITTER"
          },
          {
            "gps_point_id": "gps-009764",
            "reason": "STATIONARY_JITTER"
          },
          {
            "gps_point_id": "gps-009765",
            "reason": "STATIONARY_JITTER"
          },
          {
            "gps_point_id": "gps-009766",
            "reason": "STATIONARY_JITTER"
          },
          {
            "gps_point_id": "gps-009767",
            "reason": "STATIONARY_JITTER"
          },
          {
            "gps_point_id": "gps-009768",
            "reason": "STATIONARY_JITTER"
          },
          {
            "gps_point_id": "gps-009769",
            "reason": "STATIONARY_JITTER"
          },
          {
            "gps_point_id": "gps-009770",
            "reason": "STATIONARY_JITTER"
          },
          {
            "gps_point_id": "gps-009771",
            "reason": "STATIONARY_JITTER"
          },
          {
            "gps_point_id": "gps-009772",
            "reason": "STATIONARY_JITTER"
          },
          {
            "gps_point_id": "gps-009773",
            "reason": "STATIONARY_JITTER"
          },
          {
            "gps_point_id": "gps-009774",
            "reason": "STATIONARY_JITTER"
          },
          {
            "gps_point_id": "gps-009775",
            "reason": "STATIONARY_JITTER"
          },
          {
            "gps_point_id": "gps-009776",
            "reason": "STATIONARY_JITTER"
          },
          {
            "gps_point_id": "gps-009777",
            "reason": "STATIONARY_JITTER"
          },
          {
            "gps_point_id": "gps-009778",
            "reason": "STATIONARY_JITTER"
          },
          {
            "gps_point_id": "gps-009779",
            "reason": "STATIONARY_JITTER"
          },
          {
            "gps_point_id": "gps-009780",
            "reason": "STATIONARY_JITTER"
          },
          {
            "gps_point_id": "gps-009781",
            "reason": "STATIONARY_JITTER"
          },
          {
            "gps_point_id": "gps-009782",
            "reason": "STATIONARY_JITTER"
          },
          {
            "gps_point_id": "gps-009783",
            "reason": "STATIONARY_JITTER"
          },
          {
            "gps_point_id": "gps-009784",
            "reason": "STATIONARY_JITTER"
          },
          {
            "gps_point_id": "gps-009785",
            "reason": "STATIONARY_JITTER"
          },
          {
            "gps_point_id": "gps-009786",
            "reason": "STATIONARY_JITTER"
          },
          {
            "gps_point_id": "gps-009787",
            "reason": "STATIONARY_JITTER"
          },
          {
            "gps_point_id": "gps-009788",
            "reason": "STATIONARY_JITTER"
          },
          {
            "gps_point_id": "gps-009789",
            "reason": "STATIONARY_JITTER"
          },
          {
            "gps_point_id": "gps-009790",
            "reason": "STATIONARY_JITTER"
          },
          {
            "gps_point_id": "gps-009791",
            "reason": "STATIONARY_JITTER"
          },
          {
            "gps_point_id": "gps-009792",
            "reason": "STATIONARY_JITTER"
          },
          {
            "gps_point_id": "gps-009793",
            "reason": "STATIONARY_JITTER"
          },
          {
            "gps_point_id": "gps-009794",
            "reason": "STATIONARY_JITTER"
          },
          {
            "gps_point_id": "gps-009795",
            "reason": "STATIONARY_JITTER"
          },
          {
            "gps_point_id": "gps-009796",
            "reason": "STATIONARY_JITTER"
          },
          {
            "gps_point_id": "gps-009797",
            "reason": "STATIONARY_JITTER"
          },
          {
            "gps_point_id": "gps-009798",
            "reason": "STATIONARY_JITTER"
          },
          {
            "gps_point_id": "gps-009799",
            "reason": "STATIONARY_JITTER"
          },
          {
            "gps_point_id": "gps-009801",
            "reason": "STATIONARY_JITTER"
          },
          {
            "gps_point_id": "gps-009802",
            "reason": "STATIONARY_JITTER"
          },
          {
            "gps_point_id": "gps-009803",
            "reason": "STATIONARY_JITTER"
          },
          {
            "gps_point_id": "gps-009804",
            "reason": "STATIONARY_JITTER"
          },
          {
            "gps_point_id": "gps-009805",
            "reason": "STATIONARY_JITTER"
          },
          {
            "gps_point_id": "gps-009806",
            "reason": "STATIONARY_JITTER"
          },
          {
            "gps_point_id": "gps-009809",
            "reason": "STATIONARY_JITTER"
          },
          {
            "gps_point_id": "gps-009810",
            "reason": "STATIONARY_JITTER"
          },
          {
            "gps_point_id": "gps-009811",
            "reason": "STATIONARY_JITTER"
          },
          {
            "gps_point_id": "gps-009812",
            "reason": "STATIONARY_JITTER"
          },
          {
            "gps_point_id": "gps-009813",
            "reason": "STATIONARY_JITTER"
          },
          {
            "gps_point_id": "gps-009814",
            "reason": "STATIONARY_JITTER"
          },
          {
            "gps_point_id": "gps-009815",
            "reason": "STATIONARY_JITTER"
          },
          {
            "gps_point_id": "gps-009816",
            "reason": "STATIONARY_JITTER"
          },
          {
            "gps_point_id": "gps-009817",
            "reason": "STATIONARY_JITTER"
          },
          {
            "gps_point_id": "gps-009818",
            "reason": "STATIONARY_JITTER"
          },
          {
            "gps_point_id": "gps-009819",
            "reason": "STATIONARY_JITTER"
          },
          {
            "gps_point_id": "gps-009820",
            "reason": "STATIONARY_JITTER"
          },
          {
            "gps_point_id": "gps-009822",
            "reason": "STATIONARY_JITTER"
          },
          {
            "gps_point_id": "gps-009823",
            "reason": "STATIONARY_JITTER"
          },
          {
            "gps_point_id": "gps-009824",
            "reason": "STATIONARY_JITTER"
          },
          {
            "gps_point_id": "gps-009825",
            "reason": "STATIONARY_JITTER"
          },
          {
            "gps_point_id": "gps-009826",
            "reason": "STATIONARY_JITTER"
          },
          {
            "gps_point_id": "gps-009827",
            "reason": "STATIONARY_JITTER"
          },
          {
            "gps_point_id": "gps-009828",
            "reason": "STATIONARY_JITTER"
          },
          {
            "gps_point_id": "gps-009829",
            "reason": "STATIONARY_JITTER"
          },
          {
            "gps_point_id": "gps-009830",
            "reason": "STATIONARY_JITTER"
          },
          {
            "gps_point_id": "gps-009831",
            "reason": "STATIONARY_JITTER"
          },
          {
            "gps_point_id": "gps-009833",
            "reason": "STATIONARY_JITTER"
          },
          {
            "gps_point_id": "gps-009835",
            "reason": "STATIONARY_JITTER"
          },
          {
            "gps_point_id": "gps-009836",
            "reason": "STATIONARY_JITTER"
          },
          {
            "gps_point_id": "gps-009837",
            "reason": "STATIONARY_JITTER"
          },
          {
            "gps_point_id": "gps-009839",
            "reason": "STATIONARY_JITTER"
          },
          {
            "gps_point_id": "gps-009840",
            "reason": "STATIONARY_JITTER"
          },
          {
            "gps_point_id": "gps-009841",
            "reason": "STATIONARY_JITTER"
          },
          {
            "gps_point_id": "gps-009842",
            "reason": "STATIONARY_JITTER"
          },
          {
            "gps_point_id": "gps-009843",
            "reason": "STATIONARY_JITTER"
          },
          {
            "gps_point_id": "gps-009844",
            "reason": "STATIONARY_JITTER"
          },
          {
            "gps_point_id": "gps-009845",
            "reason": "STATIONARY_JITTER"
          },
          {
            "gps_point_id": "gps-009846",
            "reason": "STATIONARY_JITTER"
          },
          {
            "gps_point_id": "gps-009847",
            "reason": "STATIONARY_JITTER"
          },
          {
            "gps_point_id": "gps-009848",
            "reason": "STATIONARY_JITTER"
          },
          {
            "gps_point_id": "gps-009849",
            "reason": "STATIONARY_JITTER"
          },
          {
            "gps_point_id": "gps-009850",
            "reason": "STATIONARY_JITTER"
          },
          {
            "gps_point_id": "gps-009851",
            "reason": "STATIONARY_JITTER"
          },
          {
            "gps_point_id": "gps-009852",
            "reason": "STATIONARY_JITTER"
          },
          {
            "gps_point_id": "gps-009854",
            "reason": "STATIONARY_JITTER"
          },
          {
            "gps_point_id": "gps-009855",
            "reason": "STATIONARY_JITTER"
          },
          {
            "gps_point_id": "gps-009856",
            "reason": "STATIONARY_JITTER"
          },
          {
            "gps_point_id": "gps-009857",
            "reason": "STATIONARY_JITTER"
          },
          {
            "gps_point_id": "gps-009858",
            "reason": "STATIONARY_JITTER"
          },
          {
            "gps_point_id": "gps-009859",
            "reason": "STATIONARY_JITTER"
          },
          {
            "gps_point_id": "gps-009860",
            "reason": "STATIONARY_JITTER"
          },
          {
            "gps_point_id": "gps-009861",
            "reason": "STATIONARY_JITTER"
          },
          {
            "gps_point_id": "gps-009862",
            "reason": "STATIONARY_JITTER"
          },
          {
            "gps_point_id": "gps-009863",
            "reason": "STATIONARY_JITTER"
          },
          {
            "gps_point_id": "gps-009864",
            "reason": "STATIONARY_JITTER"
          },
          {
            "gps_point_id": "gps-009865",
            "reason": "STATIONARY_JITTER"
          },
          {
            "gps_point_id": "gps-009866",
            "reason": "STATIONARY_JITTER"
          },
          {
            "gps_point_id": "gps-009867",
            "reason": "STATIONARY_JITTER"
          },
          {
            "gps_point_id": "gps-009868",
            "reason": "STATIONARY_JITTER"
          },
          {
            "gps_point_id": "gps-009869",
            "reason": "STATIONARY_JITTER"
          },
          {
            "gps_point_id": "gps-009870",
            "reason": "STATIONARY_JITTER"
          },
          {
            "gps_point_id": "gps-009871",
            "reason": "STATIONARY_JITTER"
          },
          {
            "gps_point_id": "gps-009872",
            "reason": "STATIONARY_JITTER"
          },
          {
            "gps_point_id": "gps-009873",
            "reason": "STATIONARY_JITTER"
          },
          {
            "gps_point_id": "gps-009874",
            "reason": "STATIONARY_JITTER"
          },
          {
            "gps_point_id": "gps-009875",
            "reason": "STATIONARY_JITTER"
          },
          {
            "gps_point_id": "gps-009876",
            "reason": "STATIONARY_JITTER"
          },
          {
            "gps_point_id": "gps-009877",
            "reason": "STATIONARY_JITTER"
          },
          {
            "gps_point_id": "gps-009878",
            "reason": "STATIONARY_JITTER"
          },
          {
            "gps_point_id": "gps-009879",
            "reason": "STATIONARY_JITTER"
          },
          {
            "gps_point_id": "gps-009880",
            "reason": "STATIONARY_JITTER"
          },
          {
            "gps_point_id": "gps-009882",
            "reason": "STATIONARY_JITTER"
          },
          {
            "gps_point_id": "gps-009884",
            "reason": "STATIONARY_JITTER"
          },
          {
            "gps_point_id": "gps-009885",
            "reason": "STATIONARY_JITTER"
          },
          {
            "gps_point_id": "gps-009886",
            "reason": "STATIONARY_JITTER"
          },
          {
            "gps_point_id": "gps-009887",
            "reason": "STATIONARY_JITTER"
          },
          {
            "gps_point_id": "gps-009888",
            "reason": "STATIONARY_JITTER"
          },
          {
            "gps_point_id": "gps-009889",
            "reason": "STATIONARY_JITTER"
          },
          {
            "gps_point_id": "gps-009890",
            "reason": "STATIONARY_JITTER"
          },
          {
            "gps_point_id": "gps-009891",
            "reason": "STATIONARY_JITTER"
          },
          {
            "gps_point_id": "gps-009892",
            "reason": "STATIONARY_JITTER"
          },
          {
            "gps_point_id": "gps-009893",
            "reason": "STATIONARY_JITTER"
          },
          {
            "gps_point_id": "gps-009894",
            "reason": "STATIONARY_JITTER"
          },
          {
            "gps_point_id": "gps-009895",
            "reason": "STATIONARY_JITTER"
          },
          {
            "gps_point_id": "gps-009896",
            "reason": "STATIONARY_JITTER"
          },
          {
            "gps_point_id": "gps-009897",
            "reason": "STATIONARY_JITTER"
          },
          {
            "gps_point_id": "gps-009898",
            "reason": "STATIONARY_JITTER"
          },
          {
            "gps_point_id": "gps-009899",
            "reason": "STATIONARY_JITTER"
          },
          {
            "gps_point_id": "gps-009900",
            "reason": "STATIONARY_JITTER"
          },
          {
            "gps_point_id": "gps-009901",
            "reason": "STATIONARY_JITTER"
          },
          {
            "gps_point_id": "gps-009902",
            "reason": "STATIONARY_JITTER"
          },
          {
            "gps_point_id": "gps-009903",
            "reason": "STATIONARY_JITTER"
          },
          {
            "gps_point_id": "gps-009904",
            "reason": "STATIONARY_JITTER"
          },
          {
            "gps_point_id": "gps-009905",
            "reason": "STATIONARY_JITTER"
          },
          {
            "gps_point_id": "gps-009906",
            "reason": "STATIONARY_JITTER"
          },
          {
            "gps_point_id": "gps-009907",
            "reason": "STATIONARY_JITTER"
          },
          {
            "gps_point_id": "gps-009908",
            "reason": "STATIONARY_JITTER"
          },
          {
            "gps_point_id": "gps-009909",
            "reason": "STATIONARY_JITTER"
          },
          {
            "gps_point_id": "gps-009910",
            "reason": "STATIONARY_JITTER"
          },
          {
            "gps_point_id": "gps-009911",
            "reason": "STATIONARY_JITTER"
          },
          {
            "gps_point_id": "gps-009912",
            "reason": "STATIONARY_JITTER"
          },
          {
            "gps_point_id": "gps-009913",
            "reason": "STATIONARY_JITTER"
          },
          {
            "gps_point_id": "gps-009914",
            "reason": "STATIONARY_JITTER"
          },
          {
            "gps_point_id": "gps-009915",
            "reason": "STATIONARY_JITTER"
          },
          {
            "gps_point_id": "gps-009916",
            "reason": "STATIONARY_JITTER"
          },
          {
            "gps_point_id": "gps-009917",
            "reason": "STATIONARY_JITTER"
          },
          {
            "gps_point_id": "gps-009918",
            "reason": "STATIONARY_JITTER"
          },
          {
            "gps_point_id": "gps-009919",
            "reason": "STATIONARY_JITTER"
          },
          {
            "gps_point_id": "gps-009920",
            "reason": "STATIONARY_JITTER"
          },
          {
            "gps_point_id": "gps-009921",
            "reason": "STATIONARY_JITTER"
          },
          {
            "gps_point_id": "gps-009922",
            "reason": "STATIONARY_JITTER"
          },
          {
            "gps_point_id": "gps-009923",
            "reason": "STATIONARY_JITTER"
          },
          {
            "gps_point_id": "gps-009924",
            "reason": "STATIONARY_JITTER"
          },
          {
            "gps_point_id": "gps-009925",
            "reason": "STATIONARY_JITTER"
          },
          {
            "gps_point_id": "gps-009926",
            "reason": "STATIONARY_JITTER"
          },
          {
            "gps_point_id": "gps-009927",
            "reason": "STATIONARY_JITTER"
          },
          {
            "gps_point_id": "gps-009928",
            "reason": "STATIONARY_JITTER"
          },
          {
            "gps_point_id": "gps-009929",
            "reason": "STATIONARY_JITTER"
          },
          {
            "gps_point_id": "gps-009930",
            "reason": "STATIONARY_JITTER"
          },
          {
            "gps_point_id": "gps-009931",
            "reason": "STATIONARY_JITTER"
          },
          {
            "gps_point_id": "gps-009932",
            "reason": "STATIONARY_JITTER"
          },
          {
            "gps_point_id": "gps-009933",
            "reason": "STATIONARY_JITTER"
          },
          {
            "gps_point_id": "gps-009934",
            "reason": "STATIONARY_JITTER"
          },
          {
            "gps_point_id": "gps-009935",
            "reason": "STATIONARY_JITTER"
          },
          {
            "gps_point_id": "gps-009936",
            "reason": "STATIONARY_JITTER"
          },
          {
            "gps_point_id": "gps-009937",
            "reason": "STATIONARY_JITTER"
          },
          {
            "gps_point_id": "gps-009938",
            "reason": "STATIONARY_JITTER"
          },
          {
            "gps_point_id": "gps-009939",
            "reason": "STATIONARY_JITTER"
          },
          {
            "gps_point_id": "gps-009940",
            "reason": "STATIONARY_JITTER"
          },
          {
            "gps_point_id": "gps-009941",
            "reason": "STATIONARY_JITTER"
          },
          {
            "gps_point_id": "gps-009942",
            "reason": "STATIONARY_JITTER"
          },
          {
            "gps_point_id": "gps-009943",
            "reason": "STATIONARY_JITTER"
          },
          {
            "gps_point_id": "gps-009944",
            "reason": "STATIONARY_JITTER"
          },
          {
            "gps_point_id": "gps-009945",
            "reason": "STATIONARY_JITTER"
          },
          {
            "gps_point_id": "gps-009946",
            "reason": "STATIONARY_JITTER"
          },
          {
            "gps_point_id": "gps-009947",
            "reason": "STATIONARY_JITTER"
          },
          {
            "gps_point_id": "gps-009948",
            "reason": "STATIONARY_JITTER"
          },
          {
            "gps_point_id": "gps-009949",
            "reason": "STATIONARY_JITTER"
          },
          {
            "gps_point_id": "gps-009950",
            "reason": "STATIONARY_JITTER"
          },
          {
            "gps_point_id": "gps-009951",
            "reason": "STATIONARY_JITTER"
          },
          {
            "gps_point_id": "gps-009952",
            "reason": "STATIONARY_JITTER"
          },
          {
            "gps_point_id": "gps-009953",
            "reason": "STATIONARY_JITTER"
          },
          {
            "gps_point_id": "gps-009954",
            "reason": "STATIONARY_JITTER"
          },
          {
            "gps_point_id": "gps-009955",
            "reason": "STATIONARY_JITTER"
          },
          {
            "gps_point_id": "gps-009956",
            "reason": "STATIONARY_JITTER"
          },
          {
            "gps_point_id": "gps-009957",
            "reason": "STATIONARY_JITTER"
          },
          {
            "gps_point_id": "gps-009958",
            "reason": "STATIONARY_JITTER"
          },
          {
            "gps_point_id": "gps-009959",
            "reason": "STATIONARY_JITTER"
          },
          {
            "gps_point_id": "gps-009960",
            "reason": "STATIONARY_JITTER"
          },
          {
            "gps_point_id": "gps-009961",
            "reason": "STATIONARY_JITTER"
          },
          {
            "gps_point_id": "gps-009962",
            "reason": "STATIONARY_JITTER"
          },
          {
            "gps_point_id": "gps-009963",
            "reason": "STATIONARY_JITTER"
          },
          {
            "gps_point_id": "gps-009964",
            "reason": "STATIONARY_JITTER"
          },
          {
            "gps_point_id": "gps-009965",
            "reason": "STATIONARY_JITTER"
          },
          {
            "gps_point_id": "gps-009966",
            "reason": "STATIONARY_JITTER"
          },
          {
            "gps_point_id": "gps-009967",
            "reason": "STATIONARY_JITTER"
          },
          {
            "gps_point_id": "gps-009968",
            "reason": "STATIONARY_JITTER"
          },
          {
            "gps_point_id": "gps-009969",
            "reason": "STATIONARY_JITTER"
          },
          {
            "gps_point_id": "gps-009970",
            "reason": "STATIONARY_JITTER"
          },
          {
            "gps_point_id": "gps-009971",
            "reason": "STATIONARY_JITTER"
          },
          {
            "gps_point_id": "gps-009972",
            "reason": "STATIONARY_JITTER"
          },
          {
            "gps_point_id": "gps-009973",
            "reason": "STATIONARY_JITTER"
          },
          {
            "gps_point_id": "gps-009974",
            "reason": "STATIONARY_JITTER"
          },
          {
            "gps_point_id": "gps-009976",
            "reason": "STATIONARY_JITTER"
          },
          {
            "gps_point_id": "gps-009977",
            "reason": "STATIONARY_JITTER"
          },
          {
            "gps_point_id": "gps-009978",
            "reason": "STATIONARY_JITTER"
          },
          {
            "gps_point_id": "gps-009979",
            "reason": "STATIONARY_JITTER"
          },
          {
            "gps_point_id": "gps-009980",
            "reason": "STATIONARY_JITTER"
          },
          {
            "gps_point_id": "gps-009981",
            "reason": "STATIONARY_JITTER"
          },
          {
            "gps_point_id": "gps-009982",
            "reason": "STATIONARY_JITTER"
          },
          {
            "gps_point_id": "gps-009983",
            "reason": "STATIONARY_JITTER"
          },
          {
            "gps_point_id": "gps-009984",
            "reason": "STATIONARY_JITTER"
          },
          {
            "gps_point_id": "gps-009985",
            "reason": "STATIONARY_JITTER"
          },
          {
            "gps_point_id": "gps-009986",
            "reason": "STATIONARY_JITTER"
          },
          {
            "gps_point_id": "gps-009987",
            "reason": "STATIONARY_JITTER"
          },
          {
            "gps_point_id": "gps-009988",
            "reason": "STATIONARY_JITTER"
          },
          {
            "gps_point_id": "gps-009989",
            "reason": "STATIONARY_JITTER"
          },
          {
            "gps_point_id": "gps-009990",
            "reason": "STATIONARY_JITTER"
          },
          {
            "gps_point_id": "gps-009991",
            "reason": "STATIONARY_JITTER"
          },
          {
            "gps_point_id": "gps-009992",
            "reason": "STATIONARY_JITTER"
          },
          {
            "gps_point_id": "gps-009993",
            "reason": "STATIONARY_JITTER"
          },
          {
            "gps_point_id": "gps-009994",
            "reason": "STATIONARY_JITTER"
          },
          {
            "gps_point_id": "gps-009995",
            "reason": "STATIONARY_JITTER"
          },
          {
            "gps_point_id": "gps-009996",
            "reason": "STATIONARY_JITTER"
          },
          {
            "gps_point_id": "gps-009997",
            "reason": "STATIONARY_JITTER"
          },
          {
            "gps_point_id": "gps-009999",
            "reason": "STATIONARY_JITTER"
          },
          {
            "gps_point_id": "gps-010000",
            "reason": "STATIONARY_JITTER"
          },
          {
            "gps_point_id": "gps-010001",
            "reason": "STATIONARY_JITTER"
          },
          {
            "gps_point_id": "gps-010002",
            "reason": "STATIONARY_JITTER"
          },
          {
            "gps_point_id": "gps-010003",
            "reason": "STATIONARY_JITTER"
          },
          {
            "gps_point_id": "gps-010004",
            "reason": "STATIONARY_JITTER"
          },
          {
            "gps_point_id": "gps-010005",
            "reason": "STATIONARY_JITTER"
          },
          {
            "gps_point_id": "gps-010006",
            "reason": "STATIONARY_JITTER"
          },
          {
            "gps_point_id": "gps-010007",
            "reason": "STATIONARY_JITTER"
          },
          {
            "gps_point_id": "gps-010008",
            "reason": "STATIONARY_JITTER"
          },
          {
            "gps_point_id": "gps-010009",
            "reason": "STATIONARY_JITTER"
          },
          {
            "gps_point_id": "gps-010010",
            "reason": "STATIONARY_JITTER"
          },
          {
            "gps_point_id": "gps-010011",
            "reason": "STATIONARY_JITTER"
          },
          {
            "gps_point_id": "gps-010012",
            "reason": "STATIONARY_JITTER"
          },
          {
            "gps_point_id": "gps-010013",
            "reason": "STATIONARY_JITTER"
          },
          {
            "gps_point_id": "gps-010014",
            "reason": "STATIONARY_JITTER"
          },
          {
            "gps_point_id": "gps-010015",
            "reason": "STATIONARY_JITTER"
          },
          {
            "gps_point_id": "gps-010016",
            "reason": "STATIONARY_JITTER"
          },
          {
            "gps_point_id": "gps-010017",
            "reason": "STATIONARY_JITTER"
          },
          {
            "gps_point_id": "gps-010018",
            "reason": "STATIONARY_JITTER"
          },
          {
            "gps_point_id": "gps-010019",
            "reason": "STATIONARY_JITTER"
          },
          {
            "gps_point_id": "gps-010020",
            "reason": "STATIONARY_JITTER"
          },
          {
            "gps_point_id": "gps-010021",
            "reason": "STATIONARY_JITTER"
          },
          {
            "gps_point_id": "gps-010022",
            "reason": "STATIONARY_JITTER"
          },
          {
            "gps_point_id": "gps-010023",
            "reason": "STATIONARY_JITTER"
          },
          {
            "gps_point_id": "gps-010024",
            "reason": "STATIONARY_JITTER"
          },
          {
            "gps_point_id": "gps-010025",
            "reason": "STATIONARY_JITTER"
          },
          {
            "gps_point_id": "gps-010026",
            "reason": "STATIONARY_JITTER"
          },
          {
            "gps_point_id": "gps-010027",
            "reason": "STATIONARY_JITTER"
          },
          {
            "gps_point_id": "gps-010028",
            "reason": "STATIONARY_JITTER"
          },
          {
            "gps_point_id": "gps-010029",
            "reason": "STATIONARY_JITTER"
          },
          {
            "gps_point_id": "gps-010030",
            "reason": "STATIONARY_JITTER"
          },
          {
            "gps_point_id": "gps-010031",
            "reason": "STATIONARY_JITTER"
          },
          {
            "gps_point_id": "gps-010032",
            "reason": "STATIONARY_JITTER"
          },
          {
            "gps_point_id": "gps-010033",
            "reason": "STATIONARY_JITTER"
          },
          {
            "gps_point_id": "gps-010034",
            "reason": "STATIONARY_JITTER"
          },
          {
            "gps_point_id": "gps-010035",
            "reason": "STATIONARY_JITTER"
          },
          {
            "gps_point_id": "gps-010036",
            "reason": "STATIONARY_JITTER"
          },
          {
            "gps_point_id": "gps-010037",
            "reason": "STATIONARY_JITTER"
          },
          {
            "gps_point_id": "gps-010038",
            "reason": "STATIONARY_JITTER"
          },
          {
            "gps_point_id": "gps-010039",
            "reason": "STATIONARY_JITTER"
          },
          {
            "gps_point_id": "gps-010040",
            "reason": "STATIONARY_JITTER"
          },
          {
            "gps_point_id": "gps-010041",
            "reason": "STATIONARY_JITTER"
          },
          {
            "gps_point_id": "gps-010042",
            "reason": "STATIONARY_JITTER"
          },
          {
            "gps_point_id": "gps-010043",
            "reason": "STATIONARY_JITTER"
          },
          {
            "gps_point_id": "gps-010044",
            "reason": "STATIONARY_JITTER"
          },
          {
            "gps_point_id": "gps-010045",
            "reason": "STATIONARY_JITTER"
          },
          {
            "gps_point_id": "gps-010046",
            "reason": "STATIONARY_JITTER"
          },
          {
            "gps_point_id": "gps-010047",
            "reason": "STATIONARY_JITTER"
          },
          {
            "gps_point_id": "gps-010048",
            "reason": "STATIONARY_JITTER"
          },
          {
            "gps_point_id": "gps-010049",
            "reason": "STATIONARY_JITTER"
          },
          {
            "gps_point_id": "gps-010050",
            "reason": "STATIONARY_JITTER"
          },
          {
            "gps_point_id": "gps-010051",
            "reason": "STATIONARY_JITTER"
          },
          {
            "gps_point_id": "gps-010052",
            "reason": "STATIONARY_JITTER"
          },
          {
            "gps_point_id": "gps-010053",
            "reason": "STATIONARY_JITTER"
          },
          {
            "gps_point_id": "gps-010054",
            "reason": "STATIONARY_JITTER"
          },
          {
            "gps_point_id": "gps-010055",
            "reason": "STATIONARY_JITTER"
          },
          {
            "gps_point_id": "gps-010056",
            "reason": "STATIONARY_JITTER"
          },
          {
            "gps_point_id": "gps-010058",
            "reason": "STATIONARY_JITTER"
          },
          {
            "gps_point_id": "gps-010059",
            "reason": "STATIONARY_JITTER"
          },
          {
            "gps_point_id": "gps-010060",
            "reason": "STATIONARY_JITTER"
          },
          {
            "gps_point_id": "gps-010061",
            "reason": "STATIONARY_JITTER"
          },
          {
            "gps_point_id": "gps-010062",
            "reason": "STATIONARY_JITTER"
          },
          {
            "gps_point_id": "gps-010063",
            "reason": "STATIONARY_JITTER"
          },
          {
            "gps_point_id": "gps-010064",
            "reason": "STATIONARY_JITTER"
          },
          {
            "gps_point_id": "gps-010065",
            "reason": "STATIONARY_JITTER"
          },
          {
            "gps_point_id": "gps-010066",
            "reason": "STATIONARY_JITTER"
          },
          {
            "gps_point_id": "gps-010067",
            "reason": "STATIONARY_JITTER"
          },
          {
            "gps_point_id": "gps-010068",
            "reason": "STATIONARY_JITTER"
          },
          {
            "gps_point_id": "gps-010069",
            "reason": "STATIONARY_JITTER"
          },
          {
            "gps_point_id": "gps-010070",
            "reason": "STATIONARY_JITTER"
          },
          {
            "gps_point_id": "gps-010071",
            "reason": "STATIONARY_JITTER"
          },
          {
            "gps_point_id": "gps-010072",
            "reason": "STATIONARY_JITTER"
          },
          {
            "gps_point_id": "gps-010073",
            "reason": "STATIONARY_JITTER"
          },
          {
            "gps_point_id": "gps-010074",
            "reason": "STATIONARY_JITTER"
          },
          {
            "gps_point_id": "gps-010075",
            "reason": "STATIONARY_JITTER"
          },
          {
            "gps_point_id": "gps-010076",
            "reason": "STATIONARY_JITTER"
          },
          {
            "gps_point_id": "gps-010077",
            "reason": "STATIONARY_JITTER"
          },
          {
            "gps_point_id": "gps-010078",
            "reason": "STATIONARY_JITTER"
          },
          {
            "gps_point_id": "gps-010079",
            "reason": "STATIONARY_JITTER"
          },
          {
            "gps_point_id": "gps-010080",
            "reason": "STATIONARY_JITTER"
          },
          {
            "gps_point_id": "gps-010081",
            "reason": "STATIONARY_JITTER"
          },
          {
            "gps_point_id": "gps-010082",
            "reason": "STATIONARY_JITTER"
          },
          {
            "gps_point_id": "gps-010083",
            "reason": "STATIONARY_JITTER"
          },
          {
            "gps_point_id": "gps-010084",
            "reason": "STATIONARY_JITTER"
          },
          {
            "gps_point_id": "gps-010085",
            "reason": "STATIONARY_JITTER"
          },
          {
            "gps_point_id": "gps-010086",
            "reason": "STATIONARY_JITTER"
          },
          {
            "gps_point_id": "gps-010087",
            "reason": "STATIONARY_JITTER"
          },
          {
            "gps_point_id": "gps-010088",
            "reason": "STATIONARY_JITTER"
          },
          {
            "gps_point_id": "gps-010089",
            "reason": "STATIONARY_JITTER"
          },
          {
            "gps_point_id": "gps-010090",
            "reason": "STATIONARY_JITTER"
          },
          {
            "gps_point_id": "gps-010091",
            "reason": "STATIONARY_JITTER"
          },
          {
            "gps_point_id": "gps-010092",
            "reason": "STATIONARY_JITTER"
          },
          {
            "gps_point_id": "gps-010093",
            "reason": "STATIONARY_JITTER"
          },
          {
            "gps_point_id": "gps-010094",
            "reason": "STATIONARY_JITTER"
          },
          {
            "gps_point_id": "gps-010095",
            "reason": "STATIONARY_JITTER"
          },
          {
            "gps_point_id": "gps-010096",
            "reason": "STATIONARY_JITTER"
          },
          {
            "gps_point_id": "gps-010097",
            "reason": "STATIONARY_JITTER"
          },
          {
            "gps_point_id": "gps-010098",
            "reason": "STATIONARY_JITTER"
          },
          {
            "gps_point_id": "gps-010099",
            "reason": "STATIONARY_JITTER"
          },
          {
            "gps_point_id": "gps-010100",
            "reason": "STATIONARY_JITTER"
          },
          {
            "gps_point_id": "gps-010101",
            "reason": "STATIONARY_JITTER"
          },
          {
            "gps_point_id": "gps-010102",
            "reason": "STATIONARY_JITTER"
          },
          {
            "gps_point_id": "gps-010103",
            "reason": "STATIONARY_JITTER"
          },
          {
            "gps_point_id": "gps-010104",
            "reason": "STATIONARY_JITTER"
          },
          {
            "gps_point_id": "gps-010105",
            "reason": "STATIONARY_JITTER"
          },
          {
            "gps_point_id": "gps-010106",
            "reason": "STATIONARY_JITTER"
          },
          {
            "gps_point_id": "gps-010107",
            "reason": "STATIONARY_JITTER"
          },
          {
            "gps_point_id": "gps-010108",
            "reason": "STATIONARY_JITTER"
          },
          {
            "gps_point_id": "gps-010109",
            "reason": "STATIONARY_JITTER"
          },
          {
            "gps_point_id": "gps-010110",
            "reason": "STATIONARY_JITTER"
          },
          {
            "gps_point_id": "gps-010111",
            "reason": "STATIONARY_JITTER"
          },
          {
            "gps_point_id": "gps-010112",
            "reason": "STATIONARY_JITTER"
          },
          {
            "gps_point_id": "gps-010113",
            "reason": "STATIONARY_JITTER"
          },
          {
            "gps_point_id": "gps-010114",
            "reason": "STATIONARY_JITTER"
          },
          {
            "gps_point_id": "gps-010115",
            "reason": "STATIONARY_JITTER"
          },
          {
            "gps_point_id": "gps-010116",
            "reason": "STATIONARY_JITTER"
          },
          {
            "gps_point_id": "gps-010117",
            "reason": "STATIONARY_JITTER"
          },
          {
            "gps_point_id": "gps-010118",
            "reason": "STATIONARY_JITTER"
          },
          {
            "gps_point_id": "gps-010119",
            "reason": "STATIONARY_JITTER"
          },
          {
            "gps_point_id": "gps-010120",
            "reason": "STATIONARY_JITTER"
          },
          {
            "gps_point_id": "gps-010121",
            "reason": "STATIONARY_JITTER"
          },
          {
            "gps_point_id": "gps-010122",
            "reason": "STATIONARY_JITTER"
          },
          {
            "gps_point_id": "gps-010123",
            "reason": "STATIONARY_JITTER"
          },
          {
            "gps_point_id": "gps-010124",
            "reason": "STATIONARY_JITTER"
          },
          {
            "gps_point_id": "gps-010125",
            "reason": "STATIONARY_JITTER"
          },
          {
            "gps_point_id": "gps-010126",
            "reason": "STATIONARY_JITTER"
          },
          {
            "gps_point_id": "gps-010128",
            "reason": "STATIONARY_JITTER"
          },
          {
            "gps_point_id": "gps-010129",
            "reason": "STATIONARY_JITTER"
          },
          {
            "gps_point_id": "gps-010130",
            "reason": "STATIONARY_JITTER"
          },
          {
            "gps_point_id": "gps-010131",
            "reason": "STATIONARY_JITTER"
          },
          {
            "gps_point_id": "gps-010132",
            "reason": "STATIONARY_JITTER"
          },
          {
            "gps_point_id": "gps-010133",
            "reason": "STATIONARY_JITTER"
          },
          {
            "gps_point_id": "gps-010134",
            "reason": "STATIONARY_JITTER"
          },
          {
            "gps_point_id": "gps-010135",
            "reason": "STATIONARY_JITTER"
          },
          {
            "gps_point_id": "gps-010136",
            "reason": "STATIONARY_JITTER"
          },
          {
            "gps_point_id": "gps-010137",
            "reason": "STATIONARY_JITTER"
          },
          {
            "gps_point_id": "gps-010138",
            "reason": "STATIONARY_JITTER"
          },
          {
            "gps_point_id": "gps-010139",
            "reason": "STATIONARY_JITTER"
          },
          {
            "gps_point_id": "gps-010140",
            "reason": "STATIONARY_JITTER"
          },
          {
            "gps_point_id": "gps-010141",
            "reason": "STATIONARY_JITTER"
          },
          {
            "gps_point_id": "gps-010142",
            "reason": "STATIONARY_JITTER"
          },
          {
            "gps_point_id": "gps-010143",
            "reason": "STATIONARY_JITTER"
          },
          {
            "gps_point_id": "gps-010144",
            "reason": "STATIONARY_JITTER"
          },
          {
            "gps_point_id": "gps-010145",
            "reason": "STATIONARY_JITTER"
          },
          {
            "gps_point_id": "gps-010146",
            "reason": "STATIONARY_JITTER"
          },
          {
            "gps_point_id": "gps-010147",
            "reason": "STATIONARY_JITTER"
          },
          {
            "gps_point_id": "gps-010148",
            "reason": "STATIONARY_JITTER"
          },
          {
            "gps_point_id": "gps-010149",
            "reason": "STATIONARY_JITTER"
          },
          {
            "gps_point_id": "gps-010150",
            "reason": "STATIONARY_JITTER"
          },
          {
            "gps_point_id": "gps-010151",
            "reason": "STATIONARY_JITTER"
          },
          {
            "gps_point_id": "gps-010152",
            "reason": "STATIONARY_JITTER"
          },
          {
            "gps_point_id": "gps-010153",
            "reason": "STATIONARY_JITTER"
          },
          {
            "gps_point_id": "gps-010154",
            "reason": "STATIONARY_JITTER"
          },
          {
            "gps_point_id": "gps-010155",
            "reason": "STATIONARY_JITTER"
          },
          {
            "gps_point_id": "gps-010156",
            "reason": "STATIONARY_JITTER"
          },
          {
            "gps_point_id": "gps-010157",
            "reason": "STATIONARY_JITTER"
          },
          {
            "gps_point_id": "gps-010158",
            "reason": "STATIONARY_JITTER"
          },
          {
            "gps_point_id": "gps-010159",
            "reason": "STATIONARY_JITTER"
          },
          {
            "gps_point_id": "gps-010160",
            "reason": "STATIONARY_JITTER"
          },
          {
            "gps_point_id": "gps-010161",
            "reason": "STATIONARY_JITTER"
          },
          {
            "gps_point_id": "gps-010162",
            "reason": "STATIONARY_JITTER"
          },
          {
            "gps_point_id": "gps-010163",
            "reason": "STATIONARY_JITTER"
          },
          {
            "gps_point_id": "gps-010164",
            "reason": "STATIONARY_JITTER"
          },
          {
            "gps_point_id": "gps-010165",
            "reason": "STATIONARY_JITTER"
          },
          {
            "gps_point_id": "gps-010166",
            "reason": "STATIONARY_JITTER"
          },
          {
            "gps_point_id": "gps-010167",
            "reason": "STATIONARY_JITTER"
          },
          {
            "gps_point_id": "gps-010168",
            "reason": "STATIONARY_JITTER"
          },
          {
            "gps_point_id": "gps-010169",
            "reason": "STATIONARY_JITTER"
          },
          {
            "gps_point_id": "gps-010170",
            "reason": "STATIONARY_JITTER"
          },
          {
            "gps_point_id": "gps-010171",
            "reason": "STATIONARY_JITTER"
          },
          {
            "gps_point_id": "gps-010172",
            "reason": "STATIONARY_JITTER"
          },
          {
            "gps_point_id": "gps-010173",
            "reason": "STATIONARY_JITTER"
          },
          {
            "gps_point_id": "gps-010174",
            "reason": "STATIONARY_JITTER"
          },
          {
            "gps_point_id": "gps-010175",
            "reason": "STATIONARY_JITTER"
          },
          {
            "gps_point_id": "gps-010176",
            "reason": "STATIONARY_JITTER"
          },
          {
            "gps_point_id": "gps-010177",
            "reason": "STATIONARY_JITTER"
          },
          {
            "gps_point_id": "gps-010178",
            "reason": "STATIONARY_JITTER"
          },
          {
            "gps_point_id": "gps-010179",
            "reason": "STATIONARY_JITTER"
          },
          {
            "gps_point_id": "gps-010180",
            "reason": "STATIONARY_JITTER"
          },
          {
            "gps_point_id": "gps-010181",
            "reason": "STATIONARY_JITTER"
          },
          {
            "gps_point_id": "gps-010182",
            "reason": "STATIONARY_JITTER"
          },
          {
            "gps_point_id": "gps-010183",
            "reason": "STATIONARY_JITTER"
          },
          {
            "gps_point_id": "gps-010184",
            "reason": "STATIONARY_JITTER"
          },
          {
            "gps_point_id": "gps-010185",
            "reason": "STATIONARY_JITTER"
          },
          {
            "gps_point_id": "gps-010186",
            "reason": "STATIONARY_JITTER"
          },
          {
            "gps_point_id": "gps-010187",
            "reason": "STATIONARY_JITTER"
          },
          {
            "gps_point_id": "gps-010188",
            "reason": "STATIONARY_JITTER"
          },
          {
            "gps_point_id": "gps-010189",
            "reason": "STATIONARY_JITTER"
          },
          {
            "gps_point_id": "gps-010190",
            "reason": "STATIONARY_JITTER"
          },
          {
            "gps_point_id": "gps-010191",
            "reason": "STATIONARY_JITTER"
          },
          {
            "gps_point_id": "gps-010192",
            "reason": "STATIONARY_JITTER"
          },
          {
            "gps_point_id": "gps-010193",
            "reason": "STATIONARY_JITTER"
          },
          {
            "gps_point_id": "gps-010194",
            "reason": "STATIONARY_JITTER"
          },
          {
            "gps_point_id": "gps-010195",
            "reason": "STATIONARY_JITTER"
          },
          {
            "gps_point_id": "gps-010196",
            "reason": "STATIONARY_JITTER"
          },
          {
            "gps_point_id": "gps-010197",
            "reason": "STATIONARY_JITTER"
          },
          {
            "gps_point_id": "gps-010198",
            "reason": "STATIONARY_JITTER"
          },
          {
            "gps_point_id": "gps-010199",
            "reason": "STATIONARY_JITTER"
          },
          {
            "gps_point_id": "gps-010200",
            "reason": "STATIONARY_JITTER"
          },
          {
            "gps_point_id": "gps-010201",
            "reason": "STATIONARY_JITTER"
          },
          {
            "gps_point_id": "gps-010202",
            "reason": "STATIONARY_JITTER"
          },
          {
            "gps_point_id": "gps-010203",
            "reason": "STATIONARY_JITTER"
          },
          {
            "gps_point_id": "gps-010204",
            "reason": "STATIONARY_JITTER"
          },
          {
            "gps_point_id": "gps-010205",
            "reason": "STATIONARY_JITTER"
          },
          {
            "gps_point_id": "gps-010207",
            "reason": "STATIONARY_JITTER"
          },
          {
            "gps_point_id": "gps-010208",
            "reason": "STATIONARY_JITTER"
          },
          {
            "gps_point_id": "gps-010209",
            "reason": "STATIONARY_JITTER"
          },
          {
            "gps_point_id": "gps-010210",
            "reason": "STATIONARY_JITTER"
          },
          {
            "gps_point_id": "gps-010211",
            "reason": "STATIONARY_JITTER"
          },
          {
            "gps_point_id": "gps-010212",
            "reason": "STATIONARY_JITTER"
          },
          {
            "gps_point_id": "gps-010213",
            "reason": "STATIONARY_JITTER"
          },
          {
            "gps_point_id": "gps-010214",
            "reason": "STATIONARY_JITTER"
          },
          {
            "gps_point_id": "gps-010215",
            "reason": "STATIONARY_JITTER"
          },
          {
            "gps_point_id": "gps-010216",
            "reason": "STATIONARY_JITTER"
          },
          {
            "gps_point_id": "gps-010217",
            "reason": "STATIONARY_JITTER"
          },
          {
            "gps_point_id": "gps-010218",
            "reason": "STATIONARY_JITTER"
          },
          {
            "gps_point_id": "gps-010219",
            "reason": "STATIONARY_JITTER"
          },
          {
            "gps_point_id": "gps-010220",
            "reason": "STATIONARY_JITTER"
          },
          {
            "gps_point_id": "gps-010221",
            "reason": "STATIONARY_JITTER"
          },
          {
            "gps_point_id": "gps-010222",
            "reason": "STATIONARY_JITTER"
          },
          {
            "gps_point_id": "gps-010223",
            "reason": "STATIONARY_JITTER"
          },
          {
            "gps_point_id": "gps-010224",
            "reason": "STATIONARY_JITTER"
          },
          {
            "gps_point_id": "gps-010225",
            "reason": "STATIONARY_JITTER"
          },
          {
            "gps_point_id": "gps-010226",
            "reason": "STATIONARY_JITTER"
          },
          {
            "gps_point_id": "gps-010227",
            "reason": "STATIONARY_JITTER"
          },
          {
            "gps_point_id": "gps-010228",
            "reason": "STATIONARY_JITTER"
          },
          {
            "gps_point_id": "gps-010229",
            "reason": "STATIONARY_JITTER"
          },
          {
            "gps_point_id": "gps-010230",
            "reason": "STATIONARY_JITTER"
          },
          {
            "gps_point_id": "gps-010231",
            "reason": "STATIONARY_JITTER"
          },
          {
            "gps_point_id": "gps-010232",
            "reason": "STATIONARY_JITTER"
          },
          {
            "gps_point_id": "gps-010233",
            "reason": "STATIONARY_JITTER"
          },
          {
            "gps_point_id": "gps-010234",
            "reason": "STATIONARY_JITTER"
          },
          {
            "gps_point_id": "gps-010235",
            "reason": "STATIONARY_JITTER"
          },
          {
            "gps_point_id": "gps-010236",
            "reason": "STATIONARY_JITTER"
          },
          {
            "gps_point_id": "gps-010237",
            "reason": "STATIONARY_JITTER"
          },
          {
            "gps_point_id": "gps-010238",
            "reason": "STATIONARY_JITTER"
          },
          {
            "gps_point_id": "gps-010239",
            "reason": "STATIONARY_JITTER"
          },
          {
            "gps_point_id": "gps-010240",
            "reason": "STATIONARY_JITTER"
          },
          {
            "gps_point_id": "gps-010241",
            "reason": "STATIONARY_JITTER"
          },
          {
            "gps_point_id": "gps-010242",
            "reason": "STATIONARY_JITTER"
          },
          {
            "gps_point_id": "gps-010243",
            "reason": "STATIONARY_JITTER"
          },
          {
            "gps_point_id": "gps-010244",
            "reason": "STATIONARY_JITTER"
          },
          {
            "gps_point_id": "gps-010245",
            "reason": "STATIONARY_JITTER"
          },
          {
            "gps_point_id": "gps-010246",
            "reason": "STATIONARY_JITTER"
          },
          {
            "gps_point_id": "gps-010247",
            "reason": "STATIONARY_JITTER"
          },
          {
            "gps_point_id": "gps-010248",
            "reason": "STATIONARY_JITTER"
          },
          {
            "gps_point_id": "gps-010249",
            "reason": "STATIONARY_JITTER"
          },
          {
            "gps_point_id": "gps-010250",
            "reason": "STATIONARY_JITTER"
          },
          {
            "gps_point_id": "gps-010251",
            "reason": "STATIONARY_JITTER"
          },
          {
            "gps_point_id": "gps-010252",
            "reason": "STATIONARY_JITTER"
          },
          {
            "gps_point_id": "gps-010253",
            "reason": "STATIONARY_JITTER"
          },
          {
            "gps_point_id": "gps-010254",
            "reason": "STATIONARY_JITTER"
          },
          {
            "gps_point_id": "gps-010255",
            "reason": "STATIONARY_JITTER"
          },
          {
            "gps_point_id": "gps-010256",
            "reason": "STATIONARY_JITTER"
          },
          {
            "gps_point_id": "gps-010257",
            "reason": "STATIONARY_JITTER"
          },
          {
            "gps_point_id": "gps-010258",
            "reason": "STATIONARY_JITTER"
          },
          {
            "gps_point_id": "gps-010259",
            "reason": "STATIONARY_JITTER"
          },
          {
            "gps_point_id": "gps-010260",
            "reason": "STATIONARY_JITTER"
          },
          {
            "gps_point_id": "gps-010261",
            "reason": "STATIONARY_JITTER"
          },
          {
            "gps_point_id": "gps-010262",
            "reason": "STATIONARY_JITTER"
          },
          {
            "gps_point_id": "gps-010263",
            "reason": "STATIONARY_JITTER"
          },
          {
            "gps_point_id": "gps-010265",
            "reason": "STATIONARY_JITTER"
          },
          {
            "gps_point_id": "gps-010266",
            "reason": "STATIONARY_JITTER"
          },
          {
            "gps_point_id": "gps-010267",
            "reason": "STATIONARY_JITTER"
          },
          {
            "gps_point_id": "gps-010268",
            "reason": "STATIONARY_JITTER"
          },
          {
            "gps_point_id": "gps-010269",
            "reason": "STATIONARY_JITTER"
          },
          {
            "gps_point_id": "gps-010270",
            "reason": "STATIONARY_JITTER"
          },
          {
            "gps_point_id": "gps-010271",
            "reason": "STATIONARY_JITTER"
          },
          {
            "gps_point_id": "gps-010272",
            "reason": "STATIONARY_JITTER"
          },
          {
            "gps_point_id": "gps-010273",
            "reason": "STATIONARY_JITTER"
          },
          {
            "gps_point_id": "gps-010274",
            "reason": "STATIONARY_JITTER"
          },
          {
            "gps_point_id": "gps-010275",
            "reason": "STATIONARY_JITTER"
          },
          {
            "gps_point_id": "gps-010276",
            "reason": "STATIONARY_JITTER"
          },
          {
            "gps_point_id": "gps-010278",
            "reason": "STATIONARY_JITTER"
          },
          {
            "gps_point_id": "gps-010279",
            "reason": "STATIONARY_JITTER"
          },
          {
            "gps_point_id": "gps-010280",
            "reason": "STATIONARY_JITTER"
          },
          {
            "gps_point_id": "gps-010281",
            "reason": "STATIONARY_JITTER"
          },
          {
            "gps_point_id": "gps-010282",
            "reason": "STATIONARY_JITTER"
          },
          {
            "gps_point_id": "gps-010283",
            "reason": "STATIONARY_JITTER"
          },
          {
            "gps_point_id": "gps-010284",
            "reason": "STATIONARY_JITTER"
          },
          {
            "gps_point_id": "gps-010285",
            "reason": "STATIONARY_JITTER"
          },
          {
            "gps_point_id": "gps-010286",
            "reason": "STATIONARY_JITTER"
          },
          {
            "gps_point_id": "gps-010287",
            "reason": "STATIONARY_JITTER"
          },
          {
            "gps_point_id": "gps-010288",
            "reason": "STATIONARY_JITTER"
          },
          {
            "gps_point_id": "gps-010289",
            "reason": "STATIONARY_JITTER"
          },
          {
            "gps_point_id": "gps-010290",
            "reason": "STATIONARY_JITTER"
          },
          {
            "gps_point_id": "gps-010291",
            "reason": "STATIONARY_JITTER"
          },
          {
            "gps_point_id": "gps-010292",
            "reason": "STATIONARY_JITTER"
          },
          {
            "gps_point_id": "gps-010293",
            "reason": "STATIONARY_JITTER"
          },
          {
            "gps_point_id": "gps-010294",
            "reason": "STATIONARY_JITTER"
          },
          {
            "gps_point_id": "gps-010295",
            "reason": "STATIONARY_JITTER"
          },
          {
            "gps_point_id": "gps-010296",
            "reason": "STATIONARY_JITTER"
          },
          {
            "gps_point_id": "gps-010297",
            "reason": "STATIONARY_JITTER"
          },
          {
            "gps_point_id": "gps-010303",
            "reason": "STATIONARY_JITTER"
          },
          {
            "gps_point_id": "gps-010304",
            "reason": "STATIONARY_JITTER"
          },
          {
            "gps_point_id": "gps-010305",
            "reason": "STATIONARY_JITTER"
          },
          {
            "gps_point_id": "gps-010306",
            "reason": "STATIONARY_JITTER"
          },
          {
            "gps_point_id": "gps-010307",
            "reason": "STATIONARY_JITTER"
          },
          {
            "gps_point_id": "gps-010308",
            "reason": "STATIONARY_JITTER"
          },
          {
            "gps_point_id": "gps-010309",
            "reason": "STATIONARY_JITTER"
          },
          {
            "gps_point_id": "gps-010310",
            "reason": "STATIONARY_JITTER"
          },
          {
            "gps_point_id": "gps-010311",
            "reason": "STATIONARY_JITTER"
          },
          {
            "gps_point_id": "gps-010312",
            "reason": "STATIONARY_JITTER"
          },
          {
            "gps_point_id": "gps-010313",
            "reason": "STATIONARY_JITTER"
          },
          {
            "gps_point_id": "gps-010314",
            "reason": "STATIONARY_JITTER"
          },
          {
            "gps_point_id": "gps-010315",
            "reason": "STATIONARY_JITTER"
          },
          {
            "gps_point_id": "gps-010316",
            "reason": "STATIONARY_JITTER"
          },
          {
            "gps_point_id": "gps-010317",
            "reason": "STATIONARY_JITTER"
          },
          {
            "gps_point_id": "gps-010318",
            "reason": "STATIONARY_JITTER"
          },
          {
            "gps_point_id": "gps-010319",
            "reason": "STATIONARY_JITTER"
          },
          {
            "gps_point_id": "gps-010320",
            "reason": "STATIONARY_JITTER"
          },
          {
            "gps_point_id": "gps-010321",
            "reason": "STATIONARY_JITTER"
          },
          {
            "gps_point_id": "gps-010322",
            "reason": "STATIONARY_JITTER"
          },
          {
            "gps_point_id": "gps-010323",
            "reason": "STATIONARY_JITTER"
          },
          {
            "gps_point_id": "gps-010324",
            "reason": "STATIONARY_JITTER"
          },
          {
            "gps_point_id": "gps-010325",
            "reason": "STATIONARY_JITTER"
          },
          {
            "gps_point_id": "gps-010326",
            "reason": "STATIONARY_JITTER"
          },
          {
            "gps_point_id": "gps-010327",
            "reason": "STATIONARY_JITTER"
          },
          {
            "gps_point_id": "gps-010328",
            "reason": "STATIONARY_JITTER"
          },
          {
            "gps_point_id": "gps-010329",
            "reason": "STATIONARY_JITTER"
          },
          {
            "gps_point_id": "gps-010330",
            "reason": "STATIONARY_JITTER"
          },
          {
            "gps_point_id": "gps-010331",
            "reason": "STATIONARY_JITTER"
          },
          {
            "gps_point_id": "gps-010332",
            "reason": "STATIONARY_JITTER"
          },
          {
            "gps_point_id": "gps-010333",
            "reason": "STATIONARY_JITTER"
          },
          {
            "gps_point_id": "gps-010334",
            "reason": "STATIONARY_JITTER"
          },
          {
            "gps_point_id": "gps-010336",
            "reason": "STATIONARY_JITTER"
          },
          {
            "gps_point_id": "gps-010337",
            "reason": "STATIONARY_JITTER"
          },
          {
            "gps_point_id": "gps-010338",
            "reason": "STATIONARY_JITTER"
          },
          {
            "gps_point_id": "gps-010339",
            "reason": "STATIONARY_JITTER"
          },
          {
            "gps_point_id": "gps-010340",
            "reason": "STATIONARY_JITTER"
          },
          {
            "gps_point_id": "gps-010341",
            "reason": "STATIONARY_JITTER"
          },
          {
            "gps_point_id": "gps-010342",
            "reason": "STATIONARY_JITTER"
          },
          {
            "gps_point_id": "gps-010343",
            "reason": "STATIONARY_JITTER"
          },
          {
            "gps_point_id": "gps-010345",
            "reason": "STATIONARY_JITTER"
          },
          {
            "gps_point_id": "gps-010346",
            "reason": "STATIONARY_JITTER"
          },
          {
            "gps_point_id": "gps-010347",
            "reason": "STATIONARY_JITTER"
          },
          {
            "gps_point_id": "gps-010348",
            "reason": "STATIONARY_JITTER"
          },
          {
            "gps_point_id": "gps-010349",
            "reason": "STATIONARY_JITTER"
          },
          {
            "gps_point_id": "gps-010351",
            "reason": "STATIONARY_JITTER"
          },
          {
            "gps_point_id": "gps-010352",
            "reason": "STATIONARY_JITTER"
          },
          {
            "gps_point_id": "gps-010353",
            "reason": "STATIONARY_JITTER"
          },
          {
            "gps_point_id": "gps-010355",
            "reason": "STATIONARY_JITTER"
          },
          {
            "gps_point_id": "gps-010356",
            "reason": "STATIONARY_JITTER"
          },
          {
            "gps_point_id": "gps-010357",
            "reason": "STATIONARY_JITTER"
          },
          {
            "gps_point_id": "gps-010359",
            "reason": "STATIONARY_JITTER"
          },
          {
            "gps_point_id": "gps-010360",
            "reason": "STATIONARY_JITTER"
          },
          {
            "gps_point_id": "gps-010362",
            "reason": "STATIONARY_JITTER"
          },
          {
            "gps_point_id": "gps-010363",
            "reason": "STATIONARY_JITTER"
          },
          {
            "gps_point_id": "gps-010365",
            "reason": "STATIONARY_JITTER"
          },
          {
            "gps_point_id": "gps-010366",
            "reason": "STATIONARY_JITTER"
          },
          {
            "gps_point_id": "gps-010367",
            "reason": "STATIONARY_JITTER"
          },
          {
            "gps_point_id": "gps-010368",
            "reason": "STATIONARY_JITTER"
          },
          {
            "gps_point_id": "gps-010369",
            "reason": "STATIONARY_JITTER"
          },
          {
            "gps_point_id": "gps-010371",
            "reason": "STATIONARY_JITTER"
          },
          {
            "gps_point_id": "gps-010372",
            "reason": "STATIONARY_JITTER"
          },
          {
            "gps_point_id": "gps-010374",
            "reason": "STATIONARY_JITTER"
          },
          {
            "gps_point_id": "gps-010375",
            "reason": "STATIONARY_JITTER"
          },
          {
            "gps_point_id": "gps-010376",
            "reason": "STATIONARY_JITTER"
          },
          {
            "gps_point_id": "gps-010377",
            "reason": "STATIONARY_JITTER"
          },
          {
            "gps_point_id": "gps-010378",
            "reason": "STATIONARY_JITTER"
          },
          {
            "gps_point_id": "gps-010379",
            "reason": "STATIONARY_JITTER"
          },
          {
            "gps_point_id": "gps-010380",
            "reason": "STATIONARY_JITTER"
          },
          {
            "gps_point_id": "gps-010381",
            "reason": "STATIONARY_JITTER"
          },
          {
            "gps_point_id": "gps-010382",
            "reason": "STATIONARY_JITTER"
          },
          {
            "gps_point_id": "gps-010383",
            "reason": "STATIONARY_JITTER"
          },
          {
            "gps_point_id": "gps-010384",
            "reason": "STATIONARY_JITTER"
          },
          {
            "gps_point_id": "gps-010385",
            "reason": "STATIONARY_JITTER"
          },
          {
            "gps_point_id": "gps-010386",
            "reason": "STATIONARY_JITTER"
          },
          {
            "gps_point_id": "gps-010387",
            "reason": "STATIONARY_JITTER"
          },
          {
            "gps_point_id": "gps-010388",
            "reason": "STATIONARY_JITTER"
          },
          {
            "gps_point_id": "gps-010389",
            "reason": "STATIONARY_JITTER"
          },
          {
            "gps_point_id": "gps-010390",
            "reason": "STATIONARY_JITTER"
          },
          {
            "gps_point_id": "gps-010391",
            "reason": "STATIONARY_JITTER"
          },
          {
            "gps_point_id": "gps-010392",
            "reason": "STATIONARY_JITTER"
          },
          {
            "gps_point_id": "gps-010393",
            "reason": "STATIONARY_JITTER"
          },
          {
            "gps_point_id": "gps-010394",
            "reason": "STATIONARY_JITTER"
          },
          {
            "gps_point_id": "gps-010395",
            "reason": "STATIONARY_JITTER"
          },
          {
            "gps_point_id": "gps-010396",
            "reason": "STATIONARY_JITTER"
          },
          {
            "gps_point_id": "gps-010397",
            "reason": "STATIONARY_JITTER"
          },
          {
            "gps_point_id": "gps-010398",
            "reason": "STATIONARY_JITTER"
          },
          {
            "gps_point_id": "gps-010399",
            "reason": "STATIONARY_JITTER"
          },
          {
            "gps_point_id": "gps-010400",
            "reason": "STATIONARY_JITTER"
          },
          {
            "gps_point_id": "gps-010401",
            "reason": "STATIONARY_JITTER"
          },
          {
            "gps_point_id": "gps-010402",
            "reason": "STATIONARY_JITTER"
          },
          {
            "gps_point_id": "gps-010403",
            "reason": "STATIONARY_JITTER"
          },
          {
            "gps_point_id": "gps-010404",
            "reason": "STATIONARY_JITTER"
          },
          {
            "gps_point_id": "gps-010405",
            "reason": "STATIONARY_JITTER"
          },
          {
            "gps_point_id": "gps-010406",
            "reason": "STATIONARY_JITTER"
          },
          {
            "gps_point_id": "gps-010407",
            "reason": "STATIONARY_JITTER"
          },
          {
            "gps_point_id": "gps-010408",
            "reason": "STATIONARY_JITTER"
          },
          {
            "gps_point_id": "gps-010409",
            "reason": "STATIONARY_JITTER"
          },
          {
            "gps_point_id": "gps-010410",
            "reason": "STATIONARY_JITTER"
          },
          {
            "gps_point_id": "gps-010411",
            "reason": "STATIONARY_JITTER"
          },
          {
            "gps_point_id": "gps-010412",
            "reason": "STATIONARY_JITTER"
          },
          {
            "gps_point_id": "gps-010413",
            "reason": "STATIONARY_JITTER"
          },
          {
            "gps_point_id": "gps-010414",
            "reason": "STATIONARY_JITTER"
          },
          {
            "gps_point_id": "gps-010415",
            "reason": "STATIONARY_JITTER"
          },
          {
            "gps_point_id": "gps-010416",
            "reason": "STATIONARY_JITTER"
          },
          {
            "gps_point_id": "gps-010417",
            "reason": "STATIONARY_JITTER"
          },
          {
            "gps_point_id": "gps-010418",
            "reason": "STATIONARY_JITTER"
          },
          {
            "gps_point_id": "gps-010419",
            "reason": "STATIONARY_JITTER"
          },
          {
            "gps_point_id": "gps-010420",
            "reason": "STATIONARY_JITTER"
          },
          {
            "gps_point_id": "gps-010421",
            "reason": "STATIONARY_JITTER"
          },
          {
            "gps_point_id": "gps-010422",
            "reason": "STATIONARY_JITTER"
          },
          {
            "gps_point_id": "gps-010423",
            "reason": "STATIONARY_JITTER"
          },
          {
            "gps_point_id": "gps-010424",
            "reason": "STATIONARY_JITTER"
          },
          {
            "gps_point_id": "gps-010425",
            "reason": "STATIONARY_JITTER"
          },
          {
            "gps_point_id": "gps-010426",
            "reason": "STATIONARY_JITTER"
          },
          {
            "gps_point_id": "gps-010427",
            "reason": "STATIONARY_JITTER"
          },
          {
            "gps_point_id": "gps-010428",
            "reason": "STATIONARY_JITTER"
          },
          {
            "gps_point_id": "gps-010429",
            "reason": "STATIONARY_JITTER"
          },
          {
            "gps_point_id": "gps-010430",
            "reason": "STATIONARY_JITTER"
          },
          {
            "gps_point_id": "gps-010431",
            "reason": "STATIONARY_JITTER"
          },
          {
            "gps_point_id": "gps-010432",
            "reason": "STATIONARY_JITTER"
          },
          {
            "gps_point_id": "gps-010433",
            "reason": "STATIONARY_JITTER"
          },
          {
            "gps_point_id": "gps-010434",
            "reason": "STATIONARY_JITTER"
          },
          {
            "gps_point_id": "gps-010435",
            "reason": "STATIONARY_JITTER"
          },
          {
            "gps_point_id": "gps-010436",
            "reason": "STATIONARY_JITTER"
          },
          {
            "gps_point_id": "gps-010437",
            "reason": "STATIONARY_JITTER"
          },
          {
            "gps_point_id": "gps-010438",
            "reason": "STATIONARY_JITTER"
          },
          {
            "gps_point_id": "gps-010439",
            "reason": "STATIONARY_JITTER"
          },
          {
            "gps_point_id": "gps-010440",
            "reason": "STATIONARY_JITTER"
          },
          {
            "gps_point_id": "gps-010441",
            "reason": "STATIONARY_JITTER"
          },
          {
            "gps_point_id": "gps-010442",
            "reason": "STATIONARY_JITTER"
          },
          {
            "gps_point_id": "gps-010443",
            "reason": "STATIONARY_JITTER"
          },
          {
            "gps_point_id": "gps-010444",
            "reason": "STATIONARY_JITTER"
          },
          {
            "gps_point_id": "gps-010445",
            "reason": "STATIONARY_JITTER"
          },
          {
            "gps_point_id": "gps-010446",
            "reason": "STATIONARY_JITTER"
          },
          {
            "gps_point_id": "gps-010447",
            "reason": "STATIONARY_JITTER"
          },
          {
            "gps_point_id": "gps-010448",
            "reason": "STATIONARY_JITTER"
          },
          {
            "gps_point_id": "gps-010449",
            "reason": "STATIONARY_JITTER"
          },
          {
            "gps_point_id": "gps-010450",
            "reason": "STATIONARY_JITTER"
          },
          {
            "gps_point_id": "gps-010451",
            "reason": "STATIONARY_JITTER"
          },
          {
            "gps_point_id": "gps-010452",
            "reason": "STATIONARY_JITTER"
          },
          {
            "gps_point_id": "gps-010453",
            "reason": "STATIONARY_JITTER"
          },
          {
            "gps_point_id": "gps-010454",
            "reason": "STATIONARY_JITTER"
          },
          {
            "gps_point_id": "gps-010455",
            "reason": "STATIONARY_JITTER"
          },
          {
            "gps_point_id": "gps-010456",
            "reason": "STATIONARY_JITTER"
          },
          {
            "gps_point_id": "gps-010457",
            "reason": "STATIONARY_JITTER"
          },
          {
            "gps_point_id": "gps-010458",
            "reason": "STATIONARY_JITTER"
          },
          {
            "gps_point_id": "gps-010459",
            "reason": "STATIONARY_JITTER"
          },
          {
            "gps_point_id": "gps-010460",
            "reason": "STATIONARY_JITTER"
          },
          {
            "gps_point_id": "gps-010461",
            "reason": "STATIONARY_JITTER"
          },
          {
            "gps_point_id": "gps-010462",
            "reason": "STATIONARY_JITTER"
          },
          {
            "gps_point_id": "gps-010463",
            "reason": "STATIONARY_JITTER"
          },
          {
            "gps_point_id": "gps-010464",
            "reason": "STATIONARY_JITTER"
          },
          {
            "gps_point_id": "gps-010465",
            "reason": "STATIONARY_JITTER"
          },
          {
            "gps_point_id": "gps-010466",
            "reason": "STATIONARY_JITTER"
          },
          {
            "gps_point_id": "gps-010467",
            "reason": "STATIONARY_JITTER"
          },
          {
            "gps_point_id": "gps-010468",
            "reason": "STATIONARY_JITTER"
          },
          {
            "gps_point_id": "gps-010469",
            "reason": "STATIONARY_JITTER"
          },
          {
            "gps_point_id": "gps-010470",
            "reason": "STATIONARY_JITTER"
          },
          {
            "gps_point_id": "gps-010471",
            "reason": "STATIONARY_JITTER"
          },
          {
            "gps_point_id": "gps-010472",
            "reason": "STATIONARY_JITTER"
          },
          {
            "gps_point_id": "gps-010473",
            "reason": "STATIONARY_JITTER"
          },
          {
            "gps_point_id": "gps-010474",
            "reason": "STATIONARY_JITTER"
          },
          {
            "gps_point_id": "gps-010475",
            "reason": "STATIONARY_JITTER"
          },
          {
            "gps_point_id": "gps-010476",
            "reason": "STATIONARY_JITTER"
          },
          {
            "gps_point_id": "gps-010477",
            "reason": "STATIONARY_JITTER"
          },
          {
            "gps_point_id": "gps-010478",
            "reason": "STATIONARY_JITTER"
          },
          {
            "gps_point_id": "gps-010479",
            "reason": "STATIONARY_JITTER"
          },
          {
            "gps_point_id": "gps-010480",
            "reason": "STATIONARY_JITTER"
          },
          {
            "gps_point_id": "gps-010481",
            "reason": "STATIONARY_JITTER"
          },
          {
            "gps_point_id": "gps-010482",
            "reason": "STATIONARY_JITTER"
          },
          {
            "gps_point_id": "gps-010483",
            "reason": "STATIONARY_JITTER"
          },
          {
            "gps_point_id": "gps-010484",
            "reason": "STATIONARY_JITTER"
          },
          {
            "gps_point_id": "gps-010485",
            "reason": "STATIONARY_JITTER"
          },
          {
            "gps_point_id": "gps-010486",
            "reason": "STATIONARY_JITTER"
          },
          {
            "gps_point_id": "gps-010487",
            "reason": "STATIONARY_JITTER"
          },
          {
            "gps_point_id": "gps-010488",
            "reason": "STATIONARY_JITTER"
          },
          {
            "gps_point_id": "gps-010489",
            "reason": "STATIONARY_JITTER"
          },
          {
            "gps_point_id": "gps-010490",
            "reason": "STATIONARY_JITTER"
          },
          {
            "gps_point_id": "gps-010491",
            "reason": "STATIONARY_JITTER"
          },
          {
            "gps_point_id": "gps-010492",
            "reason": "STATIONARY_JITTER"
          },
          {
            "gps_point_id": "gps-010493",
            "reason": "STATIONARY_JITTER"
          },
          {
            "gps_point_id": "gps-010494",
            "reason": "STATIONARY_JITTER"
          },
          {
            "gps_point_id": "gps-010495",
            "reason": "STATIONARY_JITTER"
          },
          {
            "gps_point_id": "gps-010496",
            "reason": "STATIONARY_JITTER"
          },
          {
            "gps_point_id": "gps-010497",
            "reason": "STATIONARY_JITTER"
          },
          {
            "gps_point_id": "gps-010498",
            "reason": "STATIONARY_JITTER"
          },
          {
            "gps_point_id": "gps-010499",
            "reason": "STATIONARY_JITTER"
          },
          {
            "gps_point_id": "gps-010500",
            "reason": "STATIONARY_JITTER"
          },
          {
            "gps_point_id": "gps-010502",
            "reason": "STATIONARY_JITTER"
          },
          {
            "gps_point_id": "gps-010503",
            "reason": "STATIONARY_JITTER"
          },
          {
            "gps_point_id": "gps-010504",
            "reason": "STATIONARY_JITTER"
          },
          {
            "gps_point_id": "gps-010505",
            "reason": "STATIONARY_JITTER"
          },
          {
            "gps_point_id": "gps-010506",
            "reason": "STATIONARY_JITTER"
          },
          {
            "gps_point_id": "gps-010507",
            "reason": "STATIONARY_JITTER"
          },
          {
            "gps_point_id": "gps-010508",
            "reason": "STATIONARY_JITTER"
          },
          {
            "gps_point_id": "gps-010509",
            "reason": "STATIONARY_JITTER"
          },
          {
            "gps_point_id": "gps-010510",
            "reason": "STATIONARY_JITTER"
          },
          {
            "gps_point_id": "gps-010511",
            "reason": "STATIONARY_JITTER"
          },
          {
            "gps_point_id": "gps-010512",
            "reason": "STATIONARY_JITTER"
          },
          {
            "gps_point_id": "gps-010514",
            "reason": "STATIONARY_JITTER"
          },
          {
            "gps_point_id": "gps-010515",
            "reason": "STATIONARY_JITTER"
          },
          {
            "gps_point_id": "gps-010516",
            "reason": "STATIONARY_JITTER"
          },
          {
            "gps_point_id": "gps-010517",
            "reason": "STATIONARY_JITTER"
          },
          {
            "gps_point_id": "gps-010518",
            "reason": "STATIONARY_JITTER"
          },
          {
            "gps_point_id": "gps-010519",
            "reason": "STATIONARY_JITTER"
          },
          {
            "gps_point_id": "gps-010520",
            "reason": "STATIONARY_JITTER"
          },
          {
            "gps_point_id": "gps-010521",
            "reason": "STATIONARY_JITTER"
          },
          {
            "gps_point_id": "gps-010522",
            "reason": "STATIONARY_JITTER"
          },
          {
            "gps_point_id": "gps-010523",
            "reason": "STATIONARY_JITTER"
          },
          {
            "gps_point_id": "gps-010524",
            "reason": "STATIONARY_JITTER"
          },
          {
            "gps_point_id": "gps-010525",
            "reason": "STATIONARY_JITTER"
          },
          {
            "gps_point_id": "gps-010526",
            "reason": "STATIONARY_JITTER"
          },
          {
            "gps_point_id": "gps-010527",
            "reason": "STATIONARY_JITTER"
          },
          {
            "gps_point_id": "gps-010528",
            "reason": "STATIONARY_JITTER"
          },
          {
            "gps_point_id": "gps-010529",
            "reason": "STATIONARY_JITTER"
          },
          {
            "gps_point_id": "gps-010530",
            "reason": "STATIONARY_JITTER"
          },
          {
            "gps_point_id": "gps-010531",
            "reason": "STATIONARY_JITTER"
          },
          {
            "gps_point_id": "gps-010532",
            "reason": "STATIONARY_JITTER"
          },
          {
            "gps_point_id": "gps-010533",
            "reason": "STATIONARY_JITTER"
          },
          {
            "gps_point_id": "gps-010534",
            "reason": "STATIONARY_JITTER"
          },
          {
            "gps_point_id": "gps-010535",
            "reason": "STATIONARY_JITTER"
          },
          {
            "gps_point_id": "gps-010536",
            "reason": "STATIONARY_JITTER"
          },
          {
            "gps_point_id": "gps-010537",
            "reason": "STATIONARY_JITTER"
          },
          {
            "gps_point_id": "gps-010538",
            "reason": "STATIONARY_JITTER"
          },
          {
            "gps_point_id": "gps-010539",
            "reason": "STATIONARY_JITTER"
          },
          {
            "gps_point_id": "gps-010540",
            "reason": "STATIONARY_JITTER"
          },
          {
            "gps_point_id": "gps-010541",
            "reason": "STATIONARY_JITTER"
          },
          {
            "gps_point_id": "gps-010542",
            "reason": "STATIONARY_JITTER"
          },
          {
            "gps_point_id": "gps-010543",
            "reason": "STATIONARY_JITTER"
          },
          {
            "gps_point_id": "gps-010544",
            "reason": "STATIONARY_JITTER"
          },
          {
            "gps_point_id": "gps-010545",
            "reason": "STATIONARY_JITTER"
          },
          {
            "gps_point_id": "gps-010546",
            "reason": "STATIONARY_JITTER"
          },
          {
            "gps_point_id": "gps-010547",
            "reason": "STATIONARY_JITTER"
          },
          {
            "gps_point_id": "gps-010548",
            "reason": "STATIONARY_JITTER"
          },
          {
            "gps_point_id": "gps-010549",
            "reason": "STATIONARY_JITTER"
          },
          {
            "gps_point_id": "gps-010550",
            "reason": "STATIONARY_JITTER"
          },
          {
            "gps_point_id": "gps-010551",
            "reason": "STATIONARY_JITTER"
          },
          {
            "gps_point_id": "gps-010552",
            "reason": "STATIONARY_JITTER"
          },
          {
            "gps_point_id": "gps-010553",
            "reason": "STATIONARY_JITTER"
          },
          {
            "gps_point_id": "gps-010554",
            "reason": "STATIONARY_JITTER"
          },
          {
            "gps_point_id": "gps-010555",
            "reason": "STATIONARY_JITTER"
          },
          {
            "gps_point_id": "gps-010556",
            "reason": "STATIONARY_JITTER"
          },
          {
            "gps_point_id": "gps-010557",
            "reason": "STATIONARY_JITTER"
          },
          {
            "gps_point_id": "gps-010558",
            "reason": "STATIONARY_JITTER"
          },
          {
            "gps_point_id": "gps-010559",
            "reason": "STATIONARY_JITTER"
          },
          {
            "gps_point_id": "gps-010560",
            "reason": "STATIONARY_JITTER"
          },
          {
            "gps_point_id": "gps-010561",
            "reason": "STATIONARY_JITTER"
          },
          {
            "gps_point_id": "gps-010563",
            "reason": "STATIONARY_JITTER"
          },
          {
            "gps_point_id": "gps-010564",
            "reason": "STATIONARY_JITTER"
          },
          {
            "gps_point_id": "gps-010565",
            "reason": "STATIONARY_JITTER"
          },
          {
            "gps_point_id": "gps-010566",
            "reason": "STATIONARY_JITTER"
          },
          {
            "gps_point_id": "gps-010567",
            "reason": "STATIONARY_JITTER"
          },
          {
            "gps_point_id": "gps-010568",
            "reason": "STATIONARY_JITTER"
          },
          {
            "gps_point_id": "gps-010569",
            "reason": "STATIONARY_JITTER"
          },
          {
            "gps_point_id": "gps-010570",
            "reason": "STATIONARY_JITTER"
          },
          {
            "gps_point_id": "gps-010571",
            "reason": "STATIONARY_JITTER"
          },
          {
            "gps_point_id": "gps-010572",
            "reason": "STATIONARY_JITTER"
          },
          {
            "gps_point_id": "gps-010573",
            "reason": "STATIONARY_JITTER"
          },
          {
            "gps_point_id": "gps-010574",
            "reason": "STATIONARY_JITTER"
          },
          {
            "gps_point_id": "gps-010575",
            "reason": "STATIONARY_JITTER"
          },
          {
            "gps_point_id": "gps-010576",
            "reason": "STATIONARY_JITTER"
          },
          {
            "gps_point_id": "gps-010577",
            "reason": "STATIONARY_JITTER"
          },
          {
            "gps_point_id": "gps-010578",
            "reason": "STATIONARY_JITTER"
          },
          {
            "gps_point_id": "gps-010579",
            "reason": "STATIONARY_JITTER"
          },
          {
            "gps_point_id": "gps-010580",
            "reason": "STATIONARY_JITTER"
          },
          {
            "gps_point_id": "gps-010581",
            "reason": "STATIONARY_JITTER"
          },
          {
            "gps_point_id": "gps-010582",
            "reason": "STATIONARY_JITTER"
          },
          {
            "gps_point_id": "gps-010583",
            "reason": "STATIONARY_JITTER"
          },
          {
            "gps_point_id": "gps-010584",
            "reason": "STATIONARY_JITTER"
          },
          {
            "gps_point_id": "gps-010585",
            "reason": "STATIONARY_JITTER"
          },
          {
            "gps_point_id": "gps-010586",
            "reason": "STATIONARY_JITTER"
          },
          {
            "gps_point_id": "gps-010587",
            "reason": "STATIONARY_JITTER"
          },
          {
            "gps_point_id": "gps-010588",
            "reason": "STATIONARY_JITTER"
          },
          {
            "gps_point_id": "gps-010589",
            "reason": "STATIONARY_JITTER"
          },
          {
            "gps_point_id": "gps-010590",
            "reason": "STATIONARY_JITTER"
          },
          {
            "gps_point_id": "gps-010591",
            "reason": "STATIONARY_JITTER"
          },
          {
            "gps_point_id": "gps-010592",
            "reason": "STATIONARY_JITTER"
          },
          {
            "gps_point_id": "gps-010593",
            "reason": "STATIONARY_JITTER"
          },
          {
            "gps_point_id": "gps-010594",
            "reason": "STATIONARY_JITTER"
          },
          {
            "gps_point_id": "gps-010595",
            "reason": "STATIONARY_JITTER"
          },
          {
            "gps_point_id": "gps-010596",
            "reason": "STATIONARY_JITTER"
          },
          {
            "gps_point_id": "gps-010598",
            "reason": "STATIONARY_JITTER"
          },
          {
            "gps_point_id": "gps-010599",
            "reason": "STATIONARY_JITTER"
          },
          {
            "gps_point_id": "gps-010600",
            "reason": "STATIONARY_JITTER"
          },
          {
            "gps_point_id": "gps-010601",
            "reason": "STATIONARY_JITTER"
          },
          {
            "gps_point_id": "gps-010602",
            "reason": "STATIONARY_JITTER"
          },
          {
            "gps_point_id": "gps-010603",
            "reason": "STATIONARY_JITTER"
          },
          {
            "gps_point_id": "gps-010604",
            "reason": "STATIONARY_JITTER"
          },
          {
            "gps_point_id": "gps-010605",
            "reason": "STATIONARY_JITTER"
          },
          {
            "gps_point_id": "gps-010606",
            "reason": "STATIONARY_JITTER"
          },
          {
            "gps_point_id": "gps-010607",
            "reason": "STATIONARY_JITTER"
          },
          {
            "gps_point_id": "gps-010608",
            "reason": "STATIONARY_JITTER"
          },
          {
            "gps_point_id": "gps-010609",
            "reason": "STATIONARY_JITTER"
          },
          {
            "gps_point_id": "gps-010610",
            "reason": "STATIONARY_JITTER"
          },
          {
            "gps_point_id": "gps-010611",
            "reason": "STATIONARY_JITTER"
          },
          {
            "gps_point_id": "gps-010612",
            "reason": "STATIONARY_JITTER"
          },
          {
            "gps_point_id": "gps-010613",
            "reason": "STATIONARY_JITTER"
          },
          {
            "gps_point_id": "gps-010614",
            "reason": "STATIONARY_JITTER"
          },
          {
            "gps_point_id": "gps-010615",
            "reason": "STATIONARY_JITTER"
          },
          {
            "gps_point_id": "gps-010616",
            "reason": "STATIONARY_JITTER"
          },
          {
            "gps_point_id": "gps-010617",
            "reason": "STATIONARY_JITTER"
          },
          {
            "gps_point_id": "gps-010618",
            "reason": "STATIONARY_JITTER"
          },
          {
            "gps_point_id": "gps-010619",
            "reason": "STATIONARY_JITTER"
          },
          {
            "gps_point_id": "gps-010620",
            "reason": "STATIONARY_JITTER"
          },
          {
            "gps_point_id": "gps-010621",
            "reason": "STATIONARY_JITTER"
          },
          {
            "gps_point_id": "gps-010622",
            "reason": "STATIONARY_JITTER"
          },
          {
            "gps_point_id": "gps-010623",
            "reason": "STATIONARY_JITTER"
          },
          {
            "gps_point_id": "gps-010624",
            "reason": "STATIONARY_JITTER"
          },
          {
            "gps_point_id": "gps-010625",
            "reason": "STATIONARY_JITTER"
          },
          {
            "gps_point_id": "gps-010626",
            "reason": "STATIONARY_JITTER"
          },
          {
            "gps_point_id": "gps-010627",
            "reason": "STATIONARY_JITTER"
          },
          {
            "gps_point_id": "gps-010628",
            "reason": "STATIONARY_JITTER"
          },
          {
            "gps_point_id": "gps-010629",
            "reason": "STATIONARY_JITTER"
          },
          {
            "gps_point_id": "gps-010630",
            "reason": "STATIONARY_JITTER"
          },
          {
            "gps_point_id": "gps-010631",
            "reason": "STATIONARY_JITTER"
          },
          {
            "gps_point_id": "gps-010632",
            "reason": "STATIONARY_JITTER"
          },
          {
            "gps_point_id": "gps-010633",
            "reason": "STATIONARY_JITTER"
          },
          {
            "gps_point_id": "gps-010634",
            "reason": "STATIONARY_JITTER"
          },
          {
            "gps_point_id": "gps-010635",
            "reason": "STATIONARY_JITTER"
          },
          {
            "gps_point_id": "gps-010636",
            "reason": "STATIONARY_JITTER"
          },
          {
            "gps_point_id": "gps-010637",
            "reason": "STATIONARY_JITTER"
          },
          {
            "gps_point_id": "gps-010638",
            "reason": "STATIONARY_JITTER"
          },
          {
            "gps_point_id": "gps-010639",
            "reason": "STATIONARY_JITTER"
          },
          {
            "gps_point_id": "gps-010640",
            "reason": "STATIONARY_JITTER"
          },
          {
            "gps_point_id": "gps-010641",
            "reason": "STATIONARY_JITTER"
          },
          {
            "gps_point_id": "gps-010642",
            "reason": "STATIONARY_JITTER"
          },
          {
            "gps_point_id": "gps-010643",
            "reason": "STATIONARY_JITTER"
          },
          {
            "gps_point_id": "gps-010644",
            "reason": "STATIONARY_JITTER"
          },
          {
            "gps_point_id": "gps-010645",
            "reason": "STATIONARY_JITTER"
          },
          {
            "gps_point_id": "gps-010646",
            "reason": "STATIONARY_JITTER"
          },
          {
            "gps_point_id": "gps-010647",
            "reason": "STATIONARY_JITTER"
          },
          {
            "gps_point_id": "gps-010648",
            "reason": "STATIONARY_JITTER"
          },
          {
            "gps_point_id": "gps-010649",
            "reason": "STATIONARY_JITTER"
          },
          {
            "gps_point_id": "gps-010650",
            "reason": "STATIONARY_JITTER"
          },
          {
            "gps_point_id": "gps-010651",
            "reason": "STATIONARY_JITTER"
          },
          {
            "gps_point_id": "gps-010652",
            "reason": "STATIONARY_JITTER"
          },
          {
            "gps_point_id": "gps-010653",
            "reason": "STATIONARY_JITTER"
          },
          {
            "gps_point_id": "gps-010654",
            "reason": "STATIONARY_JITTER"
          },
          {
            "gps_point_id": "gps-010655",
            "reason": "STATIONARY_JITTER"
          },
          {
            "gps_point_id": "gps-010656",
            "reason": "STATIONARY_JITTER"
          },
          {
            "gps_point_id": "gps-010657",
            "reason": "STATIONARY_JITTER"
          },
          {
            "gps_point_id": "gps-010658",
            "reason": "STATIONARY_JITTER"
          },
          {
            "gps_point_id": "gps-010659",
            "reason": "STATIONARY_JITTER"
          },
          {
            "gps_point_id": "gps-010660",
            "reason": "STATIONARY_JITTER"
          },
          {
            "gps_point_id": "gps-010661",
            "reason": "STATIONARY_JITTER"
          },
          {
            "gps_point_id": "gps-010662",
            "reason": "STATIONARY_JITTER"
          },
          {
            "gps_point_id": "gps-010663",
            "reason": "STATIONARY_JITTER"
          },
          {
            "gps_point_id": "gps-010664",
            "reason": "STATIONARY_JITTER"
          },
          {
            "gps_point_id": "gps-010665",
            "reason": "STATIONARY_JITTER"
          },
          {
            "gps_point_id": "gps-010666",
            "reason": "STATIONARY_JITTER"
          },
          {
            "gps_point_id": "gps-010667",
            "reason": "STATIONARY_JITTER"
          },
          {
            "gps_point_id": "gps-010668",
            "reason": "STATIONARY_JITTER"
          },
          {
            "gps_point_id": "gps-010669",
            "reason": "STATIONARY_JITTER"
          },
          {
            "gps_point_id": "gps-010670",
            "reason": "STATIONARY_JITTER"
          },
          {
            "gps_point_id": "gps-010671",
            "reason": "STATIONARY_JITTER"
          },
          {
            "gps_point_id": "gps-010672",
            "reason": "STATIONARY_JITTER"
          },
          {
            "gps_point_id": "gps-010673",
            "reason": "STATIONARY_JITTER"
          },
          {
            "gps_point_id": "gps-010674",
            "reason": "STATIONARY_JITTER"
          },
          {
            "gps_point_id": "gps-010675",
            "reason": "STATIONARY_JITTER"
          },
          {
            "gps_point_id": "gps-010676",
            "reason": "STATIONARY_JITTER"
          },
          {
            "gps_point_id": "gps-010677",
            "reason": "STATIONARY_JITTER"
          },
          {
            "gps_point_id": "gps-010678",
            "reason": "STATIONARY_JITTER"
          },
          {
            "gps_point_id": "gps-010679",
            "reason": "STATIONARY_JITTER"
          },
          {
            "gps_point_id": "gps-010680",
            "reason": "STATIONARY_JITTER"
          },
          {
            "gps_point_id": "gps-010682",
            "reason": "STATIONARY_JITTER"
          },
          {
            "gps_point_id": "gps-010683",
            "reason": "STATIONARY_JITTER"
          },
          {
            "gps_point_id": "gps-010684",
            "reason": "STATIONARY_JITTER"
          },
          {
            "gps_point_id": "gps-010685",
            "reason": "STATIONARY_JITTER"
          },
          {
            "gps_point_id": "gps-010686",
            "reason": "STATIONARY_JITTER"
          },
          {
            "gps_point_id": "gps-010687",
            "reason": "STATIONARY_JITTER"
          },
          {
            "gps_point_id": "gps-010688",
            "reason": "STATIONARY_JITTER"
          },
          {
            "gps_point_id": "gps-010689",
            "reason": "STATIONARY_JITTER"
          },
          {
            "gps_point_id": "gps-010690",
            "reason": "STATIONARY_JITTER"
          },
          {
            "gps_point_id": "gps-010691",
            "reason": "STATIONARY_JITTER"
          },
          {
            "gps_point_id": "gps-010692",
            "reason": "STATIONARY_JITTER"
          },
          {
            "gps_point_id": "gps-010693",
            "reason": "STATIONARY_JITTER"
          },
          {
            "gps_point_id": "gps-010694",
            "reason": "STATIONARY_JITTER"
          },
          {
            "gps_point_id": "gps-010695",
            "reason": "STATIONARY_JITTER"
          },
          {
            "gps_point_id": "gps-010696",
            "reason": "STATIONARY_JITTER"
          },
          {
            "gps_point_id": "gps-010697",
            "reason": "STATIONARY_JITTER"
          },
          {
            "gps_point_id": "gps-010698",
            "reason": "STATIONARY_JITTER"
          },
          {
            "gps_point_id": "gps-010699",
            "reason": "STATIONARY_JITTER"
          },
          {
            "gps_point_id": "gps-010700",
            "reason": "STATIONARY_JITTER"
          },
          {
            "gps_point_id": "gps-010701",
            "reason": "STATIONARY_JITTER"
          },
          {
            "gps_point_id": "gps-010702",
            "reason": "STATIONARY_JITTER"
          },
          {
            "gps_point_id": "gps-010703",
            "reason": "STATIONARY_JITTER"
          },
          {
            "gps_point_id": "gps-010704",
            "reason": "STATIONARY_JITTER"
          },
          {
            "gps_point_id": "gps-010705",
            "reason": "STATIONARY_JITTER"
          },
          {
            "gps_point_id": "gps-010706",
            "reason": "STATIONARY_JITTER"
          },
          {
            "gps_point_id": "gps-010707",
            "reason": "STATIONARY_JITTER"
          },
          {
            "gps_point_id": "gps-010708",
            "reason": "STATIONARY_JITTER"
          },
          {
            "gps_point_id": "gps-010709",
            "reason": "STATIONARY_JITTER"
          },
          {
            "gps_point_id": "gps-010710",
            "reason": "STATIONARY_JITTER"
          },
          {
            "gps_point_id": "gps-010711",
            "reason": "STATIONARY_JITTER"
          },
          {
            "gps_point_id": "gps-010712",
            "reason": "STATIONARY_JITTER"
          },
          {
            "gps_point_id": "gps-010713",
            "reason": "STATIONARY_JITTER"
          },
          {
            "gps_point_id": "gps-010714",
            "reason": "STATIONARY_JITTER"
          },
          {
            "gps_point_id": "gps-010715",
            "reason": "STATIONARY_JITTER"
          },
          {
            "gps_point_id": "gps-010716",
            "reason": "STATIONARY_JITTER"
          },
          {
            "gps_point_id": "gps-010717",
            "reason": "STATIONARY_JITTER"
          },
          {
            "gps_point_id": "gps-010718",
            "reason": "STATIONARY_JITTER"
          },
          {
            "gps_point_id": "gps-010719",
            "reason": "STATIONARY_JITTER"
          },
          {
            "gps_point_id": "gps-010720",
            "reason": "STATIONARY_JITTER"
          },
          {
            "gps_point_id": "gps-010721",
            "reason": "STATIONARY_JITTER"
          },
          {
            "gps_point_id": "gps-010722",
            "reason": "STATIONARY_JITTER"
          },
          {
            "gps_point_id": "gps-010723",
            "reason": "STATIONARY_JITTER"
          },
          {
            "gps_point_id": "gps-010724",
            "reason": "STATIONARY_JITTER"
          },
          {
            "gps_point_id": "gps-010725",
            "reason": "STATIONARY_JITTER"
          },
          {
            "gps_point_id": "gps-010726",
            "reason": "STATIONARY_JITTER"
          },
          {
            "gps_point_id": "gps-010727",
            "reason": "STATIONARY_JITTER"
          },
          {
            "gps_point_id": "gps-010728",
            "reason": "STATIONARY_JITTER"
          },
          {
            "gps_point_id": "gps-010729",
            "reason": "STATIONARY_JITTER"
          },
          {
            "gps_point_id": "gps-010730",
            "reason": "STATIONARY_JITTER"
          },
          {
            "gps_point_id": "gps-010731",
            "reason": "STATIONARY_JITTER"
          },
          {
            "gps_point_id": "gps-010732",
            "reason": "STATIONARY_JITTER"
          },
          {
            "gps_point_id": "gps-010733",
            "reason": "STATIONARY_JITTER"
          },
          {
            "gps_point_id": "gps-010734",
            "reason": "STATIONARY_JITTER"
          },
          {
            "gps_point_id": "gps-010735",
            "reason": "STATIONARY_JITTER"
          },
          {
            "gps_point_id": "gps-010736",
            "reason": "STATIONARY_JITTER"
          },
          {
            "gps_point_id": "gps-010737",
            "reason": "STATIONARY_JITTER"
          },
          {
            "gps_point_id": "gps-010738",
            "reason": "STATIONARY_JITTER"
          },
          {
            "gps_point_id": "gps-010739",
            "reason": "STATIONARY_JITTER"
          },
          {
            "gps_point_id": "gps-010740",
            "reason": "STATIONARY_JITTER"
          },
          {
            "gps_point_id": "gps-010741",
            "reason": "STATIONARY_JITTER"
          },
          {
            "gps_point_id": "gps-010742",
            "reason": "STATIONARY_JITTER"
          },
          {
            "gps_point_id": "gps-010743",
            "reason": "STATIONARY_JITTER"
          },
          {
            "gps_point_id": "gps-010744",
            "reason": "STATIONARY_JITTER"
          },
          {
            "gps_point_id": "gps-010745",
            "reason": "STATIONARY_JITTER"
          },
          {
            "gps_point_id": "gps-010746",
            "reason": "STATIONARY_JITTER"
          },
          {
            "gps_point_id": "gps-010747",
            "reason": "STATIONARY_JITTER"
          },
          {
            "gps_point_id": "gps-010748",
            "reason": "STATIONARY_JITTER"
          },
          {
            "gps_point_id": "gps-010749",
            "reason": "STATIONARY_JITTER"
          },
          {
            "gps_point_id": "gps-010750",
            "reason": "STATIONARY_JITTER"
          },
          {
            "gps_point_id": "gps-010751",
            "reason": "STATIONARY_JITTER"
          },
          {
            "gps_point_id": "gps-010752",
            "reason": "STATIONARY_JITTER"
          },
          {
            "gps_point_id": "gps-010753",
            "reason": "STATIONARY_JITTER"
          },
          {
            "gps_point_id": "gps-010754",
            "reason": "STATIONARY_JITTER"
          },
          {
            "gps_point_id": "gps-010755",
            "reason": "STATIONARY_JITTER"
          },
          {
            "gps_point_id": "gps-010756",
            "reason": "STATIONARY_JITTER"
          },
          {
            "gps_point_id": "gps-010757",
            "reason": "STATIONARY_JITTER"
          },
          {
            "gps_point_id": "gps-010758",
            "reason": "STATIONARY_JITTER"
          },
          {
            "gps_point_id": "gps-010759",
            "reason": "STATIONARY_JITTER"
          },
          {
            "gps_point_id": "gps-010760",
            "reason": "STATIONARY_JITTER"
          },
          {
            "gps_point_id": "gps-010762",
            "reason": "STATIONARY_JITTER"
          },
          {
            "gps_point_id": "gps-010763",
            "reason": "STATIONARY_JITTER"
          },
          {
            "gps_point_id": "gps-010764",
            "reason": "STATIONARY_JITTER"
          },
          {
            "gps_point_id": "gps-010765",
            "reason": "STATIONARY_JITTER"
          },
          {
            "gps_point_id": "gps-010766",
            "reason": "STATIONARY_JITTER"
          },
          {
            "gps_point_id": "gps-010767",
            "reason": "STATIONARY_JITTER"
          },
          {
            "gps_point_id": "gps-010768",
            "reason": "STATIONARY_JITTER"
          },
          {
            "gps_point_id": "gps-010769",
            "reason": "STATIONARY_JITTER"
          },
          {
            "gps_point_id": "gps-010770",
            "reason": "STATIONARY_JITTER"
          },
          {
            "gps_point_id": "gps-010771",
            "reason": "STATIONARY_JITTER"
          },
          {
            "gps_point_id": "gps-010772",
            "reason": "STATIONARY_JITTER"
          },
          {
            "gps_point_id": "gps-010773",
            "reason": "STATIONARY_JITTER"
          },
          {
            "gps_point_id": "gps-010774",
            "reason": "STATIONARY_JITTER"
          },
          {
            "gps_point_id": "gps-010775",
            "reason": "STATIONARY_JITTER"
          },
          {
            "gps_point_id": "gps-010776",
            "reason": "STATIONARY_JITTER"
          },
          {
            "gps_point_id": "gps-010777",
            "reason": "STATIONARY_JITTER"
          },
          {
            "gps_point_id": "gps-010778",
            "reason": "STATIONARY_JITTER"
          },
          {
            "gps_point_id": "gps-010779",
            "reason": "STATIONARY_JITTER"
          },
          {
            "gps_point_id": "gps-010780",
            "reason": "STATIONARY_JITTER"
          },
          {
            "gps_point_id": "gps-010782",
            "reason": "STATIONARY_JITTER"
          },
          {
            "gps_point_id": "gps-010783",
            "reason": "STATIONARY_JITTER"
          },
          {
            "gps_point_id": "gps-010784",
            "reason": "STATIONARY_JITTER"
          },
          {
            "gps_point_id": "gps-010785",
            "reason": "STATIONARY_JITTER"
          },
          {
            "gps_point_id": "gps-010786",
            "reason": "STATIONARY_JITTER"
          },
          {
            "gps_point_id": "gps-010787",
            "reason": "STATIONARY_JITTER"
          },
          {
            "gps_point_id": "gps-010788",
            "reason": "STATIONARY_JITTER"
          },
          {
            "gps_point_id": "gps-010789",
            "reason": "STATIONARY_JITTER"
          },
          {
            "gps_point_id": "gps-010790",
            "reason": "STATIONARY_JITTER"
          },
          {
            "gps_point_id": "gps-010791",
            "reason": "STATIONARY_JITTER"
          },
          {
            "gps_point_id": "gps-010792",
            "reason": "STATIONARY_JITTER"
          },
          {
            "gps_point_id": "gps-010793",
            "reason": "STATIONARY_JITTER"
          },
          {
            "gps_point_id": "gps-010794",
            "reason": "STATIONARY_JITTER"
          },
          {
            "gps_point_id": "gps-010795",
            "reason": "STATIONARY_JITTER"
          },
          {
            "gps_point_id": "gps-010796",
            "reason": "STATIONARY_JITTER"
          },
          {
            "gps_point_id": "gps-010797",
            "reason": "STATIONARY_JITTER"
          },
          {
            "gps_point_id": "gps-010798",
            "reason": "STATIONARY_JITTER"
          },
          {
            "gps_point_id": "gps-010799",
            "reason": "STATIONARY_JITTER"
          },
          {
            "gps_point_id": "gps-010800",
            "reason": "STATIONARY_JITTER"
          },
          {
            "gps_point_id": "gps-010801",
            "reason": "STATIONARY_JITTER"
          },
          {
            "gps_point_id": "gps-010802",
            "reason": "STATIONARY_JITTER"
          },
          {
            "gps_point_id": "gps-010803",
            "reason": "STATIONARY_JITTER"
          },
          {
            "gps_point_id": "gps-010804",
            "reason": "STATIONARY_JITTER"
          },
          {
            "gps_point_id": "gps-010805",
            "reason": "STATIONARY_JITTER"
          },
          {
            "gps_point_id": "gps-010806",
            "reason": "STATIONARY_JITTER"
          },
          {
            "gps_point_id": "gps-010807",
            "reason": "STATIONARY_JITTER"
          },
          {
            "gps_point_id": "gps-010808",
            "reason": "STATIONARY_JITTER"
          },
          {
            "gps_point_id": "gps-010809",
            "reason": "STATIONARY_JITTER"
          },
          {
            "gps_point_id": "gps-010810",
            "reason": "STATIONARY_JITTER"
          },
          {
            "gps_point_id": "gps-010811",
            "reason": "STATIONARY_JITTER"
          },
          {
            "gps_point_id": "gps-010812",
            "reason": "STATIONARY_JITTER"
          },
          {
            "gps_point_id": "gps-010813",
            "reason": "STATIONARY_JITTER"
          },
          {
            "gps_point_id": "gps-010814",
            "reason": "STATIONARY_JITTER"
          },
          {
            "gps_point_id": "gps-010815",
            "reason": "STATIONARY_JITTER"
          },
          {
            "gps_point_id": "gps-010816",
            "reason": "STATIONARY_JITTER"
          },
          {
            "gps_point_id": "gps-010817",
            "reason": "STATIONARY_JITTER"
          },
          {
            "gps_point_id": "gps-010818",
            "reason": "STATIONARY_JITTER"
          },
          {
            "gps_point_id": "gps-010819",
            "reason": "STATIONARY_JITTER"
          },
          {
            "gps_point_id": "gps-010820",
            "reason": "STATIONARY_JITTER"
          },
          {
            "gps_point_id": "gps-010821",
            "reason": "STATIONARY_JITTER"
          },
          {
            "gps_point_id": "gps-010822",
            "reason": "STATIONARY_JITTER"
          },
          {
            "gps_point_id": "gps-010823",
            "reason": "STATIONARY_JITTER"
          },
          {
            "gps_point_id": "gps-010824",
            "reason": "STATIONARY_JITTER"
          },
          {
            "gps_point_id": "gps-010825",
            "reason": "STATIONARY_JITTER"
          },
          {
            "gps_point_id": "gps-010826",
            "reason": "STATIONARY_JITTER"
          },
          {
            "gps_point_id": "gps-010827",
            "reason": "STATIONARY_JITTER"
          },
          {
            "gps_point_id": "gps-010828",
            "reason": "STATIONARY_JITTER"
          },
          {
            "gps_point_id": "gps-010829",
            "reason": "STATIONARY_JITTER"
          },
          {
            "gps_point_id": "gps-010830",
            "reason": "STATIONARY_JITTER"
          },
          {
            "gps_point_id": "gps-010831",
            "reason": "STATIONARY_JITTER"
          },
          {
            "gps_point_id": "gps-010832",
            "reason": "STATIONARY_JITTER"
          },
          {
            "gps_point_id": "gps-010833",
            "reason": "STATIONARY_JITTER"
          },
          {
            "gps_point_id": "gps-010834",
            "reason": "STATIONARY_JITTER"
          },
          {
            "gps_point_id": "gps-010835",
            "reason": "STATIONARY_JITTER"
          },
          {
            "gps_point_id": "gps-010836",
            "reason": "STATIONARY_JITTER"
          },
          {
            "gps_point_id": "gps-010837",
            "reason": "STATIONARY_JITTER"
          },
          {
            "gps_point_id": "gps-010838",
            "reason": "STATIONARY_JITTER"
          },
          {
            "gps_point_id": "gps-010839",
            "reason": "STATIONARY_JITTER"
          },
          {
            "gps_point_id": "gps-010840",
            "reason": "STATIONARY_JITTER"
          },
          {
            "gps_point_id": "gps-010841",
            "reason": "STATIONARY_JITTER"
          },
          {
            "gps_point_id": "gps-010842",
            "reason": "STATIONARY_JITTER"
          },
          {
            "gps_point_id": "gps-010843",
            "reason": "STATIONARY_JITTER"
          },
          {
            "gps_point_id": "gps-010844",
            "reason": "STATIONARY_JITTER"
          },
          {
            "gps_point_id": "gps-010845",
            "reason": "STATIONARY_JITTER"
          },
          {
            "gps_point_id": "gps-010846",
            "reason": "STATIONARY_JITTER"
          },
          {
            "gps_point_id": "gps-010847",
            "reason": "STATIONARY_JITTER"
          },
          {
            "gps_point_id": "gps-010848",
            "reason": "STATIONARY_JITTER"
          },
          {
            "gps_point_id": "gps-010849",
            "reason": "STATIONARY_JITTER"
          },
          {
            "gps_point_id": "gps-010850",
            "reason": "STATIONARY_JITTER"
          },
          {
            "gps_point_id": "gps-010851",
            "reason": "STATIONARY_JITTER"
          },
          {
            "gps_point_id": "gps-010852",
            "reason": "STATIONARY_JITTER"
          },
          {
            "gps_point_id": "gps-010853",
            "reason": "STATIONARY_JITTER"
          },
          {
            "gps_point_id": "gps-010854",
            "reason": "STATIONARY_JITTER"
          },
          {
            "gps_point_id": "gps-010855",
            "reason": "STATIONARY_JITTER"
          },
          {
            "gps_point_id": "gps-010856",
            "reason": "STATIONARY_JITTER"
          },
          {
            "gps_point_id": "gps-010857",
            "reason": "STATIONARY_JITTER"
          },
          {
            "gps_point_id": "gps-010858",
            "reason": "STATIONARY_JITTER"
          },
          {
            "gps_point_id": "gps-010859",
            "reason": "STATIONARY_JITTER"
          },
          {
            "gps_point_id": "gps-010860",
            "reason": "STATIONARY_JITTER"
          },
          {
            "gps_point_id": "gps-010861",
            "reason": "STATIONARY_JITTER"
          },
          {
            "gps_point_id": "gps-010862",
            "reason": "STATIONARY_JITTER"
          },
          {
            "gps_point_id": "gps-010863",
            "reason": "STATIONARY_JITTER"
          },
          {
            "gps_point_id": "gps-010864",
            "reason": "STATIONARY_JITTER"
          },
          {
            "gps_point_id": "gps-010865",
            "reason": "STATIONARY_JITTER"
          },
          {
            "gps_point_id": "gps-010866",
            "reason": "STATIONARY_JITTER"
          },
          {
            "gps_point_id": "gps-010867",
            "reason": "STATIONARY_JITTER"
          },
          {
            "gps_point_id": "gps-010868",
            "reason": "STATIONARY_JITTER"
          },
          {
            "gps_point_id": "gps-010869",
            "reason": "STATIONARY_JITTER"
          },
          {
            "gps_point_id": "gps-010870",
            "reason": "STATIONARY_JITTER"
          },
          {
            "gps_point_id": "gps-010871",
            "reason": "STATIONARY_JITTER"
          },
          {
            "gps_point_id": "gps-010872",
            "reason": "STATIONARY_JITTER"
          },
          {
            "gps_point_id": "gps-010873",
            "reason": "STATIONARY_JITTER"
          },
          {
            "gps_point_id": "gps-010874",
            "reason": "STATIONARY_JITTER"
          },
          {
            "gps_point_id": "gps-010875",
            "reason": "STATIONARY_JITTER"
          },
          {
            "gps_point_id": "gps-010876",
            "reason": "STATIONARY_JITTER"
          },
          {
            "gps_point_id": "gps-010877",
            "reason": "STATIONARY_JITTER"
          },
          {
            "gps_point_id": "gps-010878",
            "reason": "STATIONARY_JITTER"
          },
          {
            "gps_point_id": "gps-010879",
            "reason": "STATIONARY_JITTER"
          },
          {
            "gps_point_id": "gps-010880",
            "reason": "STATIONARY_JITTER"
          },
          {
            "gps_point_id": "gps-010881",
            "reason": "STATIONARY_JITTER"
          },
          {
            "gps_point_id": "gps-010882",
            "reason": "STATIONARY_JITTER"
          },
          {
            "gps_point_id": "gps-010883",
            "reason": "STATIONARY_JITTER"
          },
          {
            "gps_point_id": "gps-010884",
            "reason": "STATIONARY_JITTER"
          },
          {
            "gps_point_id": "gps-010885",
            "reason": "STATIONARY_JITTER"
          },
          {
            "gps_point_id": "gps-010886",
            "reason": "STATIONARY_JITTER"
          },
          {
            "gps_point_id": "gps-010887",
            "reason": "STATIONARY_JITTER"
          },
          {
            "gps_point_id": "gps-010888",
            "reason": "STATIONARY_JITTER"
          },
          {
            "gps_point_id": "gps-010889",
            "reason": "STATIONARY_JITTER"
          },
          {
            "gps_point_id": "gps-010890",
            "reason": "STATIONARY_JITTER"
          },
          {
            "gps_point_id": "gps-010891",
            "reason": "STATIONARY_JITTER"
          },
          {
            "gps_point_id": "gps-010892",
            "reason": "STATIONARY_JITTER"
          },
          {
            "gps_point_id": "gps-010893",
            "reason": "STATIONARY_JITTER"
          },
          {
            "gps_point_id": "gps-010894",
            "reason": "STATIONARY_JITTER"
          },
          {
            "gps_point_id": "gps-010895",
            "reason": "STATIONARY_JITTER"
          },
          {
            "gps_point_id": "gps-010896",
            "reason": "STATIONARY_JITTER"
          },
          {
            "gps_point_id": "gps-010897",
            "reason": "STATIONARY_JITTER"
          },
          {
            "gps_point_id": "gps-010898",
            "reason": "STATIONARY_JITTER"
          },
          {
            "gps_point_id": "gps-010899",
            "reason": "STATIONARY_JITTER"
          },
          {
            "gps_point_id": "gps-010900",
            "reason": "STATIONARY_JITTER"
          },
          {
            "gps_point_id": "gps-010901",
            "reason": "STATIONARY_JITTER"
          },
          {
            "gps_point_id": "gps-010902",
            "reason": "STATIONARY_JITTER"
          },
          {
            "gps_point_id": "gps-010903",
            "reason": "STATIONARY_JITTER"
          },
          {
            "gps_point_id": "gps-010904",
            "reason": "STATIONARY_JITTER"
          },
          {
            "gps_point_id": "gps-010905",
            "reason": "STATIONARY_JITTER"
          },
          {
            "gps_point_id": "gps-010906",
            "reason": "STATIONARY_JITTER"
          },
          {
            "gps_point_id": "gps-010907",
            "reason": "STATIONARY_JITTER"
          },
          {
            "gps_point_id": "gps-010908",
            "reason": "STATIONARY_JITTER"
          },
          {
            "gps_point_id": "gps-010909",
            "reason": "STATIONARY_JITTER"
          },
          {
            "gps_point_id": "gps-010910",
            "reason": "STATIONARY_JITTER"
          },
          {
            "gps_point_id": "gps-010911",
            "reason": "STATIONARY_JITTER"
          },
          {
            "gps_point_id": "gps-010912",
            "reason": "STATIONARY_JITTER"
          },
          {
            "gps_point_id": "gps-010913",
            "reason": "STATIONARY_JITTER"
          },
          {
            "gps_point_id": "gps-010914",
            "reason": "STATIONARY_JITTER"
          },
          {
            "gps_point_id": "gps-010915",
            "reason": "STATIONARY_JITTER"
          },
          {
            "gps_point_id": "gps-010916",
            "reason": "STATIONARY_JITTER"
          },
          {
            "gps_point_id": "gps-010917",
            "reason": "STATIONARY_JITTER"
          },
          {
            "gps_point_id": "gps-010918",
            "reason": "STATIONARY_JITTER"
          },
          {
            "gps_point_id": "gps-010919",
            "reason": "STATIONARY_JITTER"
          },
          {
            "gps_point_id": "gps-010920",
            "reason": "STATIONARY_JITTER"
          },
          {
            "gps_point_id": "gps-010921",
            "reason": "STATIONARY_JITTER"
          },
          {
            "gps_point_id": "gps-010922",
            "reason": "STATIONARY_JITTER"
          },
          {
            "gps_point_id": "gps-010923",
            "reason": "STATIONARY_JITTER"
          },
          {
            "gps_point_id": "gps-010924",
            "reason": "STATIONARY_JITTER"
          },
          {
            "gps_point_id": "gps-010925",
            "reason": "STATIONARY_JITTER"
          },
          {
            "gps_point_id": "gps-010926",
            "reason": "STATIONARY_JITTER"
          },
          {
            "gps_point_id": "gps-010927",
            "reason": "STATIONARY_JITTER"
          },
          {
            "gps_point_id": "gps-010928",
            "reason": "STATIONARY_JITTER"
          },
          {
            "gps_point_id": "gps-010929",
            "reason": "STATIONARY_JITTER"
          },
          {
            "gps_point_id": "gps-010930",
            "reason": "STATIONARY_JITTER"
          },
          {
            "gps_point_id": "gps-010931",
            "reason": "STATIONARY_JITTER"
          },
          {
            "gps_point_id": "gps-010932",
            "reason": "STATIONARY_JITTER"
          },
          {
            "gps_point_id": "gps-010933",
            "reason": "STATIONARY_JITTER"
          },
          {
            "gps_point_id": "gps-010934",
            "reason": "STATIONARY_JITTER"
          },
          {
            "gps_point_id": "gps-010935",
            "reason": "STATIONARY_JITTER"
          },
          {
            "gps_point_id": "gps-010936",
            "reason": "STATIONARY_JITTER"
          },
          {
            "gps_point_id": "gps-010937",
            "reason": "STATIONARY_JITTER"
          },
          {
            "gps_point_id": "gps-010938",
            "reason": "STATIONARY_JITTER"
          },
          {
            "gps_point_id": "gps-010939",
            "reason": "STATIONARY_JITTER"
          },
          {
            "gps_point_id": "gps-010940",
            "reason": "STATIONARY_JITTER"
          },
          {
            "gps_point_id": "gps-010941",
            "reason": "STATIONARY_JITTER"
          },
          {
            "gps_point_id": "gps-010942",
            "reason": "STATIONARY_JITTER"
          },
          {
            "gps_point_id": "gps-010943",
            "reason": "STATIONARY_JITTER"
          },
          {
            "gps_point_id": "gps-010944",
            "reason": "STATIONARY_JITTER"
          },
          {
            "gps_point_id": "gps-010945",
            "reason": "STATIONARY_JITTER"
          },
          {
            "gps_point_id": "gps-010946",
            "reason": "STATIONARY_JITTER"
          },
          {
            "gps_point_id": "gps-010947",
            "reason": "STATIONARY_JITTER"
          },
          {
            "gps_point_id": "gps-010948",
            "reason": "STATIONARY_JITTER"
          },
          {
            "gps_point_id": "gps-010949",
            "reason": "STATIONARY_JITTER"
          },
          {
            "gps_point_id": "gps-010950",
            "reason": "STATIONARY_JITTER"
          },
          {
            "gps_point_id": "gps-010951",
            "reason": "STATIONARY_JITTER"
          },
          {
            "gps_point_id": "gps-010952",
            "reason": "STATIONARY_JITTER"
          },
          {
            "gps_point_id": "gps-010953",
            "reason": "STATIONARY_JITTER"
          },
          {
            "gps_point_id": "gps-010954",
            "reason": "STATIONARY_JITTER"
          },
          {
            "gps_point_id": "gps-010955",
            "reason": "STATIONARY_JITTER"
          },
          {
            "gps_point_id": "gps-010956",
            "reason": "STATIONARY_JITTER"
          },
          {
            "gps_point_id": "gps-010957",
            "reason": "STATIONARY_JITTER"
          },
          {
            "gps_point_id": "gps-010958",
            "reason": "STATIONARY_JITTER"
          },
          {
            "gps_point_id": "gps-010959",
            "reason": "STATIONARY_JITTER"
          },
          {
            "gps_point_id": "gps-010960",
            "reason": "STATIONARY_JITTER"
          },
          {
            "gps_point_id": "gps-010961",
            "reason": "STATIONARY_JITTER"
          },
          {
            "gps_point_id": "gps-010962",
            "reason": "STATIONARY_JITTER"
          },
          {
            "gps_point_id": "gps-010963",
            "reason": "STATIONARY_JITTER"
          },
          {
            "gps_point_id": "gps-010964",
            "reason": "STATIONARY_JITTER"
          },
          {
            "gps_point_id": "gps-010965",
            "reason": "STATIONARY_JITTER"
          },
          {
            "gps_point_id": "gps-010967",
            "reason": "STATIONARY_JITTER"
          },
          {
            "gps_point_id": "gps-010968",
            "reason": "STATIONARY_JITTER"
          },
          {
            "gps_point_id": "gps-010969",
            "reason": "STATIONARY_JITTER"
          },
          {
            "gps_point_id": "gps-010970",
            "reason": "STATIONARY_JITTER"
          },
          {
            "gps_point_id": "gps-010971",
            "reason": "STATIONARY_JITTER"
          },
          {
            "gps_point_id": "gps-010972",
            "reason": "STATIONARY_JITTER"
          },
          {
            "gps_point_id": "gps-010973",
            "reason": "STATIONARY_JITTER"
          },
          {
            "gps_point_id": "gps-010974",
            "reason": "STATIONARY_JITTER"
          },
          {
            "gps_point_id": "gps-010975",
            "reason": "STATIONARY_JITTER"
          },
          {
            "gps_point_id": "gps-010976",
            "reason": "STATIONARY_JITTER"
          },
          {
            "gps_point_id": "gps-010977",
            "reason": "STATIONARY_JITTER"
          },
          {
            "gps_point_id": "gps-010978",
            "reason": "STATIONARY_JITTER"
          },
          {
            "gps_point_id": "gps-010979",
            "reason": "STATIONARY_JITTER"
          },
          {
            "gps_point_id": "gps-010980",
            "reason": "STATIONARY_JITTER"
          },
          {
            "gps_point_id": "gps-010981",
            "reason": "STATIONARY_JITTER"
          },
          {
            "gps_point_id": "gps-010982",
            "reason": "STATIONARY_JITTER"
          },
          {
            "gps_point_id": "gps-010983",
            "reason": "STATIONARY_JITTER"
          },
          {
            "gps_point_id": "gps-010984",
            "reason": "STATIONARY_JITTER"
          },
          {
            "gps_point_id": "gps-010985",
            "reason": "STATIONARY_JITTER"
          },
          {
            "gps_point_id": "gps-010986",
            "reason": "STATIONARY_JITTER"
          },
          {
            "gps_point_id": "gps-010987",
            "reason": "STATIONARY_JITTER"
          },
          {
            "gps_point_id": "gps-010988",
            "reason": "STATIONARY_JITTER"
          },
          {
            "gps_point_id": "gps-010989",
            "reason": "STATIONARY_JITTER"
          },
          {
            "gps_point_id": "gps-010990",
            "reason": "STATIONARY_JITTER"
          },
          {
            "gps_point_id": "gps-010991",
            "reason": "STATIONARY_JITTER"
          },
          {
            "gps_point_id": "gps-010992",
            "reason": "STATIONARY_JITTER"
          },
          {
            "gps_point_id": "gps-010993",
            "reason": "STATIONARY_JITTER"
          },
          {
            "gps_point_id": "gps-010994",
            "reason": "STATIONARY_JITTER"
          },
          {
            "gps_point_id": "gps-010995",
            "reason": "STATIONARY_JITTER"
          },
          {
            "gps_point_id": "gps-010996",
            "reason": "STATIONARY_JITTER"
          },
          {
            "gps_point_id": "gps-010997",
            "reason": "STATIONARY_JITTER"
          },
          {
            "gps_point_id": "gps-010998",
            "reason": "STATIONARY_JITTER"
          },
          {
            "gps_point_id": "gps-010999",
            "reason": "STATIONARY_JITTER"
          },
          {
            "gps_point_id": "gps-011000",
            "reason": "STATIONARY_JITTER"
          },
          {
            "gps_point_id": "gps-011001",
            "reason": "STATIONARY_JITTER"
          },
          {
            "gps_point_id": "gps-011002",
            "reason": "STATIONARY_JITTER"
          },
          {
            "gps_point_id": "gps-011003",
            "reason": "STATIONARY_JITTER"
          },
          {
            "gps_point_id": "gps-011004",
            "reason": "STATIONARY_JITTER"
          },
          {
            "gps_point_id": "gps-011005",
            "reason": "STATIONARY_JITTER"
          },
          {
            "gps_point_id": "gps-011006",
            "reason": "STATIONARY_JITTER"
          },
          {
            "gps_point_id": "gps-011007",
            "reason": "STATIONARY_JITTER"
          },
          {
            "gps_point_id": "gps-011008",
            "reason": "STATIONARY_JITTER"
          },
          {
            "gps_point_id": "gps-011009",
            "reason": "STATIONARY_JITTER"
          },
          {
            "gps_point_id": "gps-011010",
            "reason": "STATIONARY_JITTER"
          },
          {
            "gps_point_id": "gps-011011",
            "reason": "STATIONARY_JITTER"
          },
          {
            "gps_point_id": "gps-011012",
            "reason": "STATIONARY_JITTER"
          },
          {
            "gps_point_id": "gps-011013",
            "reason": "STATIONARY_JITTER"
          },
          {
            "gps_point_id": "gps-011014",
            "reason": "STATIONARY_JITTER"
          },
          {
            "gps_point_id": "gps-011015",
            "reason": "STATIONARY_JITTER"
          },
          {
            "gps_point_id": "gps-011016",
            "reason": "STATIONARY_JITTER"
          },
          {
            "gps_point_id": "gps-011018",
            "reason": "STATIONARY_JITTER"
          },
          {
            "gps_point_id": "gps-011019",
            "reason": "STATIONARY_JITTER"
          },
          {
            "gps_point_id": "gps-011020",
            "reason": "STATIONARY_JITTER"
          },
          {
            "gps_point_id": "gps-011021",
            "reason": "STATIONARY_JITTER"
          },
          {
            "gps_point_id": "gps-011022",
            "reason": "STATIONARY_JITTER"
          },
          {
            "gps_point_id": "gps-011023",
            "reason": "STATIONARY_JITTER"
          },
          {
            "gps_point_id": "gps-011024",
            "reason": "STATIONARY_JITTER"
          },
          {
            "gps_point_id": "gps-011025",
            "reason": "STATIONARY_JITTER"
          },
          {
            "gps_point_id": "gps-011026",
            "reason": "STATIONARY_JITTER"
          },
          {
            "gps_point_id": "gps-011027",
            "reason": "STATIONARY_JITTER"
          },
          {
            "gps_point_id": "gps-011028",
            "reason": "STATIONARY_JITTER"
          },
          {
            "gps_point_id": "gps-011029",
            "reason": "STATIONARY_JITTER"
          },
          {
            "gps_point_id": "gps-011030",
            "reason": "STATIONARY_JITTER"
          },
          {
            "gps_point_id": "gps-011031",
            "reason": "STATIONARY_JITTER"
          },
          {
            "gps_point_id": "gps-011032",
            "reason": "STATIONARY_JITTER"
          },
          {
            "gps_point_id": "gps-011033",
            "reason": "STATIONARY_JITTER"
          },
          {
            "gps_point_id": "gps-011034",
            "reason": "STATIONARY_JITTER"
          },
          {
            "gps_point_id": "gps-011035",
            "reason": "STATIONARY_JITTER"
          },
          {
            "gps_point_id": "gps-011036",
            "reason": "STATIONARY_JITTER"
          },
          {
            "gps_point_id": "gps-011037",
            "reason": "STATIONARY_JITTER"
          },
          {
            "gps_point_id": "gps-011038",
            "reason": "STATIONARY_JITTER"
          },
          {
            "gps_point_id": "gps-011039",
            "reason": "STATIONARY_JITTER"
          },
          {
            "gps_point_id": "gps-011040",
            "reason": "STATIONARY_JITTER"
          },
          {
            "gps_point_id": "gps-011041",
            "reason": "STATIONARY_JITTER"
          },
          {
            "gps_point_id": "gps-011042",
            "reason": "STATIONARY_JITTER"
          },
          {
            "gps_point_id": "gps-011043",
            "reason": "STATIONARY_JITTER"
          },
          {
            "gps_point_id": "gps-011044",
            "reason": "STATIONARY_JITTER"
          },
          {
            "gps_point_id": "gps-011045",
            "reason": "STATIONARY_JITTER"
          },
          {
            "gps_point_id": "gps-011047",
            "reason": "STATIONARY_JITTER"
          },
          {
            "gps_point_id": "gps-011048",
            "reason": "STATIONARY_JITTER"
          },
          {
            "gps_point_id": "gps-011049",
            "reason": "STATIONARY_JITTER"
          },
          {
            "gps_point_id": "gps-011050",
            "reason": "STATIONARY_JITTER"
          },
          {
            "gps_point_id": "gps-011051",
            "reason": "STATIONARY_JITTER"
          },
          {
            "gps_point_id": "gps-011052",
            "reason": "STATIONARY_JITTER"
          },
          {
            "gps_point_id": "gps-011053",
            "reason": "STATIONARY_JITTER"
          },
          {
            "gps_point_id": "gps-011054",
            "reason": "STATIONARY_JITTER"
          },
          {
            "gps_point_id": "gps-011055",
            "reason": "STATIONARY_JITTER"
          },
          {
            "gps_point_id": "gps-011056",
            "reason": "STATIONARY_JITTER"
          },
          {
            "gps_point_id": "gps-011057",
            "reason": "STATIONARY_JITTER"
          },
          {
            "gps_point_id": "gps-011058",
            "reason": "STATIONARY_JITTER"
          },
          {
            "gps_point_id": "gps-011059",
            "reason": "STATIONARY_JITTER"
          },
          {
            "gps_point_id": "gps-009187",
            "reason": "DISPLAY_SIMPLIFICATION"
          },
          {
            "gps_point_id": "gps-009239",
            "reason": "DISPLAY_SIMPLIFICATION"
          },
          {
            "gps_point_id": "gps-009378",
            "reason": "DISPLAY_SIMPLIFICATION"
          },
          {
            "gps_point_id": "gps-009379",
            "reason": "DISPLAY_SIMPLIFICATION"
          },
          {
            "gps_point_id": "gps-009387",
            "reason": "DISPLAY_SIMPLIFICATION"
          },
          {
            "gps_point_id": "gps-009395",
            "reason": "DISPLAY_SIMPLIFICATION"
          },
          {
            "gps_point_id": "gps-009438",
            "reason": "DISPLAY_SIMPLIFICATION"
          },
          {
            "gps_point_id": "gps-009462",
            "reason": "DISPLAY_SIMPLIFICATION"
          },
          {
            "gps_point_id": "gps-009563",
            "reason": "DISPLAY_SIMPLIFICATION"
          },
          {
            "gps_point_id": "gps-009586",
            "reason": "DISPLAY_SIMPLIFICATION"
          },
          {
            "gps_point_id": "gps-009711",
            "reason": "DISPLAY_SIMPLIFICATION"
          },
          {
            "gps_point_id": "gps-009758",
            "reason": "DISPLAY_SIMPLIFICATION"
          },
          {
            "gps_point_id": "gps-009760",
            "reason": "DISPLAY_SIMPLIFICATION"
          },
          {
            "gps_point_id": "gps-009807",
            "reason": "DISPLAY_SIMPLIFICATION"
          },
          {
            "gps_point_id": "gps-009808",
            "reason": "DISPLAY_SIMPLIFICATION"
          },
          {
            "gps_point_id": "gps-009821",
            "reason": "DISPLAY_SIMPLIFICATION"
          },
          {
            "gps_point_id": "gps-009834",
            "reason": "DISPLAY_SIMPLIFICATION"
          },
          {
            "gps_point_id": "gps-009838",
            "reason": "DISPLAY_SIMPLIFICATION"
          },
          {
            "gps_point_id": "gps-009853",
            "reason": "DISPLAY_SIMPLIFICATION"
          },
          {
            "gps_point_id": "gps-009881",
            "reason": "DISPLAY_SIMPLIFICATION"
          },
          {
            "gps_point_id": "gps-009883",
            "reason": "DISPLAY_SIMPLIFICATION"
          },
          {
            "gps_point_id": "gps-009975",
            "reason": "DISPLAY_SIMPLIFICATION"
          },
          {
            "gps_point_id": "gps-009998",
            "reason": "DISPLAY_SIMPLIFICATION"
          },
          {
            "gps_point_id": "gps-010127",
            "reason": "DISPLAY_SIMPLIFICATION"
          },
          {
            "gps_point_id": "gps-010206",
            "reason": "DISPLAY_SIMPLIFICATION"
          },
          {
            "gps_point_id": "gps-010277",
            "reason": "DISPLAY_SIMPLIFICATION"
          },
          {
            "gps_point_id": "gps-010302",
            "reason": "DISPLAY_SIMPLIFICATION"
          },
          {
            "gps_point_id": "gps-010344",
            "reason": "DISPLAY_SIMPLIFICATION"
          },
          {
            "gps_point_id": "gps-010354",
            "reason": "DISPLAY_SIMPLIFICATION"
          },
          {
            "gps_point_id": "gps-010361",
            "reason": "DISPLAY_SIMPLIFICATION"
          },
          {
            "gps_point_id": "gps-010364",
            "reason": "DISPLAY_SIMPLIFICATION"
          },
          {
            "gps_point_id": "gps-010370",
            "reason": "DISPLAY_SIMPLIFICATION"
          },
          {
            "gps_point_id": "gps-010513",
            "reason": "DISPLAY_SIMPLIFICATION"
          },
          {
            "gps_point_id": "gps-010597",
            "reason": "DISPLAY_SIMPLIFICATION"
          },
          {
            "gps_point_id": "gps-010681",
            "reason": "DISPLAY_SIMPLIFICATION"
          },
          {
            "gps_point_id": "gps-010761",
            "reason": "DISPLAY_SIMPLIFICATION"
          },
          {
            "gps_point_id": "gps-010781",
            "reason": "DISPLAY_SIMPLIFICATION"
          },
          {
            "gps_point_id": "gps-010966",
            "reason": "DISPLAY_SIMPLIFICATION"
          },
          {
            "gps_point_id": "gps-011017",
            "reason": "DISPLAY_SIMPLIFICATION"
          }
        ],
        "derivation_rules": {
          "max_accuracy_m": 40,
          "stationary_spacing_m": 1.5,
          "one_point_spike_leg_m": 8,
          "rdp_tolerance_m": 2.5
        },
        "raw_gps_preserved": true,
        "source_evidence_modified": false,
        "no_artificial_relocation_connector": true,
        "presentation_only": true,
        "limitation": "CLEANED CUSTOMER DISPLAY WALK - RAW PHONE GPS REMAINS CONTROLLING EVIDENCE AND IS NOT SURVEY-GRADE"
      }
    },
    {
      "type": "Feature",
      "id": "DISPLAY-WALK-009",
      "geometry": {
        "type": "LineString",
        "coordinates": [
          [
            -87.09174726863914,
            30.48944230063079
          ],
          [
            -87.09172802670847,
            30.48936628455317
          ],
          [
            -87.09166039720837,
            30.4894305300252
          ]
        ]
      },
      "properties": {
        "record_type": "derived_customer_display_walk",
        "inspection_date": "2026-08-07",
        "source_route_segment_index": 8,
        "source_start_time": "2026-08-07T16:02:33.720Z",
        "source_end_time": "2026-08-07T16:03:10.000Z",
        "source_point_count": 48,
        "display_point_count": 3,
        "retained_source_point_ids": [
          "gps-011063",
          "gps-011064",
          "gps-011110"
        ],
        "suppressed_source_points": [
          {
            "gps_point_id": "gps-011067",
            "reason": "STATIONARY_JITTER"
          },
          {
            "gps_point_id": "gps-011068",
            "reason": "STATIONARY_JITTER"
          },
          {
            "gps_point_id": "gps-011069",
            "reason": "STATIONARY_JITTER"
          },
          {
            "gps_point_id": "gps-011070",
            "reason": "STATIONARY_JITTER"
          },
          {
            "gps_point_id": "gps-011071",
            "reason": "STATIONARY_JITTER"
          },
          {
            "gps_point_id": "gps-011072",
            "reason": "STATIONARY_JITTER"
          },
          {
            "gps_point_id": "gps-011073",
            "reason": "STATIONARY_JITTER"
          },
          {
            "gps_point_id": "gps-011074",
            "reason": "STATIONARY_JITTER"
          },
          {
            "gps_point_id": "gps-011075",
            "reason": "STATIONARY_JITTER"
          },
          {
            "gps_point_id": "gps-011076",
            "reason": "STATIONARY_JITTER"
          },
          {
            "gps_point_id": "gps-011077",
            "reason": "STATIONARY_JITTER"
          },
          {
            "gps_point_id": "gps-011078",
            "reason": "STATIONARY_JITTER"
          },
          {
            "gps_point_id": "gps-011079",
            "reason": "STATIONARY_JITTER"
          },
          {
            "gps_point_id": "gps-011080",
            "reason": "STATIONARY_JITTER"
          },
          {
            "gps_point_id": "gps-011081",
            "reason": "STATIONARY_JITTER"
          },
          {
            "gps_point_id": "gps-011082",
            "reason": "STATIONARY_JITTER"
          },
          {
            "gps_point_id": "gps-011083",
            "reason": "STATIONARY_JITTER"
          },
          {
            "gps_point_id": "gps-011084",
            "reason": "STATIONARY_JITTER"
          },
          {
            "gps_point_id": "gps-011085",
            "reason": "STATIONARY_JITTER"
          },
          {
            "gps_point_id": "gps-011086",
            "reason": "STATIONARY_JITTER"
          },
          {
            "gps_point_id": "gps-011087",
            "reason": "STATIONARY_JITTER"
          },
          {
            "gps_point_id": "gps-011088",
            "reason": "STATIONARY_JITTER"
          },
          {
            "gps_point_id": "gps-011089",
            "reason": "STATIONARY_JITTER"
          },
          {
            "gps_point_id": "gps-011090",
            "reason": "STATIONARY_JITTER"
          },
          {
            "gps_point_id": "gps-011091",
            "reason": "STATIONARY_JITTER"
          },
          {
            "gps_point_id": "gps-011092",
            "reason": "STATIONARY_JITTER"
          },
          {
            "gps_point_id": "gps-011093",
            "reason": "STATIONARY_JITTER"
          },
          {
            "gps_point_id": "gps-011094",
            "reason": "STATIONARY_JITTER"
          },
          {
            "gps_point_id": "gps-011095",
            "reason": "STATIONARY_JITTER"
          },
          {
            "gps_point_id": "gps-011096",
            "reason": "STATIONARY_JITTER"
          },
          {
            "gps_point_id": "gps-011097",
            "reason": "STATIONARY_JITTER"
          },
          {
            "gps_point_id": "gps-011098",
            "reason": "STATIONARY_JITTER"
          },
          {
            "gps_point_id": "gps-011099",
            "reason": "STATIONARY_JITTER"
          },
          {
            "gps_point_id": "gps-011100",
            "reason": "STATIONARY_JITTER"
          },
          {
            "gps_point_id": "gps-011101",
            "reason": "STATIONARY_JITTER"
          },
          {
            "gps_point_id": "gps-011102",
            "reason": "STATIONARY_JITTER"
          },
          {
            "gps_point_id": "gps-011103",
            "reason": "STATIONARY_JITTER"
          },
          {
            "gps_point_id": "gps-011104",
            "reason": "STATIONARY_JITTER"
          },
          {
            "gps_point_id": "gps-011105",
            "reason": "STATIONARY_JITTER"
          },
          {
            "gps_point_id": "gps-011106",
            "reason": "STATIONARY_JITTER"
          },
          {
            "gps_point_id": "gps-011107",
            "reason": "STATIONARY_JITTER"
          },
          {
            "gps_point_id": "gps-011108",
            "reason": "STATIONARY_JITTER"
          },
          {
            "gps_point_id": "gps-011109",
            "reason": "STATIONARY_JITTER"
          },
          {
            "gps_point_id": "gps-011065",
            "reason": "DISPLAY_SIMPLIFICATION"
          },
          {
            "gps_point_id": "gps-011066",
            "reason": "DISPLAY_SIMPLIFICATION"
          }
        ],
        "derivation_rules": {
          "max_accuracy_m": 40,
          "stationary_spacing_m": 1.5,
          "one_point_spike_leg_m": 8,
          "rdp_tolerance_m": 2.5
        },
        "raw_gps_preserved": true,
        "source_evidence_modified": false,
        "no_artificial_relocation_connector": true,
        "presentation_only": true,
        "limitation": "CLEANED CUSTOMER DISPLAY WALK - RAW PHONE GPS REMAINS CONTROLLING EVIDENCE AND IS NOT SURVEY-GRADE"
      }
    },
    {
      "type": "Feature",
      "id": "DISPLAY-WALK-010",
      "geometry": {
        "type": "LineString",
        "coordinates": [
          [
            -87.09202753920547,
            30.48962629947741
          ],
          [
            -87.09189066909899,
            30.489727898895527
          ],
          [
            -87.09193960206659,
            30.48969703578683
          ],
          [
            -87.09189224322571,
            30.489736376941224
          ],
          [
            -87.09193062782568,
            30.4897710012354
          ],
          [
            -87.09187153857889,
            30.489812601279677
          ],
          [
            -87.09182889033634,
            30.48978874520012
          ],
          [
            -87.09186070921552,
            30.489748021438675
          ],
          [
            -87.09162644113268,
            30.489735244863617
          ],
          [
            -87.09163703685546,
            30.48984711389626
          ],
          [
            -87.0916214945672,
            30.48981747213101
          ],
          [
            -87.09170572873099,
            30.489769470019116
          ],
          [
            -87.09169446083716,
            30.489842364608073
          ],
          [
            -87.09175445255829,
            30.489842016725856
          ],
          [
            -87.09172854962098,
            30.489834778001523
          ],
          [
            -87.09173802977011,
            30.489869181925283
          ]
        ]
      },
      "properties": {
        "record_type": "derived_customer_display_walk",
        "inspection_date": "2026-08-07",
        "source_route_segment_index": 9,
        "source_start_time": "2026-08-07T16:10:13.152Z",
        "source_end_time": "2026-08-07T16:27:44.048Z",
        "source_point_count": 593,
        "display_point_count": 16,
        "retained_source_point_ids": [
          "gps-011111",
          "gps-011119",
          "gps-011120",
          "gps-011121",
          "gps-011125",
          "gps-011166",
          "gps-011170",
          "gps-011198",
          "gps-011251",
          "gps-011383",
          "gps-011386",
          "gps-011404",
          "gps-011430",
          "gps-011480",
          "gps-011528",
          "gps-011710"
        ],
        "suppressed_source_points": [
          {
            "gps_point_id": "gps-011116",
            "reason": "POOR_ACCURACY"
          },
          {
            "gps_point_id": "gps-011112",
            "reason": "STATIONARY_JITTER"
          },
          {
            "gps_point_id": "gps-011113",
            "reason": "STATIONARY_JITTER"
          },
          {
            "gps_point_id": "gps-011114",
            "reason": "STATIONARY_JITTER"
          },
          {
            "gps_point_id": "gps-011115",
            "reason": "STATIONARY_JITTER"
          },
          {
            "gps_point_id": "gps-011122",
            "reason": "STATIONARY_JITTER"
          },
          {
            "gps_point_id": "gps-011123",
            "reason": "STATIONARY_JITTER"
          },
          {
            "gps_point_id": "gps-011124",
            "reason": "STATIONARY_JITTER"
          },
          {
            "gps_point_id": "gps-011126",
            "reason": "STATIONARY_JITTER"
          },
          {
            "gps_point_id": "gps-011127",
            "reason": "STATIONARY_JITTER"
          },
          {
            "gps_point_id": "gps-011128",
            "reason": "STATIONARY_JITTER"
          },
          {
            "gps_point_id": "gps-011129",
            "reason": "STATIONARY_JITTER"
          },
          {
            "gps_point_id": "gps-011130",
            "reason": "STATIONARY_JITTER"
          },
          {
            "gps_point_id": "gps-011131",
            "reason": "STATIONARY_JITTER"
          },
          {
            "gps_point_id": "gps-011132",
            "reason": "STATIONARY_JITTER"
          },
          {
            "gps_point_id": "gps-011133",
            "reason": "STATIONARY_JITTER"
          },
          {
            "gps_point_id": "gps-011134",
            "reason": "STATIONARY_JITTER"
          },
          {
            "gps_point_id": "gps-011135",
            "reason": "STATIONARY_JITTER"
          },
          {
            "gps_point_id": "gps-011136",
            "reason": "STATIONARY_JITTER"
          },
          {
            "gps_point_id": "gps-011137",
            "reason": "STATIONARY_JITTER"
          },
          {
            "gps_point_id": "gps-011138",
            "reason": "STATIONARY_JITTER"
          },
          {
            "gps_point_id": "gps-011139",
            "reason": "STATIONARY_JITTER"
          },
          {
            "gps_point_id": "gps-011140",
            "reason": "STATIONARY_JITTER"
          },
          {
            "gps_point_id": "gps-011141",
            "reason": "STATIONARY_JITTER"
          },
          {
            "gps_point_id": "gps-011142",
            "reason": "STATIONARY_JITTER"
          },
          {
            "gps_point_id": "gps-011143",
            "reason": "STATIONARY_JITTER"
          },
          {
            "gps_point_id": "gps-011144",
            "reason": "STATIONARY_JITTER"
          },
          {
            "gps_point_id": "gps-011145",
            "reason": "STATIONARY_JITTER"
          },
          {
            "gps_point_id": "gps-011146",
            "reason": "STATIONARY_JITTER"
          },
          {
            "gps_point_id": "gps-011147",
            "reason": "STATIONARY_JITTER"
          },
          {
            "gps_point_id": "gps-011148",
            "reason": "STATIONARY_JITTER"
          },
          {
            "gps_point_id": "gps-011149",
            "reason": "STATIONARY_JITTER"
          },
          {
            "gps_point_id": "gps-011150",
            "reason": "STATIONARY_JITTER"
          },
          {
            "gps_point_id": "gps-011151",
            "reason": "STATIONARY_JITTER"
          },
          {
            "gps_point_id": "gps-011152",
            "reason": "STATIONARY_JITTER"
          },
          {
            "gps_point_id": "gps-011153",
            "reason": "STATIONARY_JITTER"
          },
          {
            "gps_point_id": "gps-011154",
            "reason": "STATIONARY_JITTER"
          },
          {
            "gps_point_id": "gps-011155",
            "reason": "STATIONARY_JITTER"
          },
          {
            "gps_point_id": "gps-011156",
            "reason": "STATIONARY_JITTER"
          },
          {
            "gps_point_id": "gps-011157",
            "reason": "STATIONARY_JITTER"
          },
          {
            "gps_point_id": "gps-011158",
            "reason": "STATIONARY_JITTER"
          },
          {
            "gps_point_id": "gps-011159",
            "reason": "STATIONARY_JITTER"
          },
          {
            "gps_point_id": "gps-011160",
            "reason": "STATIONARY_JITTER"
          },
          {
            "gps_point_id": "gps-011161",
            "reason": "STATIONARY_JITTER"
          },
          {
            "gps_point_id": "gps-011162",
            "reason": "STATIONARY_JITTER"
          },
          {
            "gps_point_id": "gps-011163",
            "reason": "STATIONARY_JITTER"
          },
          {
            "gps_point_id": "gps-011164",
            "reason": "STATIONARY_JITTER"
          },
          {
            "gps_point_id": "gps-011168",
            "reason": "STATIONARY_JITTER"
          },
          {
            "gps_point_id": "gps-011169",
            "reason": "STATIONARY_JITTER"
          },
          {
            "gps_point_id": "gps-011171",
            "reason": "STATIONARY_JITTER"
          },
          {
            "gps_point_id": "gps-011172",
            "reason": "STATIONARY_JITTER"
          },
          {
            "gps_point_id": "gps-011173",
            "reason": "STATIONARY_JITTER"
          },
          {
            "gps_point_id": "gps-011174",
            "reason": "STATIONARY_JITTER"
          },
          {
            "gps_point_id": "gps-011175",
            "reason": "STATIONARY_JITTER"
          },
          {
            "gps_point_id": "gps-011176",
            "reason": "STATIONARY_JITTER"
          },
          {
            "gps_point_id": "gps-011177",
            "reason": "STATIONARY_JITTER"
          },
          {
            "gps_point_id": "gps-011178",
            "reason": "STATIONARY_JITTER"
          },
          {
            "gps_point_id": "gps-011179",
            "reason": "STATIONARY_JITTER"
          },
          {
            "gps_point_id": "gps-011180",
            "reason": "STATIONARY_JITTER"
          },
          {
            "gps_point_id": "gps-011181",
            "reason": "STATIONARY_JITTER"
          },
          {
            "gps_point_id": "gps-011182",
            "reason": "STATIONARY_JITTER"
          },
          {
            "gps_point_id": "gps-011183",
            "reason": "STATIONARY_JITTER"
          },
          {
            "gps_point_id": "gps-011184",
            "reason": "STATIONARY_JITTER"
          },
          {
            "gps_point_id": "gps-011185",
            "reason": "STATIONARY_JITTER"
          },
          {
            "gps_point_id": "gps-011186",
            "reason": "STATIONARY_JITTER"
          },
          {
            "gps_point_id": "gps-011187",
            "reason": "STATIONARY_JITTER"
          },
          {
            "gps_point_id": "gps-011188",
            "reason": "STATIONARY_JITTER"
          },
          {
            "gps_point_id": "gps-011189",
            "reason": "STATIONARY_JITTER"
          },
          {
            "gps_point_id": "gps-011190",
            "reason": "STATIONARY_JITTER"
          },
          {
            "gps_point_id": "gps-011191",
            "reason": "STATIONARY_JITTER"
          },
          {
            "gps_point_id": "gps-011192",
            "reason": "STATIONARY_JITTER"
          },
          {
            "gps_point_id": "gps-011193",
            "reason": "STATIONARY_JITTER"
          },
          {
            "gps_point_id": "gps-011194",
            "reason": "STATIONARY_JITTER"
          },
          {
            "gps_point_id": "gps-011195",
            "reason": "STATIONARY_JITTER"
          },
          {
            "gps_point_id": "gps-011197",
            "reason": "STATIONARY_JITTER"
          },
          {
            "gps_point_id": "gps-011199",
            "reason": "STATIONARY_JITTER"
          },
          {
            "gps_point_id": "gps-011200",
            "reason": "STATIONARY_JITTER"
          },
          {
            "gps_point_id": "gps-011201",
            "reason": "STATIONARY_JITTER"
          },
          {
            "gps_point_id": "gps-011202",
            "reason": "STATIONARY_JITTER"
          },
          {
            "gps_point_id": "gps-011203",
            "reason": "STATIONARY_JITTER"
          },
          {
            "gps_point_id": "gps-011204",
            "reason": "STATIONARY_JITTER"
          },
          {
            "gps_point_id": "gps-011205",
            "reason": "STATIONARY_JITTER"
          },
          {
            "gps_point_id": "gps-011206",
            "reason": "STATIONARY_JITTER"
          },
          {
            "gps_point_id": "gps-011207",
            "reason": "STATIONARY_JITTER"
          },
          {
            "gps_point_id": "gps-011208",
            "reason": "STATIONARY_JITTER"
          },
          {
            "gps_point_id": "gps-011209",
            "reason": "STATIONARY_JITTER"
          },
          {
            "gps_point_id": "gps-011210",
            "reason": "STATIONARY_JITTER"
          },
          {
            "gps_point_id": "gps-011211",
            "reason": "STATIONARY_JITTER"
          },
          {
            "gps_point_id": "gps-011212",
            "reason": "STATIONARY_JITTER"
          },
          {
            "gps_point_id": "gps-011214",
            "reason": "STATIONARY_JITTER"
          },
          {
            "gps_point_id": "gps-011215",
            "reason": "STATIONARY_JITTER"
          },
          {
            "gps_point_id": "gps-011216",
            "reason": "STATIONARY_JITTER"
          },
          {
            "gps_point_id": "gps-011217",
            "reason": "STATIONARY_JITTER"
          },
          {
            "gps_point_id": "gps-011218",
            "reason": "STATIONARY_JITTER"
          },
          {
            "gps_point_id": "gps-011219",
            "reason": "STATIONARY_JITTER"
          },
          {
            "gps_point_id": "gps-011220",
            "reason": "STATIONARY_JITTER"
          },
          {
            "gps_point_id": "gps-011221",
            "reason": "STATIONARY_JITTER"
          },
          {
            "gps_point_id": "gps-011222",
            "reason": "STATIONARY_JITTER"
          },
          {
            "gps_point_id": "gps-011223",
            "reason": "STATIONARY_JITTER"
          },
          {
            "gps_point_id": "gps-011224",
            "reason": "STATIONARY_JITTER"
          },
          {
            "gps_point_id": "gps-011225",
            "reason": "STATIONARY_JITTER"
          },
          {
            "gps_point_id": "gps-011226",
            "reason": "STATIONARY_JITTER"
          },
          {
            "gps_point_id": "gps-011227",
            "reason": "STATIONARY_JITTER"
          },
          {
            "gps_point_id": "gps-011228",
            "reason": "STATIONARY_JITTER"
          },
          {
            "gps_point_id": "gps-011229",
            "reason": "STATIONARY_JITTER"
          },
          {
            "gps_point_id": "gps-011230",
            "reason": "STATIONARY_JITTER"
          },
          {
            "gps_point_id": "gps-011231",
            "reason": "STATIONARY_JITTER"
          },
          {
            "gps_point_id": "gps-011232",
            "reason": "STATIONARY_JITTER"
          },
          {
            "gps_point_id": "gps-011233",
            "reason": "STATIONARY_JITTER"
          },
          {
            "gps_point_id": "gps-011234",
            "reason": "STATIONARY_JITTER"
          },
          {
            "gps_point_id": "gps-011235",
            "reason": "STATIONARY_JITTER"
          },
          {
            "gps_point_id": "gps-011237",
            "reason": "STATIONARY_JITTER"
          },
          {
            "gps_point_id": "gps-011238",
            "reason": "STATIONARY_JITTER"
          },
          {
            "gps_point_id": "gps-011239",
            "reason": "STATIONARY_JITTER"
          },
          {
            "gps_point_id": "gps-011240",
            "reason": "STATIONARY_JITTER"
          },
          {
            "gps_point_id": "gps-011241",
            "reason": "STATIONARY_JITTER"
          },
          {
            "gps_point_id": "gps-011242",
            "reason": "STATIONARY_JITTER"
          },
          {
            "gps_point_id": "gps-011243",
            "reason": "STATIONARY_JITTER"
          },
          {
            "gps_point_id": "gps-011244",
            "reason": "STATIONARY_JITTER"
          },
          {
            "gps_point_id": "gps-011245",
            "reason": "STATIONARY_JITTER"
          },
          {
            "gps_point_id": "gps-011246",
            "reason": "STATIONARY_JITTER"
          },
          {
            "gps_point_id": "gps-011247",
            "reason": "STATIONARY_JITTER"
          },
          {
            "gps_point_id": "gps-011252",
            "reason": "STATIONARY_JITTER"
          },
          {
            "gps_point_id": "gps-011253",
            "reason": "STATIONARY_JITTER"
          },
          {
            "gps_point_id": "gps-011254",
            "reason": "STATIONARY_JITTER"
          },
          {
            "gps_point_id": "gps-011255",
            "reason": "STATIONARY_JITTER"
          },
          {
            "gps_point_id": "gps-011256",
            "reason": "STATIONARY_JITTER"
          },
          {
            "gps_point_id": "gps-011257",
            "reason": "STATIONARY_JITTER"
          },
          {
            "gps_point_id": "gps-011258",
            "reason": "STATIONARY_JITTER"
          },
          {
            "gps_point_id": "gps-011259",
            "reason": "STATIONARY_JITTER"
          },
          {
            "gps_point_id": "gps-011260",
            "reason": "STATIONARY_JITTER"
          },
          {
            "gps_point_id": "gps-011261",
            "reason": "STATIONARY_JITTER"
          },
          {
            "gps_point_id": "gps-011262",
            "reason": "STATIONARY_JITTER"
          },
          {
            "gps_point_id": "gps-011263",
            "reason": "STATIONARY_JITTER"
          },
          {
            "gps_point_id": "gps-011264",
            "reason": "STATIONARY_JITTER"
          },
          {
            "gps_point_id": "gps-011265",
            "reason": "STATIONARY_JITTER"
          },
          {
            "gps_point_id": "gps-011266",
            "reason": "STATIONARY_JITTER"
          },
          {
            "gps_point_id": "gps-011267",
            "reason": "STATIONARY_JITTER"
          },
          {
            "gps_point_id": "gps-011268",
            "reason": "STATIONARY_JITTER"
          },
          {
            "gps_point_id": "gps-011269",
            "reason": "STATIONARY_JITTER"
          },
          {
            "gps_point_id": "gps-011270",
            "reason": "STATIONARY_JITTER"
          },
          {
            "gps_point_id": "gps-011271",
            "reason": "STATIONARY_JITTER"
          },
          {
            "gps_point_id": "gps-011272",
            "reason": "STATIONARY_JITTER"
          },
          {
            "gps_point_id": "gps-011273",
            "reason": "STATIONARY_JITTER"
          },
          {
            "gps_point_id": "gps-011274",
            "reason": "STATIONARY_JITTER"
          },
          {
            "gps_point_id": "gps-011275",
            "reason": "STATIONARY_JITTER"
          },
          {
            "gps_point_id": "gps-011276",
            "reason": "STATIONARY_JITTER"
          },
          {
            "gps_point_id": "gps-011277",
            "reason": "STATIONARY_JITTER"
          },
          {
            "gps_point_id": "gps-011278",
            "reason": "STATIONARY_JITTER"
          },
          {
            "gps_point_id": "gps-011279",
            "reason": "STATIONARY_JITTER"
          },
          {
            "gps_point_id": "gps-011280",
            "reason": "STATIONARY_JITTER"
          },
          {
            "gps_point_id": "gps-011281",
            "reason": "STATIONARY_JITTER"
          },
          {
            "gps_point_id": "gps-011282",
            "reason": "STATIONARY_JITTER"
          },
          {
            "gps_point_id": "gps-011283",
            "reason": "STATIONARY_JITTER"
          },
          {
            "gps_point_id": "gps-011284",
            "reason": "STATIONARY_JITTER"
          },
          {
            "gps_point_id": "gps-011285",
            "reason": "STATIONARY_JITTER"
          },
          {
            "gps_point_id": "gps-011286",
            "reason": "STATIONARY_JITTER"
          },
          {
            "gps_point_id": "gps-011287",
            "reason": "STATIONARY_JITTER"
          },
          {
            "gps_point_id": "gps-011288",
            "reason": "STATIONARY_JITTER"
          },
          {
            "gps_point_id": "gps-011289",
            "reason": "STATIONARY_JITTER"
          },
          {
            "gps_point_id": "gps-011290",
            "reason": "STATIONARY_JITTER"
          },
          {
            "gps_point_id": "gps-011291",
            "reason": "STATIONARY_JITTER"
          },
          {
            "gps_point_id": "gps-011292",
            "reason": "STATIONARY_JITTER"
          },
          {
            "gps_point_id": "gps-011293",
            "reason": "STATIONARY_JITTER"
          },
          {
            "gps_point_id": "gps-011294",
            "reason": "STATIONARY_JITTER"
          },
          {
            "gps_point_id": "gps-011295",
            "reason": "STATIONARY_JITTER"
          },
          {
            "gps_point_id": "gps-011296",
            "reason": "STATIONARY_JITTER"
          },
          {
            "gps_point_id": "gps-011297",
            "reason": "STATIONARY_JITTER"
          },
          {
            "gps_point_id": "gps-011298",
            "reason": "STATIONARY_JITTER"
          },
          {
            "gps_point_id": "gps-011299",
            "reason": "STATIONARY_JITTER"
          },
          {
            "gps_point_id": "gps-011300",
            "reason": "STATIONARY_JITTER"
          },
          {
            "gps_point_id": "gps-011301",
            "reason": "STATIONARY_JITTER"
          },
          {
            "gps_point_id": "gps-011302",
            "reason": "STATIONARY_JITTER"
          },
          {
            "gps_point_id": "gps-011303",
            "reason": "STATIONARY_JITTER"
          },
          {
            "gps_point_id": "gps-011304",
            "reason": "STATIONARY_JITTER"
          },
          {
            "gps_point_id": "gps-011305",
            "reason": "STATIONARY_JITTER"
          },
          {
            "gps_point_id": "gps-011306",
            "reason": "STATIONARY_JITTER"
          },
          {
            "gps_point_id": "gps-011307",
            "reason": "STATIONARY_JITTER"
          },
          {
            "gps_point_id": "gps-011308",
            "reason": "STATIONARY_JITTER"
          },
          {
            "gps_point_id": "gps-011309",
            "reason": "STATIONARY_JITTER"
          },
          {
            "gps_point_id": "gps-011310",
            "reason": "STATIONARY_JITTER"
          },
          {
            "gps_point_id": "gps-011311",
            "reason": "STATIONARY_JITTER"
          },
          {
            "gps_point_id": "gps-011312",
            "reason": "STATIONARY_JITTER"
          },
          {
            "gps_point_id": "gps-011313",
            "reason": "STATIONARY_JITTER"
          },
          {
            "gps_point_id": "gps-011314",
            "reason": "STATIONARY_JITTER"
          },
          {
            "gps_point_id": "gps-011315",
            "reason": "STATIONARY_JITTER"
          },
          {
            "gps_point_id": "gps-011316",
            "reason": "STATIONARY_JITTER"
          },
          {
            "gps_point_id": "gps-011317",
            "reason": "STATIONARY_JITTER"
          },
          {
            "gps_point_id": "gps-011318",
            "reason": "STATIONARY_JITTER"
          },
          {
            "gps_point_id": "gps-011319",
            "reason": "STATIONARY_JITTER"
          },
          {
            "gps_point_id": "gps-011320",
            "reason": "STATIONARY_JITTER"
          },
          {
            "gps_point_id": "gps-011321",
            "reason": "STATIONARY_JITTER"
          },
          {
            "gps_point_id": "gps-011322",
            "reason": "STATIONARY_JITTER"
          },
          {
            "gps_point_id": "gps-011323",
            "reason": "STATIONARY_JITTER"
          },
          {
            "gps_point_id": "gps-011324",
            "reason": "STATIONARY_JITTER"
          },
          {
            "gps_point_id": "gps-011325",
            "reason": "STATIONARY_JITTER"
          },
          {
            "gps_point_id": "gps-011326",
            "reason": "STATIONARY_JITTER"
          },
          {
            "gps_point_id": "gps-011327",
            "reason": "STATIONARY_JITTER"
          },
          {
            "gps_point_id": "gps-011328",
            "reason": "STATIONARY_JITTER"
          },
          {
            "gps_point_id": "gps-011329",
            "reason": "STATIONARY_JITTER"
          },
          {
            "gps_point_id": "gps-011331",
            "reason": "STATIONARY_JITTER"
          },
          {
            "gps_point_id": "gps-011332",
            "reason": "STATIONARY_JITTER"
          },
          {
            "gps_point_id": "gps-011333",
            "reason": "STATIONARY_JITTER"
          },
          {
            "gps_point_id": "gps-011334",
            "reason": "STATIONARY_JITTER"
          },
          {
            "gps_point_id": "gps-011335",
            "reason": "STATIONARY_JITTER"
          },
          {
            "gps_point_id": "gps-011336",
            "reason": "STATIONARY_JITTER"
          },
          {
            "gps_point_id": "gps-011337",
            "reason": "STATIONARY_JITTER"
          },
          {
            "gps_point_id": "gps-011338",
            "reason": "STATIONARY_JITTER"
          },
          {
            "gps_point_id": "gps-011339",
            "reason": "STATIONARY_JITTER"
          },
          {
            "gps_point_id": "gps-011340",
            "reason": "STATIONARY_JITTER"
          },
          {
            "gps_point_id": "gps-011341",
            "reason": "STATIONARY_JITTER"
          },
          {
            "gps_point_id": "gps-011342",
            "reason": "STATIONARY_JITTER"
          },
          {
            "gps_point_id": "gps-011343",
            "reason": "STATIONARY_JITTER"
          },
          {
            "gps_point_id": "gps-011344",
            "reason": "STATIONARY_JITTER"
          },
          {
            "gps_point_id": "gps-011345",
            "reason": "STATIONARY_JITTER"
          },
          {
            "gps_point_id": "gps-011346",
            "reason": "STATIONARY_JITTER"
          },
          {
            "gps_point_id": "gps-011347",
            "reason": "STATIONARY_JITTER"
          },
          {
            "gps_point_id": "gps-011348",
            "reason": "STATIONARY_JITTER"
          },
          {
            "gps_point_id": "gps-011349",
            "reason": "STATIONARY_JITTER"
          },
          {
            "gps_point_id": "gps-011350",
            "reason": "STATIONARY_JITTER"
          },
          {
            "gps_point_id": "gps-011351",
            "reason": "STATIONARY_JITTER"
          },
          {
            "gps_point_id": "gps-011352",
            "reason": "STATIONARY_JITTER"
          },
          {
            "gps_point_id": "gps-011353",
            "reason": "STATIONARY_JITTER"
          },
          {
            "gps_point_id": "gps-011354",
            "reason": "STATIONARY_JITTER"
          },
          {
            "gps_point_id": "gps-011355",
            "reason": "STATIONARY_JITTER"
          },
          {
            "gps_point_id": "gps-011356",
            "reason": "STATIONARY_JITTER"
          },
          {
            "gps_point_id": "gps-011357",
            "reason": "STATIONARY_JITTER"
          },
          {
            "gps_point_id": "gps-011358",
            "reason": "STATIONARY_JITTER"
          },
          {
            "gps_point_id": "gps-011359",
            "reason": "STATIONARY_JITTER"
          },
          {
            "gps_point_id": "gps-011360",
            "reason": "STATIONARY_JITTER"
          },
          {
            "gps_point_id": "gps-011361",
            "reason": "STATIONARY_JITTER"
          },
          {
            "gps_point_id": "gps-011362",
            "reason": "STATIONARY_JITTER"
          },
          {
            "gps_point_id": "gps-011363",
            "reason": "STATIONARY_JITTER"
          },
          {
            "gps_point_id": "gps-011364",
            "reason": "STATIONARY_JITTER"
          },
          {
            "gps_point_id": "gps-011365",
            "reason": "STATIONARY_JITTER"
          },
          {
            "gps_point_id": "gps-011366",
            "reason": "STATIONARY_JITTER"
          },
          {
            "gps_point_id": "gps-011367",
            "reason": "STATIONARY_JITTER"
          },
          {
            "gps_point_id": "gps-011369",
            "reason": "STATIONARY_JITTER"
          },
          {
            "gps_point_id": "gps-011370",
            "reason": "STATIONARY_JITTER"
          },
          {
            "gps_point_id": "gps-011371",
            "reason": "STATIONARY_JITTER"
          },
          {
            "gps_point_id": "gps-011372",
            "reason": "STATIONARY_JITTER"
          },
          {
            "gps_point_id": "gps-011373",
            "reason": "STATIONARY_JITTER"
          },
          {
            "gps_point_id": "gps-011374",
            "reason": "STATIONARY_JITTER"
          },
          {
            "gps_point_id": "gps-011375",
            "reason": "STATIONARY_JITTER"
          },
          {
            "gps_point_id": "gps-011376",
            "reason": "STATIONARY_JITTER"
          },
          {
            "gps_point_id": "gps-011377",
            "reason": "STATIONARY_JITTER"
          },
          {
            "gps_point_id": "gps-011378",
            "reason": "STATIONARY_JITTER"
          },
          {
            "gps_point_id": "gps-011379",
            "reason": "STATIONARY_JITTER"
          },
          {
            "gps_point_id": "gps-011380",
            "reason": "STATIONARY_JITTER"
          },
          {
            "gps_point_id": "gps-011381",
            "reason": "STATIONARY_JITTER"
          },
          {
            "gps_point_id": "gps-011382",
            "reason": "STATIONARY_JITTER"
          },
          {
            "gps_point_id": "gps-011385",
            "reason": "STATIONARY_JITTER"
          },
          {
            "gps_point_id": "gps-011387",
            "reason": "STATIONARY_JITTER"
          },
          {
            "gps_point_id": "gps-011388",
            "reason": "STATIONARY_JITTER"
          },
          {
            "gps_point_id": "gps-011390",
            "reason": "STATIONARY_JITTER"
          },
          {
            "gps_point_id": "gps-011391",
            "reason": "STATIONARY_JITTER"
          },
          {
            "gps_point_id": "gps-011392",
            "reason": "STATIONARY_JITTER"
          },
          {
            "gps_point_id": "gps-011393",
            "reason": "STATIONARY_JITTER"
          },
          {
            "gps_point_id": "gps-011394",
            "reason": "STATIONARY_JITTER"
          },
          {
            "gps_point_id": "gps-011396",
            "reason": "STATIONARY_JITTER"
          },
          {
            "gps_point_id": "gps-011397",
            "reason": "STATIONARY_JITTER"
          },
          {
            "gps_point_id": "gps-011398",
            "reason": "STATIONARY_JITTER"
          },
          {
            "gps_point_id": "gps-011399",
            "reason": "STATIONARY_JITTER"
          },
          {
            "gps_point_id": "gps-011400",
            "reason": "STATIONARY_JITTER"
          },
          {
            "gps_point_id": "gps-011401",
            "reason": "STATIONARY_JITTER"
          },
          {
            "gps_point_id": "gps-011402",
            "reason": "STATIONARY_JITTER"
          },
          {
            "gps_point_id": "gps-011403",
            "reason": "STATIONARY_JITTER"
          },
          {
            "gps_point_id": "gps-011405",
            "reason": "STATIONARY_JITTER"
          },
          {
            "gps_point_id": "gps-011406",
            "reason": "STATIONARY_JITTER"
          },
          {
            "gps_point_id": "gps-011407",
            "reason": "STATIONARY_JITTER"
          },
          {
            "gps_point_id": "gps-011408",
            "reason": "STATIONARY_JITTER"
          },
          {
            "gps_point_id": "gps-011409",
            "reason": "STATIONARY_JITTER"
          },
          {
            "gps_point_id": "gps-011410",
            "reason": "STATIONARY_JITTER"
          },
          {
            "gps_point_id": "gps-011411",
            "reason": "STATIONARY_JITTER"
          },
          {
            "gps_point_id": "gps-011412",
            "reason": "STATIONARY_JITTER"
          },
          {
            "gps_point_id": "gps-011413",
            "reason": "STATIONARY_JITTER"
          },
          {
            "gps_point_id": "gps-011414",
            "reason": "STATIONARY_JITTER"
          },
          {
            "gps_point_id": "gps-011415",
            "reason": "STATIONARY_JITTER"
          },
          {
            "gps_point_id": "gps-011416",
            "reason": "STATIONARY_JITTER"
          },
          {
            "gps_point_id": "gps-011417",
            "reason": "STATIONARY_JITTER"
          },
          {
            "gps_point_id": "gps-011418",
            "reason": "STATIONARY_JITTER"
          },
          {
            "gps_point_id": "gps-011420",
            "reason": "STATIONARY_JITTER"
          },
          {
            "gps_point_id": "gps-011421",
            "reason": "STATIONARY_JITTER"
          },
          {
            "gps_point_id": "gps-011422",
            "reason": "STATIONARY_JITTER"
          },
          {
            "gps_point_id": "gps-011423",
            "reason": "STATIONARY_JITTER"
          },
          {
            "gps_point_id": "gps-011424",
            "reason": "STATIONARY_JITTER"
          },
          {
            "gps_point_id": "gps-011425",
            "reason": "STATIONARY_JITTER"
          },
          {
            "gps_point_id": "gps-011426",
            "reason": "STATIONARY_JITTER"
          },
          {
            "gps_point_id": "gps-011427",
            "reason": "STATIONARY_JITTER"
          },
          {
            "gps_point_id": "gps-011428",
            "reason": "STATIONARY_JITTER"
          },
          {
            "gps_point_id": "gps-011429",
            "reason": "STATIONARY_JITTER"
          },
          {
            "gps_point_id": "gps-011431",
            "reason": "STATIONARY_JITTER"
          },
          {
            "gps_point_id": "gps-011432",
            "reason": "STATIONARY_JITTER"
          },
          {
            "gps_point_id": "gps-011433",
            "reason": "STATIONARY_JITTER"
          },
          {
            "gps_point_id": "gps-011434",
            "reason": "STATIONARY_JITTER"
          },
          {
            "gps_point_id": "gps-011435",
            "reason": "STATIONARY_JITTER"
          },
          {
            "gps_point_id": "gps-011436",
            "reason": "STATIONARY_JITTER"
          },
          {
            "gps_point_id": "gps-011437",
            "reason": "STATIONARY_JITTER"
          },
          {
            "gps_point_id": "gps-011438",
            "reason": "STATIONARY_JITTER"
          },
          {
            "gps_point_id": "gps-011439",
            "reason": "STATIONARY_JITTER"
          },
          {
            "gps_point_id": "gps-011440",
            "reason": "STATIONARY_JITTER"
          },
          {
            "gps_point_id": "gps-011441",
            "reason": "STATIONARY_JITTER"
          },
          {
            "gps_point_id": "gps-011442",
            "reason": "STATIONARY_JITTER"
          },
          {
            "gps_point_id": "gps-011443",
            "reason": "STATIONARY_JITTER"
          },
          {
            "gps_point_id": "gps-011444",
            "reason": "STATIONARY_JITTER"
          },
          {
            "gps_point_id": "gps-011445",
            "reason": "STATIONARY_JITTER"
          },
          {
            "gps_point_id": "gps-011446",
            "reason": "STATIONARY_JITTER"
          },
          {
            "gps_point_id": "gps-011448",
            "reason": "STATIONARY_JITTER"
          },
          {
            "gps_point_id": "gps-011449",
            "reason": "STATIONARY_JITTER"
          },
          {
            "gps_point_id": "gps-011450",
            "reason": "STATIONARY_JITTER"
          },
          {
            "gps_point_id": "gps-011451",
            "reason": "STATIONARY_JITTER"
          },
          {
            "gps_point_id": "gps-011452",
            "reason": "STATIONARY_JITTER"
          },
          {
            "gps_point_id": "gps-011453",
            "reason": "STATIONARY_JITTER"
          },
          {
            "gps_point_id": "gps-011454",
            "reason": "STATIONARY_JITTER"
          },
          {
            "gps_point_id": "gps-011455",
            "reason": "STATIONARY_JITTER"
          },
          {
            "gps_point_id": "gps-011456",
            "reason": "STATIONARY_JITTER"
          },
          {
            "gps_point_id": "gps-011457",
            "reason": "STATIONARY_JITTER"
          },
          {
            "gps_point_id": "gps-011458",
            "reason": "STATIONARY_JITTER"
          },
          {
            "gps_point_id": "gps-011459",
            "reason": "STATIONARY_JITTER"
          },
          {
            "gps_point_id": "gps-011460",
            "reason": "STATIONARY_JITTER"
          },
          {
            "gps_point_id": "gps-011461",
            "reason": "STATIONARY_JITTER"
          },
          {
            "gps_point_id": "gps-011462",
            "reason": "STATIONARY_JITTER"
          },
          {
            "gps_point_id": "gps-011463",
            "reason": "STATIONARY_JITTER"
          },
          {
            "gps_point_id": "gps-011464",
            "reason": "STATIONARY_JITTER"
          },
          {
            "gps_point_id": "gps-011465",
            "reason": "STATIONARY_JITTER"
          },
          {
            "gps_point_id": "gps-011466",
            "reason": "STATIONARY_JITTER"
          },
          {
            "gps_point_id": "gps-011467",
            "reason": "STATIONARY_JITTER"
          },
          {
            "gps_point_id": "gps-011469",
            "reason": "STATIONARY_JITTER"
          },
          {
            "gps_point_id": "gps-011470",
            "reason": "STATIONARY_JITTER"
          },
          {
            "gps_point_id": "gps-011471",
            "reason": "STATIONARY_JITTER"
          },
          {
            "gps_point_id": "gps-011472",
            "reason": "STATIONARY_JITTER"
          },
          {
            "gps_point_id": "gps-011473",
            "reason": "STATIONARY_JITTER"
          },
          {
            "gps_point_id": "gps-011474",
            "reason": "STATIONARY_JITTER"
          },
          {
            "gps_point_id": "gps-011475",
            "reason": "STATIONARY_JITTER"
          },
          {
            "gps_point_id": "gps-011476",
            "reason": "STATIONARY_JITTER"
          },
          {
            "gps_point_id": "gps-011477",
            "reason": "STATIONARY_JITTER"
          },
          {
            "gps_point_id": "gps-011478",
            "reason": "STATIONARY_JITTER"
          },
          {
            "gps_point_id": "gps-011481",
            "reason": "STATIONARY_JITTER"
          },
          {
            "gps_point_id": "gps-011482",
            "reason": "STATIONARY_JITTER"
          },
          {
            "gps_point_id": "gps-011483",
            "reason": "STATIONARY_JITTER"
          },
          {
            "gps_point_id": "gps-011484",
            "reason": "STATIONARY_JITTER"
          },
          {
            "gps_point_id": "gps-011485",
            "reason": "STATIONARY_JITTER"
          },
          {
            "gps_point_id": "gps-011486",
            "reason": "STATIONARY_JITTER"
          },
          {
            "gps_point_id": "gps-011487",
            "reason": "STATIONARY_JITTER"
          },
          {
            "gps_point_id": "gps-011488",
            "reason": "STATIONARY_JITTER"
          },
          {
            "gps_point_id": "gps-011489",
            "reason": "STATIONARY_JITTER"
          },
          {
            "gps_point_id": "gps-011490",
            "reason": "STATIONARY_JITTER"
          },
          {
            "gps_point_id": "gps-011491",
            "reason": "STATIONARY_JITTER"
          },
          {
            "gps_point_id": "gps-011492",
            "reason": "STATIONARY_JITTER"
          },
          {
            "gps_point_id": "gps-011493",
            "reason": "STATIONARY_JITTER"
          },
          {
            "gps_point_id": "gps-011494",
            "reason": "STATIONARY_JITTER"
          },
          {
            "gps_point_id": "gps-011495",
            "reason": "STATIONARY_JITTER"
          },
          {
            "gps_point_id": "gps-011496",
            "reason": "STATIONARY_JITTER"
          },
          {
            "gps_point_id": "gps-011497",
            "reason": "STATIONARY_JITTER"
          },
          {
            "gps_point_id": "gps-011498",
            "reason": "STATIONARY_JITTER"
          },
          {
            "gps_point_id": "gps-011499",
            "reason": "STATIONARY_JITTER"
          },
          {
            "gps_point_id": "gps-011500",
            "reason": "STATIONARY_JITTER"
          },
          {
            "gps_point_id": "gps-011501",
            "reason": "STATIONARY_JITTER"
          },
          {
            "gps_point_id": "gps-011502",
            "reason": "STATIONARY_JITTER"
          },
          {
            "gps_point_id": "gps-011503",
            "reason": "STATIONARY_JITTER"
          },
          {
            "gps_point_id": "gps-011504",
            "reason": "STATIONARY_JITTER"
          },
          {
            "gps_point_id": "gps-011505",
            "reason": "STATIONARY_JITTER"
          },
          {
            "gps_point_id": "gps-011506",
            "reason": "STATIONARY_JITTER"
          },
          {
            "gps_point_id": "gps-011507",
            "reason": "STATIONARY_JITTER"
          },
          {
            "gps_point_id": "gps-011508",
            "reason": "STATIONARY_JITTER"
          },
          {
            "gps_point_id": "gps-011509",
            "reason": "STATIONARY_JITTER"
          },
          {
            "gps_point_id": "gps-011510",
            "reason": "STATIONARY_JITTER"
          },
          {
            "gps_point_id": "gps-011511",
            "reason": "STATIONARY_JITTER"
          },
          {
            "gps_point_id": "gps-011512",
            "reason": "STATIONARY_JITTER"
          },
          {
            "gps_point_id": "gps-011513",
            "reason": "STATIONARY_JITTER"
          },
          {
            "gps_point_id": "gps-011514",
            "reason": "STATIONARY_JITTER"
          },
          {
            "gps_point_id": "gps-011515",
            "reason": "STATIONARY_JITTER"
          },
          {
            "gps_point_id": "gps-011516",
            "reason": "STATIONARY_JITTER"
          },
          {
            "gps_point_id": "gps-011517",
            "reason": "STATIONARY_JITTER"
          },
          {
            "gps_point_id": "gps-011518",
            "reason": "STATIONARY_JITTER"
          },
          {
            "gps_point_id": "gps-011519",
            "reason": "STATIONARY_JITTER"
          },
          {
            "gps_point_id": "gps-011520",
            "reason": "STATIONARY_JITTER"
          },
          {
            "gps_point_id": "gps-011521",
            "reason": "STATIONARY_JITTER"
          },
          {
            "gps_point_id": "gps-011522",
            "reason": "STATIONARY_JITTER"
          },
          {
            "gps_point_id": "gps-011523",
            "reason": "STATIONARY_JITTER"
          },
          {
            "gps_point_id": "gps-011524",
            "reason": "STATIONARY_JITTER"
          },
          {
            "gps_point_id": "gps-011525",
            "reason": "STATIONARY_JITTER"
          },
          {
            "gps_point_id": "gps-011526",
            "reason": "STATIONARY_JITTER"
          },
          {
            "gps_point_id": "gps-011527",
            "reason": "STATIONARY_JITTER"
          },
          {
            "gps_point_id": "gps-011529",
            "reason": "STATIONARY_JITTER"
          },
          {
            "gps_point_id": "gps-011530",
            "reason": "STATIONARY_JITTER"
          },
          {
            "gps_point_id": "gps-011531",
            "reason": "STATIONARY_JITTER"
          },
          {
            "gps_point_id": "gps-011532",
            "reason": "STATIONARY_JITTER"
          },
          {
            "gps_point_id": "gps-011533",
            "reason": "STATIONARY_JITTER"
          },
          {
            "gps_point_id": "gps-011534",
            "reason": "STATIONARY_JITTER"
          },
          {
            "gps_point_id": "gps-011535",
            "reason": "STATIONARY_JITTER"
          },
          {
            "gps_point_id": "gps-011536",
            "reason": "STATIONARY_JITTER"
          },
          {
            "gps_point_id": "gps-011537",
            "reason": "STATIONARY_JITTER"
          },
          {
            "gps_point_id": "gps-011538",
            "reason": "STATIONARY_JITTER"
          },
          {
            "gps_point_id": "gps-011539",
            "reason": "STATIONARY_JITTER"
          },
          {
            "gps_point_id": "gps-011540",
            "reason": "STATIONARY_JITTER"
          },
          {
            "gps_point_id": "gps-011541",
            "reason": "STATIONARY_JITTER"
          },
          {
            "gps_point_id": "gps-011542",
            "reason": "STATIONARY_JITTER"
          },
          {
            "gps_point_id": "gps-011543",
            "reason": "STATIONARY_JITTER"
          },
          {
            "gps_point_id": "gps-011544",
            "reason": "STATIONARY_JITTER"
          },
          {
            "gps_point_id": "gps-011545",
            "reason": "STATIONARY_JITTER"
          },
          {
            "gps_point_id": "gps-011546",
            "reason": "STATIONARY_JITTER"
          },
          {
            "gps_point_id": "gps-011547",
            "reason": "STATIONARY_JITTER"
          },
          {
            "gps_point_id": "gps-011548",
            "reason": "STATIONARY_JITTER"
          },
          {
            "gps_point_id": "gps-011549",
            "reason": "STATIONARY_JITTER"
          },
          {
            "gps_point_id": "gps-011550",
            "reason": "STATIONARY_JITTER"
          },
          {
            "gps_point_id": "gps-011551",
            "reason": "STATIONARY_JITTER"
          },
          {
            "gps_point_id": "gps-011552",
            "reason": "STATIONARY_JITTER"
          },
          {
            "gps_point_id": "gps-011553",
            "reason": "STATIONARY_JITTER"
          },
          {
            "gps_point_id": "gps-011554",
            "reason": "STATIONARY_JITTER"
          },
          {
            "gps_point_id": "gps-011555",
            "reason": "STATIONARY_JITTER"
          },
          {
            "gps_point_id": "gps-011556",
            "reason": "STATIONARY_JITTER"
          },
          {
            "gps_point_id": "gps-011557",
            "reason": "STATIONARY_JITTER"
          },
          {
            "gps_point_id": "gps-011558",
            "reason": "STATIONARY_JITTER"
          },
          {
            "gps_point_id": "gps-011559",
            "reason": "STATIONARY_JITTER"
          },
          {
            "gps_point_id": "gps-011560",
            "reason": "STATIONARY_JITTER"
          },
          {
            "gps_point_id": "gps-011561",
            "reason": "STATIONARY_JITTER"
          },
          {
            "gps_point_id": "gps-011562",
            "reason": "STATIONARY_JITTER"
          },
          {
            "gps_point_id": "gps-011563",
            "reason": "STATIONARY_JITTER"
          },
          {
            "gps_point_id": "gps-011564",
            "reason": "STATIONARY_JITTER"
          },
          {
            "gps_point_id": "gps-011565",
            "reason": "STATIONARY_JITTER"
          },
          {
            "gps_point_id": "gps-011566",
            "reason": "STATIONARY_JITTER"
          },
          {
            "gps_point_id": "gps-011567",
            "reason": "STATIONARY_JITTER"
          },
          {
            "gps_point_id": "gps-011568",
            "reason": "STATIONARY_JITTER"
          },
          {
            "gps_point_id": "gps-011569",
            "reason": "STATIONARY_JITTER"
          },
          {
            "gps_point_id": "gps-011570",
            "reason": "STATIONARY_JITTER"
          },
          {
            "gps_point_id": "gps-011571",
            "reason": "STATIONARY_JITTER"
          },
          {
            "gps_point_id": "gps-011572",
            "reason": "STATIONARY_JITTER"
          },
          {
            "gps_point_id": "gps-011573",
            "reason": "STATIONARY_JITTER"
          },
          {
            "gps_point_id": "gps-011574",
            "reason": "STATIONARY_JITTER"
          },
          {
            "gps_point_id": "gps-011575",
            "reason": "STATIONARY_JITTER"
          },
          {
            "gps_point_id": "gps-011576",
            "reason": "STATIONARY_JITTER"
          },
          {
            "gps_point_id": "gps-011577",
            "reason": "STATIONARY_JITTER"
          },
          {
            "gps_point_id": "gps-011578",
            "reason": "STATIONARY_JITTER"
          },
          {
            "gps_point_id": "gps-011579",
            "reason": "STATIONARY_JITTER"
          },
          {
            "gps_point_id": "gps-011580",
            "reason": "STATIONARY_JITTER"
          },
          {
            "gps_point_id": "gps-011581",
            "reason": "STATIONARY_JITTER"
          },
          {
            "gps_point_id": "gps-011582",
            "reason": "STATIONARY_JITTER"
          },
          {
            "gps_point_id": "gps-011583",
            "reason": "STATIONARY_JITTER"
          },
          {
            "gps_point_id": "gps-011584",
            "reason": "STATIONARY_JITTER"
          },
          {
            "gps_point_id": "gps-011585",
            "reason": "STATIONARY_JITTER"
          },
          {
            "gps_point_id": "gps-011586",
            "reason": "STATIONARY_JITTER"
          },
          {
            "gps_point_id": "gps-011587",
            "reason": "STATIONARY_JITTER"
          },
          {
            "gps_point_id": "gps-011588",
            "reason": "STATIONARY_JITTER"
          },
          {
            "gps_point_id": "gps-011589",
            "reason": "STATIONARY_JITTER"
          },
          {
            "gps_point_id": "gps-011590",
            "reason": "STATIONARY_JITTER"
          },
          {
            "gps_point_id": "gps-011591",
            "reason": "STATIONARY_JITTER"
          },
          {
            "gps_point_id": "gps-011592",
            "reason": "STATIONARY_JITTER"
          },
          {
            "gps_point_id": "gps-011593",
            "reason": "STATIONARY_JITTER"
          },
          {
            "gps_point_id": "gps-011594",
            "reason": "STATIONARY_JITTER"
          },
          {
            "gps_point_id": "gps-011595",
            "reason": "STATIONARY_JITTER"
          },
          {
            "gps_point_id": "gps-011596",
            "reason": "STATIONARY_JITTER"
          },
          {
            "gps_point_id": "gps-011597",
            "reason": "STATIONARY_JITTER"
          },
          {
            "gps_point_id": "gps-011598",
            "reason": "STATIONARY_JITTER"
          },
          {
            "gps_point_id": "gps-011599",
            "reason": "STATIONARY_JITTER"
          },
          {
            "gps_point_id": "gps-011600",
            "reason": "STATIONARY_JITTER"
          },
          {
            "gps_point_id": "gps-011601",
            "reason": "STATIONARY_JITTER"
          },
          {
            "gps_point_id": "gps-011602",
            "reason": "STATIONARY_JITTER"
          },
          {
            "gps_point_id": "gps-011603",
            "reason": "STATIONARY_JITTER"
          },
          {
            "gps_point_id": "gps-011604",
            "reason": "STATIONARY_JITTER"
          },
          {
            "gps_point_id": "gps-011605",
            "reason": "STATIONARY_JITTER"
          },
          {
            "gps_point_id": "gps-011606",
            "reason": "STATIONARY_JITTER"
          },
          {
            "gps_point_id": "gps-011607",
            "reason": "STATIONARY_JITTER"
          },
          {
            "gps_point_id": "gps-011608",
            "reason": "STATIONARY_JITTER"
          },
          {
            "gps_point_id": "gps-011609",
            "reason": "STATIONARY_JITTER"
          },
          {
            "gps_point_id": "gps-011610",
            "reason": "STATIONARY_JITTER"
          },
          {
            "gps_point_id": "gps-011611",
            "reason": "STATIONARY_JITTER"
          },
          {
            "gps_point_id": "gps-011612",
            "reason": "STATIONARY_JITTER"
          },
          {
            "gps_point_id": "gps-011613",
            "reason": "STATIONARY_JITTER"
          },
          {
            "gps_point_id": "gps-011614",
            "reason": "STATIONARY_JITTER"
          },
          {
            "gps_point_id": "gps-011615",
            "reason": "STATIONARY_JITTER"
          },
          {
            "gps_point_id": "gps-011616",
            "reason": "STATIONARY_JITTER"
          },
          {
            "gps_point_id": "gps-011617",
            "reason": "STATIONARY_JITTER"
          },
          {
            "gps_point_id": "gps-011618",
            "reason": "STATIONARY_JITTER"
          },
          {
            "gps_point_id": "gps-011619",
            "reason": "STATIONARY_JITTER"
          },
          {
            "gps_point_id": "gps-011620",
            "reason": "STATIONARY_JITTER"
          },
          {
            "gps_point_id": "gps-011621",
            "reason": "STATIONARY_JITTER"
          },
          {
            "gps_point_id": "gps-011622",
            "reason": "STATIONARY_JITTER"
          },
          {
            "gps_point_id": "gps-011623",
            "reason": "STATIONARY_JITTER"
          },
          {
            "gps_point_id": "gps-011624",
            "reason": "STATIONARY_JITTER"
          },
          {
            "gps_point_id": "gps-011625",
            "reason": "STATIONARY_JITTER"
          },
          {
            "gps_point_id": "gps-011626",
            "reason": "STATIONARY_JITTER"
          },
          {
            "gps_point_id": "gps-011627",
            "reason": "STATIONARY_JITTER"
          },
          {
            "gps_point_id": "gps-011628",
            "reason": "STATIONARY_JITTER"
          },
          {
            "gps_point_id": "gps-011629",
            "reason": "STATIONARY_JITTER"
          },
          {
            "gps_point_id": "gps-011630",
            "reason": "STATIONARY_JITTER"
          },
          {
            "gps_point_id": "gps-011631",
            "reason": "STATIONARY_JITTER"
          },
          {
            "gps_point_id": "gps-011632",
            "reason": "STATIONARY_JITTER"
          },
          {
            "gps_point_id": "gps-011633",
            "reason": "STATIONARY_JITTER"
          },
          {
            "gps_point_id": "gps-011634",
            "reason": "STATIONARY_JITTER"
          },
          {
            "gps_point_id": "gps-011635",
            "reason": "STATIONARY_JITTER"
          },
          {
            "gps_point_id": "gps-011636",
            "reason": "STATIONARY_JITTER"
          },
          {
            "gps_point_id": "gps-011637",
            "reason": "STATIONARY_JITTER"
          },
          {
            "gps_point_id": "gps-011638",
            "reason": "STATIONARY_JITTER"
          },
          {
            "gps_point_id": "gps-011639",
            "reason": "STATIONARY_JITTER"
          },
          {
            "gps_point_id": "gps-011640",
            "reason": "STATIONARY_JITTER"
          },
          {
            "gps_point_id": "gps-011641",
            "reason": "STATIONARY_JITTER"
          },
          {
            "gps_point_id": "gps-011642",
            "reason": "STATIONARY_JITTER"
          },
          {
            "gps_point_id": "gps-011643",
            "reason": "STATIONARY_JITTER"
          },
          {
            "gps_point_id": "gps-011644",
            "reason": "STATIONARY_JITTER"
          },
          {
            "gps_point_id": "gps-011645",
            "reason": "STATIONARY_JITTER"
          },
          {
            "gps_point_id": "gps-011646",
            "reason": "STATIONARY_JITTER"
          },
          {
            "gps_point_id": "gps-011647",
            "reason": "STATIONARY_JITTER"
          },
          {
            "gps_point_id": "gps-011648",
            "reason": "STATIONARY_JITTER"
          },
          {
            "gps_point_id": "gps-011649",
            "reason": "STATIONARY_JITTER"
          },
          {
            "gps_point_id": "gps-011650",
            "reason": "STATIONARY_JITTER"
          },
          {
            "gps_point_id": "gps-011651",
            "reason": "STATIONARY_JITTER"
          },
          {
            "gps_point_id": "gps-011652",
            "reason": "STATIONARY_JITTER"
          },
          {
            "gps_point_id": "gps-011653",
            "reason": "STATIONARY_JITTER"
          },
          {
            "gps_point_id": "gps-011654",
            "reason": "STATIONARY_JITTER"
          },
          {
            "gps_point_id": "gps-011655",
            "reason": "STATIONARY_JITTER"
          },
          {
            "gps_point_id": "gps-011656",
            "reason": "STATIONARY_JITTER"
          },
          {
            "gps_point_id": "gps-011657",
            "reason": "STATIONARY_JITTER"
          },
          {
            "gps_point_id": "gps-011658",
            "reason": "STATIONARY_JITTER"
          },
          {
            "gps_point_id": "gps-011659",
            "reason": "STATIONARY_JITTER"
          },
          {
            "gps_point_id": "gps-011660",
            "reason": "STATIONARY_JITTER"
          },
          {
            "gps_point_id": "gps-011661",
            "reason": "STATIONARY_JITTER"
          },
          {
            "gps_point_id": "gps-011662",
            "reason": "STATIONARY_JITTER"
          },
          {
            "gps_point_id": "gps-011663",
            "reason": "STATIONARY_JITTER"
          },
          {
            "gps_point_id": "gps-011664",
            "reason": "STATIONARY_JITTER"
          },
          {
            "gps_point_id": "gps-011665",
            "reason": "STATIONARY_JITTER"
          },
          {
            "gps_point_id": "gps-011666",
            "reason": "STATIONARY_JITTER"
          },
          {
            "gps_point_id": "gps-011667",
            "reason": "STATIONARY_JITTER"
          },
          {
            "gps_point_id": "gps-011668",
            "reason": "STATIONARY_JITTER"
          },
          {
            "gps_point_id": "gps-011669",
            "reason": "STATIONARY_JITTER"
          },
          {
            "gps_point_id": "gps-011670",
            "reason": "STATIONARY_JITTER"
          },
          {
            "gps_point_id": "gps-011671",
            "reason": "STATIONARY_JITTER"
          },
          {
            "gps_point_id": "gps-011672",
            "reason": "STATIONARY_JITTER"
          },
          {
            "gps_point_id": "gps-011673",
            "reason": "STATIONARY_JITTER"
          },
          {
            "gps_point_id": "gps-011674",
            "reason": "STATIONARY_JITTER"
          },
          {
            "gps_point_id": "gps-011675",
            "reason": "STATIONARY_JITTER"
          },
          {
            "gps_point_id": "gps-011676",
            "reason": "STATIONARY_JITTER"
          },
          {
            "gps_point_id": "gps-011677",
            "reason": "STATIONARY_JITTER"
          },
          {
            "gps_point_id": "gps-011678",
            "reason": "STATIONARY_JITTER"
          },
          {
            "gps_point_id": "gps-011679",
            "reason": "STATIONARY_JITTER"
          },
          {
            "gps_point_id": "gps-011680",
            "reason": "STATIONARY_JITTER"
          },
          {
            "gps_point_id": "gps-011681",
            "reason": "STATIONARY_JITTER"
          },
          {
            "gps_point_id": "gps-011682",
            "reason": "STATIONARY_JITTER"
          },
          {
            "gps_point_id": "gps-011683",
            "reason": "STATIONARY_JITTER"
          },
          {
            "gps_point_id": "gps-011684",
            "reason": "STATIONARY_JITTER"
          },
          {
            "gps_point_id": "gps-011685",
            "reason": "STATIONARY_JITTER"
          },
          {
            "gps_point_id": "gps-011686",
            "reason": "STATIONARY_JITTER"
          },
          {
            "gps_point_id": "gps-011687",
            "reason": "STATIONARY_JITTER"
          },
          {
            "gps_point_id": "gps-011688",
            "reason": "STATIONARY_JITTER"
          },
          {
            "gps_point_id": "gps-011689",
            "reason": "STATIONARY_JITTER"
          },
          {
            "gps_point_id": "gps-011690",
            "reason": "STATIONARY_JITTER"
          },
          {
            "gps_point_id": "gps-011691",
            "reason": "STATIONARY_JITTER"
          },
          {
            "gps_point_id": "gps-011692",
            "reason": "STATIONARY_JITTER"
          },
          {
            "gps_point_id": "gps-011693",
            "reason": "STATIONARY_JITTER"
          },
          {
            "gps_point_id": "gps-011694",
            "reason": "STATIONARY_JITTER"
          },
          {
            "gps_point_id": "gps-011695",
            "reason": "STATIONARY_JITTER"
          },
          {
            "gps_point_id": "gps-011696",
            "reason": "STATIONARY_JITTER"
          },
          {
            "gps_point_id": "gps-011697",
            "reason": "STATIONARY_JITTER"
          },
          {
            "gps_point_id": "gps-011698",
            "reason": "STATIONARY_JITTER"
          },
          {
            "gps_point_id": "gps-011699",
            "reason": "STATIONARY_JITTER"
          },
          {
            "gps_point_id": "gps-011700",
            "reason": "STATIONARY_JITTER"
          },
          {
            "gps_point_id": "gps-011701",
            "reason": "STATIONARY_JITTER"
          },
          {
            "gps_point_id": "gps-011702",
            "reason": "STATIONARY_JITTER"
          },
          {
            "gps_point_id": "gps-011703",
            "reason": "STATIONARY_JITTER"
          },
          {
            "gps_point_id": "gps-011704",
            "reason": "STATIONARY_JITTER"
          },
          {
            "gps_point_id": "gps-011705",
            "reason": "STATIONARY_JITTER"
          },
          {
            "gps_point_id": "gps-011706",
            "reason": "STATIONARY_JITTER"
          },
          {
            "gps_point_id": "gps-011707",
            "reason": "STATIONARY_JITTER"
          },
          {
            "gps_point_id": "gps-011709",
            "reason": "STATIONARY_JITTER"
          },
          {
            "gps_point_id": "gps-011167",
            "reason": "DISPLAY_SIMPLIFICATION"
          },
          {
            "gps_point_id": "gps-011196",
            "reason": "DISPLAY_SIMPLIFICATION"
          },
          {
            "gps_point_id": "gps-011250",
            "reason": "DISPLAY_SIMPLIFICATION"
          },
          {
            "gps_point_id": "gps-011330",
            "reason": "DISPLAY_SIMPLIFICATION"
          },
          {
            "gps_point_id": "gps-011368",
            "reason": "DISPLAY_SIMPLIFICATION"
          },
          {
            "gps_point_id": "gps-011384",
            "reason": "DISPLAY_SIMPLIFICATION"
          },
          {
            "gps_point_id": "gps-011389",
            "reason": "DISPLAY_SIMPLIFICATION"
          },
          {
            "gps_point_id": "gps-011395",
            "reason": "DISPLAY_SIMPLIFICATION"
          },
          {
            "gps_point_id": "gps-011419",
            "reason": "DISPLAY_SIMPLIFICATION"
          },
          {
            "gps_point_id": "gps-011447",
            "reason": "DISPLAY_SIMPLIFICATION"
          },
          {
            "gps_point_id": "gps-011468",
            "reason": "DISPLAY_SIMPLIFICATION"
          },
          {
            "gps_point_id": "gps-011479",
            "reason": "DISPLAY_SIMPLIFICATION"
          },
          {
            "gps_point_id": "gps-011708",
            "reason": "DISPLAY_SIMPLIFICATION"
          }
        ],
        "derivation_rules": {
          "max_accuracy_m": 40,
          "stationary_spacing_m": 1.5,
          "one_point_spike_leg_m": 8,
          "rdp_tolerance_m": 2.5
        },
        "raw_gps_preserved": true,
        "source_evidence_modified": false,
        "no_artificial_relocation_connector": true,
        "presentation_only": true,
        "limitation": "CLEANED CUSTOMER DISPLAY WALK - RAW PHONE GPS REMAINS CONTROLLING EVIDENCE AND IS NOT SURVEY-GRADE"
      }
    },
    {
      "type": "Feature",
      "id": "DISPLAY-WALK-011",
      "geometry": {
        "type": "LineString",
        "coordinates": [
          [
            -87.09187061533991,
            30.48890146429696
          ],
          [
            -87.09184957676295,
            30.488889226718328
          ]
        ]
      },
      "properties": {
        "record_type": "derived_customer_display_walk",
        "inspection_date": "2026-08-07",
        "source_route_segment_index": 10,
        "source_start_time": "2026-08-07T16:33:33.118Z",
        "source_end_time": "2026-08-07T16:33:33.713Z",
        "source_point_count": 2,
        "display_point_count": 2,
        "retained_source_point_ids": [
          "gps-011712",
          "gps-011713"
        ],
        "suppressed_source_points": [],
        "derivation_rules": {
          "max_accuracy_m": 40,
          "stationary_spacing_m": 1.5,
          "one_point_spike_leg_m": 8,
          "rdp_tolerance_m": 2.5
        },
        "raw_gps_preserved": true,
        "source_evidence_modified": false,
        "no_artificial_relocation_connector": true,
        "presentation_only": true,
        "limitation": "CLEANED CUSTOMER DISPLAY WALK - RAW PHONE GPS REMAINS CONTROLLING EVIDENCE AND IS NOT SURVEY-GRADE"
      }
    }
  ]
}