{
  "type": "FeatureCollection",
  "features": [
    {
      "type": "Feature",
      "geometry": {
        "type": "LineString",
        "coordinates": [
          [
            -87.0906367,
            30.4913623
          ],
          [
            -87.0906365,
            30.4913304
          ],
          [
            -87.0906364,
            30.4913203
          ],
          [
            -87.0906368,
            30.4913151
          ],
          [
            -87.0906383,
            30.4913097
          ],
          [
            -87.0906397,
            30.4913049
          ],
          [
            -87.0906407,
            30.4913017
          ],
          [
            -87.0906395,
            30.4912983
          ],
          [
            -87.0906388,
            30.4912954
          ],
          [
            -87.0906447,
            30.4912699
          ],
          [
            -87.0906399,
            30.4912901
          ],
          [
            -87.0906418,
            30.4912888
          ],
          [
            -87.0906418,
            30.4912888
          ],
          [
            -87.0906418,
            30.4912888
          ],
          [
            -87.0906418,
            30.4912888
          ],
          [
            -87.0906418,
            30.4912888
          ],
          [
            -87.0906418,
            30.4912888
          ],
          [
            -87.0906418,
            30.4912888
          ],
          [
            -87.0906418,
            30.4912888
          ],
          [
            -87.0906418,
            30.4912888
          ],
          [
            -87.0906418,
            30.4912888
          ],
          [
            -87.0906418,
            30.4912888
          ],
          [
            -87.0906418,
            30.4912888
          ],
          [
            -87.0906418,
            30.4912888
          ],
          [
            -87.0906418,
            30.4912888
          ],
          [
            -87.0906418,
            30.4912888
          ],
          [
            -87.0906418,
            30.4912888
          ],
          [
            -87.0906418,
            30.4912888
          ],
          [
            -87.0906418,
            30.4912888
          ],
          [
            -87.0906418,
            30.4912888
          ],
          [
            -87.0906418,
            30.4912888
          ],
          [
            -87.0906418,
            30.4912888
          ],
          [
            -87.0906418,
            30.4912888
          ],
          [
            -87.0906418,
            30.4912888
          ],
          [
            -87.0906418,
            30.4912888
          ],
          [
            -87.0906418,
            30.4912888
          ],
          [
            -87.0906418,
            30.4912888
          ],
          [
            -87.0906418,
            30.4912888
          ],
          [
            -87.0906418,
            30.4912888
          ],
          [
            -87.0906418,
            30.4912888
          ],
          [
            -87.0906418,
            30.4912888
          ],
          [
            -87.090628,
            30.4912875
          ],
          [
            -87.09063,
            30.4912907
          ],
          [
            -87.09063,
            30.4912907
          ],
          [
            -87.0906331,
            30.4913003
          ],
          [
            -87.0906349,
            30.4913021
          ],
          [
            -87.0906316,
            30.4913019
          ],
          [
            -87.0906279,
            30.4913012
          ],
          [
            -87.0906355,
            30.4913007
          ],
          [
            -87.0906341,
            30.4912944
          ],
          [
            -87.0906409,
            30.4912984
          ],
          [
            -87.0906485,
            30.491291
          ],
          [
            -87.0906557,
            30.4912914
          ],
          [
            -87.0906556,
            30.4912911
          ],
          [
            -87.0906612,
            30.4912993
          ],
          [
            -87.0906612,
            30.4912993
          ],
          [
            -87.0906612,
            30.4912993
          ],
          [
            -87.0906612,
            30.4912993
          ],
          [
            -87.0906612,
            30.4912993
          ],
          [
            -87.0906612,
            30.4912993
          ],
          [
            -87.0906612,
            30.4912993
          ],
          [
            -87.0906612,
            30.4912993
          ],
          [
            -87.0906612,
            30.4912993
          ],
          [
            -87.0906612,
            30.4912993
          ],
          [
            -87.0906735,
            30.4913161
          ],
          [
            -87.0906678,
            30.4913083
          ],
          [
            -87.090666,
            30.4913069
          ],
          [
            -87.090667,
            30.4913081
          ],
          [
            -87.0906673,
            30.4913085
          ],
          [
            -87.0906678,
            30.4913091
          ],
          [
            -87.0906682,
            30.4913095
          ],
          [
            -87.0906777,
            30.4913102
          ],
          [
            -87.0906838,
            30.4912978
          ],
          [
            -87.0906907,
            30.4912913
          ],
          [
            -87.0906882,
            30.4912834
          ],
          [
            -87.0906901,
            30.4912727
          ],
          [
            -87.090693,
            30.4912647
          ],
          [
            -87.0906817,
            30.4912593
          ],
          [
            -87.0906647,
            30.4912758
          ],
          [
            -87.0906587,
            30.4912899
          ],
          [
            -87.090655,
            30.4913026
          ],
          [
            -87.0906483,
            30.4913084
          ],
          [
            -87.0906506,
            30.4913171
          ],
          [
            -87.090648,
            30.491322
          ],
          [
            -87.0906466,
            30.4913227
          ],
          [
            -87.0906452,
            30.4913205
          ],
          [
            -87.0906442,
            30.4913192
          ],
          [
            -87.0906487,
            30.4913222
          ],
          [
            -87.0906484,
            30.4913275
          ],
          [
            -87.0906458,
            30.4913313
          ],
          [
            -87.0906387,
            30.4913233
          ],
          [
            -87.0906295,
            30.4913134
          ],
          [
            -87.0906195,
            30.4913038
          ],
          [
            -87.0906195,
            30.4913038
          ],
          [
            -87.0906195,
            30.4913038
          ],
          [
            -87.0906195,
            30.4913038
          ],
          [
            -87.0906178,
            30.4913018
          ],
          [
            -87.0906184,
            30.4913044
          ],
          [
            -87.0906184,
            30.4913044
          ],
          [
            -87.0906184,
            30.4913044
          ],
          [
            -87.0906184,
            30.4913044
          ],
          [
            -87.0906184,
            30.4913044
          ],
          [
            -87.0906184,
            30.4913044
          ],
          [
            -87.0906181,
            30.491306
          ],
          [
            -87.0906186,
            30.4913055
          ],
          [
            -87.0906186,
            30.4913055
          ],
          [
            -87.0906186,
            30.4913055
          ],
          [
            -87.0906186,
            30.4913055
          ],
          [
            -87.0906186,
            30.4913055
          ],
          [
            -87.0906186,
            30.4913055
          ],
          [
            -87.0906186,
            30.4913055
          ],
          [
            -87.0906186,
            30.4913055
          ],
          [
            -87.0906186,
            30.4913055
          ],
          [
            -87.0905952,
            30.4913009
          ],
          [
            -87.0905952,
            30.4913009
          ],
          [
            -87.0905952,
            30.4913009
          ],
          [
            -87.0905952,
            30.4913009
          ],
          [
            -87.0906067,
            30.4913046
          ],
          [
            -87.0906067,
            30.4913046
          ],
          [
            -87.0906067,
            30.4913046
          ],
          [
            -87.0906061,
            30.4913021
          ],
          [
            -87.0906071,
            30.4913041
          ],
          [
            -87.090608,
            30.4913033
          ],
          [
            -87.090608,
            30.4913033
          ],
          [
            -87.090608,
            30.4913033
          ],
          [
            -87.0906059,
            30.4913051
          ],
          [
            -87.0906052,
            30.4913048
          ],
          [
            -87.0906025,
            30.4913033
          ],
          [
            -87.0906045,
            30.4913018
          ],
          [
            -87.0906049,
            30.4913028
          ],
          [
            -87.0906017,
            30.4913051
          ],
          [
            -87.0905976,
            30.4913082
          ],
          [
            -87.0906014,
            30.4913119
          ],
          [
            -87.0906026,
            30.4913135
          ],
          [
            -87.0906015,
            30.4913134
          ],
          [
            -87.0906018,
            30.4913149
          ],
          [
            -87.0906008,
            30.4913148
          ],
          [
            -87.0906001,
            30.4913148
          ],
          [
            -87.0905984,
            30.4913152
          ],
          [
            -87.0905991,
            30.4913147
          ],
          [
            -87.090603,
            30.4913176
          ],
          [
            -87.0906009,
            30.4913138
          ],
          [
            -87.0905977,
            30.4913129
          ],
          [
            -87.0905993,
            30.4913125
          ],
          [
            -87.0905976,
            30.491312
          ],
          [
            -87.0905928,
            30.4913137
          ],
          [
            -87.090593,
            30.4913153
          ],
          [
            -87.0906012,
            30.491325
          ],
          [
            -87.0906086,
            30.4913248
          ],
          [
            -87.0906162,
            30.4913222
          ],
          [
            -87.090613,
            30.4913218
          ],
          [
            -87.090613,
            30.4913218
          ],
          [
            -87.0906221,
            30.4913253
          ],
          [
            -87.0906503,
            30.4913177
          ],
          [
            -87.0906504,
            30.4913176
          ],
          [
            -87.0906504,
            30.4913177
          ],
          [
            -87.0906503,
            30.4913177
          ],
          [
            -87.0906503,
            30.4913177
          ],
          [
            -87.0906502,
            30.4913177
          ],
          [
            -87.0906501,
            30.4913176
          ],
          [
            -87.0906491,
            30.491316
          ],
          [
            -87.0906479,
            30.4913145
          ],
          [
            -87.0906474,
            30.4913142
          ],
          [
            -87.090647,
            30.4913139
          ],
          [
            -87.0906469,
            30.4913138
          ],
          [
            -87.0906468,
            30.4913137
          ],
          [
            -87.0906468,
            30.4913137
          ],
          [
            -87.0906467,
            30.4913136
          ],
          [
            -87.0906467,
            30.4913136
          ],
          [
            -87.0906467,
            30.4913135
          ],
          [
            -87.0906467,
            30.4913135
          ],
          [
            -87.0906467,
            30.4913134
          ],
          [
            -87.0906467,
            30.4913134
          ],
          [
            -87.0906467,
            30.4913134
          ],
          [
            -87.0906467,
            30.4913134
          ],
          [
            -87.0906467,
            30.4913134
          ],
          [
            -87.0906467,
            30.4913134
          ],
          [
            -87.0906466,
            30.4913133
          ],
          [
            -87.0906465,
            30.4913133
          ],
          [
            -87.0906464,
            30.4913133
          ],
          [
            -87.0906464,
            30.4913132
          ],
          [
            -87.0906464,
            30.4913132
          ],
          [
            -87.0906463,
            30.4913132
          ],
          [
            -87.0906463,
            30.4913131
          ],
          [
            -87.0906462,
            30.4913131
          ],
          [
            -87.0906461,
            30.4913131
          ],
          [
            -87.0905745,
            30.4912589
          ],
          [
            -87.090577,
            30.4912616
          ],
          [
            -87.0905863,
            30.4912682
          ],
          [
            -87.090595,
            30.4912695
          ],
          [
            -87.0905988,
            30.4912695
          ],
          [
            -87.0906115,
            30.491279
          ],
          [
            -87.0906096,
            30.4912789
          ],
          [
            -87.0906114,
            30.4912716
          ],
          [
            -87.0906139,
            30.4912681
          ],
          [
            -87.0906169,
            30.491265
          ],
          [
            -87.0906139,
            30.4912589
          ],
          [
            -87.090621,
            30.4912621
          ],
          [
            -87.0906267,
            30.4912623
          ],
          [
            -87.0906292,
            30.4912613
          ],
          [
            -87.0906347,
            30.4912599
          ],
          [
            -87.0906336,
            30.4912608
          ],
          [
            -87.090636,
            30.4912665
          ],
          [
            -87.0906287,
            30.491268
          ],
          [
            -87.0906224,
            30.491276
          ],
          [
            -87.0906042,
            30.49127
          ],
          [
            -87.0905941,
            30.4912691
          ],
          [
            -87.09059,
            30.4912679
          ],
          [
            -87.0905941,
            30.4912689
          ],
          [
            -87.0906075,
            30.4912744
          ],
          [
            -87.0906076,
            30.4912752
          ],
          [
            -87.0906159,
            30.4912739
          ],
          [
            -87.0906245,
            30.491275
          ],
          [
            -87.0906259,
            30.4912686
          ],
          [
            -87.0906268,
            30.4912661
          ],
          [
            -87.0906295,
            30.4912661
          ],
          [
            -87.0906239,
            30.4912668
          ],
          [
            -87.0906333,
            30.4912713
          ],
          [
            -87.0906438,
            30.4912757
          ],
          [
            -87.0906493,
            30.4912773
          ],
          [
            -87.0906536,
            30.4912782
          ],
          [
            -87.0906539,
            30.4912799
          ],
          [
            -87.0906516,
            30.491285
          ],
          [
            -87.0906483,
            30.4912853
          ],
          [
            -87.0906479,
            30.4912848
          ],
          [
            -87.0906486,
            30.4912845
          ],
          [
            -87.0906463,
            30.4912858
          ],
          [
            -87.0906483,
            30.4912916
          ],
          [
            -87.0906472,
            30.4912915
          ],
          [
            -87.0906457,
            30.4912928
          ],
          [
            -87.0906457,
            30.4912928
          ],
          [
            -87.0906457,
            30.4912928
          ],
          [
            -87.0906359,
            30.4912968
          ],
          [
            -87.0906348,
            30.4912979
          ],
          [
            -87.0906286,
            30.4912944
          ],
          [
            -87.0906261,
            30.4912946
          ],
          [
            -87.0906247,
            30.4912953
          ],
          [
            -87.0906209,
            30.4912956
          ],
          [
            -87.090617,
            30.491303
          ],
          [
            -87.0906199,
            30.4913066
          ],
          [
            -87.0906241,
            30.4913067
          ],
          [
            -87.090617,
            30.4913075
          ],
          [
            -87.0906244,
            30.4913094
          ],
          [
            -87.0906146,
            30.4912998
          ],
          [
            -87.0906093,
            30.4912935
          ],
          [
            -87.0906045,
            30.4912894
          ],
          [
            -87.0906004,
            30.491291
          ],
          [
            -87.0905983,
            30.4912854
          ],
          [
            -87.0905983,
            30.4912854
          ],
          [
            -87.0905934,
            30.4912776
          ],
          [
            -87.0905959,
            30.4912728
          ],
          [
            -87.0905978,
            30.4912701
          ],
          [
            -87.0905969,
            30.4912649
          ],
          [
            -87.0905972,
            30.4912636
          ],
          [
            -87.090602,
            30.4912627
          ],
          [
            -87.090608,
            30.4912618
          ],
          [
            -87.0906087,
            30.4912599
          ],
          [
            -87.090612,
            30.4912586
          ],
          [
            -87.0906152,
            30.4912628
          ],
          [
            -87.0906144,
            30.4912683
          ],
          [
            -87.0906123,
            30.4912725
          ],
          [
            -87.0906032,
            30.4912732
          ],
          [
            -87.0906104,
            30.4912773
          ],
          [
            -87.0906118,
            30.4912784
          ],
          [
            -87.0906133,
            30.4912813
          ],
          [
            -87.0906127,
            30.4912786
          ],
          [
            -87.0906141,
            30.4912783
          ],
          [
            -87.0906119,
            30.491282
          ],
          [
            -87.0906147,
            30.4912892
          ],
          [
            -87.0906209,
            30.4912955
          ],
          [
            -87.0906259,
            30.4913017
          ],
          [
            -87.0906284,
            30.4913054
          ],
          [
            -87.0906392,
            30.4913086
          ],
          [
            -87.0906357,
            30.4913068
          ],
          [
            -87.0906334,
            30.4913042
          ],
          [
            -87.0906302,
            30.4913068
          ],
          [
            -87.0906337,
            30.4913041
          ],
          [
            -87.0906325,
            30.4913037
          ],
          [
            -87.0906336,
            30.4913073
          ],
          [
            -87.0906442,
            30.4913103
          ],
          [
            -87.090647,
            30.4913096
          ],
          [
            -87.0906475,
            30.4913068
          ],
          [
            -87.0906478,
            30.4913062
          ],
          [
            -87.0906459,
            30.4913094
          ],
          [
            -87.0906459,
            30.4913094
          ],
          [
            -87.0906422,
            30.4913148
          ],
          [
            -87.0906454,
            30.4913175
          ],
          [
            -87.0906483,
            30.4913211
          ],
          [
            -87.0906455,
            30.4913282
          ],
          [
            -87.0906463,
            30.4913364
          ],
          [
            -87.0906421,
            30.4913374
          ],
          [
            -87.0906434,
            30.4913362
          ],
          [
            -87.0906432,
            30.491336
          ],
          [
            -87.0906401,
            30.4913325
          ],
          [
            -87.0906371,
            30.491329
          ],
          [
            -87.0906385,
            30.4913266
          ],
          [
            -87.0906385,
            30.4913266
          ],
          [
            -87.0906416,
            30.4913262
          ],
          [
            -87.0906442,
            30.4913296
          ],
          [
            -87.0906417,
            30.4913279
          ],
          [
            -87.0906407,
            30.4913259
          ],
          [
            -87.0906381,
            30.4913261
          ],
          [
            -87.0906346,
            30.4913202
          ],
          [
            -87.0906313,
            30.4913193
          ],
          [
            -87.0906298,
            30.491319
          ],
          [
            -87.0906251,
            30.4913161
          ],
          [
            -87.0906243,
            30.4913175
          ],
          [
            -87.0906222,
            30.4913164
          ],
          [
            -87.0906217,
            30.4913149
          ],
          [
            -87.0906196,
            30.4913114
          ],
          [
            -87.0906627,
            30.4913074
          ],
          [
            -87.090628,
            30.4913106
          ],
          [
            -87.090627,
            30.4913084
          ],
          [
            -87.0906253,
            30.4913103
          ],
          [
            -87.0906216,
            30.4913118
          ],
          [
            -87.0906212,
            30.4913094
          ],
          [
            -87.0906194,
            30.4913114
          ],
          [
            -87.0906212,
            30.4913103
          ],
          [
            -87.0906218,
            30.4913093
          ],
          [
            -87.0906248,
            30.4913107
          ],
          [
            -87.0906239,
            30.4913118
          ],
          [
            -87.0906254,
            30.4913106
          ],
          [
            -87.0906249,
            30.491309
          ],
          [
            -87.0906194,
            30.4913121
          ],
          [
            -87.0906232,
            30.4913131
          ],
          [
            -87.090626,
            30.4913066
          ],
          [
            -87.0906282,
            30.4913081
          ],
          [
            -87.0906311,
            30.4913071
          ]
        ]
      },
      "properties": {
        "inspection_date": "2026-08-04",
        "segment": 1,
        "information_class": "CAPTURED_BY_DEVICE",
        "warning": "PHONE GPS \u2014 NOT A SURVEY"
      }
    },
    {
      "type": "Feature",
      "geometry": {
        "type": "LineString",
        "coordinates": [
          [
            -87.0907824,
            30.4913288
          ],
          [
            -87.09084,
            30.4913265
          ],
          [
            -87.0906598,
            30.4913132
          ],
          [
            -87.0906528,
            30.4913182
          ],
          [
            -87.0906546,
            30.4913167
          ],
          [
            -87.0906517,
            30.4913192
          ],
          [
            -87.0906515,
            30.4913231
          ],
          [
            -87.0906484,
            30.4913243
          ],
          [
            -87.0906485,
            30.4913212
          ],
          [
            -87.0906472,
            30.4913199
          ],
          [
            -87.0906462,
            30.4913238
          ],
          [
            -87.090645,
            30.491325
          ],
          [
            -87.0906428,
            30.491327
          ],
          [
            -87.0906419,
            30.4913266
          ],
          [
            -87.0906431,
            30.4913222
          ],
          [
            -87.0906429,
            30.4913183
          ],
          [
            -87.0906396,
            30.4913132
          ],
          [
            -87.0906356,
            30.4913112
          ],
          [
            -87.0906348,
            30.4913118
          ],
          [
            -87.090629,
            30.4913119
          ],
          [
            -87.09063,
            30.491315
          ],
          [
            -87.0906283,
            30.491319
          ],
          [
            -87.0906284,
            30.491319
          ],
          [
            -87.0906255,
            30.4913205
          ],
          [
            -87.0906255,
            30.4913204
          ],
          [
            -87.0906255,
            30.4913204
          ],
          [
            -87.0906252,
            30.4913239
          ],
          [
            -87.0906236,
            30.4913209
          ],
          [
            -87.0906236,
            30.4913209
          ],
          [
            -87.0906236,
            30.4913209
          ],
          [
            -87.0906226,
            30.4913174
          ],
          [
            -87.09062,
            30.4913182
          ],
          [
            -87.0906201,
            30.4913183
          ],
          [
            -87.0906201,
            30.4913183
          ],
          [
            -87.0906201,
            30.4913183
          ],
          [
            -87.0906201,
            30.4913183
          ],
          [
            -87.0906201,
            30.4913183
          ],
          [
            -87.0906201,
            30.4913183
          ],
          [
            -87.0906201,
            30.4913183
          ],
          [
            -87.0906201,
            30.4913183
          ],
          [
            -87.0906201,
            30.4913183
          ],
          [
            -87.0906201,
            30.4913183
          ],
          [
            -87.0906201,
            30.4913183
          ],
          [
            -87.0906147,
            30.4913056
          ],
          [
            -87.0906147,
            30.4913066
          ],
          [
            -87.0906147,
            30.4913066
          ],
          [
            -87.0906104,
            30.4913061
          ],
          [
            -87.0906107,
            30.4913057
          ],
          [
            -87.0906106,
            30.4913057
          ],
          [
            -87.0906099,
            30.491302
          ],
          [
            -87.0906115,
            30.4912987
          ],
          [
            -87.0906136,
            30.4912974
          ],
          [
            -87.0906136,
            30.4912974
          ],
          [
            -87.0906136,
            30.4912974
          ],
          [
            -87.0906136,
            30.4912974
          ],
          [
            -87.0906135,
            30.4912913
          ],
          [
            -87.0906134,
            30.4912913
          ],
          [
            -87.0906134,
            30.4912913
          ],
          [
            -87.0906134,
            30.4912913
          ],
          [
            -87.0906134,
            30.4912913
          ],
          [
            -87.0906134,
            30.4912913
          ],
          [
            -87.0906134,
            30.4912913
          ],
          [
            -87.0906134,
            30.4912913
          ],
          [
            -87.0906134,
            30.4912913
          ],
          [
            -87.090606,
            30.4912857
          ],
          [
            -87.0906067,
            30.491286
          ],
          [
            -87.090601,
            30.4912862
          ],
          [
            -87.0906025,
            30.4912839
          ],
          [
            -87.0906024,
            30.4912839
          ],
          [
            -87.0906024,
            30.4912839
          ],
          [
            -87.0906024,
            30.4912839
          ],
          [
            -87.0906024,
            30.4912839
          ],
          [
            -87.0906024,
            30.4912839
          ],
          [
            -87.0906024,
            30.4912839
          ],
          [
            -87.0906024,
            30.4912839
          ],
          [
            -87.0906024,
            30.4912839
          ],
          [
            -87.0906024,
            30.4912839
          ],
          [
            -87.0906024,
            30.4912839
          ],
          [
            -87.0906024,
            30.4912839
          ],
          [
            -87.0906024,
            30.4912839
          ],
          [
            -87.0906024,
            30.4912839
          ],
          [
            -87.0906024,
            30.4912839
          ],
          [
            -87.0905968,
            30.4912899
          ],
          [
            -87.0905968,
            30.4912899
          ],
          [
            -87.0905968,
            30.4912899
          ],
          [
            -87.0905968,
            30.4912899
          ],
          [
            -87.0905968,
            30.4912899
          ],
          [
            -87.0905968,
            30.4912899
          ],
          [
            -87.0905968,
            30.4912899
          ],
          [
            -87.0905968,
            30.4912899
          ],
          [
            -87.0905968,
            30.4912899
          ],
          [
            -87.0905968,
            30.4912899
          ],
          [
            -87.0905968,
            30.4912899
          ],
          [
            -87.0905968,
            30.4912899
          ],
          [
            -87.0905956,
            30.4912796
          ],
          [
            -87.0905955,
            30.4912808
          ],
          [
            -87.0905955,
            30.491281
          ],
          [
            -87.0905984,
            30.4912823
          ],
          [
            -87.0905984,
            30.4912823
          ],
          [
            -87.0905984,
            30.4912823
          ],
          [
            -87.0905984,
            30.4912823
          ],
          [
            -87.0906086,
            30.4912891
          ],
          [
            -87.0906115,
            30.4912899
          ],
          [
            -87.0906147,
            30.4912881
          ],
          [
            -87.0906147,
            30.4912881
          ],
          [
            -87.0906164,
            30.4912882
          ],
          [
            -87.0906131,
            30.4912897
          ],
          [
            -87.0906116,
            30.491293
          ],
          [
            -87.0906116,
            30.491293
          ],
          [
            -87.0906116,
            30.491293
          ],
          [
            -87.0906116,
            30.491293
          ],
          [
            -87.0906116,
            30.491293
          ],
          [
            -87.0906116,
            30.491293
          ],
          [
            -87.0906116,
            30.491293
          ],
          [
            -87.0906116,
            30.491293
          ],
          [
            -87.0906116,
            30.491293
          ],
          [
            -87.0906116,
            30.491293
          ],
          [
            -87.0906116,
            30.491293
          ],
          [
            -87.0906116,
            30.491293
          ],
          [
            -87.0906116,
            30.491293
          ],
          [
            -87.0906116,
            30.491293
          ],
          [
            -87.0906116,
            30.491293
          ],
          [
            -87.0906116,
            30.491293
          ],
          [
            -87.0906116,
            30.491293
          ],
          [
            -87.0906116,
            30.491293
          ],
          [
            -87.0906116,
            30.491293
          ],
          [
            -87.0906116,
            30.491293
          ],
          [
            -87.0906184,
            30.49129
          ],
          [
            -87.090618,
            30.4912899
          ],
          [
            -87.0906271,
            30.491292
          ],
          [
            -87.0906281,
            30.4912926
          ],
          [
            -87.0906301,
            30.4912939
          ],
          [
            -87.0906286,
            30.4912935
          ],
          [
            -87.0906286,
            30.4912935
          ],
          [
            -87.0906283,
            30.4912929
          ],
          [
            -87.0906283,
            30.4912929
          ],
          [
            -87.0906259,
            30.4912897
          ],
          [
            -87.0906251,
            30.4912885
          ],
          [
            -87.0906234,
            30.4912862
          ],
          [
            -87.0906234,
            30.4912862
          ],
          [
            -87.0906234,
            30.4912862
          ],
          [
            -87.0906234,
            30.4912862
          ],
          [
            -87.0906234,
            30.4912862
          ],
          [
            -87.0906234,
            30.4912862
          ],
          [
            -87.0906234,
            30.4912862
          ],
          [
            -87.0906129,
            30.4912893
          ],
          [
            -87.0906127,
            30.4912895
          ],
          [
            -87.0906127,
            30.4912895
          ],
          [
            -87.0906127,
            30.4912895
          ],
          [
            -87.0906127,
            30.4912895
          ],
          [
            -87.0906082,
            30.4912896
          ],
          [
            -87.0906081,
            30.4912896
          ],
          [
            -87.0906081,
            30.4912896
          ],
          [
            -87.0906081,
            30.4912896
          ],
          [
            -87.0906081,
            30.4912896
          ],
          [
            -87.0906081,
            30.4912896
          ],
          [
            -87.0906081,
            30.4912896
          ],
          [
            -87.0906081,
            30.4912896
          ],
          [
            -87.0906081,
            30.4912896
          ],
          [
            -87.0906081,
            30.4912896
          ],
          [
            -87.0906081,
            30.4912896
          ],
          [
            -87.0906081,
            30.4912896
          ],
          [
            -87.0906081,
            30.4912896
          ],
          [
            -87.0906081,
            30.4912896
          ],
          [
            -87.0906081,
            30.4912896
          ],
          [
            -87.0906081,
            30.4912896
          ],
          [
            -87.0906029,
            30.4912873
          ],
          [
            -87.0906024,
            30.4912881
          ],
          [
            -87.0906024,
            30.4912881
          ],
          [
            -87.0906024,
            30.4912881
          ],
          [
            -87.0906024,
            30.4912881
          ],
          [
            -87.0906024,
            30.4912881
          ],
          [
            -87.0906024,
            30.4912881
          ],
          [
            -87.0906024,
            30.4912881
          ],
          [
            -87.0906024,
            30.4912881
          ],
          [
            -87.0906024,
            30.4912881
          ],
          [
            -87.0906161,
            30.4912999
          ],
          [
            -87.0906161,
            30.4913001
          ],
          [
            -87.0906161,
            30.4913001
          ],
          [
            -87.0906161,
            30.4913001
          ],
          [
            -87.0906262,
            30.4913072
          ],
          [
            -87.0906291,
            30.4913079
          ],
          [
            -87.0906268,
            30.4913031
          ],
          [
            -87.0906268,
            30.4913031
          ],
          [
            -87.0906268,
            30.4913031
          ],
          [
            -87.0906268,
            30.4913031
          ],
          [
            -87.0906268,
            30.4913031
          ],
          [
            -87.0906268,
            30.4913031
          ],
          [
            -87.0906268,
            30.4913031
          ],
          [
            -87.0906268,
            30.4913031
          ],
          [
            -87.0906268,
            30.4913031
          ],
          [
            -87.0906268,
            30.4913031
          ],
          [
            -87.0906972,
            30.4913774
          ],
          [
            -87.090692,
            30.4913692
          ],
          [
            -87.0906445,
            30.4913196
          ],
          [
            -87.0906415,
            30.4913156
          ],
          [
            -87.090638,
            30.4913112
          ],
          [
            -87.0906365,
            30.4913128
          ],
          [
            -87.0906341,
            30.4913141
          ],
          [
            -87.0906387,
            30.4913112
          ],
          [
            -87.0906414,
            30.4913148
          ],
          [
            -87.0906416,
            30.4913151
          ],
          [
            -87.0906416,
            30.4913151
          ],
          [
            -87.0906416,
            30.4913151
          ],
          [
            -87.0906512,
            30.4913132
          ],
          [
            -87.0906512,
            30.4913132
          ],
          [
            -87.0906501,
            30.491311
          ],
          [
            -87.0906434,
            30.4913125
          ],
          [
            -87.0906371,
            30.4913111
          ],
          [
            -87.0906371,
            30.4913111
          ],
          [
            -87.0906365,
            30.4913085
          ],
          [
            -87.0906365,
            30.4913085
          ],
          [
            -87.0906365,
            30.4913085
          ],
          [
            -87.0906365,
            30.4913085
          ],
          [
            -87.0906365,
            30.4913085
          ],
          [
            -87.0906365,
            30.4913085
          ],
          [
            -87.0906365,
            30.4913085
          ],
          [
            -87.0906365,
            30.4913085
          ],
          [
            -87.0906365,
            30.4913085
          ],
          [
            -87.0906365,
            30.4913085
          ],
          [
            -87.0906365,
            30.4913085
          ],
          [
            -87.0906365,
            30.4913085
          ],
          [
            -87.0906365,
            30.4913085
          ],
          [
            -87.0906365,
            30.4913085
          ],
          [
            -87.0906365,
            30.4913085
          ],
          [
            -87.0906365,
            30.4913085
          ],
          [
            -87.0906365,
            30.4913085
          ],
          [
            -87.0906365,
            30.4913085
          ],
          [
            -87.0906365,
            30.4913085
          ],
          [
            -87.0906365,
            30.4913085
          ],
          [
            -87.0906365,
            30.4913085
          ],
          [
            -87.0906365,
            30.4913085
          ],
          [
            -87.0906365,
            30.4913085
          ],
          [
            -87.0906365,
            30.4913085
          ],
          [
            -87.0906365,
            30.4913085
          ],
          [
            -87.0906365,
            30.4913085
          ],
          [
            -87.0906365,
            30.4913085
          ],
          [
            -87.0906365,
            30.4913085
          ],
          [
            -87.0906342,
            30.4912922
          ],
          [
            -87.0906381,
            30.4912952
          ],
          [
            -87.0906311,
            30.4913003
          ],
          [
            -87.0906313,
            30.4912999
          ],
          [
            -87.0906313,
            30.4912999
          ],
          [
            -87.0906313,
            30.4912999
          ],
          [
            -87.0906313,
            30.4912999
          ],
          [
            -87.0906313,
            30.4912999
          ],
          [
            -87.090617,
            30.4913026
          ],
          [
            -87.0906169,
            30.4913026
          ],
          [
            -87.0906148,
            30.4913048
          ],
          [
            -87.0906152,
            30.4913067
          ],
          [
            -87.0906152,
            30.4913067
          ],
          [
            -87.090616,
            30.4913075
          ],
          [
            -87.0906146,
            30.4913039
          ],
          [
            -87.0906155,
            30.4913002
          ],
          [
            -87.0906155,
            30.4913002
          ],
          [
            -87.0906163,
            30.4912946
          ],
          [
            -87.0906147,
            30.4912936
          ],
          [
            -87.0906149,
            30.491294
          ],
          [
            -87.0906136,
            30.4912915
          ],
          [
            -87.0906136,
            30.4912915
          ],
          [
            -87.0906136,
            30.4912915
          ],
          [
            -87.0906189,
            30.4912853
          ],
          [
            -87.0906187,
            30.4912858
          ],
          [
            -87.0906189,
            30.4912864
          ],
          [
            -87.0906143,
            30.491284
          ],
          [
            -87.0906129,
            30.4912836
          ],
          [
            -87.0906109,
            30.4912842
          ],
          [
            -87.0906109,
            30.4912842
          ],
          [
            -87.0906109,
            30.4912842
          ],
          [
            -87.0906109,
            30.4912842
          ],
          [
            -87.0906161,
            30.4912978
          ],
          [
            -87.0906167,
            30.4912972
          ],
          [
            -87.0906199,
            30.4912984
          ],
          [
            -87.0906218,
            30.4913009
          ],
          [
            -87.0906198,
            30.4913053
          ],
          [
            -87.0906208,
            30.4913096
          ],
          [
            -87.0906238,
            30.4913109
          ],
          [
            -87.0906269,
            30.4913139
          ],
          [
            -87.0906287,
            30.4913169
          ],
          [
            -87.0906329,
            30.4913179
          ],
          [
            -87.0906336,
            30.4913159
          ],
          [
            -87.0906336,
            30.4913159
          ],
          [
            -87.0906336,
            30.4913159
          ],
          [
            -87.0906321,
            30.4913155
          ],
          [
            -87.0906325,
            30.4913159
          ],
          [
            -87.0906325,
            30.4913159
          ],
          [
            -87.0906325,
            30.4913159
          ],
          [
            -87.0906325,
            30.4913159
          ],
          [
            -87.0906325,
            30.4913159
          ],
          [
            -87.0906325,
            30.4913159
          ],
          [
            -87.0906325,
            30.4913159
          ],
          [
            -87.0906285,
            30.4913168
          ],
          [
            -87.090629,
            30.4913162
          ],
          [
            -87.0906296,
            30.4913142
          ],
          [
            -87.0906298,
            30.4913143
          ],
          [
            -87.0906298,
            30.4913143
          ],
          [
            -87.0906298,
            30.4913143
          ],
          [
            -87.0906298,
            30.4913143
          ],
          [
            -87.0906301,
            30.4913085
          ],
          [
            -87.09063,
            30.4913085
          ],
          [
            -87.0906287,
            30.4913123
          ],
          [
            -87.0906295,
            30.4913119
          ],
          [
            -87.0906302,
            30.4913075
          ],
          [
            -87.0906255,
            30.491304
          ],
          [
            -87.0906164,
            30.4912994
          ],
          [
            -87.0905981,
            30.4913037
          ],
          [
            -87.0905998,
            30.4913005
          ],
          [
            -87.0905896,
            30.4913099
          ],
          [
            -87.0905979,
            30.4913099
          ],
          [
            -87.0905948,
            30.4913062
          ],
          [
            -87.0905973,
            30.4913099
          ],
          [
            -87.0905972,
            30.49131
          ],
          [
            -87.0905972,
            30.49131
          ],
          [
            -87.0905972,
            30.49131
          ],
          [
            -87.0906048,
            30.4913091
          ],
          [
            -87.090601,
            30.4913097
          ],
          [
            -87.0905967,
            30.4913054
          ],
          [
            -87.0905907,
            30.4913084
          ],
          [
            -87.0905895,
            30.4913066
          ],
          [
            -87.0905861,
            30.4913015
          ],
          [
            -87.0905803,
            30.4912928
          ],
          [
            -87.0905818,
            30.4912952
          ],
          [
            -87.0905819,
            30.4912973
          ],
          [
            -87.090578,
            30.4912966
          ],
          [
            -87.090578,
            30.4912966
          ],
          [
            -87.0905811,
            30.4912966
          ],
          [
            -87.0905812,
            30.4912966
          ],
          [
            -87.0905812,
            30.4912966
          ],
          [
            -87.0905812,
            30.4912966
          ],
          [
            -87.0905812,
            30.4912966
          ],
          [
            -87.0905887,
            30.4913049
          ],
          [
            -87.0905887,
            30.4913049
          ],
          [
            -87.0905884,
            30.4913061
          ],
          [
            -87.0905878,
            30.4913055
          ],
          [
            -87.0905894,
            30.4913058
          ],
          [
            -87.0905879,
            30.4913049
          ],
          [
            -87.0905873,
            30.4913042
          ],
          [
            -87.0905873,
            30.4913042
          ],
          [
            -87.0905874,
            30.491307
          ],
          [
            -87.0905875,
            30.4913069
          ],
          [
            -87.0905882,
            30.4913076
          ],
          [
            -87.0905902,
            30.4913082
          ],
          [
            -87.0905896,
            30.4913079
          ],
          [
            -87.0905895,
            30.4913078
          ],
          [
            -87.0905912,
            30.4913079
          ],
          [
            -87.0905924,
            30.4913089
          ],
          [
            -87.0905927,
            30.4913094
          ],
          [
            -87.0905924,
            30.4913087
          ],
          [
            -87.0905924,
            30.4913087
          ],
          [
            -87.0905924,
            30.4913087
          ],
          [
            -87.0905919,
            30.4913138
          ],
          [
            -87.0905916,
            30.4913202
          ],
          [
            -87.090586,
            30.4913192
          ],
          [
            -87.0905859,
            30.4913189
          ],
          [
            -87.0905848,
            30.4913214
          ],
          [
            -87.0905885,
            30.4913226
          ],
          [
            -87.0905853,
            30.4913232
          ],
          [
            -87.0905863,
            30.4913234
          ],
          [
            -87.0905887,
            30.4913213
          ],
          [
            -87.0905877,
            30.4913237
          ],
          [
            -87.0905903,
            30.4913248
          ],
          [
            -87.0905905,
            30.4913245
          ],
          [
            -87.090588,
            30.4913235
          ],
          [
            -87.0905858,
            30.4913328
          ],
          [
            -87.0905878,
            30.4913306
          ],
          [
            -87.0905878,
            30.4913306
          ],
          [
            -87.0905878,
            30.4913306
          ],
          [
            -87.0905878,
            30.4913306
          ],
          [
            -87.090587,
            30.4913237
          ],
          [
            -87.0905865,
            30.4913199
          ],
          [
            -87.090595,
            30.4913177
          ],
          [
            -87.0905956,
            30.491317
          ],
          [
            -87.0906049,
            30.4913179
          ],
          [
            -87.0906092,
            30.491318
          ],
          [
            -87.0906124,
            30.4913153
          ],
          [
            -87.0906109,
            30.4913138
          ],
          [
            -87.0906102,
            30.4913139
          ],
          [
            -87.0906104,
            30.4913171
          ],
          [
            -87.0906097,
            30.4913184
          ],
          [
            -87.0906109,
            30.4913206
          ],
          [
            -87.0906109,
            30.4913206
          ],
          [
            -87.0906103,
            30.4913227
          ],
          [
            -87.0906101,
            30.4913226
          ],
          [
            -87.0906101,
            30.4913226
          ],
          [
            -87.0906101,
            30.4913226
          ],
          [
            -87.0906101,
            30.4913226
          ],
          [
            -87.0906101,
            30.4913226
          ],
          [
            -87.0906104,
            30.4913226
          ],
          [
            -87.0906114,
            30.4913232
          ],
          [
            -87.0906125,
            30.4913255
          ],
          [
            -87.0906111,
            30.4913232
          ],
          [
            -87.090612,
            30.4913241
          ],
          [
            -87.0906122,
            30.491324
          ],
          [
            -87.0906122,
            30.491324
          ],
          [
            -87.0906122,
            30.491324
          ],
          [
            -87.0906122,
            30.491324
          ],
          [
            -87.0906122,
            30.491324
          ],
          [
            -87.0906122,
            30.491324
          ],
          [
            -87.0906122,
            30.491324
          ],
          [
            -87.0906122,
            30.491324
          ],
          [
            -87.0906087,
            30.4913201
          ],
          [
            -87.0906087,
            30.4913201
          ],
          [
            -87.0906087,
            30.4913201
          ],
          [
            -87.0906087,
            30.4913201
          ],
          [
            -87.0906088,
            30.4913194
          ],
          [
            -87.0906088,
            30.4913193
          ],
          [
            -87.0906088,
            30.4913193
          ],
          [
            -87.0906088,
            30.4913193
          ],
          [
            -87.0906088,
            30.4913193
          ],
          [
            -87.0906088,
            30.4913193
          ],
          [
            -87.0906088,
            30.4913193
          ],
          [
            -87.0906088,
            30.4913193
          ],
          [
            -87.0906088,
            30.4913193
          ],
          [
            -87.0906088,
            30.4913193
          ],
          [
            -87.0906088,
            30.4913193
          ],
          [
            -87.0906088,
            30.4913193
          ],
          [
            -87.0906088,
            30.4913193
          ],
          [
            -87.0906088,
            30.4913193
          ],
          [
            -87.0906088,
            30.4913193
          ],
          [
            -87.0906088,
            30.4913193
          ],
          [
            -87.0906009,
            30.4913194
          ],
          [
            -87.0905991,
            30.4913245
          ],
          [
            -87.0905965,
            30.4913271
          ],
          [
            -87.0905964,
            30.4913279
          ],
          [
            -87.0905969,
            30.4913289
          ],
          [
            -87.0905961,
            30.4913309
          ],
          [
            -87.0905988,
            30.4913335
          ],
          [
            -87.0905978,
            30.4913371
          ],
          [
            -87.0905989,
            30.4913377
          ],
          [
            -87.0905989,
            30.4913373
          ],
          [
            -87.090599,
            30.4913371
          ],
          [
            -87.090599,
            30.4913371
          ],
          [
            -87.090599,
            30.4913371
          ],
          [
            -87.0905984,
            30.4913352
          ],
          [
            -87.0906005,
            30.4913338
          ],
          [
            -87.0905995,
            30.4913318
          ],
          [
            -87.0905996,
            30.4913302
          ],
          [
            -87.0905996,
            30.4913302
          ],
          [
            -87.0905996,
            30.4913302
          ],
          [
            -87.0905996,
            30.4913302
          ],
          [
            -87.0905996,
            30.4913302
          ],
          [
            -87.0905996,
            30.4913302
          ],
          [
            -87.0905996,
            30.4913302
          ],
          [
            -87.0905996,
            30.4913302
          ],
          [
            -87.0905996,
            30.4913302
          ],
          [
            -87.0905996,
            30.4913302
          ],
          [
            -87.0905996,
            30.4913302
          ],
          [
            -87.0905996,
            30.4913302
          ],
          [
            -87.0905996,
            30.4913302
          ],
          [
            -87.0905996,
            30.4913302
          ],
          [
            -87.0905996,
            30.4913302
          ],
          [
            -87.0905996,
            30.4913302
          ],
          [
            -87.0905996,
            30.4913302
          ],
          [
            -87.0905996,
            30.4913302
          ],
          [
            -87.0905996,
            30.4913302
          ],
          [
            -87.0905996,
            30.4913302
          ],
          [
            -87.0905996,
            30.4913302
          ],
          [
            -87.0905996,
            30.4913302
          ],
          [
            -87.0905996,
            30.4913302
          ],
          [
            -87.0905996,
            30.4913302
          ],
          [
            -87.0905996,
            30.4913302
          ],
          [
            -87.0905996,
            30.4913302
          ],
          [
            -87.0905996,
            30.4913302
          ],
          [
            -87.0905996,
            30.4913302
          ],
          [
            -87.0905996,
            30.4913302
          ],
          [
            -87.0905996,
            30.4913302
          ],
          [
            -87.0905996,
            30.4913302
          ],
          [
            -87.0905996,
            30.4913302
          ],
          [
            -87.0905996,
            30.4913302
          ],
          [
            -87.0905996,
            30.4913302
          ],
          [
            -87.0905996,
            30.4913302
          ],
          [
            -87.0905996,
            30.4913302
          ],
          [
            -87.0905996,
            30.4913302
          ],
          [
            -87.0905996,
            30.4913302
          ],
          [
            -87.0905996,
            30.4913302
          ],
          [
            -87.0905996,
            30.4913302
          ],
          [
            -87.0905996,
            30.4913302
          ],
          [
            -87.0905996,
            30.4913302
          ],
          [
            -87.0906212,
            30.4913246
          ],
          [
            -87.0906204,
            30.4913231
          ],
          [
            -87.0906172,
            30.4913241
          ],
          [
            -87.0906239,
            30.4913181
          ],
          [
            -87.0906268,
            30.4913191
          ],
          [
            -87.0906247,
            30.4913183
          ],
          [
            -87.0906286,
            30.4913161
          ],
          [
            -87.0906304,
            30.4913108
          ],
          [
            -87.0906353,
            30.4913046
          ],
          [
            -87.0906432,
            30.4913028
          ],
          [
            -87.0906438,
            30.4913041
          ],
          [
            -87.0906558,
            30.4913024
          ],
          [
            -87.0906803,
            30.491306
          ],
          [
            -87.0906813,
            30.4913016
          ],
          [
            -87.090691,
            30.4912948
          ],
          [
            -87.0906983,
            30.4912834
          ],
          [
            -87.0906903,
            30.4912689
          ],
          [
            -87.0906948,
            30.4912562
          ],
          [
            -87.0907012,
            30.4912429
          ],
          [
            -87.0906997,
            30.4912371
          ],
          [
            -87.0907047,
            30.4912324
          ],
          [
            -87.0907098,
            30.4912179
          ],
          [
            -87.0907131,
            30.4912036
          ],
          [
            -87.0907125,
            30.4911912
          ],
          [
            -87.0907018,
            30.4911836
          ],
          [
            -87.0907011,
            30.4911729
          ],
          [
            -87.0906989,
            30.4911528
          ],
          [
            -87.0906993,
            30.4911378
          ],
          [
            -87.0906997,
            30.4911261
          ],
          [
            -87.0907016,
            30.4911145
          ],
          [
            -87.0906994,
            30.4911051
          ],
          [
            -87.0907022,
            30.491087
          ],
          [
            -87.0907117,
            30.4910784
          ],
          [
            -87.0907108,
            30.4910563
          ],
          [
            -87.0907125,
            30.4910447
          ],
          [
            -87.0907151,
            30.491033
          ],
          [
            -87.0907188,
            30.4910174
          ],
          [
            -87.0907198,
            30.4910095
          ],
          [
            -87.0907227,
            30.4909962
          ],
          [
            -87.090724,
            30.4909871
          ],
          [
            -87.0907226,
            30.4909741
          ],
          [
            -87.0907244,
            30.490963
          ],
          [
            -87.0907238,
            30.4909514
          ],
          [
            -87.0907291,
            30.4909361
          ],
          [
            -87.0907313,
            30.4909317
          ],
          [
            -87.090731,
            30.4909208
          ],
          [
            -87.0907328,
            30.4909094
          ],
          [
            -87.0907345,
            30.4908893
          ],
          [
            -87.0907379,
            30.490878
          ],
          [
            -87.0907429,
            30.4908681
          ],
          [
            -87.0907466,
            30.4908539
          ],
          [
            -87.0907462,
            30.4908459
          ],
          [
            -87.0907503,
            30.4908284
          ],
          [
            -87.0907528,
            30.490816
          ],
          [
            -87.0907544,
            30.4908038
          ],
          [
            -87.0907564,
            30.4907945
          ],
          [
            -87.0907546,
            30.4907845
          ],
          [
            -87.0907595,
            30.4907696
          ],
          [
            -87.0907622,
            30.4907592
          ],
          [
            -87.0907648,
            30.4907454
          ],
          [
            -87.0907654,
            30.4907388
          ],
          [
            -87.0907641,
            30.4907329
          ],
          [
            -87.0907638,
            30.4907227
          ],
          [
            -87.0907644,
            30.4907088
          ],
          [
            -87.0907704,
            30.490705
          ],
          [
            -87.0907709,
            30.490686
          ],
          [
            -87.0907811,
            30.4906754
          ],
          [
            -87.0907825,
            30.4906643
          ],
          [
            -87.0907847,
            30.4906505
          ],
          [
            -87.0907891,
            30.4906398
          ],
          [
            -87.0907928,
            30.4906312
          ],
          [
            -87.0907925,
            30.49062
          ],
          [
            -87.0907985,
            30.4906124
          ],
          [
            -87.0908005,
            30.4906035
          ],
          [
            -87.0908041,
            30.4905925
          ],
          [
            -87.0908089,
            30.4905781
          ],
          [
            -87.0908127,
            30.4905717
          ],
          [
            -87.0908201,
            30.4905582
          ],
          [
            -87.0908245,
            30.4905499
          ],
          [
            -87.0908299,
            30.4905411
          ],
          [
            -87.0908358,
            30.4905365
          ],
          [
            -87.0908372,
            30.4905356
          ],
          [
            -87.0908414,
            30.4905289
          ],
          [
            -87.0908471,
            30.4905201
          ],
          [
            -87.0908497,
            30.4905156
          ],
          [
            -87.090855,
            30.4905092
          ],
          [
            -87.0908653,
            30.4905
          ],
          [
            -87.0908756,
            30.4904946
          ],
          [
            -87.0908784,
            30.4904852
          ],
          [
            -87.09088,
            30.4904817
          ],
          [
            -87.0908905,
            30.490472
          ],
          [
            -87.0908999,
            30.4904662
          ],
          [
            -87.0909108,
            30.4904594
          ],
          [
            -87.0909249,
            30.490446
          ],
          [
            -87.0909324,
            30.4904375
          ],
          [
            -87.0909469,
            30.4904294
          ],
          [
            -87.0909579,
            30.490422
          ],
          [
            -87.0909701,
            30.490414
          ],
          [
            -87.0909739,
            30.4904091
          ],
          [
            -87.0909804,
            30.4904011
          ],
          [
            -87.0909898,
            30.4903936
          ],
          [
            -87.090999,
            30.4903859
          ],
          [
            -87.0910002,
            30.4903849
          ],
          [
            -87.0909985,
            30.4903837
          ],
          [
            -87.0909942,
            30.4903851
          ],
          [
            -87.0909942,
            30.4903851
          ],
          [
            -87.0909828,
            30.4903866
          ],
          [
            -87.090978,
            30.4903887
          ],
          [
            -87.0909715,
            30.49039
          ],
          [
            -87.0909636,
            30.4903957
          ],
          [
            -87.0909625,
            30.4903966
          ],
          [
            -87.0909652,
            30.4903957
          ],
          [
            -87.0909702,
            30.4903931
          ],
          [
            -87.0909735,
            30.4903855
          ],
          [
            -87.0909726,
            30.4903813
          ],
          [
            -87.0909697,
            30.4903832
          ],
          [
            -87.0909692,
            30.4903804
          ],
          [
            -87.0909679,
            30.4903799
          ],
          [
            -87.0909671,
            30.4903794
          ],
          [
            -87.0909669,
            30.4903798
          ],
          [
            -87.0909669,
            30.4903798
          ],
          [
            -87.0909669,
            30.4903798
          ],
          [
            -87.0909669,
            30.4903798
          ],
          [
            -87.0909669,
            30.4903798
          ],
          [
            -87.0909669,
            30.4903798
          ],
          [
            -87.0909669,
            30.4903798
          ],
          [
            -87.0909581,
            30.4903822
          ],
          [
            -87.090959,
            30.4903837
          ],
          [
            -87.090959,
            30.4903837
          ],
          [
            -87.090959,
            30.4903837
          ],
          [
            -87.090959,
            30.4903837
          ],
          [
            -87.090959,
            30.4903837
          ],
          [
            -87.090959,
            30.4903837
          ],
          [
            -87.090959,
            30.4903837
          ],
          [
            -87.090959,
            30.4903837
          ],
          [
            -87.0909591,
            30.4903898
          ],
          [
            -87.0909573,
            30.4903893
          ],
          [
            -87.0909565,
            30.4903886
          ],
          [
            -87.0909556,
            30.4903894
          ],
          [
            -87.0909548,
            30.4903899
          ],
          [
            -87.0909548,
            30.4903899
          ],
          [
            -87.0909548,
            30.4903899
          ],
          [
            -87.0909509,
            30.4903894
          ],
          [
            -87.0909496,
            30.4903879
          ],
          [
            -87.0909492,
            30.4903862
          ],
          [
            -87.0909491,
            30.4903858
          ],
          [
            -87.0909479,
            30.490385
          ],
          [
            -87.0909479,
            30.490385
          ],
          [
            -87.0909479,
            30.490385
          ],
          [
            -87.0909465,
            30.4903821
          ],
          [
            -87.0909477,
            30.4903823
          ],
          [
            -87.0909484,
            30.4903824
          ],
          [
            -87.0909476,
            30.4903841
          ],
          [
            -87.0909476,
            30.4903841
          ],
          [
            -87.0909476,
            30.4903841
          ],
          [
            -87.0909443,
            30.4903845
          ],
          [
            -87.0909431,
            30.490387
          ],
          [
            -87.0909454,
            30.4903883
          ],
          [
            -87.0909453,
            30.490388
          ],
          [
            -87.0909455,
            30.4903897
          ],
          [
            -87.0909475,
            30.4903904
          ],
          [
            -87.0909483,
            30.4903923
          ],
          [
            -87.0909462,
            30.490394
          ],
          [
            -87.0909448,
            30.4903937
          ],
          [
            -87.0909412,
            30.4903991
          ],
          [
            -87.0909339,
            30.4904049
          ],
          [
            -87.0909289,
            30.4904111
          ],
          [
            -87.0909247,
            30.4904186
          ],
          [
            -87.0909234,
            30.4904243
          ],
          [
            -87.0909173,
            30.4904266
          ],
          [
            -87.0909145,
            30.4904303
          ],
          [
            -87.0909074,
            30.4904322
          ],
          [
            -87.090906,
            30.4904318
          ],
          [
            -87.090906,
            30.4904318
          ],
          [
            -87.090906,
            30.4904318
          ],
          [
            -87.090906,
            30.4904318
          ],
          [
            -87.0909093,
            30.4904306
          ],
          [
            -87.0909168,
            30.4904327
          ],
          [
            -87.0909245,
            30.4904298
          ],
          [
            -87.0909345,
            30.4904251
          ],
          [
            -87.090941,
            30.4904243
          ],
          [
            -87.0909422,
            30.4904226
          ],
          [
            -87.0909411,
            30.4904234
          ],
          [
            -87.0909404,
            30.4904235
          ],
          [
            -87.0909465,
            30.490418
          ],
          [
            -87.0909569,
            30.490412
          ],
          [
            -87.0909539,
            30.4904106
          ],
          [
            -87.0909516,
            30.4904114
          ],
          [
            -87.0909516,
            30.4904114
          ],
          [
            -87.0909516,
            30.4904114
          ],
          [
            -87.0909516,
            30.4904114
          ],
          [
            -87.0909516,
            30.4904114
          ],
          [
            -87.0909516,
            30.4904114
          ],
          [
            -87.0909516,
            30.4904114
          ],
          [
            -87.0909516,
            30.4904114
          ],
          [
            -87.0909516,
            30.4904114
          ],
          [
            -87.0909516,
            30.4904114
          ],
          [
            -87.0909516,
            30.4904114
          ],
          [
            -87.0909516,
            30.4904114
          ],
          [
            -87.0909529,
            30.4904128
          ],
          [
            -87.0909516,
            30.4904132
          ],
          [
            -87.0909516,
            30.4904132
          ],
          [
            -87.0909516,
            30.4904132
          ],
          [
            -87.0909516,
            30.4904132
          ],
          [
            -87.0909516,
            30.4904132
          ],
          [
            -87.0909516,
            30.4904132
          ],
          [
            -87.0909516,
            30.4904132
          ],
          [
            -87.0909516,
            30.4904132
          ],
          [
            -87.0909516,
            30.4904132
          ],
          [
            -87.090949,
            30.4904098
          ],
          [
            -87.0909488,
            30.4904075
          ],
          [
            -87.0909488,
            30.4904075
          ],
          [
            -87.0909488,
            30.4904075
          ],
          [
            -87.0909488,
            30.4904075
          ],
          [
            -87.0909488,
            30.4904075
          ],
          [
            -87.0909488,
            30.4904075
          ],
          [
            -87.0909488,
            30.4904075
          ],
          [
            -87.0909488,
            30.4904075
          ],
          [
            -87.0909488,
            30.4904075
          ],
          [
            -87.0909488,
            30.4904075
          ],
          [
            -87.0909488,
            30.4904075
          ],
          [
            -87.0909488,
            30.4904075
          ],
          [
            -87.0909488,
            30.4904075
          ],
          [
            -87.0909488,
            30.4904075
          ],
          [
            -87.0909488,
            30.4904075
          ],
          [
            -87.0909488,
            30.4904075
          ],
          [
            -87.0909488,
            30.4904075
          ],
          [
            -87.0909488,
            30.4904075
          ],
          [
            -87.0909488,
            30.4904075
          ],
          [
            -87.0909548,
            30.4903977
          ],
          [
            -87.0909548,
            30.4903977
          ],
          [
            -87.0909531,
            30.4903999
          ],
          [
            -87.0909531,
            30.4903999
          ],
          [
            -87.0909533,
            30.4904022
          ],
          [
            -87.0909531,
            30.4904021
          ],
          [
            -87.090952,
            30.4904025
          ],
          [
            -87.0909516,
            30.4904039
          ],
          [
            -87.0909516,
            30.4904042
          ],
          [
            -87.0909508,
            30.4904033
          ],
          [
            -87.0909507,
            30.4904036
          ],
          [
            -87.0909507,
            30.4904036
          ],
          [
            -87.0909507,
            30.4904036
          ],
          [
            -87.0909513,
            30.4904021
          ],
          [
            -87.0909514,
            30.4904022
          ],
          [
            -87.0909547,
            30.4903995
          ],
          [
            -87.0909526,
            30.4904026
          ],
          [
            -87.0909516,
            30.4904003
          ],
          [
            -87.0909507,
            30.4904009
          ],
          [
            -87.090949,
            30.4904008
          ],
          [
            -87.0909481,
            30.4904007
          ],
          [
            -87.0909488,
            30.4903986
          ],
          [
            -87.0909488,
            30.4903987
          ],
          [
            -87.0909473,
            30.490397
          ],
          [
            -87.0909469,
            30.4903961
          ],
          [
            -87.0909443,
            30.490397
          ],
          [
            -87.0909458,
            30.4903976
          ],
          [
            -87.0909493,
            30.4904008
          ],
          [
            -87.0909493,
            30.4904008
          ],
          [
            -87.0909493,
            30.4904008
          ],
          [
            -87.0909493,
            30.4904008
          ],
          [
            -87.0909493,
            30.4904008
          ],
          [
            -87.0909493,
            30.4904008
          ],
          [
            -87.0909493,
            30.4904008
          ],
          [
            -87.0909493,
            30.4904008
          ],
          [
            -87.0909493,
            30.4904008
          ],
          [
            -87.0909493,
            30.4904008
          ],
          [
            -87.0909493,
            30.4904008
          ],
          [
            -87.0909493,
            30.4904008
          ],
          [
            -87.0909584,
            30.4904004
          ],
          [
            -87.0909584,
            30.4904004
          ],
          [
            -87.0909584,
            30.4904004
          ],
          [
            -87.0909595,
            30.4903941
          ],
          [
            -87.0909595,
            30.4903941
          ],
          [
            -87.0909595,
            30.4903941
          ],
          [
            -87.0909595,
            30.4903941
          ],
          [
            -87.0909595,
            30.4903941
          ],
          [
            -87.0909595,
            30.4903941
          ],
          [
            -87.0909595,
            30.4903941
          ],
          [
            -87.0909595,
            30.4903941
          ],
          [
            -87.0909633,
            30.4903885
          ],
          [
            -87.0909627,
            30.4903886
          ],
          [
            -87.0909633,
            30.4903881
          ],
          [
            -87.0909628,
            30.4903884
          ],
          [
            -87.0909625,
            30.4903872
          ],
          [
            -87.0909623,
            30.4903874
          ],
          [
            -87.0909609,
            30.4903914
          ],
          [
            -87.0909607,
            30.4903917
          ],
          [
            -87.0909607,
            30.4903917
          ],
          [
            -87.0909569,
            30.4903945
          ],
          [
            -87.0909566,
            30.4903945
          ],
          [
            -87.0909577,
            30.490391
          ],
          [
            -87.0909554,
            30.4903941
          ],
          [
            -87.0909548,
            30.4903949
          ],
          [
            -87.0909537,
            30.4903955
          ],
          [
            -87.0909509,
            30.4903961
          ],
          [
            -87.0909518,
            30.4903977
          ],
          [
            -87.09095,
            30.4904005
          ],
          [
            -87.09095,
            30.4904005
          ],
          [
            -87.0909507,
            30.4904018
          ],
          [
            -87.0909498,
            30.490402
          ],
          [
            -87.0909498,
            30.490402
          ],
          [
            -87.0909501,
            30.4904048
          ],
          [
            -87.0909501,
            30.4904048
          ],
          [
            -87.0909501,
            30.4904048
          ],
          [
            -87.0909481,
            30.4904033
          ],
          [
            -87.0909473,
            30.4904044
          ],
          [
            -87.0909467,
            30.4904046
          ],
          [
            -87.0909466,
            30.4904041
          ],
          [
            -87.0909433,
            30.4904048
          ],
          [
            -87.0909432,
            30.4904049
          ],
          [
            -87.0909422,
            30.4904057
          ],
          [
            -87.0909422,
            30.4904057
          ],
          [
            -87.0909422,
            30.4904057
          ],
          [
            -87.0909422,
            30.4904057
          ],
          [
            -87.0909422,
            30.4904057
          ],
          [
            -87.0909398,
            30.490404
          ],
          [
            -87.090941,
            30.4904051
          ],
          [
            -87.0909401,
            30.4904055
          ],
          [
            -87.0909399,
            30.4904039
          ],
          [
            -87.0909399,
            30.4904039
          ],
          [
            -87.0909399,
            30.4904039
          ],
          [
            -87.0909454,
            30.4904066
          ],
          [
            -87.0909439,
            30.4904069
          ],
          [
            -87.090943,
            30.490407
          ],
          [
            -87.090943,
            30.490407
          ],
          [
            -87.090943,
            30.490407
          ],
          [
            -87.090943,
            30.490407
          ],
          [
            -87.090943,
            30.490407
          ],
          [
            -87.090943,
            30.490407
          ],
          [
            -87.090943,
            30.490407
          ],
          [
            -87.090943,
            30.490407
          ],
          [
            -87.090943,
            30.490407
          ],
          [
            -87.090943,
            30.490407
          ],
          [
            -87.0909412,
            30.4904059
          ],
          [
            -87.0909396,
            30.4904059
          ],
          [
            -87.0909381,
            30.4904068
          ],
          [
            -87.0909377,
            30.4904091
          ],
          [
            -87.0909377,
            30.4904091
          ],
          [
            -87.0909352,
            30.4904094
          ],
          [
            -87.0909337,
            30.4904109
          ],
          [
            -87.0909336,
            30.490411
          ],
          [
            -87.0909381,
            30.4904122
          ],
          [
            -87.0909399,
            30.4904109
          ],
          [
            -87.0909391,
            30.4904098
          ],
          [
            -87.0909391,
            30.4904098
          ],
          [
            -87.0909391,
            30.4904098
          ],
          [
            -87.0909362,
            30.4904084
          ],
          [
            -87.0909362,
            30.4904084
          ],
          [
            -87.0909362,
            30.4904084
          ],
          [
            -87.0909362,
            30.4904084
          ],
          [
            -87.0909362,
            30.4904084
          ],
          [
            -87.0909362,
            30.4904084
          ],
          [
            -87.0909362,
            30.4904084
          ],
          [
            -87.0909362,
            30.4904084
          ],
          [
            -87.0909362,
            30.4904084
          ],
          [
            -87.0909362,
            30.4904084
          ],
          [
            -87.0909362,
            30.4904084
          ],
          [
            -87.0909362,
            30.4904084
          ],
          [
            -87.0909473,
            30.4904224
          ],
          [
            -87.0909459,
            30.4904174
          ],
          [
            -87.0909457,
            30.4904172
          ],
          [
            -87.0909457,
            30.4904172
          ],
          [
            -87.0909457,
            30.4904172
          ],
          [
            -87.0909457,
            30.4904172
          ],
          [
            -87.0909457,
            30.4904172
          ],
          [
            -87.0909422,
            30.4904152
          ],
          [
            -87.0909414,
            30.490415
          ],
          [
            -87.0909414,
            30.490415
          ],
          [
            -87.0909414,
            30.490415
          ],
          [
            -87.0909414,
            30.490415
          ],
          [
            -87.0909414,
            30.490415
          ],
          [
            -87.0909414,
            30.490415
          ],
          [
            -87.0909414,
            30.490415
          ],
          [
            -87.0909414,
            30.490415
          ],
          [
            -87.0909414,
            30.490415
          ],
          [
            -87.0909414,
            30.490415
          ],
          [
            -87.0909414,
            30.490415
          ],
          [
            -87.0909414,
            30.490415
          ],
          [
            -87.0909414,
            30.490415
          ],
          [
            -87.0909414,
            30.490415
          ],
          [
            -87.0909397,
            30.4904124
          ],
          [
            -87.0909388,
            30.4904097
          ],
          [
            -87.0909399,
            30.4904116
          ],
          [
            -87.0909396,
            30.4904116
          ],
          [
            -87.0909407,
            30.4904105
          ],
          [
            -87.0909406,
            30.4904093
          ],
          [
            -87.0909391,
            30.4904066
          ],
          [
            -87.0909391,
            30.4904066
          ],
          [
            -87.0909525,
            30.4904134
          ],
          [
            -87.0909479,
            30.4904109
          ],
          [
            -87.090939,
            30.4904054
          ],
          [
            -87.0909395,
            30.4904054
          ],
          [
            -87.0909406,
            30.4904045
          ],
          [
            -87.0909406,
            30.4904045
          ],
          [
            -87.0909406,
            30.4904045
          ],
          [
            -87.0909406,
            30.4904045
          ],
          [
            -87.0909406,
            30.4904045
          ],
          [
            -87.0909406,
            30.4904045
          ],
          [
            -87.0909406,
            30.4904045
          ],
          [
            -87.0909483,
            30.4904155
          ],
          [
            -87.0909489,
            30.4904189
          ],
          [
            -87.090946,
            30.490418
          ],
          [
            -87.0909476,
            30.4904182
          ],
          [
            -87.0909439,
            30.4904165
          ],
          [
            -87.0909401,
            30.4904122
          ],
          [
            -87.0909398,
            30.4904121
          ],
          [
            -87.0909398,
            30.4904121
          ],
          [
            -87.0909398,
            30.4904121
          ],
          [
            -87.0909398,
            30.4904121
          ],
          [
            -87.0909398,
            30.4904121
          ],
          [
            -87.0909398,
            30.4904121
          ],
          [
            -87.0909398,
            30.4904121
          ],
          [
            -87.0909398,
            30.4904121
          ],
          [
            -87.0909398,
            30.4904121
          ],
          [
            -87.0909398,
            30.4904121
          ],
          [
            -87.0909398,
            30.4904121
          ],
          [
            -87.0909398,
            30.4904121
          ],
          [
            -87.0909398,
            30.4904121
          ],
          [
            -87.0909398,
            30.4904121
          ],
          [
            -87.0909338,
            30.4903892
          ],
          [
            -87.0909338,
            30.4903892
          ],
          [
            -87.0909338,
            30.4903892
          ],
          [
            -87.0909338,
            30.4903892
          ],
          [
            -87.0909338,
            30.4903892
          ],
          [
            -87.0909338,
            30.4903892
          ],
          [
            -87.0909338,
            30.4903892
          ],
          [
            -87.0909338,
            30.4903892
          ],
          [
            -87.0909299,
            30.4903941
          ],
          [
            -87.0909276,
            30.4903929
          ],
          [
            -87.0909253,
            30.4903977
          ],
          [
            -87.0909279,
            30.4904007
          ],
          [
            -87.090928,
            30.4904016
          ],
          [
            -87.090928,
            30.4904016
          ],
          [
            -87.090928,
            30.4904016
          ],
          [
            -87.090928,
            30.4904016
          ],
          [
            -87.090928,
            30.4904016
          ],
          [
            -87.090928,
            30.4904016
          ],
          [
            -87.090928,
            30.4904016
          ],
          [
            -87.090928,
            30.4904016
          ],
          [
            -87.090928,
            30.4904016
          ],
          [
            -87.090928,
            30.4904016
          ],
          [
            -87.090928,
            30.4904016
          ],
          [
            -87.090928,
            30.4904016
          ],
          [
            -87.090928,
            30.4904016
          ],
          [
            -87.090928,
            30.4904016
          ],
          [
            -87.090928,
            30.4904016
          ],
          [
            -87.090928,
            30.4904016
          ],
          [
            -87.090928,
            30.4904016
          ],
          [
            -87.090928,
            30.4904016
          ],
          [
            -87.090928,
            30.4904016
          ],
          [
            -87.090928,
            30.4904016
          ],
          [
            -87.090928,
            30.4904016
          ],
          [
            -87.090928,
            30.4904016
          ],
          [
            -87.0909365,
            30.4904145
          ],
          [
            -87.0909363,
            30.4904143
          ],
          [
            -87.0909363,
            30.4904143
          ],
          [
            -87.0909387,
            30.4904152
          ],
          [
            -87.0909385,
            30.4904151
          ],
          [
            -87.0909385,
            30.4904151
          ],
          [
            -87.0909385,
            30.4904151
          ],
          [
            -87.0909385,
            30.4904151
          ],
          [
            -87.0909385,
            30.4904151
          ],
          [
            -87.0909385,
            30.4904151
          ],
          [
            -87.0909385,
            30.4904151
          ],
          [
            -87.0909385,
            30.4904151
          ],
          [
            -87.0909385,
            30.4904151
          ],
          [
            -87.0909385,
            30.4904151
          ],
          [
            -87.0909385,
            30.4904151
          ],
          [
            -87.0909739,
            30.4904227
          ],
          [
            -87.0909614,
            30.4904253
          ],
          [
            -87.0909598,
            30.4904243
          ],
          [
            -87.0909598,
            30.4904243
          ],
          [
            -87.0909511,
            30.4904216
          ],
          [
            -87.0909511,
            30.4904216
          ],
          [
            -87.0909488,
            30.4904208
          ],
          [
            -87.0909487,
            30.4904206
          ],
          [
            -87.0909487,
            30.4904206
          ],
          [
            -87.0909487,
            30.4904206
          ],
          [
            -87.0909487,
            30.4904206
          ],
          [
            -87.0909487,
            30.4904206
          ],
          [
            -87.0909487,
            30.4904206
          ],
          [
            -87.0909487,
            30.4904206
          ],
          [
            -87.0909487,
            30.4904206
          ],
          [
            -87.0909487,
            30.4904206
          ],
          [
            -87.0909487,
            30.4904206
          ],
          [
            -87.0909487,
            30.4904206
          ],
          [
            -87.0909487,
            30.4904206
          ],
          [
            -87.0909487,
            30.4904206
          ],
          [
            -87.0909487,
            30.4904206
          ],
          [
            -87.0909487,
            30.4904206
          ],
          [
            -87.0909487,
            30.4904206
          ],
          [
            -87.0909487,
            30.4904206
          ],
          [
            -87.0909487,
            30.4904206
          ],
          [
            -87.0909487,
            30.4904206
          ],
          [
            -87.0909487,
            30.4904206
          ],
          [
            -87.0909487,
            30.4904206
          ],
          [
            -87.0909487,
            30.4904206
          ],
          [
            -87.0909487,
            30.4904206
          ],
          [
            -87.0909487,
            30.4904206
          ],
          [
            -87.090933,
            30.4904123
          ],
          [
            -87.0909337,
            30.4904136
          ],
          [
            -87.0909337,
            30.4904136
          ],
          [
            -87.0909363,
            30.490412
          ],
          [
            -87.0909368,
            30.4904121
          ],
          [
            -87.0909363,
            30.4904107
          ],
          [
            -87.0909361,
            30.4904105
          ],
          [
            -87.0909361,
            30.4904105
          ],
          [
            -87.0909361,
            30.4904105
          ],
          [
            -87.0909361,
            30.4904105
          ],
          [
            -87.0909361,
            30.4904105
          ],
          [
            -87.0909361,
            30.4904105
          ],
          [
            -87.0909361,
            30.4904105
          ],
          [
            -87.0909361,
            30.4904105
          ],
          [
            -87.0909426,
            30.4904039
          ],
          [
            -87.0909426,
            30.4904037
          ],
          [
            -87.0909426,
            30.4904037
          ],
          [
            -87.0909414,
            30.4904023
          ],
          [
            -87.0909408,
            30.4904036
          ],
          [
            -87.0909404,
            30.4904039
          ],
          [
            -87.0909416,
            30.4904066
          ],
          [
            -87.0909426,
            30.490406
          ],
          [
            -87.0909512,
            30.4904067
          ],
          [
            -87.090958,
            30.4904048
          ],
          [
            -87.0909698,
            30.490407
          ],
          [
            -87.0909829,
            30.490397
          ],
          [
            -87.0909912,
            30.4903953
          ],
          [
            -87.0910048,
            30.4903929
          ],
          [
            -87.0910129,
            30.4903953
          ],
          [
            -87.0910323,
            30.4903871
          ],
          [
            -87.0910453,
            30.4903779
          ],
          [
            -87.0910559,
            30.4903706
          ],
          [
            -87.091071,
            30.4903641
          ],
          [
            -87.0910821,
            30.4903605
          ],
          [
            -87.0910874,
            30.4903542
          ],
          [
            -87.0910814,
            30.4903571
          ],
          [
            -87.0910799,
            30.4903565
          ],
          [
            -87.0910812,
            30.4903586
          ],
          [
            -87.0910813,
            30.490359
          ],
          [
            -87.0910823,
            30.4903603
          ],
          [
            -87.0910742,
            30.4903564
          ],
          [
            -87.0910742,
            30.4903489
          ],
          [
            -87.091083,
            30.4903501
          ],
          [
            -87.0910764,
            30.4903533
          ],
          [
            -87.0910744,
            30.4903524
          ],
          [
            -87.0910718,
            30.4903476
          ],
          [
            -87.0910711,
            30.4903485
          ],
          [
            -87.0910711,
            30.4903485
          ],
          [
            -87.0910711,
            30.4903485
          ],
          [
            -87.0910675,
            30.4903444
          ],
          [
            -87.0910629,
            30.4903468
          ],
          [
            -87.0910627,
            30.490347
          ],
          [
            -87.0910627,
            30.490347
          ],
          [
            -87.0910646,
            30.4903469
          ],
          [
            -87.0910644,
            30.4903471
          ],
          [
            -87.0910644,
            30.4903471
          ],
          [
            -87.0910644,
            30.4903471
          ],
          [
            -87.0910639,
            30.4903468
          ],
          [
            -87.0910678,
            30.4903429
          ],
          [
            -87.0910684,
            30.4903426
          ],
          [
            -87.0910669,
            30.4903438
          ],
          [
            -87.0910688,
            30.4903438
          ],
          [
            -87.0910837,
            30.4903422
          ],
          [
            -87.0910974,
            30.4903386
          ],
          [
            -87.0911128,
            30.4903362
          ],
          [
            -87.0911226,
            30.4903314
          ],
          [
            -87.0911382,
            30.4903251
          ],
          [
            -87.0911497,
            30.4903189
          ],
          [
            -87.0911625,
            30.4903127
          ],
          [
            -87.0911766,
            30.4903077
          ],
          [
            -87.0911905,
            30.4902988
          ],
          [
            -87.0911985,
            30.4902906
          ],
          [
            -87.0912013,
            30.4902864
          ],
          [
            -87.0912107,
            30.4902816
          ],
          [
            -87.0912171,
            30.4902766
          ],
          [
            -87.0912257,
            30.4902743
          ],
          [
            -87.0912304,
            30.4902727
          ],
          [
            -87.0912373,
            30.4902689
          ],
          [
            -87.0912464,
            30.4902637
          ],
          [
            -87.091254,
            30.4902632
          ],
          [
            -87.0912513,
            30.4902594
          ],
          [
            -87.0912454,
            30.4902611
          ],
          [
            -87.0912423,
            30.4902623
          ],
          [
            -87.0912363,
            30.4902641
          ],
          [
            -87.091227,
            30.4902684
          ],
          [
            -87.0912209,
            30.4902715
          ],
          [
            -87.0912269,
            30.4902708
          ],
          [
            -87.0912186,
            30.4902722
          ],
          [
            -87.0912157,
            30.4902715
          ],
          [
            -87.0912142,
            30.4902707
          ],
          [
            -87.0912077,
            30.4902729
          ],
          [
            -87.0912034,
            30.4902759
          ],
          [
            -87.0912015,
            30.490277
          ],
          [
            -87.0911993,
            30.4902786
          ],
          [
            -87.0911982,
            30.4902803
          ],
          [
            -87.0911982,
            30.4902803
          ],
          [
            -87.0911982,
            30.4902803
          ],
          [
            -87.0911982,
            30.4902803
          ],
          [
            -87.0911982,
            30.4902803
          ],
          [
            -87.0911982,
            30.4902803
          ],
          [
            -87.0911982,
            30.4902803
          ],
          [
            -87.0911982,
            30.4902803
          ],
          [
            -87.0911982,
            30.4902803
          ],
          [
            -87.0911982,
            30.4902803
          ],
          [
            -87.0911982,
            30.4902803
          ],
          [
            -87.0911982,
            30.4902803
          ],
          [
            -87.0911982,
            30.4902803
          ],
          [
            -87.0911982,
            30.4902803
          ],
          [
            -87.0911982,
            30.4902803
          ],
          [
            -87.0911982,
            30.4902803
          ],
          [
            -87.0911982,
            30.4902803
          ],
          [
            -87.0911982,
            30.4902803
          ],
          [
            -87.0911982,
            30.4902803
          ],
          [
            -87.0911982,
            30.4902803
          ],
          [
            -87.0911982,
            30.4902803
          ],
          [
            -87.0911982,
            30.4902803
          ],
          [
            -87.0911982,
            30.4902803
          ],
          [
            -87.0911982,
            30.4902803
          ],
          [
            -87.0911982,
            30.4902803
          ],
          [
            -87.0911982,
            30.4902803
          ],
          [
            -87.0911982,
            30.4902803
          ],
          [
            -87.0911982,
            30.4902803
          ],
          [
            -87.0911982,
            30.4902803
          ],
          [
            -87.0911982,
            30.4902803
          ],
          [
            -87.0911967,
            30.4902929
          ],
          [
            -87.0911964,
            30.4902901
          ],
          [
            -87.0911932,
            30.490283
          ],
          [
            -87.0911901,
            30.4902789
          ],
          [
            -87.0911869,
            30.4902743
          ],
          [
            -87.0911851,
            30.4902721
          ],
          [
            -87.0911837,
            30.4902671
          ],
          [
            -87.0911786,
            30.4902619
          ],
          [
            -87.091174,
            30.4902611
          ],
          [
            -87.0911801,
            30.4902646
          ],
          [
            -87.091182,
            30.4902614
          ],
          [
            -87.091183,
            30.4902605
          ],
          [
            -87.0911822,
            30.4902614
          ],
          [
            -87.0911792,
            30.4902591
          ],
          [
            -87.0911822,
            30.4902567
          ],
          [
            -87.091181,
            30.4902559
          ],
          [
            -87.0911827,
            30.4902567
          ],
          [
            -87.0911839,
            30.490255
          ],
          [
            -87.0911805,
            30.4902612
          ],
          [
            -87.0911866,
            30.4902633
          ],
          [
            -87.0911841,
            30.4902553
          ],
          [
            -87.0911847,
            30.4902452
          ],
          [
            -87.0911911,
            30.4902453
          ],
          [
            -87.0911933,
            30.4902331
          ],
          [
            -87.0911918,
            30.4902256
          ],
          [
            -87.0911904,
            30.4902286
          ],
          [
            -87.091187,
            30.4902179
          ],
          [
            -87.0911813,
            30.490214
          ],
          [
            -87.09118,
            30.4902173
          ],
          [
            -87.0911749,
            30.4902116
          ],
          [
            -87.0911703,
            30.490208
          ],
          [
            -87.0911697,
            30.4902132
          ],
          [
            -87.0911711,
            30.4902115
          ],
          [
            -87.0911698,
            30.490214
          ],
          [
            -87.0911738,
            30.4902118
          ],
          [
            -87.0911747,
            30.4902113
          ],
          [
            -87.0911748,
            30.4902071
          ],
          [
            -87.0911759,
            30.4902097
          ],
          [
            -87.0911764,
            30.4902102
          ],
          [
            -87.0911764,
            30.4902102
          ],
          [
            -87.0911764,
            30.4902102
          ],
          [
            -87.0911764,
            30.4902102
          ],
          [
            -87.0911764,
            30.4902102
          ],
          [
            -87.0911764,
            30.4902102
          ],
          [
            -87.0911764,
            30.4902102
          ],
          [
            -87.0911764,
            30.4902102
          ],
          [
            -87.0911764,
            30.4902102
          ],
          [
            -87.0911764,
            30.4902102
          ],
          [
            -87.0911764,
            30.4902102
          ],
          [
            -87.0911705,
            30.4902237
          ],
          [
            -87.0911747,
            30.4902197
          ],
          [
            -87.0911721,
            30.4902147
          ],
          [
            -87.0911767,
            30.4902153
          ],
          [
            -87.0911759,
            30.4902077
          ],
          [
            -87.0911781,
            30.4902056
          ],
          [
            -87.0911755,
            30.4901998
          ],
          [
            -87.0911739,
            30.4901997
          ],
          [
            -87.0911718,
            30.4901956
          ],
          [
            -87.0911728,
            30.4901937
          ],
          [
            -87.091173,
            30.4901936
          ],
          [
            -87.0911731,
            30.4901888
          ],
          [
            -87.0911702,
            30.4901836
          ],
          [
            -87.0911778,
            30.4901811
          ],
          [
            -87.0911752,
            30.490183
          ],
          [
            -87.0911741,
            30.4901799
          ],
          [
            -87.0911808,
            30.4901801
          ],
          [
            -87.0911807,
            30.4901839
          ],
          [
            -87.0911804,
            30.4901882
          ],
          [
            -87.0911807,
            30.4901936
          ],
          [
            -87.0911782,
            30.4901954
          ],
          [
            -87.091176,
            30.4901988
          ],
          [
            -87.0911692,
            30.4901978
          ],
          [
            -87.091165,
            30.4901957
          ],
          [
            -87.0911643,
            30.4901957
          ],
          [
            -87.0911583,
            30.4901892
          ]
        ]
      },
      "properties": {
        "inspection_date": "2026-08-04",
        "segment": 2,
        "information_class": "CAPTURED_BY_DEVICE",
        "warning": "PHONE GPS \u2014 NOT A SURVEY"
      }
    },
    {
      "type": "Feature",
      "geometry": {
        "type": "LineString",
        "coordinates": [
          [
            -87.0910452,
            30.4903159
          ],
          [
            -87.0911071,
            30.4901716
          ],
          [
            -87.0910738,
            30.4901069
          ],
          [
            -87.0910638,
            30.4900984
          ],
          [
            -87.0910429,
            30.4901032
          ],
          [
            -87.0910373,
            30.4900811
          ],
          [
            -87.091035,
            30.4900794
          ],
          [
            -87.0910341,
            30.4900848
          ],
          [
            -87.0910358,
            30.490083
          ],
          [
            -87.0910294,
            30.4900892
          ],
          [
            -87.0910292,
            30.4900881
          ],
          [
            -87.0910268,
            30.4900901
          ],
          [
            -87.0910267,
            30.4900901
          ],
          [
            -87.0910311,
            30.4900931
          ],
          [
            -87.0910333,
            30.4900934
          ],
          [
            -87.0910377,
            30.4900975
          ],
          [
            -87.091037,
            30.4900987
          ],
          [
            -87.0910319,
            30.4901023
          ],
          [
            -87.0910216,
            30.490106
          ],
          [
            -87.0910114,
            30.4901059
          ],
          [
            -87.0910124,
            30.4900986
          ],
          [
            -87.0910093,
            30.4900951
          ],
          [
            -87.0910093,
            30.4900951
          ],
          [
            -87.091011,
            30.4900927
          ],
          [
            -87.09101,
            30.4900916
          ],
          [
            -87.0910092,
            30.4900906
          ],
          [
            -87.0910095,
            30.4900907
          ],
          [
            -87.0910169,
            30.4900942
          ],
          [
            -87.0910204,
            30.4900946
          ],
          [
            -87.0910232,
            30.4900934
          ],
          [
            -87.0910244,
            30.4900926
          ],
          [
            -87.0910253,
            30.4900921
          ],
          [
            -87.0910261,
            30.4900919
          ],
          [
            -87.0910583,
            30.4900893
          ],
          [
            -87.0910299,
            30.4900922
          ],
          [
            -87.0910319,
            30.4900922
          ],
          [
            -87.0910348,
            30.4900925
          ],
          [
            -87.0910356,
            30.4900926
          ],
          [
            -87.0910366,
            30.4900927
          ],
          [
            -87.0910372,
            30.490093
          ],
          [
            -87.0910387,
            30.4900933
          ],
          [
            -87.0910403,
            30.4900934
          ],
          [
            -87.09104,
            30.4900932
          ],
          [
            -87.0910401,
            30.4900931
          ],
          [
            -87.0910403,
            30.4900931
          ],
          [
            -87.0910404,
            30.4900933
          ],
          [
            -87.09108,
            30.4900919
          ],
          [
            -87.091083,
            30.4900949
          ],
          [
            -87.0910858,
            30.4900893
          ],
          [
            -87.0910889,
            30.4900848
          ],
          [
            -87.0910891,
            30.4900929
          ],
          [
            -87.0910939,
            30.4900894
          ],
          [
            -87.0910811,
            30.4900918
          ],
          [
            -87.0910727,
            30.4900893
          ],
          [
            -87.0910662,
            30.490094
          ],
          [
            -87.0910629,
            30.4900944
          ],
          [
            -87.0910611,
            30.4900922
          ],
          [
            -87.0910527,
            30.4900934
          ],
          [
            -87.0910525,
            30.4900932
          ],
          [
            -87.0910516,
            30.4900954
          ],
          [
            -87.091049,
            30.4900946
          ],
          [
            -87.091048,
            30.4900921
          ],
          [
            -87.0910462,
            30.4900926
          ],
          [
            -87.0910492,
            30.4900912
          ],
          [
            -87.0910494,
            30.4900916
          ],
          [
            -87.0910504,
            30.4900903
          ],
          [
            -87.0910508,
            30.4900877
          ],
          [
            -87.0910507,
            30.4900869
          ],
          [
            -87.0910512,
            30.490087
          ],
          [
            -87.0910517,
            30.4900869
          ],
          [
            -87.0910524,
            30.4900857
          ],
          [
            -87.0910522,
            30.4900843
          ],
          [
            -87.0910521,
            30.4900844
          ],
          [
            -87.0910525,
            30.490085
          ],
          [
            -87.091052,
            30.4900851
          ],
          [
            -87.0910522,
            30.4900852
          ],
          [
            -87.0910529,
            30.4900847
          ],
          [
            -87.0910526,
            30.4900846
          ],
          [
            -87.0910531,
            30.4900855
          ],
          [
            -87.0910537,
            30.4900856
          ],
          [
            -87.0910537,
            30.4900866
          ],
          [
            -87.0910535,
            30.4900867
          ],
          [
            -87.0910534,
            30.4900871
          ],
          [
            -87.0910538,
            30.4900874
          ],
          [
            -87.0910541,
            30.4900878
          ],
          [
            -87.0910535,
            30.4900879
          ],
          [
            -87.0910527,
            30.4900879
          ],
          [
            -87.0910531,
            30.4900877
          ],
          [
            -87.0910534,
            30.4900898
          ],
          [
            -87.0910538,
            30.4900912
          ],
          [
            -87.0910539,
            30.4900912
          ],
          [
            -87.0910545,
            30.4900925
          ],
          [
            -87.0910546,
            30.4900929
          ],
          [
            -87.0910548,
            30.4900933
          ],
          [
            -87.0910554,
            30.4900931
          ],
          [
            -87.0910555,
            30.4900932
          ],
          [
            -87.0910557,
            30.4900934
          ],
          [
            -87.0910563,
            30.4900932
          ],
          [
            -87.0910561,
            30.4900926
          ],
          [
            -87.0910562,
            30.4900923
          ],
          [
            -87.0910567,
            30.4900911
          ],
          [
            -87.0910564,
            30.4900899
          ],
          [
            -87.0910558,
            30.4900887
          ],
          [
            -87.0910553,
            30.4900877
          ],
          [
            -87.0910553,
            30.4900876
          ],
          [
            -87.0910554,
            30.4900874
          ],
          [
            -87.0910553,
            30.4900874
          ],
          [
            -87.0910547,
            30.490086
          ],
          [
            -87.0910551,
            30.4900861
          ],
          [
            -87.0910547,
            30.4900848
          ],
          [
            -87.0910544,
            30.4900839
          ],
          [
            -87.0910541,
            30.4900839
          ],
          [
            -87.091054,
            30.4900837
          ],
          [
            -87.0910532,
            30.4900826
          ],
          [
            -87.0910526,
            30.4900817
          ],
          [
            -87.0910519,
            30.4900811
          ],
          [
            -87.0910519,
            30.4900811
          ],
          [
            -87.0910521,
            30.4900812
          ],
          [
            -87.0910519,
            30.4900811
          ],
          [
            -87.0910515,
            30.4900807
          ],
          [
            -87.091051,
            30.4900802
          ],
          [
            -87.0910505,
            30.49008
          ],
          [
            -87.0910501,
            30.4900798
          ],
          [
            -87.0910497,
            30.4900796
          ],
          [
            -87.0910498,
            30.4900794
          ],
          [
            -87.0910497,
            30.4900792
          ],
          [
            -87.0910491,
            30.4900785
          ],
          [
            -87.0910484,
            30.4900779
          ],
          [
            -87.091048,
            30.4900775
          ],
          [
            -87.0910476,
            30.4900773
          ],
          [
            -87.0910475,
            30.4900773
          ],
          [
            -87.0910475,
            30.4900772
          ],
          [
            -87.0910276,
            30.4900719
          ],
          [
            -87.0910326,
            30.4900598
          ],
          [
            -87.0910164,
            30.4900658
          ],
          [
            -87.091029,
            30.490061
          ],
          [
            -87.0910348,
            30.4900652
          ],
          [
            -87.091039,
            30.4900735
          ],
          [
            -87.091041,
            30.4900815
          ],
          [
            -87.0910424,
            30.4900808
          ],
          [
            -87.0910392,
            30.4900857
          ],
          [
            -87.0910437,
            30.4900967
          ],
          [
            -87.0910473,
            30.490097
          ],
          [
            -87.091049,
            30.490096
          ],
          [
            -87.091049,
            30.4900959
          ],
          [
            -87.0910489,
            30.4900958
          ],
          [
            -87.0910504,
            30.4900986
          ],
          [
            -87.0910474,
            30.4900985
          ],
          [
            -87.0910474,
            30.4900984
          ],
          [
            -87.091043,
            30.4900972
          ],
          [
            -87.091042,
            30.490097
          ],
          [
            -87.0910397,
            30.4900909
          ],
          [
            -87.0910421,
            30.4900911
          ],
          [
            -87.0910451,
            30.490081
          ],
          [
            -87.0910427,
            30.4900757
          ],
          [
            -87.0910444,
            30.4900675
          ],
          [
            -87.0910382,
            30.4900686
          ],
          [
            -87.0910302,
            30.490074
          ],
          [
            -87.0910289,
            30.4900738
          ],
          [
            -87.0910365,
            30.4900728
          ],
          [
            -87.0910378,
            30.4900712
          ],
          [
            -87.0910453,
            30.4900713
          ],
          [
            -87.0910505,
            30.4900661
          ],
          [
            -87.0910591,
            30.4900637
          ],
          [
            -87.09106,
            30.4900631
          ],
          [
            -87.0910632,
            30.4900751
          ],
          [
            -87.0910662,
            30.49007
          ],
          [
            -87.0910665,
            30.4900705
          ],
          [
            -87.0910745,
            30.4900749
          ],
          [
            -87.0910809,
            30.4900833
          ],
          [
            -87.0910825,
            30.4900847
          ],
          [
            -87.0910708,
            30.4900807
          ],
          [
            -87.091063,
            30.4900913
          ],
          [
            -87.0910673,
            30.4900945
          ],
          [
            -87.0910661,
            30.4900993
          ],
          [
            -87.0910645,
            30.4901016
          ],
          [
            -87.0910616,
            30.4901021
          ],
          [
            -87.0910635,
            30.4901081
          ],
          [
            -87.0910585,
            30.4901067
          ],
          [
            -87.0910565,
            30.4901059
          ],
          [
            -87.091058,
            30.4901043
          ],
          [
            -87.091055,
            30.4901107
          ],
          [
            -87.0910604,
            30.4901079
          ],
          [
            -87.0910586,
            30.4901108
          ],
          [
            -87.0910547,
            30.4901086
          ],
          [
            -87.0910564,
            30.4901066
          ],
          [
            -87.0910585,
            30.4901045
          ],
          [
            -87.0910553,
            30.490105
          ],
          [
            -87.0910565,
            30.4901037
          ],
          [
            -87.0910564,
            30.4901028
          ],
          [
            -87.0910563,
            30.4901037
          ],
          [
            -87.0910562,
            30.4901052
          ],
          [
            -87.0910559,
            30.4901047
          ],
          [
            -87.091057,
            30.4901064
          ],
          [
            -87.0910569,
            30.4901071
          ],
          [
            -87.0910573,
            30.4901081
          ],
          [
            -87.0910569,
            30.490109
          ],
          [
            -87.0910561,
            30.4901097
          ],
          [
            -87.0910556,
            30.4901097
          ],
          [
            -87.0910555,
            30.4901097
          ],
          [
            -87.0910555,
            30.4901097
          ],
          [
            -87.0910541,
            30.4901086
          ],
          [
            -87.0910541,
            30.4901086
          ],
          [
            -87.0910539,
            30.4901094
          ],
          [
            -87.0910538,
            30.4901094
          ],
          [
            -87.0910538,
            30.4901094
          ],
          [
            -87.0910535,
            30.4901094
          ],
          [
            -87.0910557,
            30.4901074
          ],
          [
            -87.0910552,
            30.4901056
          ],
          [
            -87.0910552,
            30.4901056
          ],
          [
            -87.0910553,
            30.490105
          ],
          [
            -87.0910548,
            30.4901047
          ],
          [
            -87.0910527,
            30.4900902
          ],
          [
            -87.0910494,
            30.4900926
          ],
          [
            -87.0910529,
            30.4900868
          ],
          [
            -87.0910553,
            30.4900903
          ],
          [
            -87.0910603,
            30.4900913
          ],
          [
            -87.0910666,
            30.4900959
          ],
          [
            -87.091068,
            30.4900901
          ],
          [
            -87.0910668,
            30.4900863
          ],
          [
            -87.0910729,
            30.4900913
          ],
          [
            -87.0910676,
            30.4900965
          ],
          [
            -87.0910603,
            30.4900996
          ],
          [
            -87.0910522,
            30.4901025
          ],
          [
            -87.0910518,
            30.4901024
          ],
          [
            -87.0910486,
            30.4901072
          ],
          [
            -87.0910517,
            30.4901105
          ],
          [
            -87.0910517,
            30.4901105
          ],
          [
            -87.0910547,
            30.4901052
          ],
          [
            -87.0910546,
            30.4901052
          ],
          [
            -87.0910541,
            30.4901062
          ],
          [
            -87.0910537,
            30.4901069
          ],
          [
            -87.0910534,
            30.4901074
          ],
          [
            -87.0910534,
            30.4901074
          ],
          [
            -87.0910532,
            30.4901077
          ],
          [
            -87.0910517,
            30.4901105
          ],
          [
            -87.0910517,
            30.4901105
          ],
          [
            -87.0910517,
            30.4901105
          ],
          [
            -87.091025,
            30.4901406
          ],
          [
            -87.091025,
            30.4901406
          ],
          [
            -87.091025,
            30.4901406
          ],
          [
            -87.091025,
            30.4901406
          ],
          [
            -87.091025,
            30.4901406
          ],
          [
            -87.091025,
            30.4901406
          ],
          [
            -87.091025,
            30.4901406
          ],
          [
            -87.091025,
            30.4901406
          ],
          [
            -87.0910127,
            30.4901231
          ],
          [
            -87.0910131,
            30.4901232
          ],
          [
            -87.0910094,
            30.4901206
          ],
          [
            -87.0910097,
            30.490121
          ],
          [
            -87.0910097,
            30.490121
          ],
          [
            -87.0910097,
            30.490121
          ],
          [
            -87.0910097,
            30.490121
          ],
          [
            -87.0910097,
            30.490121
          ],
          [
            -87.0910097,
            30.490121
          ],
          [
            -87.0910097,
            30.490121
          ],
          [
            -87.0910097,
            30.490121
          ],
          [
            -87.0910097,
            30.490121
          ],
          [
            -87.0910097,
            30.490121
          ],
          [
            -87.0910097,
            30.490121
          ],
          [
            -87.0910097,
            30.490121
          ],
          [
            -87.0910097,
            30.490121
          ],
          [
            -87.0910097,
            30.490121
          ],
          [
            -87.0910281,
            30.4901054
          ],
          [
            -87.0910311,
            30.4901024
          ],
          [
            -87.0910312,
            30.4901027
          ],
          [
            -87.0910312,
            30.4901027
          ],
          [
            -87.0910312,
            30.4901027
          ],
          [
            -87.0910312,
            30.4901027
          ],
          [
            -87.0910312,
            30.4901027
          ],
          [
            -87.0910312,
            30.4901027
          ],
          [
            -87.0910312,
            30.4901027
          ],
          [
            -87.0910312,
            30.4901027
          ],
          [
            -87.0910312,
            30.4901027
          ],
          [
            -87.0910312,
            30.4901027
          ],
          [
            -87.0910312,
            30.4901027
          ],
          [
            -87.0910312,
            30.4901027
          ],
          [
            -87.0910312,
            30.4901027
          ],
          [
            -87.0910312,
            30.4901027
          ],
          [
            -87.0910312,
            30.4901027
          ],
          [
            -87.0910312,
            30.4901027
          ],
          [
            -87.0910227,
            30.4901092
          ],
          [
            -87.0910231,
            30.4901092
          ],
          [
            -87.0910222,
            30.4901068
          ],
          [
            -87.0910225,
            30.4901066
          ],
          [
            -87.0910246,
            30.4900974
          ],
          [
            -87.0910309,
            30.4900923
          ],
          [
            -87.0910353,
            30.4900897
          ],
          [
            -87.0910383,
            30.4900843
          ],
          [
            -87.0910404,
            30.4900835
          ],
          [
            -87.0910425,
            30.4900846
          ],
          [
            -87.0910437,
            30.4900795
          ],
          [
            -87.0910469,
            30.4900808
          ],
          [
            -87.0910453,
            30.4900766
          ],
          [
            -87.0910411,
            30.4900754
          ],
          [
            -87.0910478,
            30.4900764
          ],
          [
            -87.0910474,
            30.4900775
          ],
          [
            -87.0910519,
            30.4900687
          ],
          [
            -87.0910479,
            30.4900604
          ],
          [
            -87.091046,
            30.4900675
          ],
          [
            -87.0910459,
            30.4900704
          ],
          [
            -87.0910404,
            30.4900701
          ],
          [
            -87.09104,
            30.4900719
          ],
          [
            -87.0910431,
            30.49008
          ],
          [
            -87.0910506,
            30.4900737
          ],
          [
            -87.091056,
            30.4900702
          ],
          [
            -87.0910548,
            30.4900715
          ],
          [
            -87.0910568,
            30.4900733
          ],
          [
            -87.0910585,
            30.4900783
          ],
          [
            -87.091057,
            30.4900744
          ],
          [
            -87.0910568,
            30.4900789
          ],
          [
            -87.0910568,
            30.4900789
          ],
          [
            -87.0910676,
            30.4901041
          ],
          [
            -87.0910558,
            30.4900941
          ],
          [
            -87.0910579,
            30.4900935
          ],
          [
            -87.0910579,
            30.4900935
          ],
          [
            -87.0910579,
            30.4900935
          ],
          [
            -87.0910579,
            30.4900935
          ],
          [
            -87.0910579,
            30.4900935
          ],
          [
            -87.0910579,
            30.4900935
          ],
          [
            -87.0910579,
            30.4900935
          ],
          [
            -87.0910579,
            30.4900935
          ],
          [
            -87.0910579,
            30.4900935
          ],
          [
            -87.0910579,
            30.4900935
          ],
          [
            -87.0910579,
            30.4900935
          ],
          [
            -87.0910528,
            30.4900995
          ],
          [
            -87.0910531,
            30.4900996
          ],
          [
            -87.0910531,
            30.4900996
          ],
          [
            -87.0910578,
            30.490101
          ],
          [
            -87.0910635,
            30.4900998
          ],
          [
            -87.0910638,
            30.4900997
          ],
          [
            -87.0910638,
            30.4900997
          ],
          [
            -87.0910638,
            30.4900997
          ],
          [
            -87.0910638,
            30.4900997
          ],
          [
            -87.0910629,
            30.4900915
          ],
          [
            -87.091062,
            30.4900916
          ],
          [
            -87.0910647,
            30.490094
          ],
          [
            -87.0910669,
            30.4900966
          ],
          [
            -87.0910675,
            30.4900957
          ],
          [
            -87.0910675,
            30.4900957
          ],
          [
            -87.0910655,
            30.4900921
          ],
          [
            -87.0910647,
            30.4900902
          ],
          [
            -87.0910651,
            30.49009
          ],
          [
            -87.0910651,
            30.49009
          ],
          [
            -87.0910641,
            30.4900834
          ],
          [
            -87.0910645,
            30.4900835
          ],
          [
            -87.0910645,
            30.4900835
          ],
          [
            -87.0910702,
            30.4900796
          ],
          [
            -87.0910705,
            30.4900797
          ],
          [
            -87.0910705,
            30.4900797
          ],
          [
            -87.0910705,
            30.4900797
          ],
          [
            -87.0910705,
            30.4900797
          ],
          [
            -87.0910721,
            30.4900741
          ],
          [
            -87.0910693,
            30.490073
          ],
          [
            -87.09107,
            30.4900735
          ],
          [
            -87.0910667,
            30.4900678
          ],
          [
            -87.0910674,
            30.4900678
          ],
          [
            -87.0910674,
            30.4900678
          ],
          [
            -87.0910674,
            30.4900678
          ],
          [
            -87.0910674,
            30.4900678
          ],
          [
            -87.0910674,
            30.4900678
          ],
          [
            -87.0910674,
            30.4900678
          ],
          [
            -87.0910723,
            30.4900683
          ],
          [
            -87.0910723,
            30.4900683
          ],
          [
            -87.0910723,
            30.4900683
          ],
          [
            -87.0910817,
            30.4900622
          ],
          [
            -87.0910826,
            30.4900623
          ],
          [
            -87.0910832,
            30.4900616
          ],
          [
            -87.0910833,
            30.4900617
          ],
          [
            -87.0910833,
            30.4900617
          ],
          [
            -87.0910838,
            30.4900665
          ],
          [
            -87.0910842,
            30.4900689
          ],
          [
            -87.0910807,
            30.4900707
          ],
          [
            -87.0910773,
            30.49007
          ],
          [
            -87.0910742,
            30.4900694
          ],
          [
            -87.0910742,
            30.4900694
          ],
          [
            -87.0910693,
            30.4900739
          ],
          [
            -87.0910693,
            30.4900739
          ],
          [
            -87.0910682,
            30.4900745
          ],
          [
            -87.0910652,
            30.4900757
          ],
          [
            -87.0910642,
            30.4900774
          ],
          [
            -87.0910642,
            30.4900774
          ],
          [
            -87.0910647,
            30.4900782
          ],
          [
            -87.091064,
            30.4900786
          ],
          [
            -87.0910611,
            30.4900754
          ],
          [
            -87.0910586,
            30.4900761
          ],
          [
            -87.0910582,
            30.4900728
          ],
          [
            -87.0910643,
            30.4900745
          ],
          [
            -87.091064,
            30.4900722
          ],
          [
            -87.0910658,
            30.4900728
          ],
          [
            -87.0910696,
            30.4900728
          ],
          [
            -87.0910696,
            30.4900728
          ],
          [
            -87.0910706,
            30.4900737
          ],
          [
            -87.0910706,
            30.4900737
          ],
          [
            -87.0910706,
            30.4900737
          ],
          [
            -87.0910706,
            30.4900737
          ],
          [
            -87.0910706,
            30.4900737
          ],
          [
            -87.0910691,
            30.4900804
          ],
          [
            -87.0910691,
            30.4900804
          ],
          [
            -87.091093,
            30.4899582
          ],
          [
            -87.0911163,
            30.4899951
          ],
          [
            -87.0910782,
            30.4899835
          ],
          [
            -87.0910607,
            30.490017
          ],
          [
            -87.0910666,
            30.4900377
          ],
          [
            -87.091069,
            30.4900478
          ],
          [
            -87.0910674,
            30.4900563
          ],
          [
            -87.0910688,
            30.4900596
          ],
          [
            -87.0910679,
            30.4900614
          ],
          [
            -87.0910689,
            30.490066
          ],
          [
            -87.0910686,
            30.4900705
          ],
          [
            -87.0910652,
            30.4900787
          ],
          [
            -87.0910486,
            30.4900874
          ],
          [
            -87.0910504,
            30.4900876
          ],
          [
            -87.0910511,
            30.4900878
          ],
          [
            -87.0910511,
            30.4900878
          ]
        ]
      },
      "properties": {
        "inspection_date": "2026-08-04",
        "segment": 3,
        "information_class": "CAPTURED_BY_DEVICE",
        "warning": "PHONE GPS \u2014 NOT A SURVEY"
      }
    },
    {
      "type": "Feature",
      "geometry": {
        "type": "LineString",
        "coordinates": [
          [
            -87.0906209,
            30.4893289
          ],
          [
            -87.0906934,
            30.4893086
          ],
          [
            -87.0907359,
            30.4893129
          ],
          [
            -87.090744,
            30.4893039
          ],
          [
            -87.0907539,
            30.4893055
          ],
          [
            -87.090766,
            30.489311
          ],
          [
            -87.0907709,
            30.489307
          ],
          [
            -87.0907774,
            30.4893085
          ],
          [
            -87.0907806,
            30.4893074
          ],
          [
            -87.090782,
            30.4893066
          ],
          [
            -87.090782,
            30.4893071
          ],
          [
            -87.0907893,
            30.4893081
          ],
          [
            -87.0908039,
            30.4893147
          ],
          [
            -87.0908039,
            30.4893147
          ],
          [
            -87.0908065,
            30.4893155
          ],
          [
            -87.090811,
            30.4893133
          ],
          [
            -87.0908109,
            30.4893128
          ],
          [
            -87.0908118,
            30.4893145
          ],
          [
            -87.0908165,
            30.4893162
          ],
          [
            -87.0908203,
            30.4893171
          ],
          [
            -87.0908204,
            30.4893171
          ],
          [
            -87.0908204,
            30.4893171
          ],
          [
            -87.0908256,
            30.4893206
          ],
          [
            -87.0908257,
            30.4893209
          ],
          [
            -87.090826,
            30.4893209
          ],
          [
            -87.0908261,
            30.489321
          ],
          [
            -87.0908261,
            30.489321
          ],
          [
            -87.0908262,
            30.489321
          ],
          [
            -87.0908262,
            30.489321
          ],
          [
            -87.0908262,
            30.489321
          ],
          [
            -87.0908264,
            30.4893211
          ],
          [
            -87.0908265,
            30.4893211
          ],
          [
            -87.0908265,
            30.4893211
          ],
          [
            -87.0908499,
            30.4893285
          ],
          [
            -87.090853,
            30.489329
          ],
          [
            -87.0908538,
            30.489328
          ],
          [
            -87.0908518,
            30.4893307
          ],
          [
            -87.0908546,
            30.4893316
          ],
          [
            -87.0908546,
            30.489331
          ],
          [
            -87.0908548,
            30.4893308
          ],
          [
            -87.0908542,
            30.4893316
          ],
          [
            -87.0908555,
            30.4893317
          ],
          [
            -87.090854,
            30.4893328
          ],
          [
            -87.0908567,
            30.4893327
          ],
          [
            -87.0908564,
            30.4893314
          ],
          [
            -87.0908569,
            30.4893323
          ],
          [
            -87.0908479,
            30.4893261
          ],
          [
            -87.0908548,
            30.4893237
          ],
          [
            -87.0908724,
            30.4893156
          ],
          [
            -87.0908547,
            30.4893111
          ],
          [
            -87.0908557,
            30.4893209
          ],
          [
            -87.0908561,
            30.4893215
          ],
          [
            -87.0908567,
            30.4893318
          ],
          [
            -87.0908517,
            30.4893272
          ],
          [
            -87.0908418,
            30.4893339
          ],
          [
            -87.0908249,
            30.4893314
          ],
          [
            -87.0908153,
            30.4893307
          ],
          [
            -87.0908014,
            30.4893304
          ],
          [
            -87.0907955,
            30.4893334
          ],
          [
            -87.0907945,
            30.4893462
          ],
          [
            -87.0908047,
            30.4893603
          ],
          [
            -87.0908099,
            30.4893582
          ],
          [
            -87.0908078,
            30.4893513
          ],
          [
            -87.0908074,
            30.4893595
          ],
          [
            -87.090829,
            30.489367
          ],
          [
            -87.0908439,
            30.4893704
          ],
          [
            -87.0908588,
            30.4893673
          ],
          [
            -87.0908531,
            30.4893504
          ],
          [
            -87.0908466,
            30.4893506
          ],
          [
            -87.0908459,
            30.4893515
          ],
          [
            -87.090851,
            30.4893457
          ],
          [
            -87.0908555,
            30.4893414
          ],
          [
            -87.0908659,
            30.4893409
          ],
          [
            -87.0908702,
            30.4893411
          ],
          [
            -87.0908723,
            30.4893387
          ],
          [
            -87.0908777,
            30.4893373
          ],
          [
            -87.0908793,
            30.4893358
          ],
          [
            -87.0908832,
            30.4893343
          ],
          [
            -87.0908794,
            30.4893312
          ],
          [
            -87.0908839,
            30.489328
          ],
          [
            -87.0908851,
            30.4893293
          ],
          [
            -87.0908815,
            30.4893279
          ],
          [
            -87.0908799,
            30.489331
          ],
          [
            -87.0908715,
            30.4893326
          ],
          [
            -87.0908751,
            30.4893339
          ],
          [
            -87.0908729,
            30.4893375
          ],
          [
            -87.0908707,
            30.4893333
          ],
          [
            -87.090869,
            30.4893357
          ],
          [
            -87.0908683,
            30.4893354
          ],
          [
            -87.090872,
            30.4893347
          ],
          [
            -87.0908729,
            30.4893313
          ],
          [
            -87.0908724,
            30.4893307
          ],
          [
            -87.0908727,
            30.4893276
          ],
          [
            -87.0908749,
            30.4893254
          ],
          [
            -87.0908755,
            30.4893262
          ],
          [
            -87.0908758,
            30.4893302
          ],
          [
            -87.0908826,
            30.4893164
          ],
          [
            -87.0908929,
            30.4893259
          ],
          [
            -87.0908885,
            30.4893337
          ],
          [
            -87.0908914,
            30.4893337
          ],
          [
            -87.0908923,
            30.4893354
          ],
          [
            -87.0908894,
            30.4893316
          ],
          [
            -87.090892,
            30.4893338
          ],
          [
            -87.0908948,
            30.4893364
          ],
          [
            -87.0908983,
            30.4893357
          ],
          [
            -87.0908943,
            30.4893387
          ],
          [
            -87.0908909,
            30.4893412
          ],
          [
            -87.0908923,
            30.4893427
          ],
          [
            -87.0908942,
            30.4893437
          ],
          [
            -87.0908948,
            30.4893451
          ],
          [
            -87.0908981,
            30.4893451
          ],
          [
            -87.0909048,
            30.489345
          ],
          [
            -87.0909023,
            30.4893482
          ],
          [
            -87.0909044,
            30.4893417
          ],
          [
            -87.0909064,
            30.4893366
          ],
          [
            -87.0909093,
            30.4893298
          ],
          [
            -87.0909042,
            30.4893252
          ],
          [
            -87.0909021,
            30.48933
          ],
          [
            -87.0909054,
            30.489339
          ],
          [
            -87.0909018,
            30.4893423
          ],
          [
            -87.0908939,
            30.4893448
          ],
          [
            -87.0908916,
            30.4893451
          ],
          [
            -87.0908884,
            30.4893392
          ],
          [
            -87.0908872,
            30.4893392
          ],
          [
            -87.0908832,
            30.489332
          ],
          [
            -87.09088,
            30.4893317
          ],
          [
            -87.0908807,
            30.4893285
          ],
          [
            -87.0908817,
            30.4893281
          ],
          [
            -87.090883,
            30.4893137
          ],
          [
            -87.0908837,
            30.4893086
          ],
          [
            -87.0908879,
            30.4893017
          ],
          [
            -87.0908903,
            30.489286
          ],
          [
            -87.090895,
            30.4892795
          ],
          [
            -87.0908923,
            30.4892717
          ],
          [
            -87.0908937,
            30.4892571
          ],
          [
            -87.0909089,
            30.4892436
          ],
          [
            -87.0909148,
            30.4892546
          ],
          [
            -87.0909106,
            30.489251
          ],
          [
            -87.0909041,
            30.4892547
          ],
          [
            -87.0908983,
            30.489262
          ],
          [
            -87.090893,
            30.4892723
          ],
          [
            -87.090884,
            30.4892888
          ],
          [
            -87.0908829,
            30.4893057
          ],
          [
            -87.0908813,
            30.4893175
          ],
          [
            -87.090883,
            30.4893202
          ],
          [
            -87.0908849,
            30.4893248
          ],
          [
            -87.0908921,
            30.489326
          ],
          [
            -87.0908938,
            30.4893321
          ],
          [
            -87.090893,
            30.4893388
          ],
          [
            -87.0908909,
            30.489342
          ],
          [
            -87.0908909,
            30.4893421
          ],
          [
            -87.0908905,
            30.4893418
          ],
          [
            -87.090891,
            30.4893408
          ],
          [
            -87.0908909,
            30.4893415
          ],
          [
            -87.0908924,
            30.4893389
          ],
          [
            -87.0908929,
            30.4893394
          ],
          [
            -87.0908928,
            30.4893358
          ],
          [
            -87.0908948,
            30.4893365
          ],
          [
            -87.0909025,
            30.4893368
          ],
          [
            -87.0908932,
            30.4893411
          ],
          [
            -87.0908864,
            30.4893398
          ],
          [
            -87.090888,
            30.4893405
          ],
          [
            -87.0908836,
            30.4893409
          ],
          [
            -87.0908829,
            30.4893438
          ],
          [
            -87.0908801,
            30.4893444
          ],
          [
            -87.0908745,
            30.4893444
          ],
          [
            -87.0908729,
            30.4893375
          ],
          [
            -87.0908696,
            30.4893391
          ],
          [
            -87.0908685,
            30.489333
          ],
          [
            -87.0908696,
            30.4893369
          ],
          [
            -87.0908735,
            30.4893403
          ],
          [
            -87.0908737,
            30.4893354
          ],
          [
            -87.0908756,
            30.4893337
          ],
          [
            -87.0908757,
            30.4893344
          ],
          [
            -87.0908771,
            30.4893329
          ],
          [
            -87.0908778,
            30.4893309
          ],
          [
            -87.0908815,
            30.4893303
          ],
          [
            -87.0908747,
            30.4893297
          ],
          [
            -87.0908731,
            30.48933
          ],
          [
            -87.0908681,
            30.4893324
          ],
          [
            -87.0908681,
            30.4893324
          ],
          [
            -87.0908681,
            30.4893324
          ],
          [
            -87.0908702,
            30.4893279
          ],
          [
            -87.0908703,
            30.489328
          ],
          [
            -87.0908703,
            30.489328
          ],
          [
            -87.0908717,
            30.4893288
          ],
          [
            -87.0908717,
            30.4893288
          ],
          [
            -87.090869,
            30.489322
          ],
          [
            -87.090887,
            30.4893062
          ],
          [
            -87.0908838,
            30.4893098
          ],
          [
            -87.0908837,
            30.4893135
          ],
          [
            -87.0908838,
            30.4893136
          ],
          [
            -87.0908858,
            30.4893083
          ],
          [
            -87.0908858,
            30.4893083
          ],
          [
            -87.0908801,
            30.4893132
          ],
          [
            -87.0908803,
            30.4893152
          ],
          [
            -87.0908829,
            30.4893186
          ],
          [
            -87.0908789,
            30.4893178
          ],
          [
            -87.0908752,
            30.4893133
          ],
          [
            -87.0908752,
            30.4893133
          ],
          [
            -87.0908716,
            30.4893186
          ],
          [
            -87.090873,
            30.4893203
          ],
          [
            -87.0908683,
            30.4893195
          ],
          [
            -87.0908693,
            30.4893248
          ],
          [
            -87.0908627,
            30.4893292
          ],
          [
            -87.0908594,
            30.4893263
          ],
          [
            -87.0908548,
            30.4893253
          ],
          [
            -87.0908548,
            30.4893253
          ],
          [
            -87.0908577,
            30.4893257
          ],
          [
            -87.0908576,
            30.4893257
          ],
          [
            -87.090862,
            30.4893213
          ],
          [
            -87.0908638,
            30.4893239
          ],
          [
            -87.0908627,
            30.4893317
          ],
          [
            -87.0908601,
            30.4893373
          ],
          [
            -87.0908601,
            30.4893376
          ],
          [
            -87.0908601,
            30.4893376
          ],
          [
            -87.0908679,
            30.4893437
          ],
          [
            -87.0908689,
            30.489344
          ],
          [
            -87.0908684,
            30.4893453
          ],
          [
            -87.0908668,
            30.4893456
          ],
          [
            -87.0908679,
            30.4893447
          ],
          [
            -87.0908636,
            30.4893469
          ],
          [
            -87.0908636,
            30.4893469
          ],
          [
            -87.0908663,
            30.489347
          ],
          [
            -87.090866,
            30.489346
          ],
          [
            -87.0908667,
            30.4893416
          ],
          [
            -87.0908667,
            30.4893416
          ],
          [
            -87.0908691,
            30.4893342
          ],
          [
            -87.0908671,
            30.4893309
          ],
          [
            -87.0908671,
            30.4893308
          ],
          [
            -87.0908671,
            30.4893308
          ],
          [
            -87.0908663,
            30.4893218
          ],
          [
            -87.0908638,
            30.4893221
          ],
          [
            -87.090861,
            30.4893199
          ],
          [
            -87.090861,
            30.4893199
          ],
          [
            -87.090861,
            30.4893199
          ],
          [
            -87.0908597,
            30.4893164
          ],
          [
            -87.0908597,
            30.4893163
          ],
          [
            -87.0908597,
            30.4893163
          ],
          [
            -87.0908597,
            30.4893163
          ],
          [
            -87.0908597,
            30.4893163
          ],
          [
            -87.0908597,
            30.4893163
          ],
          [
            -87.0908597,
            30.4893163
          ],
          [
            -87.0908597,
            30.4893163
          ],
          [
            -87.0908597,
            30.4893163
          ],
          [
            -87.0908597,
            30.4893163
          ],
          [
            -87.0908597,
            30.4893163
          ],
          [
            -87.0908597,
            30.4893163
          ],
          [
            -87.0908597,
            30.4893163
          ],
          [
            -87.0908597,
            30.4893163
          ],
          [
            -87.0908597,
            30.4893163
          ],
          [
            -87.0908597,
            30.4893163
          ],
          [
            -87.0908597,
            30.4893163
          ],
          [
            -87.0908508,
            30.489309
          ],
          [
            -87.0908514,
            30.4893068
          ],
          [
            -87.0908525,
            30.4893053
          ],
          [
            -87.0908532,
            30.4893101
          ],
          [
            -87.090856,
            30.4893112
          ],
          [
            -87.0908562,
            30.4893128
          ],
          [
            -87.0908526,
            30.4893107
          ],
          [
            -87.0908526,
            30.4893105
          ],
          [
            -87.0908526,
            30.4893105
          ],
          [
            -87.0908591,
            30.489314
          ],
          [
            -87.0908591,
            30.489314
          ],
          [
            -87.0908569,
            30.4893169
          ],
          [
            -87.0908548,
            30.4893181
          ],
          [
            -87.0908511,
            30.4893188
          ],
          [
            -87.0908482,
            30.4893212
          ],
          [
            -87.0908482,
            30.4893212
          ],
          [
            -87.090837,
            30.4893302
          ],
          [
            -87.0908385,
            30.4893339
          ],
          [
            -87.0908413,
            30.4893339
          ],
          [
            -87.0908413,
            30.4893339
          ],
          [
            -87.0908413,
            30.4893339
          ],
          [
            -87.0908413,
            30.4893339
          ],
          [
            -87.0908413,
            30.4893339
          ],
          [
            -87.0908433,
            30.4893224
          ],
          [
            -87.0908433,
            30.4893224
          ],
          [
            -87.0908411,
            30.489319
          ],
          [
            -87.09084,
            30.4893186
          ],
          [
            -87.0908389,
            30.4893247
          ],
          [
            -87.0908378,
            30.4893269
          ],
          [
            -87.0908378,
            30.4893269
          ],
          [
            -87.0908364,
            30.4893277
          ],
          [
            -87.0908364,
            30.4893277
          ],
          [
            -87.0908364,
            30.4893277
          ],
          [
            -87.0908364,
            30.4893277
          ],
          [
            -87.0908364,
            30.4893277
          ],
          [
            -87.0908338,
            30.489321
          ],
          [
            -87.0908354,
            30.4893231
          ],
          [
            -87.0908353,
            30.4893231
          ],
          [
            -87.0908353,
            30.4893231
          ],
          [
            -87.0908491,
            30.4893231
          ],
          [
            -87.0908574,
            30.4893187
          ],
          [
            -87.0908586,
            30.4893179
          ],
          [
            -87.0908586,
            30.4893179
          ],
          [
            -87.0908567,
            30.4893188
          ],
          [
            -87.0908542,
            30.4893212
          ],
          [
            -87.0908542,
            30.4893212
          ],
          [
            -87.0908542,
            30.4893212
          ],
          [
            -87.0908542,
            30.4893212
          ],
          [
            -87.0908542,
            30.4893212
          ],
          [
            -87.0908558,
            30.4893265
          ],
          [
            -87.0908536,
            30.489326
          ],
          [
            -87.0908547,
            30.4893259
          ],
          [
            -87.0908565,
            30.4893236
          ],
          [
            -87.0908524,
            30.489325
          ],
          [
            -87.0908509,
            30.4893227
          ],
          [
            -87.0908506,
            30.4893226
          ],
          [
            -87.0908506,
            30.4893226
          ],
          [
            -87.0908506,
            30.4893226
          ],
          [
            -87.0908506,
            30.4893226
          ],
          [
            -87.0908506,
            30.4893226
          ],
          [
            -87.0908506,
            30.4893226
          ],
          [
            -87.0908506,
            30.4893226
          ],
          [
            -87.0908506,
            30.4893226
          ],
          [
            -87.0908564,
            30.4893273
          ],
          [
            -87.0908564,
            30.4893273
          ],
          [
            -87.0908564,
            30.4893273
          ],
          [
            -87.0908564,
            30.4893273
          ],
          [
            -87.0908564,
            30.4893273
          ],
          [
            -87.0908564,
            30.4893273
          ],
          [
            -87.0908504,
            30.489321
          ],
          [
            -87.0908504,
            30.4893209
          ],
          [
            -87.0908532,
            30.4893234
          ],
          [
            -87.0908532,
            30.4893235
          ],
          [
            -87.0908532,
            30.4893235
          ],
          [
            -87.0908532,
            30.4893235
          ],
          [
            -87.0908532,
            30.4893235
          ],
          [
            -87.0908532,
            30.4893235
          ],
          [
            -87.0908532,
            30.4893235
          ],
          [
            -87.0908532,
            30.4893235
          ],
          [
            -87.0908732,
            30.489308
          ],
          [
            -87.0908669,
            30.4893096
          ],
          [
            -87.0908657,
            30.489311
          ],
          [
            -87.0908641,
            30.4893109
          ],
          [
            -87.0908631,
            30.4893109
          ],
          [
            -87.0908507,
            30.4893145
          ],
          [
            -87.0908492,
            30.4893154
          ],
          [
            -87.0908502,
            30.4893164
          ],
          [
            -87.0908496,
            30.4893172
          ],
          [
            -87.0908469,
            30.4893196
          ],
          [
            -87.0908485,
            30.4893204
          ],
          [
            -87.0908428,
            30.4893253
          ],
          [
            -87.0908396,
            30.4893252
          ],
          [
            -87.0908396,
            30.4893252
          ],
          [
            -87.0908399,
            30.489324
          ],
          [
            -87.0908338,
            30.4893231
          ],
          [
            -87.0908382,
            30.4893222
          ],
          [
            -87.0908364,
            30.4893231
          ],
          [
            -87.0908422,
            30.4893191
          ],
          [
            -87.090851,
            30.4893167
          ],
          [
            -87.09085,
            30.489326
          ],
          [
            -87.0908536,
            30.489324
          ],
          [
            -87.0908553,
            30.489321
          ],
          [
            -87.0908598,
            30.4893272
          ],
          [
            -87.0908648,
            30.4893287
          ],
          [
            -87.0908704,
            30.4893309
          ],
          [
            -87.0908704,
            30.4893309
          ],
          [
            -87.0908704,
            30.4893309
          ],
          [
            -87.0908745,
            30.4893317
          ],
          [
            -87.0908745,
            30.4893317
          ],
          [
            -87.0908745,
            30.4893317
          ],
          [
            -87.0908745,
            30.4893317
          ],
          [
            -87.0908745,
            30.4893317
          ],
          [
            -87.0908745,
            30.4893317
          ],
          [
            -87.0908745,
            30.4893317
          ],
          [
            -87.0908745,
            30.4893317
          ],
          [
            -87.0908745,
            30.4893317
          ],
          [
            -87.0908745,
            30.4893317
          ],
          [
            -87.0908745,
            30.4893317
          ],
          [
            -87.0908745,
            30.4893317
          ],
          [
            -87.0908745,
            30.4893317
          ],
          [
            -87.0908745,
            30.4893317
          ],
          [
            -87.0908745,
            30.4893317
          ],
          [
            -87.0908508,
            30.4893379
          ],
          [
            -87.0908508,
            30.4893385
          ],
          [
            -87.0908508,
            30.4893385
          ],
          [
            -87.0908508,
            30.4893385
          ],
          [
            -87.0908508,
            30.4893385
          ],
          [
            -87.0908504,
            30.4893339
          ],
          [
            -87.0908523,
            30.4893321
          ],
          [
            -87.0908523,
            30.489333
          ],
          [
            -87.0908528,
            30.4893336
          ],
          [
            -87.0908543,
            30.4893331
          ],
          [
            -87.0908529,
            30.4893325
          ],
          [
            -87.0908591,
            30.4892865
          ],
          [
            -87.0908591,
            30.4892865
          ]
        ]
      },
      "properties": {
        "inspection_date": "2026-08-04",
        "segment": 4,
        "information_class": "CAPTURED_BY_DEVICE",
        "warning": "PHONE GPS \u2014 NOT A SURVEY"
      }
    },
    {
      "type": "Feature",
      "geometry": {
        "type": "LineString",
        "coordinates": [
          [
            -87.0908429,
            30.4893194
          ],
          [
            -87.0908417,
            30.4893172
          ],
          [
            -87.0908425,
            30.4893168
          ],
          [
            -87.0908427,
            30.4893232
          ],
          [
            -87.0908403,
            30.4893262
          ],
          [
            -87.0908385,
            30.4893294
          ],
          [
            -87.0908373,
            30.4893301
          ],
          [
            -87.0908385,
            30.4893291
          ],
          [
            -87.0908365,
            30.4893286
          ],
          [
            -87.0908364,
            30.4893265
          ],
          [
            -87.0908354,
            30.489325
          ],
          [
            -87.0908335,
            30.4893269
          ],
          [
            -87.0908335,
            30.4893269
          ],
          [
            -87.0908328,
            30.4893257
          ],
          [
            -87.0908328,
            30.4893234
          ],
          [
            -87.090831,
            30.4893217
          ],
          [
            -87.0908267,
            30.4893198
          ],
          [
            -87.0908253,
            30.4893171
          ],
          [
            -87.0908249,
            30.4893165
          ],
          [
            -87.0908261,
            30.4893146
          ],
          [
            -87.090825,
            30.4893092
          ],
          [
            -87.0908209,
            30.4892935
          ],
          [
            -87.0908202,
            30.4892919
          ],
          [
            -87.0908183,
            30.4893001
          ],
          [
            -87.0908173,
            30.4893019
          ],
          [
            -87.0908171,
            30.4893028
          ],
          [
            -87.0908171,
            30.489303
          ],
          [
            -87.0908175,
            30.4893037
          ],
          [
            -87.0908181,
            30.4893036
          ],
          [
            -87.0908182,
            30.489303
          ],
          [
            -87.0908183,
            30.4893028
          ],
          [
            -87.0908183,
            30.4893028
          ],
          [
            -87.0908183,
            30.4893027
          ],
          [
            -87.0908148,
            30.4892933
          ],
          [
            -87.0908102,
            30.4892812
          ],
          [
            -87.0908084,
            30.4892756
          ],
          [
            -87.0908098,
            30.4892709
          ],
          [
            -87.0908058,
            30.4892671
          ],
          [
            -87.0908046,
            30.4892701
          ],
          [
            -87.0908004,
            30.4892677
          ],
          [
            -87.0907919,
            30.4892667
          ],
          [
            -87.0907919,
            30.4892667
          ],
          [
            -87.0907942,
            30.4892622
          ],
          [
            -87.0907935,
            30.489264
          ],
          [
            -87.0907865,
            30.489266
          ],
          [
            -87.0907856,
            30.4892675
          ],
          [
            -87.0907929,
            30.4892737
          ],
          [
            -87.0907947,
            30.4892713
          ],
          [
            -87.0907931,
            30.4892661
          ],
          [
            -87.0907913,
            30.4892618
          ],
          [
            -87.0907909,
            30.4892572
          ],
          [
            -87.090786,
            30.4892528
          ],
          [
            -87.0907861,
            30.4892518
          ],
          [
            -87.0907861,
            30.4892518
          ],
          [
            -87.090789,
            30.4892527
          ],
          [
            -87.0907859,
            30.4892534
          ],
          [
            -87.0907865,
            30.4892549
          ],
          [
            -87.0907857,
            30.4892571
          ],
          [
            -87.0907853,
            30.4892578
          ],
          [
            -87.0907847,
            30.4892588
          ],
          [
            -87.0907788,
            30.4892639
          ],
          [
            -87.0907715,
            30.4892589
          ],
          [
            -87.0907776,
            30.4892618
          ],
          [
            -87.0907804,
            30.489264
          ],
          [
            -87.0907852,
            30.489266
          ],
          [
            -87.0907946,
            30.4892695
          ],
          [
            -87.0907966,
            30.4892686
          ],
          [
            -87.0907939,
            30.4892763
          ],
          [
            -87.0907907,
            30.4892807
          ],
          [
            -87.0907854,
            30.4892888
          ],
          [
            -87.0907748,
            30.489297
          ],
          [
            -87.0907727,
            30.4893015
          ],
          [
            -87.0907777,
            30.4893048
          ],
          [
            -87.0907833,
            30.4893112
          ],
          [
            -87.090799,
            30.4893066
          ],
          [
            -87.0907973,
            30.4893001
          ],
          [
            -87.0908007,
            30.4892981
          ],
          [
            -87.0908017,
            30.4892975
          ],
          [
            -87.0908075,
            30.4892946
          ],
          [
            -87.0908173,
            30.4892945
          ],
          [
            -87.0908209,
            30.4892961
          ],
          [
            -87.0908267,
            30.4892968
          ],
          [
            -87.090828,
            30.4892971
          ],
          [
            -87.0908296,
            30.4892955
          ],
          [
            -87.09083,
            30.4893
          ],
          [
            -87.0908325,
            30.4893007
          ],
          [
            -87.0908311,
            30.489302
          ],
          [
            -87.0908374,
            30.4893002
          ],
          [
            -87.0908412,
            30.4893008
          ],
          [
            -87.090846,
            30.4892946
          ],
          [
            -87.0908527,
            30.4892902
          ],
          [
            -87.0908531,
            30.4892883
          ],
          [
            -87.090855,
            30.4892873
          ],
          [
            -87.0908543,
            30.4892845
          ],
          [
            -87.0908606,
            30.4892891
          ],
          [
            -87.0908623,
            30.4892869
          ],
          [
            -87.0908608,
            30.4892909
          ],
          [
            -87.0908532,
            30.4892934
          ],
          [
            -87.0908495,
            30.4892978
          ],
          [
            -87.0908416,
            30.4893004
          ],
          [
            -87.0908416,
            30.4893019
          ],
          [
            -87.0908388,
            30.4893033
          ],
          [
            -87.0908418,
            30.4893012
          ],
          [
            -87.0908443,
            30.4892982
          ],
          [
            -87.0908432,
            30.4892942
          ],
          [
            -87.0908423,
            30.4892936
          ],
          [
            -87.0908423,
            30.4892936
          ],
          [
            -87.0908427,
            30.489295
          ],
          [
            -87.0908486,
            30.489279
          ],
          [
            -87.090848,
            30.4892714
          ],
          [
            -87.0908475,
            30.489268
          ],
          [
            -87.0908422,
            30.4892816
          ],
          [
            -87.0908426,
            30.4892853
          ],
          [
            -87.0908435,
            30.4892855
          ],
          [
            -87.090843,
            30.4892855
          ],
          [
            -87.0908408,
            30.4892874
          ],
          [
            -87.090841,
            30.4892849
          ],
          [
            -87.0908388,
            30.4892856
          ],
          [
            -87.0908345,
            30.4892929
          ],
          [
            -87.0908301,
            30.4892919
          ],
          [
            -87.0908326,
            30.4892948
          ],
          [
            -87.0908352,
            30.4893008
          ],
          [
            -87.0908345,
            30.4893036
          ],
          [
            -87.0908347,
            30.4893032
          ],
          [
            -87.0908347,
            30.4893032
          ],
          [
            -87.0908343,
            30.489311
          ],
          [
            -87.0908301,
            30.4893033
          ],
          [
            -87.090834,
            30.4892946
          ],
          [
            -87.0908394,
            30.4892909
          ],
          [
            -87.0908413,
            30.4892956
          ],
          [
            -87.0908401,
            30.4892919
          ],
          [
            -87.0908382,
            30.4892941
          ],
          [
            -87.0908344,
            30.4892947
          ],
          [
            -87.0908316,
            30.4892922
          ],
          [
            -87.0908316,
            30.4892922
          ],
          [
            -87.0908272,
            30.4892899
          ],
          [
            -87.0908231,
            30.4892875
          ],
          [
            -87.09083,
            30.48929
          ],
          [
            -87.090832,
            30.4892946
          ],
          [
            -87.0908302,
            30.4892967
          ],
          [
            -87.0908334,
            30.4892989
          ],
          [
            -87.0908416,
            30.4892946
          ],
          [
            -87.0908444,
            30.4892933
          ],
          [
            -87.0908477,
            30.4892904
          ],
          [
            -87.0908513,
            30.489296
          ],
          [
            -87.0908512,
            30.4892929
          ],
          [
            -87.0908194,
            30.4892905
          ]
        ]
      },
      "properties": {
        "inspection_date": "2026-08-04",
        "segment": 5,
        "information_class": "CAPTURED_BY_DEVICE",
        "warning": "PHONE GPS \u2014 NOT A SURVEY"
      }
    },
    {
      "type": "Feature",
      "geometry": {
        "type": "LineString",
        "coordinates": [
          [
            -87.0908091,
            30.4893063
          ],
          [
            -87.090808,
            30.4893071
          ],
          [
            -87.0908075,
            30.4893074
          ],
          [
            -87.0908068,
            30.4893078
          ],
          [
            -87.0908067,
            30.4893082
          ],
          [
            -87.0908082,
            30.4893092
          ],
          [
            -87.0908088,
            30.4893096
          ],
          [
            -87.0908092,
            30.4893102
          ],
          [
            -87.0908049,
            30.4893079
          ],
          [
            -87.0907885,
            30.4893091
          ],
          [
            -87.0907725,
            30.4893097
          ],
          [
            -87.0907496,
            30.4893038
          ],
          [
            -87.090729,
            30.4892964
          ],
          [
            -87.0907117,
            30.4892896
          ],
          [
            -87.0906973,
            30.4892802
          ],
          [
            -87.0906898,
            30.4892777
          ],
          [
            -87.0906967,
            30.4892807
          ],
          [
            -87.0906938,
            30.4892834
          ],
          [
            -87.0906983,
            30.4892856
          ],
          [
            -87.0906707,
            30.4892814
          ],
          [
            -87.0906773,
            30.4892875
          ],
          [
            -87.0906603,
            30.4892964
          ],
          [
            -87.0906731,
            30.4893003
          ],
          [
            -87.0906778,
            30.4893047
          ],
          [
            -87.0906696,
            30.4893078
          ],
          [
            -87.0906693,
            30.4893097
          ],
          [
            -87.0906625,
            30.4893128
          ],
          [
            -87.0906661,
            30.4893214
          ],
          [
            -87.0906773,
            30.489333
          ],
          [
            -87.0906851,
            30.4893406
          ],
          [
            -87.0906994,
            30.4893438
          ],
          [
            -87.0906998,
            30.4893438
          ],
          [
            -87.0907023,
            30.4893448
          ],
          [
            -87.0906591,
            30.4893001
          ],
          [
            -87.0906731,
            30.4893123
          ],
          [
            -87.0906671,
            30.4893189
          ],
          [
            -87.0906816,
            30.4893038
          ],
          [
            -87.0906801,
            30.4893071
          ],
          [
            -87.0906923,
            30.4893037
          ],
          [
            -87.0907028,
            30.4892982
          ],
          [
            -87.0906993,
            30.4892993
          ],
          [
            -87.0907042,
            30.4892863
          ],
          [
            -87.0906881,
            30.489279
          ],
          [
            -87.0906938,
            30.4892723
          ],
          [
            -87.0906974,
            30.4892655
          ],
          [
            -87.0906943,
            30.489252
          ],
          [
            -87.0906976,
            30.4892583
          ],
          [
            -87.0906941,
            30.4892538
          ],
          [
            -87.0906941,
            30.4892538
          ],
          [
            -87.0907262,
            30.489283
          ],
          [
            -87.0907208,
            30.4892751
          ],
          [
            -87.090729,
            30.4892604
          ],
          [
            -87.0907226,
            30.48925
          ],
          [
            -87.0907195,
            30.489255
          ],
          [
            -87.0907194,
            30.489255
          ],
          [
            -87.0907194,
            30.489255
          ],
          [
            -87.090718,
            30.4892615
          ],
          [
            -87.0907024,
            30.489256
          ],
          [
            -87.0907071,
            30.4892521
          ],
          [
            -87.0907083,
            30.4892515
          ],
          [
            -87.0907284,
            30.4892352
          ],
          [
            -87.0907368,
            30.4892536
          ],
          [
            -87.0907255,
            30.4892432
          ],
          [
            -87.0907294,
            30.4892438
          ],
          [
            -87.0907334,
            30.4892462
          ],
          [
            -87.0907428,
            30.4892583
          ],
          [
            -87.0907376,
            30.4892594
          ],
          [
            -87.0907315,
            30.4892694
          ],
          [
            -87.0907325,
            30.4892741
          ],
          [
            -87.0907168,
            30.48928
          ],
          [
            -87.0907151,
            30.4892809
          ],
          [
            -87.0907182,
            30.4892907
          ],
          [
            -87.0907208,
            30.4892971
          ],
          [
            -87.0907004,
            30.4893031
          ],
          [
            -87.0907079,
            30.4893152
          ],
          [
            -87.0907089,
            30.4893229
          ],
          [
            -87.0907108,
            30.4893322
          ],
          [
            -87.0907277,
            30.4893343
          ],
          [
            -87.0907312,
            30.4893371
          ],
          [
            -87.0907381,
            30.489338
          ],
          [
            -87.0907465,
            30.4893485
          ],
          [
            -87.090741,
            30.4893505
          ],
          [
            -87.0907327,
            30.4893509
          ],
          [
            -87.0907303,
            30.4893574
          ],
          [
            -87.0907323,
            30.4893584
          ],
          [
            -87.0907429,
            30.4893574
          ],
          [
            -87.0907451,
            30.4893618
          ],
          [
            -87.0907342,
            30.4893705
          ],
          [
            -87.0907416,
            30.4893682
          ],
          [
            -87.0907469,
            30.489375
          ],
          [
            -87.0907478,
            30.4893749
          ],
          [
            -87.0907434,
            30.4893806
          ],
          [
            -87.09071,
            30.4893583
          ],
          [
            -87.0907031,
            30.4893664
          ],
          [
            -87.0907072,
            30.4893708
          ],
          [
            -87.0906992,
            30.4893748
          ],
          [
            -87.0906944,
            30.4893788
          ],
          [
            -87.0906885,
            30.4893816
          ],
          [
            -87.0906637,
            30.4893933
          ],
          [
            -87.0906588,
            30.489392
          ],
          [
            -87.0906559,
            30.4893904
          ],
          [
            -87.0906635,
            30.489385
          ],
          [
            -87.0906686,
            30.4893928
          ],
          [
            -87.0906641,
            30.4893949
          ],
          [
            -87.090658,
            30.4894016
          ],
          [
            -87.0906549,
            30.4894188
          ],
          [
            -87.0906568,
            30.4894181
          ],
          [
            -87.0906628,
            30.4894059
          ],
          [
            -87.0906386,
            30.4894022
          ],
          [
            -87.0906368,
            30.4894176
          ],
          [
            -87.0906111,
            30.48941
          ],
          [
            -87.0905909,
            30.4894095
          ],
          [
            -87.090587,
            30.4894124
          ],
          [
            -87.0905996,
            30.4894115
          ],
          [
            -87.0906149,
            30.4894111
          ],
          [
            -87.0905994,
            30.4894126
          ],
          [
            -87.0905845,
            30.489411
          ],
          [
            -87.0905717,
            30.4894072
          ],
          [
            -87.0905701,
            30.4894005
          ],
          [
            -87.0905564,
            30.4894093
          ],
          [
            -87.0905497,
            30.489416
          ],
          [
            -87.0905475,
            30.4894026
          ],
          [
            -87.0905396,
            30.4893855
          ],
          [
            -87.0905464,
            30.4893765
          ],
          [
            -87.0905509,
            30.4893782
          ],
          [
            -87.0905577,
            30.4893876
          ],
          [
            -87.0905583,
            30.4893885
          ],
          [
            -87.0905516,
            30.4893962
          ],
          [
            -87.0905482,
            30.489395
          ],
          [
            -87.090546,
            30.4893971
          ],
          [
            -87.0905384,
            30.4893785
          ],
          [
            -87.0905295,
            30.4893763
          ],
          [
            -87.0905235,
            30.4893724
          ],
          [
            -87.0905187,
            30.4893569
          ],
          [
            -87.0905208,
            30.4893555
          ],
          [
            -87.0905222,
            30.4893672
          ],
          [
            -87.0905223,
            30.4893678
          ],
          [
            -87.0905138,
            30.4893691
          ],
          [
            -87.0905113,
            30.4893769
          ],
          [
            -87.0905181,
            30.4893771
          ],
          [
            -87.0905184,
            30.4893676
          ],
          [
            -87.0905169,
            30.4893747
          ],
          [
            -87.0905283,
            30.4893781
          ],
          [
            -87.0905285,
            30.4893786
          ],
          [
            -87.0905285,
            30.4893786
          ],
          [
            -87.0905361,
            30.4893846
          ],
          [
            -87.0905302,
            30.4893867
          ],
          [
            -87.0905148,
            30.4893823
          ],
          [
            -87.0905097,
            30.4893831
          ],
          [
            -87.0905055,
            30.4893765
          ],
          [
            -87.0905023,
            30.4893795
          ],
          [
            -87.0905103,
            30.4893788
          ],
          [
            -87.0905114,
            30.4893782
          ],
          [
            -87.0905119,
            30.4893816
          ],
          [
            -87.0905173,
            30.489383
          ],
          [
            -87.0905193,
            30.4893855
          ],
          [
            -87.0905134,
            30.4893803
          ],
          [
            -87.0905006,
            30.4893752
          ],
          [
            -87.090506,
            30.4893804
          ],
          [
            -87.0905056,
            30.4893838
          ],
          [
            -87.0905046,
            30.4893878
          ],
          [
            -87.0905048,
            30.4893878
          ],
          [
            -87.0905029,
            30.4893877
          ],
          [
            -87.0905022,
            30.4893843
          ],
          [
            -87.090493,
            30.4893893
          ],
          [
            -87.0904869,
            30.4893937
          ],
          [
            -87.0904806,
            30.4893926
          ],
          [
            -87.090489,
            30.4893918
          ],
          [
            -87.0904861,
            30.4893889
          ],
          [
            -87.0904833,
            30.4893949
          ],
          [
            -87.0904735,
            30.4893961
          ],
          [
            -87.090472,
            30.4894005
          ],
          [
            -87.0904727,
            30.4893962
          ],
          [
            -87.0904799,
            30.4893947
          ],
          [
            -87.090477,
            30.4893947
          ],
          [
            -87.0904614,
            30.489399
          ],
          [
            -87.0904592,
            30.4893957
          ],
          [
            -87.0904646,
            30.4894019
          ],
          [
            -87.0904669,
            30.489396
          ],
          [
            -87.0904362,
            30.4893954
          ],
          [
            -87.0904296,
            30.4893974
          ],
          [
            -87.0904317,
            30.4893977
          ],
          [
            -87.0904317,
            30.4893977
          ],
          [
            -87.0904113,
            30.4893888
          ],
          [
            -87.0904113,
            30.4893855
          ],
          [
            -87.0904063,
            30.4893876
          ],
          [
            -87.0904075,
            30.4893856
          ],
          [
            -87.0904059,
            30.4893842
          ],
          [
            -87.0904142,
            30.4893785
          ],
          [
            -87.0904141,
            30.4893736
          ],
          [
            -87.0904212,
            30.4893688
          ],
          [
            -87.0904262,
            30.4893687
          ],
          [
            -87.0904287,
            30.4893695
          ],
          [
            -87.0904312,
            30.4893704
          ],
          [
            -87.0904284,
            30.489368
          ],
          [
            -87.0904273,
            30.4893669
          ],
          [
            -87.0904109,
            30.4893672
          ],
          [
            -87.0904093,
            30.4893683
          ],
          [
            -87.090417,
            30.4893673
          ],
          [
            -87.0904155,
            30.4893602
          ],
          [
            -87.0904168,
            30.4893722
          ],
          [
            -87.0904205,
            30.4893688
          ],
          [
            -87.0904138,
            30.4893716
          ],
          [
            -87.0903991,
            30.4893559
          ],
          [
            -87.0903901,
            30.4893638
          ],
          [
            -87.090383,
            30.4893661
          ],
          [
            -87.090374,
            30.4893675
          ],
          [
            -87.0903739,
            30.4893665
          ],
          [
            -87.0903645,
            30.48936
          ],
          [
            -87.0903548,
            30.4893493
          ],
          [
            -87.0903424,
            30.489354
          ],
          [
            -87.0903621,
            30.4893666
          ],
          [
            -87.0903636,
            30.4893669
          ],
          [
            -87.0903607,
            30.4893747
          ],
          [
            -87.0903543,
            30.4893725
          ],
          [
            -87.0903567,
            30.4893763
          ],
          [
            -87.090354,
            30.4893702
          ],
          [
            -87.0903556,
            30.4893641
          ],
          [
            -87.0903591,
            30.4893814
          ],
          [
            -87.0903443,
            30.4893876
          ],
          [
            -87.090337,
            30.4893557
          ],
          [
            -87.0903152,
            30.4893384
          ],
          [
            -87.0903424,
            30.4893646
          ],
          [
            -87.0903436,
            30.4893663
          ],
          [
            -87.0903489,
            30.4893841
          ],
          [
            -87.0903485,
            30.489389
          ],
          [
            -87.0903455,
            30.4893994
          ],
          [
            -87.0903359,
            30.4894028
          ],
          [
            -87.0903347,
            30.4894097
          ],
          [
            -87.090327,
            30.4894112
          ],
          [
            -87.0903471,
            30.4894142
          ],
          [
            -87.0903664,
            30.4894076
          ],
          [
            -87.0903683,
            30.4894092
          ],
          [
            -87.0903784,
            30.489423
          ],
          [
            -87.0903799,
            30.489431
          ],
          [
            -87.0903885,
            30.4894401
          ],
          [
            -87.0903826,
            30.4894477
          ],
          [
            -87.0903727,
            30.4894511
          ],
          [
            -87.0903861,
            30.489466
          ],
          [
            -87.0903876,
            30.4894652
          ],
          [
            -87.0903944,
            30.4894985
          ],
          [
            -87.0904133,
            30.4894848
          ],
          [
            -87.0903656,
            30.4894732
          ],
          [
            -87.090358,
            30.4894655
          ],
          [
            -87.0903535,
            30.4894728
          ],
          [
            -87.0903541,
            30.4894741
          ],
          [
            -87.0903529,
            30.489485
          ],
          [
            -87.0903489,
            30.4894833
          ],
          [
            -87.0903364,
            30.4894945
          ],
          [
            -87.0903235,
            30.4894963
          ],
          [
            -87.0903378,
            30.4894967
          ],
          [
            -87.0903378,
            30.4894967
          ],
          [
            -87.0903406,
            30.489498
          ],
          [
            -87.0903389,
            30.4895089
          ],
          [
            -87.0903428,
            30.4895033
          ],
          [
            -87.0903391,
            30.4895025
          ],
          [
            -87.0903285,
            30.4895034
          ],
          [
            -87.0903124,
            30.4895102
          ],
          [
            -87.0903065,
            30.4895047
          ],
          [
            -87.0903032,
            30.4895066
          ],
          [
            -87.0902986,
            30.489505
          ],
          [
            -87.090296,
            30.4895023
          ],
          [
            -87.0902949,
            30.4895016
          ],
          [
            -87.0903067,
            30.4895039
          ],
          [
            -87.0903145,
            30.4895098
          ],
          [
            -87.0903169,
            30.4895123
          ],
          [
            -87.0903169,
            30.4895123
          ],
          [
            -87.0903169,
            30.4895123
          ],
          [
            -87.0903023,
            30.4895032
          ],
          [
            -87.0903107,
            30.4895004
          ],
          [
            -87.0903114,
            30.4894996
          ],
          [
            -87.0903008,
            30.4895057
          ],
          [
            -87.0903066,
            30.4895008
          ],
          [
            -87.0903004,
            30.4895025
          ],
          [
            -87.0902928,
            30.4894986
          ],
          [
            -87.0902837,
            30.4894953
          ],
          [
            -87.090297,
            30.4894956
          ],
          [
            -87.0903017,
            30.489495
          ],
          [
            -87.0903027,
            30.4894952
          ],
          [
            -87.0903027,
            30.4894952
          ],
          [
            -87.0903027,
            30.4894952
          ],
          [
            -87.0903027,
            30.4894952
          ],
          [
            -87.0903027,
            30.4894952
          ],
          [
            -87.0903027,
            30.4894952
          ],
          [
            -87.0903027,
            30.4894952
          ],
          [
            -87.0903122,
            30.4894776
          ],
          [
            -87.0903136,
            30.4894758
          ],
          [
            -87.0903014,
            30.4894731
          ],
          [
            -87.0902897,
            30.48947
          ],
          [
            -87.0902763,
            30.4894661
          ],
          [
            -87.090278,
            30.4894671
          ],
          [
            -87.0902727,
            30.4894707
          ],
          [
            -87.0902786,
            30.4894698
          ],
          [
            -87.0902806,
            30.4894741
          ],
          [
            -87.0902827,
            30.4894792
          ],
          [
            -87.090281,
            30.4894903
          ],
          [
            -87.0902931,
            30.489488
          ],
          [
            -87.0903062,
            30.4894858
          ],
          [
            -87.0903206,
            30.4894831
          ],
          [
            -87.0903206,
            30.4894831
          ],
          [
            -87.0903206,
            30.4894831
          ],
          [
            -87.0903065,
            30.4894983
          ],
          [
            -87.0903072,
            30.4894957
          ],
          [
            -87.0903132,
            30.4894984
          ],
          [
            -87.090312,
            30.4894911
          ],
          [
            -87.0903147,
            30.4894933
          ],
          [
            -87.0903149,
            30.4894972
          ],
          [
            -87.0903149,
            30.4894972
          ],
          [
            -87.0903149,
            30.4894972
          ],
          [
            -87.0903149,
            30.4894972
          ],
          [
            -87.0903158,
            30.4895023
          ],
          [
            -87.0903347,
            30.4894968
          ],
          [
            -87.0903235,
            30.4894961
          ],
          [
            -87.0903294,
            30.4895011
          ],
          [
            -87.0903174,
            30.489512
          ],
          [
            -87.0903163,
            30.4895155
          ],
          [
            -87.0903213,
            30.4895184
          ],
          [
            -87.0903144,
            30.4895106
          ],
          [
            -87.0903039,
            30.4895053
          ],
          [
            -87.0903171,
            30.4895069
          ],
          [
            -87.0903203,
            30.4894926
          ],
          [
            -87.0903266,
            30.4895048
          ],
          [
            -87.0903276,
            30.4895054
          ],
          [
            -87.0903316,
            30.4895096
          ],
          [
            -87.0903299,
            30.4895051
          ],
          [
            -87.0903256,
            30.4894995
          ],
          [
            -87.0903262,
            30.4894995
          ],
          [
            -87.0903262,
            30.4894995
          ],
          [
            -87.0903262,
            30.4894995
          ],
          [
            -87.0903262,
            30.4894995
          ],
          [
            -87.0903267,
            30.4895051
          ],
          [
            -87.090327,
            30.4895044
          ],
          [
            -87.0903277,
            30.4895092
          ],
          [
            -87.0903281,
            30.4895066
          ],
          [
            -87.0903269,
            30.4895026
          ],
          [
            -87.0903266,
            30.4895013
          ],
          [
            -87.0903276,
            30.4895011
          ],
          [
            -87.0903276,
            30.4895011
          ],
          [
            -87.0903188,
            30.4895113
          ],
          [
            -87.0903116,
            30.4895116
          ],
          [
            -87.0903204,
            30.4895124
          ],
          [
            -87.0903276,
            30.4895114
          ],
          [
            -87.0903285,
            30.4895139
          ],
          [
            -87.0903312,
            30.4895158
          ],
          [
            -87.0903313,
            30.489516
          ],
          [
            -87.0903279,
            30.4895136
          ],
          [
            -87.0903308,
            30.4895192
          ],
          [
            -87.0903356,
            30.4895235
          ],
          [
            -87.0903487,
            30.4895244
          ],
          [
            -87.0903456,
            30.4895238
          ],
          [
            -87.0903456,
            30.4895238
          ],
          [
            -87.0903456,
            30.4895238
          ],
          [
            -87.0903456,
            30.4895238
          ],
          [
            -87.0903456,
            30.4895238
          ],
          [
            -87.0903456,
            30.4895238
          ],
          [
            -87.0903691,
            30.4895276
          ],
          [
            -87.0903706,
            30.4895289
          ],
          [
            -87.09038,
            30.4895272
          ],
          [
            -87.0903828,
            30.4895293
          ],
          [
            -87.090374,
            30.48953
          ],
          [
            -87.0903742,
            30.4895303
          ],
          [
            -87.0903695,
            30.4895354
          ],
          [
            -87.0903695,
            30.4895354
          ],
          [
            -87.0903695,
            30.4895354
          ],
          [
            -87.0903415,
            30.4895278
          ],
          [
            -87.0903441,
            30.4895346
          ],
          [
            -87.0903304,
            30.4895401
          ],
          [
            -87.0903271,
            30.4895473
          ],
          [
            -87.0903241,
            30.4895508
          ],
          [
            -87.0903181,
            30.4895454
          ],
          [
            -87.0903189,
            30.4895455
          ],
          [
            -87.0903173,
            30.4895445
          ],
          [
            -87.0903104,
            30.4895443
          ],
          [
            -87.0903194,
            30.489548
          ],
          [
            -87.090318,
            30.4895483
          ],
          [
            -87.0903186,
            30.4895484
          ],
          [
            -87.090316,
            30.489547
          ],
          [
            -87.090316,
            30.489547
          ],
          [
            -87.090316,
            30.489547
          ],
          [
            -87.090316,
            30.489547
          ],
          [
            -87.0903053,
            30.4895529
          ],
          [
            -87.0902971,
            30.4895567
          ],
          [
            -87.0903092,
            30.4895498
          ],
          [
            -87.0903103,
            30.4895399
          ],
          [
            -87.0903086,
            30.489539
          ],
          [
            -87.0903047,
            30.4895394
          ],
          [
            -87.0903006,
            30.4895347
          ],
          [
            -87.0902971,
            30.4895344
          ],
          [
            -87.0902868,
            30.4895494
          ],
          [
            -87.0902944,
            30.4895472
          ],
          [
            -87.0903145,
            30.4895635
          ],
          [
            -87.0903136,
            30.4895697
          ],
          [
            -87.0903218,
            30.4895751
          ],
          [
            -87.0903173,
            30.4895724
          ],
          [
            -87.0903246,
            30.489575
          ],
          [
            -87.0903273,
            30.489582
          ],
          [
            -87.0903163,
            30.4895746
          ],
          [
            -87.0903097,
            30.4895755
          ],
          [
            -87.0902996,
            30.4895829
          ],
          [
            -87.0903157,
            30.489584
          ],
          [
            -87.0902953,
            30.4895836
          ],
          [
            -87.0902747,
            30.4895743
          ],
          [
            -87.0902847,
            30.4895766
          ],
          [
            -87.0902847,
            30.4895766
          ],
          [
            -87.0902847,
            30.4895766
          ],
          [
            -87.0902847,
            30.4895766
          ],
          [
            -87.0902847,
            30.4895766
          ],
          [
            -87.0902847,
            30.4895766
          ],
          [
            -87.0902847,
            30.4895766
          ],
          [
            -87.0902847,
            30.4895766
          ],
          [
            -87.0902847,
            30.4895766
          ],
          [
            -87.0902847,
            30.4895766
          ],
          [
            -87.0902979,
            30.4895624
          ],
          [
            -87.0903009,
            30.4895564
          ],
          [
            -87.0902727,
            30.4895569
          ],
          [
            -87.0902746,
            30.4895608
          ],
          [
            -87.0902744,
            30.4895616
          ],
          [
            -87.0902692,
            30.4895567
          ],
          [
            -87.0902804,
            30.4895605
          ],
          [
            -87.0902533,
            30.4895448
          ],
          [
            -87.0902646,
            30.4895622
          ],
          [
            -87.0902736,
            30.4895742
          ],
          [
            -87.0902775,
            30.4895726
          ],
          [
            -87.090279,
            30.4895714
          ],
          [
            -87.0902532,
            30.4895643
          ],
          [
            -87.0902621,
            30.4895694
          ],
          [
            -87.0902611,
            30.4895815
          ],
          [
            -87.0902598,
            30.489596
          ],
          [
            -87.0902517,
            30.4896001
          ],
          [
            -87.0902689,
            30.4896042
          ],
          [
            -87.0902728,
            30.4895996
          ],
          [
            -87.0902832,
            30.4896199
          ],
          [
            -87.0902926,
            30.489624
          ],
          [
            -87.0902961,
            30.4896309
          ],
          [
            -87.0902752,
            30.4896225
          ],
          [
            -87.0902752,
            30.4896225
          ],
          [
            -87.0902752,
            30.4896225
          ],
          [
            -87.0902713,
            30.4896444
          ],
          [
            -87.0902651,
            30.48964
          ],
          [
            -87.0902773,
            30.4896428
          ],
          [
            -87.0902779,
            30.4896411
          ],
          [
            -87.0902817,
            30.4896436
          ],
          [
            -87.0902823,
            30.4896424
          ],
          [
            -87.0902847,
            30.4896427
          ],
          [
            -87.0902732,
            30.4896411
          ],
          [
            -87.0902374,
            30.4896546
          ],
          [
            -87.0902275,
            30.489635
          ],
          [
            -87.0902264,
            30.4896424
          ],
          [
            -87.0902489,
            30.4896348
          ],
          [
            -87.0902636,
            30.4896281
          ],
          [
            -87.0902636,
            30.4896281
          ],
          [
            -87.0902604,
            30.4896271
          ],
          [
            -87.0902388,
            30.4896271
          ],
          [
            -87.0902295,
            30.4896256
          ],
          [
            -87.0902278,
            30.4896296
          ],
          [
            -87.0902351,
            30.4896198
          ],
          [
            -87.0902378,
            30.4896226
          ],
          [
            -87.0902355,
            30.4896247
          ],
          [
            -87.0902355,
            30.4896247
          ],
          [
            -87.0902355,
            30.4896247
          ],
          [
            -87.0902355,
            30.4896247
          ],
          [
            -87.0902355,
            30.4896247
          ],
          [
            -87.0902355,
            30.4896247
          ],
          [
            -87.0902355,
            30.4896247
          ],
          [
            -87.0902355,
            30.4896247
          ],
          [
            -87.0902355,
            30.4896247
          ],
          [
            -87.0902355,
            30.4896247
          ],
          [
            -87.0902355,
            30.4896247
          ],
          [
            -87.0902355,
            30.4896247
          ],
          [
            -87.0902355,
            30.4896247
          ],
          [
            -87.0902355,
            30.4896247
          ],
          [
            -87.0902355,
            30.4896247
          ],
          [
            -87.0902355,
            30.4896247
          ],
          [
            -87.0902355,
            30.4896247
          ],
          [
            -87.0902355,
            30.4896247
          ],
          [
            -87.0902355,
            30.4896247
          ],
          [
            -87.0902355,
            30.4896247
          ],
          [
            -87.0902355,
            30.4896247
          ],
          [
            -87.0902355,
            30.4896247
          ],
          [
            -87.0902355,
            30.4896247
          ],
          [
            -87.0902262,
            30.4896214
          ],
          [
            -87.0902302,
            30.4896267
          ],
          [
            -87.0902306,
            30.489627
          ],
          [
            -87.0902389,
            30.489626
          ],
          [
            -87.090239,
            30.4896259
          ],
          [
            -87.090239,
            30.4896259
          ],
          [
            -87.0902402,
            30.4896354
          ],
          [
            -87.0902213,
            30.489639
          ],
          [
            -87.0902175,
            30.4896757
          ],
          [
            -87.0902175,
            30.4896757
          ]
        ]
      },
      "properties": {
        "inspection_date": "2026-08-04",
        "segment": 6,
        "information_class": "CAPTURED_BY_DEVICE",
        "warning": "PHONE GPS \u2014 NOT A SURVEY"
      }
    },
    {
      "type": "Feature",
      "geometry": {
        "type": "LineString",
        "coordinates": [
          [
            -87.0902266,
            30.4896775
          ],
          [
            -87.0902252,
            30.4896772
          ],
          [
            -87.0902219,
            30.4896775
          ],
          [
            -87.0902072,
            30.4896921
          ]
        ]
      },
      "properties": {
        "inspection_date": "2026-08-04",
        "segment": 7,
        "information_class": "CAPTURED_BY_DEVICE",
        "warning": "PHONE GPS \u2014 NOT A SURVEY"
      }
    },
    {
      "type": "Feature",
      "geometry": {
        "type": "LineString",
        "coordinates": [
          [
            -87.0902036,
            30.4897095
          ],
          [
            -87.0901983,
            30.4896939
          ],
          [
            -87.0901978,
            30.4896881
          ],
          [
            -87.0901964,
            30.4896864
          ],
          [
            -87.0901974,
            30.4896837
          ],
          [
            -87.0901997,
            30.4896757
          ],
          [
            -87.0901982,
            30.4896706
          ],
          [
            -87.0901963,
            30.4896673
          ],
          [
            -87.0901949,
            30.4896636
          ],
          [
            -87.0901938,
            30.4896612
          ],
          [
            -87.0901933,
            30.4896595
          ],
          [
            -87.0901931,
            30.4896585
          ],
          [
            -87.0901931,
            30.4896585
          ],
          [
            -87.0901928,
            30.489657
          ],
          [
            -87.0901909,
            30.4896571
          ],
          [
            -87.0901836,
            30.4896546
          ],
          [
            -87.090179,
            30.4896521
          ],
          [
            -87.0901765,
            30.4896503
          ],
          [
            -87.090174,
            30.4896495
          ],
          [
            -87.090172,
            30.489649
          ],
          [
            -87.0901714,
            30.4896483
          ],
          [
            -87.0901712,
            30.4896473
          ],
          [
            -87.0901718,
            30.4896465
          ],
          [
            -87.0901713,
            30.4896461
          ],
          [
            -87.090172,
            30.4896483
          ],
          [
            -87.090169,
            30.4896507
          ],
          [
            -87.0901622,
            30.4896516
          ],
          [
            -87.0901578,
            30.4896506
          ],
          [
            -87.0901548,
            30.4896503
          ],
          [
            -87.0901522,
            30.4896494
          ],
          [
            -87.09015,
            30.4896481
          ],
          [
            -87.0901501,
            30.4896445
          ],
          [
            -87.0901667,
            30.4896365
          ],
          [
            -87.0901736,
            30.4896385
          ],
          [
            -87.090174,
            30.4896353
          ],
          [
            -87.0901684,
            30.4896299
          ],
          [
            -87.0901718,
            30.4896255
          ],
          [
            -87.0901702,
            30.4896179
          ],
          [
            -87.0901715,
            30.4896116
          ],
          [
            -87.09017,
            30.489603
          ],
          [
            -87.0901627,
            30.489601
          ],
          [
            -87.0901637,
            30.4895986
          ],
          [
            -87.090166,
            30.4896005
          ],
          [
            -87.090164,
            30.4896047
          ],
          [
            -87.0901584,
            30.4896015
          ],
          [
            -87.0901543,
            30.4895987
          ],
          [
            -87.0901541,
            30.4895937
          ],
          [
            -87.0901491,
            30.489598
          ],
          [
            -87.0901477,
            30.489596
          ],
          [
            -87.0901447,
            30.4895879
          ],
          [
            -87.0901493,
            30.4895838
          ],
          [
            -87.0901485,
            30.4895868
          ],
          [
            -87.0901434,
            30.4895875
          ],
          [
            -87.0901397,
            30.4895845
          ],
          [
            -87.090138,
            30.4895758
          ],
          [
            -87.0901358,
            30.4895751
          ],
          [
            -87.0901456,
            30.4895763
          ],
          [
            -87.0901456,
            30.4895716
          ],
          [
            -87.0901429,
            30.4895657
          ],
          [
            -87.0901393,
            30.4895596
          ],
          [
            -87.0901429,
            30.4895564
          ],
          [
            -87.0901385,
            30.4895594
          ],
          [
            -87.0901238,
            30.4895585
          ],
          [
            -87.0901157,
            30.489554
          ],
          [
            -87.0901118,
            30.4895584
          ],
          [
            -87.0901052,
            30.4895617
          ],
          [
            -87.0901042,
            30.4895616
          ],
          [
            -87.0901027,
            30.4895694
          ],
          [
            -87.0900969,
            30.4895742
          ],
          [
            -87.0900926,
            30.4895809
          ],
          [
            -87.0900883,
            30.4895822
          ],
          [
            -87.0900822,
            30.4895808
          ],
          [
            -87.0900813,
            30.4895822
          ],
          [
            -87.0900831,
            30.4895828
          ],
          [
            -87.0900865,
            30.4895786
          ],
          [
            -87.090092,
            30.4895765
          ],
          [
            -87.0900962,
            30.4895744
          ],
          [
            -87.0900974,
            30.4895758
          ],
          [
            -87.090098,
            30.4895661
          ],
          [
            -87.0900908,
            30.489555
          ],
          [
            -87.0900928,
            30.4895528
          ],
          [
            -87.090097,
            30.4895552
          ],
          [
            -87.0900988,
            30.4895547
          ],
          [
            -87.0900943,
            30.4895493
          ],
          [
            -87.0900916,
            30.4895479
          ],
          [
            -87.0900942,
            30.4895466
          ],
          [
            -87.0900869,
            30.4895302
          ],
          [
            -87.0900659,
            30.4895404
          ],
          [
            -87.0900546,
            30.4895465
          ],
          [
            -87.0900394,
            30.4895452
          ],
          [
            -87.0900371,
            30.4895375
          ],
          [
            -87.0900401,
            30.4895385
          ],
          [
            -87.0900447,
            30.4895206
          ],
          [
            -87.0900482,
            30.4895142
          ],
          [
            -87.0900513,
            30.489504
          ],
          [
            -87.0900587,
            30.4894986
          ],
          [
            -87.0900615,
            30.4894941
          ],
          [
            -87.0900502,
            30.489496
          ],
          [
            -87.0900412,
            30.4894933
          ],
          [
            -87.0900387,
            30.489491
          ],
          [
            -87.090031,
            30.4894953
          ],
          [
            -87.0900288,
            30.4895174
          ],
          [
            -87.0900257,
            30.4895371
          ],
          [
            -87.0900328,
            30.4895523
          ],
          [
            -87.0900272,
            30.4895653
          ],
          [
            -87.0900202,
            30.4895736
          ],
          [
            -87.090023,
            30.4895841
          ],
          [
            -87.0900318,
            30.4895938
          ],
          [
            -87.0900444,
            30.4896056
          ],
          [
            -87.0900416,
            30.4895993
          ],
          [
            -87.0900378,
            30.4895973
          ],
          [
            -87.0900388,
            30.4895982
          ],
          [
            -87.0900437,
            30.4896032
          ],
          [
            -87.0900463,
            30.4896051
          ],
          [
            -87.0900491,
            30.4896099
          ],
          [
            -87.0900302,
            30.4896055
          ],
          [
            -87.0900293,
            30.4896031
          ],
          [
            -87.0900288,
            30.4896077
          ],
          [
            -87.0900288,
            30.4896102
          ],
          [
            -87.090028,
            30.4896072
          ],
          [
            -87.0900342,
            30.4895993
          ],
          [
            -87.0900281,
            30.4896005
          ],
          [
            -87.090019,
            30.4895992
          ],
          [
            -87.0900179,
            30.4895923
          ],
          [
            -87.0900144,
            30.489588
          ],
          [
            -87.0900131,
            30.4895771
          ],
          [
            -87.0900199,
            30.489577
          ],
          [
            -87.0900161,
            30.4895763
          ],
          [
            -87.0900188,
            30.4895776
          ],
          [
            -87.0900252,
            30.4895805
          ],
          [
            -87.0900195,
            30.4895769
          ],
          [
            -87.0900246,
            30.4895684
          ],
          [
            -87.090025,
            30.4895677
          ],
          [
            -87.0900226,
            30.4895703
          ],
          [
            -87.0900248,
            30.4895642
          ],
          [
            -87.0900215,
            30.4895645
          ],
          [
            -87.0900228,
            30.4895618
          ],
          [
            -87.0900101,
            30.4895688
          ],
          [
            -87.0899982,
            30.4895818
          ],
          [
            -87.0900089,
            30.4895779
          ],
          [
            -87.0900109,
            30.4895829
          ],
          [
            -87.0900099,
            30.489583
          ],
          [
            -87.0900113,
            30.4895888
          ],
          [
            -87.0900049,
            30.48959
          ],
          [
            -87.0900052,
            30.4895799
          ],
          [
            -87.0900047,
            30.4895878
          ],
          [
            -87.0900024,
            30.4895972
          ],
          [
            -87.0899994,
            30.4896009
          ],
          [
            -87.0899973,
            30.4896036
          ],
          [
            -87.0899947,
            30.489602
          ],
          [
            -87.0900023,
            30.4896175
          ],
          [
            -87.0900048,
            30.489629
          ],
          [
            -87.0900241,
            30.4896299
          ],
          [
            -87.090029,
            30.4896272
          ],
          [
            -87.090036,
            30.4896286
          ],
          [
            -87.0900434,
            30.4896312
          ],
          [
            -87.0900645,
            30.489631
          ],
          [
            -87.0900702,
            30.4896252
          ],
          [
            -87.0900753,
            30.4896163
          ],
          [
            -87.090086,
            30.4896102
          ],
          [
            -87.0900859,
            30.4896116
          ],
          [
            -87.0900933,
            30.489613
          ],
          [
            -87.0900998,
            30.4896155
          ],
          [
            -87.090103,
            30.4896075
          ],
          [
            -87.0901108,
            30.4895981
          ],
          [
            -87.0901119,
            30.4895898
          ],
          [
            -87.0901128,
            30.4895811
          ],
          [
            -87.0901107,
            30.4895792
          ],
          [
            -87.0901048,
            30.4895751
          ],
          [
            -87.0901021,
            30.4895777
          ],
          [
            -87.0901,
            30.4895794
          ],
          [
            -87.0900975,
            30.4895824
          ],
          [
            -87.0900985,
            30.4895813
          ],
          [
            -87.0900995,
            30.4895801
          ],
          [
            -87.0901022,
            30.4895704
          ],
          [
            -87.0901002,
            30.4895662
          ],
          [
            -87.0901012,
            30.4895661
          ],
          [
            -87.0900993,
            30.4895668
          ],
          [
            -87.090098,
            30.4895638
          ],
          [
            -87.0900979,
            30.4895659
          ],
          [
            -87.0900988,
            30.4895631
          ],
          [
            -87.0901007,
            30.4895603
          ],
          [
            -87.0901018,
            30.4895608
          ],
          [
            -87.0900988,
            30.4895577
          ],
          [
            -87.0900951,
            30.4895548
          ],
          [
            -87.0901041,
            30.4895509
          ],
          [
            -87.090114,
            30.4895611
          ],
          [
            -87.0901129,
            30.4895656
          ],
          [
            -87.0901183,
            30.4895703
          ],
          [
            -87.0901203,
            30.4895722
          ],
          [
            -87.0901249,
            30.4895673
          ],
          [
            -87.0901327,
            30.4895605
          ],
          [
            -87.0901244,
            30.4895605
          ],
          [
            -87.0901248,
            30.4895622
          ],
          [
            -87.0901231,
            30.4895602
          ],
          [
            -87.0901231,
            30.4895602
          ],
          [
            -87.0901203,
            30.4895567
          ],
          [
            -87.0901195,
            30.4895564
          ],
          [
            -87.090119,
            30.4895549
          ],
          [
            -87.0901175,
            30.4895486
          ],
          [
            -87.0901071,
            30.4895413
          ],
          [
            -87.0901013,
            30.4895327
          ],
          [
            -87.0901046,
            30.4895308
          ],
          [
            -87.0901097,
            30.4895306
          ],
          [
            -87.0901168,
            30.4895236
          ],
          [
            -87.0901229,
            30.4895178
          ],
          [
            -87.0901229,
            30.4895178
          ],
          [
            -87.0901302,
            30.4895088
          ],
          [
            -87.0901313,
            30.4895081
          ],
          [
            -87.0901309,
            30.4895072
          ],
          [
            -87.0901171,
            30.4895076
          ],
          [
            -87.0901165,
            30.4895071
          ],
          [
            -87.0901215,
            30.4895126
          ],
          [
            -87.0901288,
            30.4895102
          ],
          [
            -87.0901307,
            30.489514
          ],
          [
            -87.0901293,
            30.4895165
          ],
          [
            -87.0901233,
            30.4895082
          ],
          [
            -87.0901216,
            30.4895087
          ],
          [
            -87.0901221,
            30.489509
          ],
          [
            -87.090105,
            30.4894913
          ],
          [
            -87.0901093,
            30.4894846
          ],
          [
            -87.0901095,
            30.4894852
          ],
          [
            -87.0901095,
            30.4894852
          ],
          [
            -87.0901135,
            30.4894969
          ],
          [
            -87.090119,
            30.4894971
          ],
          [
            -87.090114,
            30.489505
          ],
          [
            -87.0901134,
            30.4895098
          ],
          [
            -87.090109,
            30.489515
          ],
          [
            -87.0901075,
            30.4895195
          ],
          [
            -87.0901055,
            30.4895242
          ],
          [
            -87.0901052,
            30.48953
          ],
          [
            -87.090101,
            30.4895292
          ],
          [
            -87.090103,
            30.4895364
          ],
          [
            -87.0900985,
            30.4895435
          ],
          [
            -87.0900982,
            30.4895441
          ],
          [
            -87.0900982,
            30.4895441
          ],
          [
            -87.0900932,
            30.4895591
          ],
          [
            -87.0900915,
            30.4895601
          ],
          [
            -87.0900895,
            30.4895618
          ],
          [
            -87.0901076,
            30.4895857
          ],
          [
            -87.0901099,
            30.4896073
          ],
          [
            -87.0901019,
            30.4895909
          ],
          [
            -87.0900999,
            30.4895874
          ],
          [
            -87.0901003,
            30.4895862
          ],
          [
            -87.0901003,
            30.4895862
          ],
          [
            -87.0901003,
            30.4895862
          ],
          [
            -87.0901008,
            30.4895943
          ],
          [
            -87.0900943,
            30.489589
          ],
          [
            -87.0900925,
            30.4895946
          ],
          [
            -87.0900929,
            30.4895993
          ],
          [
            -87.0900997,
            30.489603
          ],
          [
            -87.0900943,
            30.4896008
          ],
          [
            -87.0900924,
            30.4896015
          ],
          [
            -87.0901035,
            30.4896033
          ],
          [
            -87.0901106,
            30.489606
          ],
          [
            -87.0901158,
            30.4896086
          ],
          [
            -87.0901189,
            30.489614
          ],
          [
            -87.0901244,
            30.4896192
          ],
          [
            -87.0901268,
            30.4896267
          ],
          [
            -87.0901325,
            30.4896294
          ],
          [
            -87.0901318,
            30.4896268
          ],
          [
            -87.0901427,
            30.4896266
          ],
          [
            -87.0901416,
            30.4896261
          ],
          [
            -87.0901468,
            30.4896278
          ],
          [
            -87.09015,
            30.4896313
          ],
          [
            -87.0901506,
            30.489638
          ],
          [
            -87.090153,
            30.4896425
          ],
          [
            -87.0901564,
            30.4896506
          ],
          [
            -87.0901604,
            30.4896498
          ],
          [
            -87.0901641,
            30.4896533
          ],
          [
            -87.0901673,
            30.4896633
          ],
          [
            -87.0901675,
            30.4896797
          ],
          [
            -87.0901687,
            30.4896759
          ],
          [
            -87.0901764,
            30.4896763
          ],
          [
            -87.0901848,
            30.4896768
          ]
        ]
      },
      "properties": {
        "inspection_date": "2026-08-04",
        "segment": 8,
        "information_class": "CAPTURED_BY_DEVICE",
        "warning": "PHONE GPS \u2014 NOT A SURVEY"
      }
    },
    {
      "type": "Feature",
      "geometry": {
        "type": "LineString",
        "coordinates": [
          [
            -87.0927082,
            30.4882487
          ],
          [
            -87.0927082,
            30.4882487
          ],
          [
            -87.0927082,
            30.4882487
          ],
          [
            -87.0927114,
            30.4882506
          ],
          [
            -87.0926981,
            30.4882526
          ],
          [
            -87.0926981,
            30.4882526
          ],
          [
            -87.0926939,
            30.4882526
          ],
          [
            -87.0926936,
            30.4882522
          ],
          [
            -87.0926937,
            30.4882519
          ],
          [
            -87.0926946,
            30.4882509
          ],
          [
            -87.0926961,
            30.4882507
          ],
          [
            -87.092697,
            30.4882532
          ],
          [
            -87.0926908,
            30.4882534
          ],
          [
            -87.092684,
            30.4882509
          ],
          [
            -87.0926796,
            30.4882528
          ],
          [
            -87.0926779,
            30.488256
          ],
          [
            -87.0926771,
            30.4882575
          ],
          [
            -87.0926771,
            30.4882575
          ],
          [
            -87.0926792,
            30.4882601
          ],
          [
            -87.0926815,
            30.4882614
          ],
          [
            -87.0926833,
            30.4882631
          ],
          [
            -87.0926867,
            30.4882666
          ],
          [
            -87.0926919,
            30.4882783
          ],
          [
            -87.0926924,
            30.4882819
          ],
          [
            -87.0926916,
            30.4882792
          ],
          [
            -87.092689,
            30.4882758
          ],
          [
            -87.0926877,
            30.4882721
          ],
          [
            -87.0926865,
            30.4882684
          ],
          [
            -87.0926847,
            30.4882639
          ],
          [
            -87.0926867,
            30.4882623
          ],
          [
            -87.0926907,
            30.4882615
          ],
          [
            -87.0926919,
            30.4882619
          ],
          [
            -87.0926909,
            30.4882631
          ],
          [
            -87.0926899,
            30.4882642
          ],
          [
            -87.0926892,
            30.4882644
          ],
          [
            -87.0926889,
            30.4882644
          ],
          [
            -87.0926883,
            30.4882646
          ],
          [
            -87.0927046,
            30.4882658
          ],
          [
            -87.0927034,
            30.4882587
          ],
          [
            -87.0927075,
            30.4882515
          ],
          [
            -87.092707,
            30.4882583
          ],
          [
            -87.09269,
            30.488255
          ],
          [
            -87.092672,
            30.488243
          ],
          [
            -87.0926773,
            30.4882386
          ],
          [
            -87.0926642,
            30.4882344
          ],
          [
            -87.0926475,
            30.4882195
          ],
          [
            -87.0926463,
            30.4882264
          ],
          [
            -87.0926632,
            30.4882491
          ],
          [
            -87.0926532,
            30.4882492
          ],
          [
            -87.0926513,
            30.4882624
          ],
          [
            -87.0926462,
            30.4882825
          ],
          [
            -87.0926474,
            30.4882946
          ],
          [
            -87.0926578,
            30.4883057
          ],
          [
            -87.0926562,
            30.4883032
          ],
          [
            -87.092641,
            30.4882991
          ],
          [
            -87.0926455,
            30.4883036
          ],
          [
            -87.0926454,
            30.4883035
          ],
          [
            -87.0926554,
            30.4882928
          ],
          [
            -87.0926631,
            30.4882834
          ],
          [
            -87.0926648,
            30.4882723
          ],
          [
            -87.0926611,
            30.4882718
          ],
          [
            -87.092652,
            30.488266
          ],
          [
            -87.0926447,
            30.4882595
          ],
          [
            -87.092667,
            30.4882587
          ],
          [
            -87.0926669,
            30.4882618
          ],
          [
            -87.0926684,
            30.4882715
          ],
          [
            -87.0926643,
            30.4882717
          ],
          [
            -87.0926587,
            30.4882758
          ],
          [
            -87.092651,
            30.4882783
          ],
          [
            -87.0926472,
            30.488278
          ],
          [
            -87.0926515,
            30.4882816
          ],
          [
            -87.0926565,
            30.4882842
          ],
          [
            -87.0926584,
            30.4882857
          ],
          [
            -87.092659,
            30.4882861
          ],
          [
            -87.0926585,
            30.4882857
          ],
          [
            -87.0926585,
            30.4882857
          ],
          [
            -87.0926705,
            30.4882978
          ],
          [
            -87.0926579,
            30.4883075
          ],
          [
            -87.0926418,
            30.4882946
          ],
          [
            -87.092634,
            30.4883039
          ],
          [
            -87.0926332,
            30.488312
          ],
          [
            -87.0926378,
            30.4883068
          ],
          [
            -87.0926525,
            30.4883147
          ],
          [
            -87.0926604,
            30.4883154
          ],
          [
            -87.0926741,
            30.4883208
          ],
          [
            -87.0926811,
            30.4883184
          ],
          [
            -87.0926915,
            30.4883131
          ],
          [
            -87.0926971,
            30.4883076
          ],
          [
            -87.0926971,
            30.4883076
          ],
          [
            -87.0927105,
            30.4882968
          ],
          [
            -87.0927073,
            30.48829
          ],
          [
            -87.0927051,
            30.4882849
          ],
          [
            -87.0927015,
            30.488278
          ],
          [
            -87.092699,
            30.4882729
          ],
          [
            -87.0926926,
            30.4882692
          ],
          [
            -87.0926932,
            30.4882627
          ],
          [
            -87.0926951,
            30.4882615
          ],
          [
            -87.092694,
            30.4882615
          ],
          [
            -87.09268,
            30.488246
          ],
          [
            -87.0926808,
            30.4882456
          ],
          [
            -87.0926551,
            30.4882358
          ],
          [
            -87.0926423,
            30.488236
          ],
          [
            -87.0926372,
            30.4882369
          ],
          [
            -87.0926372,
            30.4882369
          ],
          [
            -87.0926372,
            30.4882369
          ],
          [
            -87.0926372,
            30.4882369
          ],
          [
            -87.0926372,
            30.4882369
          ],
          [
            -87.0926389,
            30.4882249
          ],
          [
            -87.092639,
            30.4882224
          ],
          [
            -87.0926378,
            30.4882206
          ],
          [
            -87.0926378,
            30.4882206
          ],
          [
            -87.0926407,
            30.4882203
          ],
          [
            -87.0926435,
            30.4882193
          ],
          [
            -87.0926504,
            30.48822
          ],
          [
            -87.0926504,
            30.48822
          ],
          [
            -87.0926648,
            30.4882291
          ],
          [
            -87.092668,
            30.4882314
          ],
          [
            -87.0926652,
            30.4882307
          ],
          [
            -87.0926652,
            30.4882307
          ],
          [
            -87.0926652,
            30.4882307
          ],
          [
            -87.0926652,
            30.4882307
          ],
          [
            -87.0926652,
            30.4882307
          ],
          [
            -87.0926652,
            30.4882307
          ],
          [
            -87.0926652,
            30.4882307
          ],
          [
            -87.0926652,
            30.4882307
          ],
          [
            -87.0926652,
            30.4882307
          ],
          [
            -87.0926652,
            30.4882307
          ],
          [
            -87.0926652,
            30.4882307
          ],
          [
            -87.0926652,
            30.4882307
          ],
          [
            -87.0926888,
            30.4882481
          ],
          [
            -87.0926857,
            30.4882448
          ],
          [
            -87.0926813,
            30.4882436
          ],
          [
            -87.0926817,
            30.4882436
          ],
          [
            -87.0926817,
            30.4882436
          ],
          [
            -87.0926817,
            30.4882436
          ],
          [
            -87.0926817,
            30.4882436
          ],
          [
            -87.0926811,
            30.4882256
          ],
          [
            -87.0926815,
            30.4882254
          ],
          [
            -87.0926779,
            30.488227
          ],
          [
            -87.0926694,
            30.4882219
          ],
          [
            -87.0926706,
            30.4882225
          ],
          [
            -87.0926834,
            30.4882272
          ],
          [
            -87.0926852,
            30.4882263
          ],
          [
            -87.0926694,
            30.4882179
          ],
          [
            -87.0926616,
            30.4882087
          ],
          [
            -87.0926624,
            30.4882103
          ],
          [
            -87.0926627,
            30.4882125
          ],
          [
            -87.0926621,
            30.4882157
          ],
          [
            -87.0926613,
            30.4882213
          ],
          [
            -87.0926596,
            30.4882274
          ],
          [
            -87.0926607,
            30.4882285
          ],
          [
            -87.0926695,
            30.4882285
          ],
          [
            -87.0926737,
            30.4882275
          ],
          [
            -87.0926748,
            30.4882281
          ],
          [
            -87.0926748,
            30.4882281
          ],
          [
            -87.0926582,
            30.4882204
          ],
          [
            -87.092658,
            30.4882188
          ],
          [
            -87.0926556,
            30.4882205
          ],
          [
            -87.0926523,
            30.4882137
          ],
          [
            -87.0926572,
            30.4882195
          ],
          [
            -87.09265,
            30.4882246
          ],
          [
            -87.0926491,
            30.4882229
          ],
          [
            -87.092646,
            30.4882212
          ],
          [
            -87.0926378,
            30.4882177
          ],
          [
            -87.0926288,
            30.4882123
          ],
          [
            -87.0926427,
            30.4882089
          ],
          [
            -87.0926439,
            30.488206
          ],
          [
            -87.092648,
            30.4882105
          ],
          [
            -87.0926458,
            30.4882033
          ],
          [
            -87.0926458,
            30.4882033
          ],
          [
            -87.0926458,
            30.4882033
          ],
          [
            -87.0926458,
            30.4882033
          ],
          [
            -87.0926458,
            30.4882033
          ],
          [
            -87.0926458,
            30.4882033
          ],
          [
            -87.0926458,
            30.4882033
          ],
          [
            -87.0926458,
            30.4882033
          ],
          [
            -87.0926458,
            30.4882033
          ],
          [
            -87.0926458,
            30.4882033
          ],
          [
            -87.0926458,
            30.4882033
          ],
          [
            -87.0926458,
            30.4882033
          ],
          [
            -87.0926458,
            30.4882033
          ],
          [
            -87.0926458,
            30.4882033
          ],
          [
            -87.0926473,
            30.4881726
          ],
          [
            -87.0926477,
            30.4881725
          ],
          [
            -87.0926477,
            30.4881725
          ],
          [
            -87.0926477,
            30.4881725
          ],
          [
            -87.092656,
            30.4881617
          ],
          [
            -87.0926496,
            30.4881659
          ],
          [
            -87.0926538,
            30.4881556
          ],
          [
            -87.0926528,
            30.4881547
          ],
          [
            -87.0926539,
            30.4881611
          ],
          [
            -87.0926517,
            30.4881676
          ],
          [
            -87.0926466,
            30.4881728
          ],
          [
            -87.0926408,
            30.488164
          ],
          [
            -87.0926286,
            30.4881793
          ],
          [
            -87.0926097,
            30.488206
          ],
          [
            -87.0926093,
            30.4882239
          ],
          [
            -87.0926093,
            30.4882239
          ],
          [
            -87.0926185,
            30.4882352
          ],
          [
            -87.0926215,
            30.4882456
          ],
          [
            -87.0926265,
            30.4882602
          ],
          [
            -87.0926272,
            30.48826
          ],
          [
            -87.0926301,
            30.4882704
          ],
          [
            -87.0926297,
            30.4882699
          ],
          [
            -87.0926323,
            30.4882742
          ],
          [
            -87.0926323,
            30.4882742
          ],
          [
            -87.0926323,
            30.4882742
          ],
          [
            -87.0926323,
            30.4882742
          ],
          [
            -87.0926323,
            30.4882742
          ],
          [
            -87.0926323,
            30.4882742
          ],
          [
            -87.0926323,
            30.4882742
          ],
          [
            -87.0926323,
            30.4882742
          ],
          [
            -87.0926447,
            30.4882913
          ],
          [
            -87.0926349,
            30.4882886
          ],
          [
            -87.0926301,
            30.4882798
          ],
          [
            -87.0926305,
            30.4882789
          ],
          [
            -87.0926305,
            30.4882789
          ],
          [
            -87.0926305,
            30.4882789
          ],
          [
            -87.0926282,
            30.4882673
          ],
          [
            -87.0926285,
            30.4882674
          ],
          [
            -87.0926273,
            30.4882565
          ],
          [
            -87.0926276,
            30.4882564
          ],
          [
            -87.0926276,
            30.4882564
          ],
          [
            -87.0926171,
            30.4882385
          ],
          [
            -87.0926133,
            30.4882463
          ],
          [
            -87.092617,
            30.4882556
          ],
          [
            -87.0926189,
            30.4882651
          ],
          [
            -87.0926152,
            30.4882747
          ],
          [
            -87.0926147,
            30.4882732
          ],
          [
            -87.0926193,
            30.4882751
          ],
          [
            -87.0926223,
            30.4882773
          ],
          [
            -87.0926366,
            30.488269
          ],
          [
            -87.092636,
            30.4882638
          ],
          [
            -87.0926416,
            30.4882709
          ],
          [
            -87.0926339,
            30.488282
          ],
          [
            -87.0926255,
            30.4882754
          ],
          [
            -87.092625,
            30.4882701
          ],
          [
            -87.0926128,
            30.4882604
          ],
          [
            -87.0926233,
            30.4882762
          ],
          [
            -87.0926291,
            30.488284
          ],
          [
            -87.0926437,
            30.4882982
          ],
          [
            -87.0926361,
            30.4883007
          ],
          [
            -87.0926283,
            30.4882959
          ],
          [
            -87.0926254,
            30.4882988
          ],
          [
            -87.0926362,
            30.4883041
          ],
          [
            -87.0926404,
            30.4883048
          ],
          [
            -87.0926557,
            30.4883155
          ],
          [
            -87.0926675,
            30.488319
          ],
          [
            -87.0926875,
            30.4883295
          ],
          [
            -87.0927043,
            30.4883197
          ],
          [
            -87.0927077,
            30.4883112
          ],
          [
            -87.0927104,
            30.4883033
          ],
          [
            -87.0927147,
            30.4883018
          ],
          [
            -87.09272,
            30.4882931
          ],
          [
            -87.0927263,
            30.4882979
          ],
          [
            -87.0927296,
            30.4883041
          ],
          [
            -87.0927279,
            30.4883023
          ],
          [
            -87.0927347,
            30.4883139
          ],
          [
            -87.0927307,
            30.4883237
          ],
          [
            -87.0927298,
            30.4883117
          ],
          [
            -87.0927293,
            30.488305
          ],
          [
            -87.0927328,
            30.4883082
          ],
          [
            -87.0927364,
            30.4883065
          ],
          [
            -87.0927403,
            30.488307
          ],
          [
            -87.0927433,
            30.4883116
          ],
          [
            -87.0927373,
            30.4883039
          ],
          [
            -87.0927394,
            30.4883034
          ],
          [
            -87.0927443,
            30.4882839
          ],
          [
            -87.0927494,
            30.48829
          ],
          [
            -87.0927557,
            30.4882958
          ],
          [
            -87.0927631,
            30.488298
          ],
          [
            -87.0927718,
            30.4883005
          ],
          [
            -87.0927793,
            30.4882926
          ],
          [
            -87.0927762,
            30.4882914
          ],
          [
            -87.0927843,
            30.4882967
          ],
          [
            -87.0927847,
            30.4883043
          ],
          [
            -87.0927845,
            30.4883137
          ],
          [
            -87.092785,
            30.488313
          ],
          [
            -87.0927898,
            30.4883205
          ],
          [
            -87.092796,
            30.4883319
          ],
          [
            -87.0927966,
            30.4883345
          ],
          [
            -87.0927895,
            30.4883339
          ],
          [
            -87.0927894,
            30.4883311
          ],
          [
            -87.0927885,
            30.4883289
          ],
          [
            -87.0927967,
            30.4883406
          ],
          [
            -87.0928189,
            30.488362
          ],
          [
            -87.0928288,
            30.4883529
          ],
          [
            -87.0928327,
            30.4883425
          ],
          [
            -87.0928459,
            30.4883363
          ],
          [
            -87.092846,
            30.4883229
          ],
          [
            -87.0928605,
            30.4883151
          ],
          [
            -87.092861,
            30.4882948
          ],
          [
            -87.0928633,
            30.4882845
          ],
          [
            -87.0928727,
            30.4882707
          ],
          [
            -87.0928637,
            30.4882578
          ],
          [
            -87.0928584,
            30.4882562
          ],
          [
            -87.0928534,
            30.4882546
          ],
          [
            -87.0928564,
            30.4882495
          ],
          [
            -87.0928577,
            30.4882457
          ],
          [
            -87.0928618,
            30.4882423
          ],
          [
            -87.0928666,
            30.4882433
          ],
          [
            -87.0928711,
            30.4882508
          ],
          [
            -87.0928748,
            30.4882457
          ],
          [
            -87.0928736,
            30.488245
          ],
          [
            -87.0928801,
            30.4882464
          ],
          [
            -87.0928812,
            30.4882467
          ],
          [
            -87.0928883,
            30.4882383
          ],
          [
            -87.0928913,
            30.4882371
          ],
          [
            -87.0928889,
            30.4882369
          ],
          [
            -87.0928917,
            30.4882308
          ],
          [
            -87.0928909,
            30.488228
          ],
          [
            -87.0928837,
            30.48824
          ],
          [
            -87.0928798,
            30.4882438
          ],
          [
            -87.0928811,
            30.4882489
          ],
          [
            -87.0928843,
            30.4882539
          ],
          [
            -87.092888,
            30.4882569
          ],
          [
            -87.0928931,
            30.4882593
          ],
          [
            -87.0928954,
            30.4882605
          ],
          [
            -87.0928956,
            30.4882658
          ],
          [
            -87.0928847,
            30.4882627
          ],
          [
            -87.092883,
            30.4882688
          ],
          [
            -87.0928781,
            30.4882651
          ],
          [
            -87.092874,
            30.4882595
          ],
          [
            -87.0928828,
            30.4882603
          ],
          [
            -87.092883,
            30.4882573
          ],
          [
            -87.0928736,
            30.4882241
          ],
          [
            -87.0928736,
            30.4882241
          ],
          [
            -87.092872,
            30.4882312
          ],
          [
            -87.092852,
            30.4882604
          ],
          [
            -87.0928541,
            30.4882625
          ],
          [
            -87.092855,
            30.4882628
          ],
          [
            -87.0928531,
            30.4882623
          ],
          [
            -87.0928523,
            30.4882617
          ],
          [
            -87.0928527,
            30.4882608
          ],
          [
            -87.0928534,
            30.4882595
          ],
          [
            -87.0928557,
            30.488257
          ],
          [
            -87.0928573,
            30.4882543
          ],
          [
            -87.0928598,
            30.4882519
          ],
          [
            -87.0928616,
            30.4882496
          ],
          [
            -87.0928629,
            30.488247
          ],
          [
            -87.0928637,
            30.4882449
          ],
          [
            -87.0928637,
            30.4882449
          ]
        ]
      },
      "properties": {
        "inspection_date": "2026-08-04",
        "segment": 9,
        "information_class": "CAPTURED_BY_DEVICE",
        "warning": "PHONE GPS \u2014 NOT A SURVEY"
      }
    }
  ]
}